{
"type": "FeatureCollection",
"name": "areaProtecaoAmbientalMarinha",
"crs": { "type": "name", "properties": { "name": "urn:ogc:def:crs:OGC:1.3:CRS84" } },
"features": [
{ "type": "Feature", "properties": { "id_unidade": "1368596", "nome_unidade": "Área de Proteção Ambiental Marinha Litoral Centro", "tipo_unidade": "Unidade de Conservação", "categoria_unidade": "Área de Proteção Ambiental", "orgao_gestor": "Fundação Para Conservação e a Produção Florestal do Estado de São Paulo", "zona_geografica": "Zona de Proteção Especial", "descricao_unidade": "Zoneamento (polígonos) do Plano de Manejo da Área de Proteção Ambiental Marinha Litoral Centro (aprovado pelo Decreto nº 65.544, em 02 de março de 2021).", "gid": 30 }, "geometry": { "type": "MultiPolygon", "coordinates": [ [ [ [ -45.969031055039459, -23.777165121541248 ], [ -45.969485257729112, -23.776869889792977 ], [ -45.96944585, -23.77680205 ], [ -45.96911568, -23.77652731 ], [ -45.96887408, -23.77641713 ], [ -45.9691878, -23.7759997 ], [ -45.96928165, -23.77575294 ], [ -45.97108634, -23.77581352 ], [ -45.97199273, -23.77605335 ], [ -45.97297632, -23.7756007 ], [ -45.97321144, -23.77548909 ], [ -45.97322358, -23.77549025 ], [ -45.97348543, -23.77536582 ], [ -45.97390511, -23.77517467 ], [ -45.97408906, -23.7750857 ], [ -45.97420805, -23.77503175 ], [ -45.97458535, -23.77466724 ], [ -45.97476606, -23.77448727 ], [ -45.97477413, -23.77448598 ], [ -45.97505105, -23.77421449 ], [ -45.97508079, -23.77314232 ], [ -45.97499816, -23.77236018 ], [ -45.97512571, -23.77184633 ], [ -45.97573809, -23.77120502 ], [ -45.97661921, -23.77093256 ], [ -45.9802191, -23.77136882 ], [ -45.98047016, -23.77124569 ], [ -45.98079971, -23.77107741 ], [ -45.98107643, -23.77094357 ], [ -45.98184901, -23.77061064 ], [ -45.98202096, -23.77054009 ], [ -45.983341, -23.76997014 ], [ -45.98269062, -23.76883673 ], [ -45.98259652, -23.76853676 ], [ -45.98270507, -23.76827572 ], [ -45.982833909999989, -23.76848163 ], [ -45.98307373, -23.7686712 ], [ -45.98327382, -23.76869116 ], [ -45.98353522, -23.76868241 ], [ -45.98369051, -23.7688796 ], [ -45.98362295, -23.76909944 ], [ -45.98337004, -23.76921429 ], [ -45.98339433, -23.76937692 ], [ -45.98385668, -23.76950137 ], [ -45.98419508, -23.76950629 ], [ -45.98461034, -23.76950364 ], [ -45.98500904, -23.76934538 ], [ -45.98549137, -23.7690592 ], [ -45.98573472, -23.76869668 ], [ -45.98592222, -23.76806557 ], [ -45.9862302, -23.76709396 ], [ -45.98609654, -23.76670555 ], [ -45.98591092, -23.76656518 ], [ -45.98561076, -23.76653171 ], [ -45.98555597, -23.76640467 ], [ -45.98568478, -23.76614905 ], [ -45.98594404, -23.76585721 ], [ -45.98610635, -23.76575611 ], [ -45.98601446, -23.76570235 ], [ -45.98570715, -23.76479009 ], [ -45.9848573, -23.76423996 ], [ -45.98428972, -23.76387864 ], [ -45.98280594, -23.76336981 ], [ -45.98254578, -23.76275993 ], [ -45.9821218, -23.76254089 ], [ -45.98211993, -23.76254196 ], [ -45.98204217, -23.76237866 ], [ -45.98184962, -23.76233742 ], [ -45.9816122, -23.76246633 ], [ -45.98134201, -23.7623265 ], [ -45.98129754, -23.76240277 ], [ -45.98103097, -23.7627381 ], [ -45.98074001, -23.76295515 ], [ -45.9801542, -23.76322069 ], [ -45.97989772, -23.76376078 ], [ -45.97966232, -23.76426601 ], [ -45.97902844, -23.76460599 ], [ -45.97876512, -23.76504648 ], [ -45.97773886, -23.76566879 ], [ -45.97719918, -23.76599214 ], [ -45.97676143, -23.76641903 ], [ -45.97621705, -23.76585837 ], [ -45.97480215, -23.76666453 ], [ -45.97442265, -23.76719697 ], [ -45.97355933, -23.76746531 ], [ -45.97202505, -23.76820782 ], [ -45.97167526, -23.76840371 ], [ -45.97076688, -23.76892038 ], [ -45.97025553, -23.76831113 ], [ -45.96912182, -23.76838772 ], [ -45.96858812, -23.76805178 ], [ -45.96811259, -23.76810419 ], [ -45.96778674, -23.76797444 ], [ -45.9677563, -23.76775699 ], [ -45.96779008, -23.76764531 ], [ -45.96781746, -23.76744873 ], [ -45.96771251, -23.76729545 ], [ -45.96751026, -23.76724363 ], [ -45.96693937, -23.76723129 ], [ -45.96691629, -23.76691508 ], [ -45.96681098, -23.76666719 ], [ -45.96670793, -23.76638328 ], [ -45.9665306, -23.76595233 ], [ -45.96640654, -23.76555868 ], [ -45.9664, -23.76556081 ], [ -45.96618677, -23.76557138 ], [ -45.96604762, -23.76521443 ], [ -45.96585644, -23.76509885 ], [ -45.96567185, -23.7650947 ], [ -45.96557427, -23.76515901 ], [ -45.96553021, -23.76524051 ], [ -45.96523015, -23.76513366 ], [ -45.96507457, -23.76518103 ], [ -45.96472559, -23.76527599 ], [ -45.96458422, -23.76522179 ], [ -45.96442476, -23.7651706 ], [ -45.96421407, -23.7650081 ], [ -45.96380986, -23.76498091 ], [ -45.96363909, -23.76489209 ], [ -45.96332219, -23.76502165 ], [ -45.96316912, -23.76513365 ], [ -45.96320968, -23.76529431 ], [ -45.9634592, -23.76538263 ], [ -45.9637307, -23.76545733 ], [ -45.96368481, -23.76546809 ], [ -45.96321774, -23.76548162 ], [ -45.96307956, -23.76551434 ], [ -45.96303002, -23.76568485 ], [ -45.96282154, -23.76597077 ], [ -45.96303338, -23.7661419 ], [ -45.96339965, -23.76656616 ], [ -45.96379778, -23.76671187 ], [ -45.96374845, -23.76706253 ], [ -45.96380793, -23.76730634 ], [ -45.96379823, -23.76755588 ], [ -45.96382603, -23.76762707 ], [ -45.96324631, -23.76837184 ], [ -45.96309705, -23.76863034 ], [ -45.96309934, -23.76879243 ], [ -45.96288604, -23.76912997 ], [ -45.96283223, -23.76940935 ], [ -45.96300801, -23.76977772 ], [ -45.9631767, -23.76995622 ], [ -45.96330921, -23.77010156 ], [ -45.96352944, -23.77033286 ], [ -45.96381309, -23.77062334 ], [ -45.96399339, -23.77089158 ], [ -45.96407577, -23.77107101 ], [ -45.96445853, -23.77135744 ], [ -45.96470646, -23.7716309 ], [ -45.96483654, -23.77220466 ], [ -45.96469978, -23.77258144 ], [ -45.96436668, -23.77329837 ], [ -45.96419263, -23.77368165 ], [ -45.96417206, -23.77402151 ], [ -45.96416719, -23.77440373 ], [ -45.96410702, -23.77458813 ], [ -45.96429404, -23.77491961 ], [ -45.96461823, -23.77508037 ], [ -45.96494096, -23.77504296 ], [ -45.96530198, -23.77498408 ], [ -45.96553216, -23.77491186 ], [ -45.9666621, -23.774834 ], [ -45.96688397, -23.7746769 ], [ -45.96725995, -23.7745613 ], [ -45.96742872, -23.77450362 ], [ -45.96780554, -23.77450126 ], [ -45.96812052, -23.77445681 ], [ -45.96831984, -23.77437063 ], [ -45.96840457, -23.77442932 ], [ -45.96819186, -23.77478454 ], [ -45.96794913, -23.77523903 ], [ -45.96791471, -23.77578423 ], [ -45.96805654, -23.77624339 ], [ -45.96852152, -23.77672175 ], [ -45.96899362, -23.77712221 ], [ -45.969031055039459, -23.777165121541248 ] ] ] ] } },
{ "type": "Feature", "properties": { "id_unidade": "1368600", "nome_unidade": "Área de Proteção Ambiental Marinha Litoral Centro", "tipo_unidade": "Unidade de Conservação", "categoria_unidade": "Área de Proteção Ambiental", "orgao_gestor": "Fundação Para Conservação e a Produção Florestal do Estado de São Paulo", "zona_geografica": "Zona para Usos de Baixa Escala", "descricao_unidade": "Zoneamento (polígonos) do Plano de Manejo da Área de Proteção Ambiental Marinha Litoral Centro (aprovado pelo Decreto nº 65.544, em 02 de março de 2021).", "gid": 40 }, "geometry": { "type": "MultiPolygon", "coordinates": [ [ [ [ -46.160628289866146, -23.828287785071105 ], [ -46.16040148771981, -23.828198738908924 ], [ -46.160386485662393, -23.828191862965941 ], [ -46.160163586789828, -23.828086569507832 ], [ -46.160160799019046, -23.828084939820013 ], [ -46.160144167273842, -23.828075317964732 ], [ -46.160132179022597, -23.828068308074808 ], [ -46.160110549382125, -23.828055661251099 ], [ -46.160084652973467, -23.828040659193672 ], [ -46.16005335403819, -23.828022397760677 ], [ -46.160022322996795, -23.828004359572581 ], [ -46.159996605184062, -23.82798944681312 ], [ -46.159971289212159, -23.827974623351622 ], [ -46.159947982444372, -23.827961094710552 ], [ -46.159917129998881, -23.827943190469394 ], [ -46.159888242108543, -23.827926402452739 ], [ -46.159841449977066, -23.827899121925693 ], [ -46.15982319970631, -23.827888450819376 ], [ -46.159819583138905, -23.827886324411693 ], [ -46.159818471797884, -23.827885682582593 ], [ -46.159817003123479, -23.827884826846155 ], [ -46.15948340082489, -23.827693327388999 ], [ -46.159456372525618, -23.827683024522447 ], [ -46.157729670376376, -23.82705681443591 ], [ -46.157702587426492, -23.827050491145325 ], [ -46.157530324208004, -23.82701021403291 ], [ -46.157153064559601, -23.826923251737615 ], [ -46.15702229, -23.82689311 ], [ -46.15624072, -23.82686183 ], [ -46.15594808, -23.82682347 ], [ -46.15572935, -23.82671241 ], [ -46.155667433918623, -23.826642565922146 ], [ -46.15486237, -23.82731033 ], [ -46.15476101, -23.82757175 ], [ -46.15339066, -23.82770384 ], [ -46.15275177, -23.8280096 ], [ -46.15050376, -23.82964588 ], [ -46.15011411, -23.83027188 ], [ -46.15005184, -23.83068576 ], [ -46.15004329, -23.83109369 ], [ -46.14998286, -23.83174196 ], [ -46.14997521, -23.8320996 ], [ -46.15001198, -23.83259598 ], [ -46.15018745, -23.83290259 ], [ -46.15025241, -23.83311263 ], [ -46.15028765, -23.8334937 ], [ -46.15024725, -23.83356105 ], [ -46.15038607, -23.83432268 ], [ -46.15047425, -23.8345064 ], [ -46.15044792, -23.83461974 ], [ -46.14851478, -23.83429206 ], [ -46.14848449, -23.83464493 ], [ -46.1480747, -23.8348593 ], [ -46.14789303, -23.83467632 ], [ -46.1471671, -23.83439188 ], [ -46.14699364, -23.83439958 ], [ -46.14691936, -23.83420912 ], [ -46.14675976, -23.83405871 ], [ -46.1461459, -23.83396844 ], [ -46.14532296, -23.83374949 ], [ -46.14488324, -23.83361385 ], [ -46.14469012, -23.83344832 ], [ -46.14424191, -23.83330538 ], [ -46.14407574, -23.83323315 ], [ -46.14399332, -23.83328893 ], [ -46.14493106, -23.83427989 ], [ -46.14504432, -23.83477608 ], [ -46.14466981, -23.83512188 ], [ -46.14425985, -23.83523446 ], [ -46.14388314, -23.83503156 ], [ -46.14376305, -23.83474927 ], [ -46.14387577, -23.83452203 ], [ -46.14331298, -23.83417905 ], [ -46.14218743, -23.83404315 ], [ -46.14200583, -23.83383318 ], [ -46.14154151, -23.83420529 ], [ -46.14172649, -23.83440268 ], [ -46.14051174, -23.83534002 ], [ -46.1408392, -23.83575635 ], [ -46.14095988, -23.83577416 ], [ -46.14101238, -23.83579915 ], [ -46.14096227, -23.835881 ], [ -46.14076047, -23.83605187 ], [ -46.1408706, -23.8361913 ], [ -46.14100524, -23.83614489 ], [ -46.14123013, -23.83645552 ], [ -46.14137551, -23.83634224 ], [ -46.14148601, -23.83635745 ], [ -46.141568479999989, -23.83648907 ], [ -46.14186204, -23.83683125 ], [ -46.14207695, -23.83699662 ], [ -46.14212535, -23.8372168 ], [ -46.14201757, -23.83734583 ], [ -46.14212479, -23.83748395 ], [ -46.14229845, -23.83756548 ], [ -46.14230044, -23.83779227 ], [ -46.14213395, -23.83867857 ], [ -46.14215122, -23.83899301 ], [ -46.14233159, -23.84018676 ], [ -46.14237784, -23.84115669 ], [ -46.14295717, -23.84132386 ], [ -46.14276926, -23.84144597 ], [ -46.14256582, -23.84172918 ], [ -46.14249398, -23.84196771 ], [ -46.14228572, -23.84230438 ], [ -46.14223526, -23.84257188 ], [ -46.14225157, -23.84322744 ], [ -46.14252417, -23.84360425 ], [ -46.14288696, -23.84402896 ], [ -46.14321283, -23.84445881 ], [ -46.14354258, -23.84472834 ], [ -46.14392998, -23.84494888 ], [ -46.14411661, -23.84515634 ], [ -46.14447677, -23.84528788 ], [ -46.14535853, -23.84587284 ], [ -46.14477614, -23.84619775 ], [ -46.14119906, -23.84779328 ], [ -46.14123661, -23.84810209 ], [ -46.14198567, -23.84975779 ], [ -46.14221397, -23.8496252 ], [ -46.1423189, -23.84966716 ], [ -46.14259519, -23.84951016 ], [ -46.14254908, -23.84938495 ], [ -46.14276552, -23.84922572 ], [ -46.14298979, -23.84929752 ], [ -46.14323456, -23.84918884 ], [ -46.14330918, -23.8490857 ], [ -46.14345468, -23.84911802 ], [ -46.14487445, -23.84849462 ], [ -46.14505625, -23.84885525 ], [ -46.1448491, -23.84957662 ], [ -46.14467628, -23.85007147 ], [ -46.14467831, -23.85030267 ], [ -46.14455184, -23.85062018 ], [ -46.14420145, -23.85074033 ], [ -46.14401251, -23.8510714 ], [ -46.14410867, -23.85110701 ], [ -46.14432091, -23.85129511 ], [ -46.14433814, -23.8514379 ], [ -46.14447466, -23.85176962 ], [ -46.14434531, -23.85192419 ], [ -46.14412864, -23.85189241 ], [ -46.14391513, -23.85202116 ], [ -46.14365393, -23.85221144 ], [ -46.1433273, -23.85230991 ], [ -46.14337932, -23.85244443 ], [ -46.14361885, -23.8524333 ], [ -46.14383347, -23.85294343 ], [ -46.14280035, -23.85327903 ], [ -46.14307917, -23.85344286 ], [ -46.14426236, -23.85314421 ], [ -46.14431455, -23.85338158 ], [ -46.14487886, -23.8532772 ], [ -46.14492152, -23.85350396 ], [ -46.14531019, -23.85344096 ], [ -46.14552949, -23.85349142 ], [ -46.14496285, -23.85561185 ], [ -46.14517594, -23.85589584 ], [ -46.14556742, -23.85598776 ], [ -46.14601379, -23.85584686 ], [ -46.14620501, -23.85612193 ], [ -46.14683706, -23.8562361 ], [ -46.14703533, -23.85612375 ], [ -46.14740754, -23.85633536 ], [ -46.14875446, -23.8566181 ], [ -46.15009945, -23.85704377 ], [ -46.15250562, -23.85804301 ], [ -46.15673809, -23.86238355 ], [ -46.15706338, -23.86339872 ], [ -46.15734774, -23.86352749 ], [ -46.15744896, -23.86374585 ], [ -46.15735252, -23.86408807 ], [ -46.15787782, -23.86517782 ], [ -46.1579343, -23.86534793 ], [ -46.15792094, -23.86534622 ], [ -46.15801754, -23.86558134 ], [ -46.15812364, -23.86593258 ], [ -46.15839145, -23.86648569 ], [ -46.15854622, -23.86706624 ], [ -46.1585691, -23.86767917 ], [ -46.15944523, -23.86677978 ], [ -46.15950643, -23.86683808 ], [ -46.15854835, -23.86786469 ], [ -46.158649, -23.86845241 ], [ -46.15890784, -23.86932777 ], [ -46.15939016, -23.87036714 ], [ -46.16004048, -23.87153403 ], [ -46.16068041, -23.87216414 ], [ -46.16091313, -23.87245146 ], [ -46.16108419, -23.87274958 ], [ -46.16157603, -23.87313818 ], [ -46.1616796, -23.87342132 ], [ -46.16328069, -23.87481847 ], [ -46.16409508, -23.8754937 ], [ -46.16436135, -23.87576528 ], [ -46.16478023, -23.87615442 ], [ -46.16497799, -23.87629746 ], [ -46.16804851, -23.87938893 ], [ -46.16874623, -23.88003214 ], [ -46.16964662, -23.88101642 ], [ -46.17052075, -23.8820376 ], [ -46.1712837, -23.88253348 ], [ -46.17171159, -23.8827627 ], [ -46.17192691, -23.88303026 ], [ -46.17314398, -23.88518676 ], [ -46.17352417, -23.88602815 ], [ -46.17420611, -23.88639003 ], [ -46.17624685, -23.88715178 ], [ -46.17736157, -23.88498775 ], [ -46.17881658, -23.88284616 ], [ -46.17856825, -23.88293791 ], [ -46.17824231, -23.88249636 ], [ -46.17832187, -23.88239482 ], [ -46.17842211, -23.88215185 ], [ -46.17854533, -23.88202307 ], [ -46.17894144, -23.88213441 ], [ -46.17929842, -23.88196348 ], [ -46.17972294, -23.88198041 ], [ -46.18004984, -23.88212339 ], [ -46.18052695, -23.88208945 ], [ -46.18097621, -23.88201032 ], [ -46.18155639, -23.88184439 ], [ -46.1814481, -23.88140117 ], [ -46.18109989, -23.88112631 ], [ -46.18069805, -23.88098811 ], [ -46.17984987, -23.88064644 ], [ -46.17918496, -23.88054557 ], [ -46.17893905, -23.88065847 ], [ -46.17783114, -23.88072246 ], [ -46.17719829, -23.88052547 ], [ -46.17641369, -23.87993099 ], [ -46.1753834, -23.87947464 ], [ -46.17296937, -23.87772219 ], [ -46.17221091, -23.87727345 ], [ -46.17180373, -23.876834 ], [ -46.17090781, -23.8756537 ], [ -46.1710814, -23.87470746 ], [ -46.17072539, -23.87417193 ], [ -46.1701312, -23.87318369 ], [ -46.1685794, -23.87145117 ], [ -46.16775986, -23.87030914 ], [ -46.16760741, -23.86990827 ], [ -46.16814356, -23.86877987 ], [ -46.1679847, -23.86847009 ], [ -46.1669746, -23.86787223 ], [ -46.16665902, -23.86748889 ], [ -46.16622358, -23.86679247 ], [ -46.16638289, -23.86606463 ], [ -46.1663081, -23.86533857 ], [ -46.16590113, -23.86455223 ], [ -46.16565471, -23.86426704 ], [ -46.16556219, -23.86373847 ], [ -46.16486727, -23.86347461 ], [ -46.16457546, -23.86356653 ], [ -46.16422056, -23.86314759 ], [ -46.16391756, -23.86307811 ], [ -46.16365477, -23.8631429 ], [ -46.16300457, -23.86361885 ], [ -46.16268499, -23.86377643 ], [ -46.16242077, -23.86414175 ], [ -46.1623581, -23.86436047 ], [ -46.16175071, -23.86479566 ], [ -46.16155872, -23.86514398 ], [ -46.1611221, -23.86576925 ], [ -46.16121889, -23.86641441 ], [ -46.16141546, -23.86658038 ], [ -46.16130098, -23.86686831 ], [ -46.16066016, -23.8673019 ], [ -46.16056981, -23.86725212 ], [ -46.16018, -23.86697127 ], [ -46.15988567, -23.86667372 ], [ -46.15970403, -23.866328 ], [ -46.1595473, -23.8660685 ], [ -46.15939696, -23.86592643 ], [ -46.15887595, -23.8656258 ], [ -46.15869573, -23.86543808 ], [ -46.15862881, -23.86523398 ], [ -46.1586632, -23.86506731 ], [ -46.1587691, -23.86489269 ], [ -46.15897072, -23.86471925 ], [ -46.15989237, -23.86424422 ], [ -46.16007528, -23.8641158 ], [ -46.16018822, -23.86398637 ], [ -46.16036244, -23.86356429 ], [ -46.16150662, -23.86221154 ], [ -46.16166321, -23.86194724 ], [ -46.16182568, -23.86159721 ], [ -46.16192429, -23.86121479 ], [ -46.1620246, -23.86100383 ], [ -46.16215609, -23.86080248 ], [ -46.16224814, -23.86043799 ], [ -46.16225418, -23.86034322 ], [ -46.16217109, -23.86028787 ], [ -46.1619236, -23.86028441 ], [ -46.16196205, -23.86011638 ], [ -46.16186433, -23.85990767 ], [ -46.1619226, -23.85976431 ], [ -46.16203035, -23.85898089 ], [ -46.16202782, -23.85869773 ], [ -46.16193788, -23.85854601 ], [ -46.16198463, -23.85841475 ], [ -46.16202831, -23.85798766 ], [ -46.16217103, -23.85794863 ], [ -46.16228614, -23.85787345 ], [ -46.16233935, -23.85778384 ], [ -46.16234555, -23.85768004 ], [ -46.16231045, -23.85754857 ], [ -46.16213258, -23.85737005 ], [ -46.16200218, -23.85732702 ], [ -46.16193951, -23.85713915 ], [ -46.16197701, -23.85678423 ], [ -46.1625432, -23.85672786 ], [ -46.16315735, -23.85608901 ], [ -46.16357447, -23.85625282 ], [ -46.16482298, -23.85663608 ], [ -46.16512878, -23.85615824 ], [ -46.16534525, -23.85503005 ], [ -46.16508256, -23.85423781 ], [ -46.16531997, -23.85366499 ], [ -46.16528628, -23.85282119 ], [ -46.16519354, -23.85228138 ], [ -46.16559354, -23.85189659 ], [ -46.16588292, -23.85141915 ], [ -46.1663088, -23.85113542 ], [ -46.16691017, -23.85037149 ], [ -46.167137769999989, -23.84983975 ], [ -46.1666235, -23.84962592 ], [ -46.16602142, -23.84940101 ], [ -46.16608891, -23.84915365 ], [ -46.1657463, -23.84881043 ], [ -46.16518282, -23.84864639 ], [ -46.16466648, -23.8484275 ], [ -46.16525109, -23.84801448 ], [ -46.16567379, -23.84768469 ], [ -46.16589352, -23.84744286 ], [ -46.16614891, -23.84677065 ], [ -46.16487963, -23.84616476 ], [ -46.16458322, -23.84660245 ], [ -46.16366803, -23.84604997 ], [ -46.16387534, -23.84552146 ], [ -46.16278434, -23.84591734 ], [ -46.16248429, -23.84581675 ], [ -46.16244418, -23.84555338 ], [ -46.16262974, -23.84502837 ], [ -46.16328659, -23.84488436 ], [ -46.16333743, -23.84374673 ], [ -46.16286213, -23.84337298 ], [ -46.16308693, -23.84317759 ], [ -46.16413254, -23.84189794 ], [ -46.16427451, -23.84120829 ], [ -46.16274058, -23.83966082 ], [ -46.16282372, -23.83937608 ], [ -46.16242476, -23.83909325 ], [ -46.16192691, -23.83931473 ], [ -46.1615317, -23.83945262 ], [ -46.16125255, -23.83967566 ], [ -46.15976205, -23.83975502 ], [ -46.15914606, -23.83944563 ], [ -46.1578789, -23.83841383 ], [ -46.15758899, -23.8379481 ], [ -46.15756332, -23.83718319 ], [ -46.15757808, -23.83622922 ], [ -46.15700556, -23.83611999 ], [ -46.15683986, -23.83593824 ], [ -46.15635179, -23.83575517 ], [ -46.15482158, -23.83556096 ], [ -46.15456086, -23.8357009 ], [ -46.15398649, -23.83580805 ], [ -46.1536117, -23.83562787 ], [ -46.15307556, -23.8358054 ], [ -46.15311789, -23.83599476 ], [ -46.15286955, -23.8363196 ], [ -46.15260816, -23.83648318 ], [ -46.15224855, -23.83636031 ], [ -46.15223436, -23.83582283 ], [ -46.15206089, -23.83454699 ], [ -46.15435789, -23.83496272 ], [ -46.15659585, -23.83532286 ], [ -46.15762277, -23.83533785 ], [ -46.15821903, -23.83527593 ], [ -46.15867501, -23.83540874 ], [ -46.15910219, -23.83540579 ], [ -46.15943774, -23.83525633 ], [ -46.15982454, -23.83551255 ], [ -46.1609209, -23.8336074 ], [ -46.16075329, -23.83353787 ], [ -46.16017633, -23.83356493 ], [ -46.15919237, -23.83365917 ], [ -46.15840763, -23.8333445 ], [ -46.15784005, -23.83279203 ], [ -46.15821399, -23.83271308 ], [ -46.15824867, -23.83236673 ], [ -46.15817847, -23.83198323 ], [ -46.15836745, -23.83184423 ], [ -46.15870398, -23.83180496 ], [ -46.15903691, -23.83149123 ], [ -46.15889773, -23.83102464 ], [ -46.15902753, -23.83068051 ], [ -46.15929709, -23.83045808 ], [ -46.16001534, -23.83007332 ], [ -46.16062758, -23.82965623 ], [ -46.16079874, -23.82960311 ], [ -46.16120133, -23.82915554 ], [ -46.16120972, -23.8286304 ], [ -46.161319362040594, -23.828313579407901 ], [ -46.161520371750477, -23.828279646182775 ], [ -46.161617527931895, -23.828134626294332 ], [ -46.161594310462078, -23.828141055747519 ], [ -46.161516799832043, -23.828162487258123 ], [ -46.161447504614415, -23.828182132809513 ], [ -46.161295876676874, -23.828224817234805 ], [ -46.16116065, -23.8282611 ], [ -46.160931328450147, -23.828322150086084 ], [ -46.160706018532657, -23.828306310860274 ], [ -46.160693885172222, -23.828305987155169 ], [ -46.16066888, -23.82830519 ], [ -46.160628289866146, -23.828287785071105 ] ], [ [ -46.16269526, -23.85566961 ], [ -46.16233402, -23.85555079 ], [ -46.1623041, -23.85557397 ], [ -46.16233617, -23.85554846 ], [ -46.16226098, -23.85549765 ], [ -46.162153859999989, -23.85547138 ], [ -46.16225972, -23.85549569 ], [ -46.16122804, -23.85488183 ], [ -46.16070333, -23.85463854 ], [ -46.15910892, -23.85456641 ], [ -46.15888849, -23.8546028 ], [ -46.15855068, -23.8544878 ], [ -46.1577669, -23.852841 ], [ -46.15750715, -23.8519989 ], [ -46.15795218, -23.85149719 ], [ -46.1579751, -23.85064536 ], [ -46.15726654, -23.85008874 ], [ -46.15624111, -23.84986203 ], [ -46.15603301, -23.84932249 ], [ -46.15600867, -23.84837978 ], [ -46.15630873, -23.8480874 ], [ -46.15639983, -23.84755309 ], [ -46.15604695, -23.84665372 ], [ -46.15579903, -23.84588139 ], [ -46.15558507, -23.8450897 ], [ -46.15539802, -23.84446718 ], [ -46.15501771000001, -23.84415761 ], [ -46.15473501, -23.84490013 ], [ -46.15474059, -23.84536639 ], [ -46.15426566, -23.8456872 ], [ -46.15296376, -23.84634885 ], [ -46.15290318, -23.84624263 ], [ -46.15195258, -23.84563203 ], [ -46.15146657, -23.84551639 ], [ -46.15161071, -23.84507944 ], [ -46.15219632, -23.84466165 ], [ -46.1529713, -23.84457236 ], [ -46.15307594, -23.84392535 ], [ -46.1539698, -23.84325639 ], [ -46.15495562, -23.84311809 ], [ -46.15535237, -23.8434795 ], [ -46.1555891, -23.84410485 ], [ -46.15575132, -23.84422051 ], [ -46.15652516, -23.84438033 ], [ -46.1572829, -23.84464044 ], [ -46.15780288, -23.84407806 ], [ -46.15797966, -23.84369177 ], [ -46.15840756, -23.84335715 ], [ -46.15896061, -23.84325014 ], [ -46.15900277, -23.84366309 ], [ -46.16020878, -23.84403442 ], [ -46.16039634, -23.84487532 ], [ -46.16020382, -23.84543485 ], [ -46.16017463, -23.846398 ], [ -46.15997778, -23.8466343 ], [ -46.15985753, -23.84715494 ], [ -46.15977271, -23.84774117 ], [ -46.16001545, -23.84858219 ], [ -46.16056124, -23.84923779 ], [ -46.16096371, -23.85023843 ], [ -46.16142143, -23.85070729 ], [ -46.16262441, -23.85081174 ], [ -46.16282457, -23.85110876 ], [ -46.16295182, -23.85169793 ], [ -46.1633713, -23.85229129 ], [ -46.16391951, -23.85273764 ], [ -46.16389824, -23.85311982 ], [ -46.16400857, -23.85344009 ], [ -46.16353839, -23.85364401 ], [ -46.16329905, -23.85391978 ], [ -46.163575, -23.85457233 ], [ -46.16336905, -23.85525324 ], [ -46.16317019, -23.85542839 ], [ -46.16269526, -23.85566961 ] ] ] ] } },
{ "type": "Feature", "properties": { "id_unidade": "1368603", "nome_unidade": "Área de Proteção Ambiental Marinha Litoral Centro", "tipo_unidade": "Unidade de Conservação", "categoria_unidade": "Área de Proteção Ambiental", "orgao_gestor": "Fundação Para Conservação e a Produção Florestal do Estado de São Paulo", "zona_geografica": "Zona para Usos de Baixa Escala", "descricao_unidade": "Zoneamento (polígonos) do Plano de Manejo da Área de Proteção Ambiental Marinha Litoral Centro (aprovado pelo Decreto nº 65.544, em 02 de março de 2021).", "gid": 48 }, "geometry": { "type": "MultiPolygon", "coordinates": [ [ [ [ -45.8944218013228, -23.754259729304561 ], [ -45.894343493124879, -23.754242850845852 ], [ -45.894181708155934, -23.754209197900117 ], [ -45.894073642485452, -23.754187250326808 ], [ -45.893988360486311, -23.754169901292663 ], [ -45.893876114325664, -23.754147117621329 ], [ -45.893787696958896, -23.754129298282034 ], [ -45.893766637739752, -23.754124908767377 ], [ -45.893719398201007, -23.754115398152273 ], [ -45.893667873659865, -23.754104999183017 ], [ -45.893647493770366, -23.754100818692859 ], [ -45.893611437042786, -23.75409355509122 ], [ -45.893584472881287, -23.754088120454021 ], [ -45.893569266348351, -23.754085089598654 ], [ -45.893516174123384, -23.754074324836516 ], [ -45.893510203860885, -23.754073109881563 ], [ -45.89349025508443, -23.754153793341533 ], [ -45.893436744810451, -23.754341915398474 ], [ -45.89339436509151, -23.754599590360332 ], [ -45.89339075941875, -23.754620754091736 ], [ -45.893389871064592, -23.754626397753448 ], [ -45.893386317647952, -23.754646359593934 ], [ -45.893384279659003, -23.754657855941854 ], [ -45.893380987523003, -23.754676459123043 ], [ -45.893379785632085, -23.754683252419543 ], [ -45.893376232215452, -23.754703371028405 ], [ -45.893373305872345, -23.754720040732899 ], [ -45.89336954343122, -23.754742406355227 ], [ -45.893364317818516, -23.75477365551912 ], [ -45.893359823791599, -23.754802500901189 ], [ -45.893354702691155, -23.754829047013665 ], [ -45.893346968784371, -23.754865730814764 ], [ -45.893340854817524, -23.754895516807107 ], [ -45.893337928474416, -23.75490915565624 ], [ -45.893334270545523, -23.754926752906982 ], [ -45.893333029462518, -23.754932723169478 ], [ -45.89333154016289, -23.754939699362424 ], [ -45.893330103119389, -23.754946571043121 ], [ -45.893328822844275, -23.754952815650284 ], [ -45.893326549702749, -23.754963789436939 ], [ -45.893324041408668, -23.754975756090008 ], [ -45.893319913174629, -23.754995508905985 ], [ -45.893315523659979, -23.755016254588369 ], [ -45.893312179267852, -23.755032558499966 ], [ -45.89330684914291, -23.755057536928646 ], [ -45.893299219748371, -23.755094952315524 ], [ -45.893291799378346, -23.755130068432816 ], [ -45.893286469253404, -23.755156301008533 ], [ -45.893277585711829, -23.755197687861052 ], [ -45.893249367403286, -23.755333762815564 ], [ -45.893243619229324, -23.755359786366782 ], [ -45.893236616908332, -23.755454683493276 ], [ -45.893220312996718, -23.755660363608865 ], [ -45.893216341531073, -23.755710320466203 ], [ -45.893239961300459, -23.756044968703037 ], [ -45.893243514717085, -23.756093462388833 ], [ -45.893248531305275, -23.756169547309629 ], [ -45.893252711795434, -23.75622472977966 ], [ -45.893256265212067, -23.75628095737224 ], [ -45.893261908873768, -23.756358087415581 ], [ -45.89326776155999, -23.756440443071611 ], [ -45.893269146347357, -23.756459830094702 ], [ -45.893269616652496, -23.756466989184091 ], [ -45.893269995509414, -23.756472156008641 ], [ -45.893270184937883, -23.756474905987318 ], [ -45.893270446218501, -23.756478511660077 ], [ -45.893274456876263, -23.756491177238839 ], [ -45.893276625505514, -23.7564980358555 ], [ -45.89327815399723, -23.756537397783113 ], [ -45.893279486528485, -23.75657183457075 ], [ -45.893279695552984, -23.756578653995309 ], [ -45.89328100195614, -23.756609955415335 ], [ -45.893281994822559, -23.756637128601337 ], [ -45.893336184426161, -23.756714728949827 ], [ -45.893352540593895, -23.75673813969469 ], [ -45.893358445536236, -23.756757213181011 ], [ -45.893376996461299, -23.756794210518883 ], [ -45.893398525985596, -23.756838105665505 ], [ -45.893432600246335, -23.756907279713516 ], [ -45.893432801105824, -23.756907692863525 ], [ -45.893432907251082, -23.756907906787045 ], [ -45.893433116275581, -23.756908329735065 ], [ -45.893433139137635, -23.756908375459183 ], [ -45.893433325300087, -23.756908747784074 ], [ -45.893433483701472, -23.756909074384879 ], [ -45.893433772743165, -23.756909660633301 ], [ -45.893434076481917, -23.756910274642788 ], [ -45.89343433449654, -23.756910797204061 ], [ -45.893435002395158, -23.756912160762383 ], [ -45.893435466168292, -23.756913094840652 ], [ -45.893436537418886, -23.756915237341847 ], [ -45.893437543349329, -23.756917301458863 ], [ -45.893437902610202, -23.75691801998061 ], [ -45.893438497023652, -23.756919221871531 ], [ -45.893439355983723, -23.756920962653759 ], [ -45.893439516018105, -23.756921299052575 ], [ -45.893440048377414, -23.756922373569182 ], [ -45.893440316190059, -23.756922918992508 ], [ -45.893440789761208, -23.75692387919884 ], [ -45.893441276396381, -23.756924859001217 ], [ -45.89344162259323, -23.75692555792692 ], [ -45.893442452159228, -23.756927243187011 ], [ -45.893442880006255, -23.756928102147096 ], [ -45.893443350311408, -23.756929062353422 ], [ -45.893443748764376, -23.756929878855413 ], [ -45.893444121089274, -23.756930630037242 ], [ -45.893444447690065, -23.756931283238824 ], [ -45.893444846143041, -23.756932096474795 ], [ -45.893445257660034, -23.756932922774805 ], [ -45.893446456284934, -23.756935346152684 ], [ -45.893447053964387, -23.756936577437685 ], [ -45.89344874902249, -23.75693828555983 ], [ -45.893450649839124, -23.756940205972498 ], [ -45.893451303040699, -23.756940859174083 ], [ -45.893452047690509, -23.756941616887918 ], [ -45.893453804802775, -23.756943367468175 ], [ -45.893455261442327, -23.756944856767792 ], [ -45.893457044682663, -23.75694664654014 ], [ -45.893458233509548, -23.756947848431064 ], [ -45.893459350484264, -23.756948978469804 ], [ -45.893460500119055, -23.756950128104602 ], [ -45.893462400935668, -23.756952045251264 ], [ -45.893463246831722, -23.75695289441332 ], [ -45.893464020875598, -23.756953684787245 ], [ -45.893464641417104, -23.756954308594754 ], [ -45.893464981081934, -23.75695464825958 ], [ -45.893465324012766, -23.756954991190423 ], [ -45.893465794317919, -23.75695547129358 ], [ -45.893466176440846, -23.756955853416507 ], [ -45.893466653278004, -23.756956333519678 ], [ -45.893466937420698, -23.756956617662361 ], [ -45.893467855168929, -23.756957538676605 ], [ -45.893470219758676, -23.756959929394409 ], [ -45.893472100979231, -23.75696182367901 ], [ -45.893473760111263, -23.75696349587508 ], [ -45.893477143695478, -23.75696689252332 ], [ -45.893479220876536, -23.756969008896466 ], [ -45.893481546274188, -23.756971360422177 ], [ -45.893485165010979, -23.756975005287035 ], [ -45.89348878374777, -23.756978663215921 ], [ -45.893490286111415, -23.756980152515542 ], [ -45.893499430933645, -23.756989388785968 ], [ -45.893505022339205, -23.75699503244768 ], [ -45.893507948682313, -23.756998011046914 ], [ -45.89351934051799, -23.757009455138704 ], [ -45.893528119547319, -23.75701833868029 ], [ -45.893540922298428, -23.757031193687506 ], [ -45.893544710867623, -23.757035060640895 ], [ -45.893548107515883, -23.757038457289156 ], [ -45.893553934074028, -23.757044283847296 ], [ -45.893561641852749, -23.757052122266344 ], [ -45.8935674684109, -23.75705800108063 ], [ -45.893573190456806, -23.757063723126517 ], [ -45.893578154788855, -23.757068791970838 ], [ -45.893583066864785, -23.757073704046761 ], [ -45.893588318605538, -23.757079034171714 ], [ -45.893591427845095, -23.757082117283197 ], [ -45.893594615468842, -23.757085331035004 ], [ -45.893604661709233, -23.757095481787662 ], [ -45.893609678297423, -23.757100563696 ], [ -45.893805664901464, -23.757182540495123 ], [ -45.894124218251207, -23.757301266415503 ], [ -45.894209500250369, -23.757341399120978 ], [ -45.894382154493719, -23.757424172826024 ], [ -45.894608737060082, -23.757528685079873 ], [ -45.894867091351607, -23.757642812461086 ], [ -45.895001703134561, -23.757769899361772 ], [ -45.895153872976195, -23.757948406291355 ], [ -45.895269672553461, -23.758080927829234 ], [ -45.895352028209473, -23.758174570808695 ], [ -45.89549918146291, -23.758338446022737 ], [ -45.895615817138207, -23.758503993432839 ], [ -45.895703189382431, -23.7586252276473 ], [ -45.895706533774558, -23.758720124773802 ], [ -45.895709042068646, -23.758796209694605 ], [ -45.895569831746506, -23.759261916297778 ], [ -45.895471799252398, -23.75955914914773 ], [ -45.89545737656136, -23.759602835269845 ], [ -45.895439609478203, -23.75974204559197 ], [ -45.8954207972725, -23.759888049210595 ], [ -45.895416616782349, -23.75992034349704 ], [ -45.895416198733329, -23.759990575731621 ], [ -45.895416198733329, -23.760071050167081 ], [ -45.895415989708809, -23.760133443982642 ], [ -45.895416041964943, -23.76016401381689 ], [ -45.895415937452668, -23.760189462550702 ], [ -45.895415885196549, -23.760206550304208 ], [ -45.895415832940429, -23.760230483610346 ], [ -45.895419490869308, -23.76025974704142 ], [ -45.895432450388775, -23.760353860325999 ], [ -45.89543331261487, -23.760360000420917 ], [ -45.895434854170617, -23.760371313872405 ], [ -45.895438512099496, -23.760398696082905 ], [ -45.895439204493179, -23.760403791055282 ], [ -45.895439319678907, -23.760404902548398 ], [ -45.89553754, -23.76081635 ], [ -45.89547087, -23.76156226 ], [ -45.89538241, -23.76211955 ], [ -45.89556902, -23.76242045 ], [ -45.89572611, -23.76290083 ], [ -45.89575703, -23.7629406 ], [ -45.89592835, -23.76280735 ], [ -45.89601122, -23.76279862 ], [ -45.89595025, -23.76269191 ], [ -45.89581231, -23.76201325 ], [ -45.89591973, -23.76122936 ], [ -45.89622551, -23.76096334 ], [ -45.89659331, -23.76077246 ], [ -45.89718791, -23.76075957 ], [ -45.89776148, -23.7606713 ], [ -45.8980468, -23.76041484 ], [ -45.898121184341818, -23.760052813990548 ], [ -45.898119246511996, -23.760041412778172 ], [ -45.898080576978074, -23.759834896564563 ], [ -45.898062600870411, -23.759736655045938 ], [ -45.898041698419647, -23.759684189894507 ], [ -45.898014943282661, -23.759616047904995 ], [ -45.897986724974118, -23.759545397621384 ], [ -45.897955998371494, -23.759467640504518 ], [ -45.897920464205178, -23.759393854853297 ], [ -45.897879704426174, -23.759307945780627 ], [ -45.897853158313694, -23.759252136237077 ], [ -45.897818669269924, -23.75917939570839 ], [ -45.897763800336641, -23.759063596131124 ], [ -45.897727116535542, -23.759005173781219 ], [ -45.897671516016494, -23.758918219586015 ], [ -45.897609644762213, -23.75881997806739 ], [ -45.897585397919322, -23.758778591214863 ], [ -45.897388078784047, -23.758435791022229 ], [ -45.897146446453135, -23.758152353789779 ], [ -45.89707955861067, -23.758092154731564 ], [ -45.896624930306373, -23.757693283714719 ], [ -45.896617980241487, -23.757687326516251 ], [ -45.896606118100671, -23.757677188827625 ], [ -45.896589774996961, -23.757663327889958 ], [ -45.896587083806423, -23.757661015556344 ], [ -45.89657746867907, -23.757646553673215 ], [ -45.89656205312162, -23.757622881647709 ], [ -45.896548623297001, -23.757602397245961 ], [ -45.896535872802033, -23.75758316699125 ], [ -45.896518837304669, -23.757562264540482 ], [ -45.896472538376209, -23.757494958648998 ], [ -45.896466372153242, -23.757483566813328 ], [ -45.89640460541122, -23.757367662723798 ], [ -45.896307095478363, -23.757184348230552 ], [ -45.896279086194319, -23.757131569542359 ], [ -45.896265813138093, -23.757107009162699 ], [ -45.896238430927568, -23.757055275597047 ], [ -45.896208226886209, -23.756976995918897 ], [ -45.89619129590109, -23.756933936870318 ], [ -45.896169139303275, -23.756876664155211 ], [ -45.896148445876996, -23.75682252680771 ], [ -45.896121899764523, -23.756752503597625 ], [ -45.896098907068669, -23.756692513563909 ], [ -45.896075078274791, -23.756629388162587 ], [ -45.896054802897531, -23.756576322065701 ], [ -45.896051798170234, -23.756568353006337 ], [ -45.89605135889245, -23.756567729188106 ], [ -45.89583456, -23.75627542 ], [ -45.89559875, -23.75627679 ], [ -45.89578034, -23.75734212 ], [ -45.89527765, -23.75729785 ], [ -45.89501985, -23.7570823 ], [ -45.89428941, -23.75671849 ], [ -45.89395824, -23.75626744 ], [ -45.89399506, -23.75565382 ], [ -45.89415407, -23.75491681 ], [ -45.89437543, -23.75430212 ], [ -45.8944218013228, -23.754259729304561 ] ] ] ] } },
{ "type": "Feature", "properties": { "id_unidade": "1368603", "nome_unidade": "Área de Proteção Ambiental Marinha Litoral Centro", "tipo_unidade": "Unidade de Conservação", "categoria_unidade": "Área de Proteção Ambiental", "orgao_gestor": "Fundação Para Conservação e a Produção Florestal do Estado de São Paulo", "zona_geografica": "Zona de Proteção Especial", "descricao_unidade": "Zoneamento (polígonos) do Plano de Manejo da Área de Proteção Ambiental Marinha Litoral Centro (aprovado pelo Decreto nº 65.544, em 02 de março de 2021).", "gid": 50 }, "geometry": { "type": "MultiPolygon", "coordinates": [ [ [ [ -45.895439319678907, -23.760404902548398 ], [ -45.895439204493179, -23.760403791055282 ], [ -45.895438512099496, -23.760398696082905 ], [ -45.895434854170617, -23.760371313872405 ], [ -45.89543331261487, -23.760360000420917 ], [ -45.895432450388775, -23.760353860325999 ], [ -45.895419490869308, -23.76025974704142 ], [ -45.895415832940429, -23.760230483610346 ], [ -45.895415885196549, -23.760206550304208 ], [ -45.895415937452668, -23.760189462550702 ], [ -45.895416041964943, -23.76016401381689 ], [ -45.895415989708809, -23.760133443982642 ], [ -45.895416198733329, -23.760071050167081 ], [ -45.895416198733329, -23.759990575731621 ], [ -45.895416616782349, -23.75992034349704 ], [ -45.8954207972725, -23.759888049210595 ], [ -45.895439609478203, -23.75974204559197 ], [ -45.89545737656136, -23.759602835269845 ], [ -45.895471799252398, -23.75955914914773 ], [ -45.895569831746506, -23.759261916297778 ], [ -45.895709042068646, -23.758796209694605 ], [ -45.895706533774558, -23.758720124773802 ], [ -45.895703189382431, -23.7586252276473 ], [ -45.895615817138207, -23.758503993432839 ], [ -45.89549918146291, -23.758338446022737 ], [ -45.895352028209473, -23.758174570808695 ], [ -45.895269672553461, -23.758080927829234 ], [ -45.895153872976195, -23.757948406291355 ], [ -45.895001703134561, -23.757769899361772 ], [ -45.894867091351607, -23.757642812461086 ], [ -45.894608737060082, -23.757528685079873 ], [ -45.894382154493719, -23.757424172826024 ], [ -45.894209500250369, -23.757341399120978 ], [ -45.894124218251207, -23.757301266415503 ], [ -45.893805664901464, -23.757182540495123 ], [ -45.893609678297423, -23.757100563696 ], [ -45.893604661709233, -23.757095481787662 ], [ -45.893594615468842, -23.757085331035004 ], [ -45.893591427845095, -23.757082117283197 ], [ -45.893588318605538, -23.757079034171714 ], [ -45.893583066864785, -23.757073704046761 ], [ -45.893578154788855, -23.757068791970838 ], [ -45.893573190456806, -23.757063723126517 ], [ -45.8935674684109, -23.75705800108063 ], [ -45.893561641852749, -23.757052122266344 ], [ -45.893553934074028, -23.757044283847296 ], [ -45.893548107515883, -23.757038457289156 ], [ -45.893544710867623, -23.757035060640895 ], [ -45.893540922298428, -23.757031193687506 ], [ -45.893528119547319, -23.75701833868029 ], [ -45.89351934051799, -23.757009455138704 ], [ -45.893507948682313, -23.756998011046914 ], [ -45.893505022339205, -23.75699503244768 ], [ -45.893499430933645, -23.756989388785968 ], [ -45.893490286111415, -23.756980152515542 ], [ -45.89348878374777, -23.756978663215921 ], [ -45.893485165010979, -23.756975005287035 ], [ -45.893481546274188, -23.756971360422177 ], [ -45.893479220876536, -23.756969008896466 ], [ -45.893477143695478, -23.75696689252332 ], [ -45.893473760111263, -23.75696349587508 ], [ -45.893472100979231, -23.75696182367901 ], [ -45.893470219758676, -23.756959929394409 ], [ -45.893467855168929, -23.756957538676605 ], [ -45.893466937420698, -23.756956617662361 ], [ -45.893466653278004, -23.756956333519678 ], [ -45.893466176440846, -23.756955853416507 ], [ -45.893465794317919, -23.75695547129358 ], [ -45.893465324012766, -23.756954991190423 ], [ -45.893464981081934, -23.75695464825958 ], [ -45.893464641417104, -23.756954308594754 ], [ -45.893464020875598, -23.756953684787245 ], [ -45.893463246831722, -23.75695289441332 ], [ -45.893462400935668, -23.756952045251264 ], [ -45.893460500119055, -23.756950128104602 ], [ -45.893459350484264, -23.756948978469804 ], [ -45.893458233509548, -23.756947848431064 ], [ -45.893457044682663, -23.75694664654014 ], [ -45.893455261442327, -23.756944856767792 ], [ -45.893453804802775, -23.756943367468175 ], [ -45.893452047690509, -23.756941616887918 ], [ -45.893451303040699, -23.756940859174083 ], [ -45.893450649839124, -23.756940205972498 ], [ -45.89344874902249, -23.75693828555983 ], [ -45.893447053964387, -23.756936577437685 ], [ -45.893446456284934, -23.756935346152684 ], [ -45.893445257660034, -23.756932922774805 ], [ -45.893444846143041, -23.756932096474795 ], [ -45.893444447690065, -23.756931283238824 ], [ -45.893444121089274, -23.756930630037242 ], [ -45.893443748764376, -23.756929878855413 ], [ -45.893443350311408, -23.756929062353422 ], [ -45.893442880006255, -23.756928102147096 ], [ -45.893442452159228, -23.756927243187011 ], [ -45.89344162259323, -23.75692555792692 ], [ -45.893441276396381, -23.756924859001217 ], [ -45.893440789761208, -23.75692387919884 ], [ -45.893440316190059, -23.756922918992508 ], [ -45.893440048377414, -23.756922373569182 ], [ -45.893439516018105, -23.756921299052575 ], [ -45.893439355983723, -23.756920962653759 ], [ -45.893438497023652, -23.756919221871531 ], [ -45.893437902610202, -23.75691801998061 ], [ -45.893437543349329, -23.756917301458863 ], [ -45.893436537418886, -23.756915237341847 ], [ -45.893435466168292, -23.756913094840652 ], [ -45.893435002395158, -23.756912160762383 ], [ -45.89343433449654, -23.756910797204061 ], [ -45.893434076481917, -23.756910274642788 ], [ -45.893433772743165, -23.756909660633301 ], [ -45.893433483701472, -23.756909074384879 ], [ -45.893433325300087, -23.756908747784074 ], [ -45.893433139137635, -23.756908375459183 ], [ -45.893433116275581, -23.756908329735065 ], [ -45.893432907251082, -23.756907906787045 ], [ -45.893432801105824, -23.756907692863525 ], [ -45.893432600246335, -23.756907279713516 ], [ -45.893398525985596, -23.756838105665505 ], [ -45.893376996461299, -23.756794210518883 ], [ -45.893358445536236, -23.756757213181011 ], [ -45.893352540593895, -23.75673813969469 ], [ -45.893336184426161, -23.756714728949827 ], [ -45.893281994822559, -23.756637128601337 ], [ -45.89328100195614, -23.756609955415335 ], [ -45.893279695552984, -23.756578653995309 ], [ -45.893279486528485, -23.75657183457075 ], [ -45.89327815399723, -23.756537397783113 ], [ -45.893276625505514, -23.7564980358555 ], [ -45.893274456876263, -23.756491177238839 ], [ -45.893270446218501, -23.756478511660077 ], [ -45.893270184937883, -23.756474905987318 ], [ -45.893269995509414, -23.756472156008641 ], [ -45.893269616652496, -23.756466989184091 ], [ -45.893269146347357, -23.756459830094702 ], [ -45.89326776155999, -23.756440443071611 ], [ -45.893261908873768, -23.756358087415581 ], [ -45.893256265212067, -23.75628095737224 ], [ -45.893252711795434, -23.75622472977966 ], [ -45.893248531305275, -23.756169547309629 ], [ -45.893243514717085, -23.756093462388833 ], [ -45.893239961300459, -23.756044968703037 ], [ -45.893216341531073, -23.755710320466203 ], [ -45.893220312996718, -23.755660363608865 ], [ -45.893236616908332, -23.755454683493276 ], [ -45.893243619229324, -23.755359786366782 ], [ -45.893249367403286, -23.755333762815564 ], [ -45.893277585711829, -23.755197687861052 ], [ -45.893286469253404, -23.755156301008533 ], [ -45.893291799378346, -23.755130068432816 ], [ -45.893299219748371, -23.755094952315524 ], [ -45.89330684914291, -23.755057536928646 ], [ -45.893312179267852, -23.755032558499966 ], [ -45.893315523659979, -23.755016254588369 ], [ -45.893319913174629, -23.754995508905985 ], [ -45.893324041408668, -23.754975756090008 ], [ -45.893326549702749, -23.754963789436939 ], [ -45.893328822844275, -23.754952815650284 ], [ -45.893330103119389, -23.754946571043121 ], [ -45.89333154016289, -23.754939699362424 ], [ -45.893333029462518, -23.754932723169478 ], [ -45.893334270545523, -23.754926752906982 ], [ -45.893337928474416, -23.75490915565624 ], [ -45.893340854817524, -23.754895516807107 ], [ -45.893346968784371, -23.754865730814764 ], [ -45.893354702691155, -23.754829047013665 ], [ -45.893359823791599, -23.754802500901189 ], [ -45.893364317818516, -23.75477365551912 ], [ -45.89336954343122, -23.754742406355227 ], [ -45.893373305872345, -23.754720040732899 ], [ -45.893376232215452, -23.754703371028405 ], [ -45.893379785632085, -23.754683252419543 ], [ -45.893380987523003, -23.754676459123043 ], [ -45.893384279659003, -23.754657855941854 ], [ -45.893386317647952, -23.754646359593934 ], [ -45.893389871064592, -23.754626397753448 ], [ -45.89339075941875, -23.754620754091736 ], [ -45.89339436509151, -23.754599590360332 ], [ -45.893436744810451, -23.754341915398474 ], [ -45.89349025508443, -23.754153793341533 ], [ -45.893510203860885, -23.754073109881563 ], [ -45.893516174123384, -23.754074324836516 ], [ -45.893569266348351, -23.754085089598654 ], [ -45.893584472881287, -23.754088120454021 ], [ -45.893611437042786, -23.75409355509122 ], [ -45.893647493770366, -23.754100818692859 ], [ -45.893667873659865, -23.754104999183017 ], [ -45.893719398201007, -23.754115398152273 ], [ -45.893766637739752, -23.754124908767377 ], [ -45.893787696958896, -23.754129298282034 ], [ -45.893876114325664, -23.754147117621329 ], [ -45.893988360486311, -23.754169901292663 ], [ -45.894073642485452, -23.754187250326808 ], [ -45.894181708155934, -23.754209197900117 ], [ -45.894343493124879, -23.754242850845852 ], [ -45.8944218013228, -23.754259729304561 ], [ -45.89460061, -23.75409627 ], [ -45.89480915, -23.7544151 ], [ -45.89543525, -23.75494176 ], [ -45.89554931, -23.75528628 ], [ -45.89583279, -23.75590156 ], [ -45.89605176, -23.75656827 ], [ -45.89605135889245, -23.756567729188106 ], [ -45.896051798170234, -23.756568353006337 ], [ -45.896054802897531, -23.756576322065701 ], [ -45.896075078274791, -23.756629388162587 ], [ -45.896098907068669, -23.756692513563909 ], [ -45.896121899764523, -23.756752503597625 ], [ -45.896148445876996, -23.75682252680771 ], [ -45.896169139303275, -23.756876664155211 ], [ -45.89619129590109, -23.756933936870318 ], [ -45.896208226886209, -23.756976995918897 ], [ -45.896238430927568, -23.757055275597047 ], [ -45.896265813138093, -23.757107009162699 ], [ -45.896279086194319, -23.757131569542359 ], [ -45.896307095478363, -23.757184348230552 ], [ -45.89640460541122, -23.757367662723798 ], [ -45.896466372153242, -23.757483566813328 ], [ -45.896472538376209, -23.757494958648998 ], [ -45.896518837304669, -23.757562264540482 ], [ -45.896535872802033, -23.75758316699125 ], [ -45.896548623297001, -23.757602397245961 ], [ -45.89656205312162, -23.757622881647709 ], [ -45.89657746867907, -23.757646553673215 ], [ -45.896587083806423, -23.757661015556344 ], [ -45.896589774996961, -23.757663327889958 ], [ -45.896606118100671, -23.757677188827625 ], [ -45.896617980241487, -23.757687326516251 ], [ -45.896624930306373, -23.757693283714719 ], [ -45.89707955861067, -23.758092154731564 ], [ -45.897146446453135, -23.758152353789779 ], [ -45.897388078784047, -23.758435791022229 ], [ -45.897585397919322, -23.758778591214863 ], [ -45.897609644762213, -23.75881997806739 ], [ -45.897671516016494, -23.758918219586015 ], [ -45.897727116535542, -23.759005173781219 ], [ -45.897763800336641, -23.759063596131124 ], [ -45.897818669269924, -23.75917939570839 ], [ -45.897853158313694, -23.759252136237077 ], [ -45.897879704426174, -23.759307945780627 ], [ -45.897920464205178, -23.759393854853297 ], [ -45.897955998371494, -23.759467640504518 ], [ -45.897986724974118, -23.759545397621384 ], [ -45.898014943282661, -23.759616047904995 ], [ -45.898041698419647, -23.759684189894507 ], [ -45.898062600870411, -23.759736655045938 ], [ -45.898080576978074, -23.759834896564563 ], [ -45.898119246511996, -23.760041412778172 ], [ -45.898121184341818, -23.760052813990548 ], [ -45.8981361, -23.75998022 ], [ -45.89802021, -23.75952792 ], [ -45.89755289, -23.75866243 ], [ -45.89726271, -23.75821114 ], [ -45.89691219, -23.75793007 ], [ -45.89655108, -23.75760188 ], [ -45.8963508, -23.75715123 ], [ -45.89716323, -23.75676045 ], [ -45.89751103, -23.75628105 ], [ -45.89801785, -23.75571993 ], [ -45.89853202, -23.75495165 ], [ -45.89866544, -23.75426987 ], [ -45.8987844, -23.75336014 ], [ -45.89784702, -23.75163747 ], [ -45.89738274, -23.75141837 ], [ -45.89738818, -23.74988411 ], [ -45.89754832, -23.74915168 ], [ -45.89781449, -23.74875648 ], [ -45.89806097, -23.74863019 ], [ -45.89888199, -23.74851524 ], [ -45.90043162, -23.74761019 ], [ -45.90118522, -23.74697418 ], [ -45.90158805, -23.74661342 ], [ -45.90221702, -23.74641879 ], [ -45.90307772, -23.74627421 ], [ -45.90323434, -23.74584732 ], [ -45.90382494, -23.74587324 ], [ -45.90438936, -23.74557616 ], [ -45.9049327, -23.74569048 ], [ -45.90537811, -23.74548957 ], [ -45.90515681, -23.74463893 ], [ -45.90403692, -23.74421952 ], [ -45.90346885, -23.74398783 ], [ -45.90309261, -23.74380643 ], [ -45.90274368, -23.7435938 ], [ -45.90257337, -23.74335593 ], [ -45.90235445, -23.7431243 ], [ -45.90217167, -23.74296115 ], [ -45.90191192, -23.74298983 ], [ -45.90164054, -23.74247147 ], [ -45.90155927, -23.74201437 ], [ -45.90156186, -23.74168175 ], [ -45.90169066, -23.74124051 ], [ -45.90167249, -23.74072821 ], [ -45.9014376, -23.74065272 ], [ -45.90138296, -23.7405182 ], [ -45.90154195, -23.74020713 ], [ -45.90172146, -23.74003978 ], [ -45.90129521, -23.74003707 ], [ -45.90120076, -23.73998089 ], [ -45.90128704, -23.73979227 ], [ -45.90141992, -23.73977657 ], [ -45.90151667, -23.73969538 ], [ -45.90155091, -23.73948617 ], [ -45.90144632, -23.73937032 ], [ -45.90127722, -23.73930861 ], [ -45.90069066, -23.73928551 ], [ -45.90063698, -23.73933556 ], [ -45.89981086, -23.73881885 ], [ -45.8993666, -23.73915976 ], [ -45.89924066, -23.73979003 ], [ -45.89914085, -23.74015232 ], [ -45.89871406, -23.74006458 ], [ -45.89861082, -23.74012294 ], [ -45.89843047, -23.74010986 ], [ -45.89831648, -23.74026587 ], [ -45.89826829, -23.74050976 ], [ -45.89825511, -23.74082406 ], [ -45.898298509999989, -23.74100034 ], [ -45.89843868, -23.74130669 ], [ -45.89869439, -23.74168297 ], [ -45.89868352, -23.74177518 ], [ -45.89830677, -23.74220458 ], [ -45.89854124, -23.74283872 ], [ -45.89835964, -23.74320378 ], [ -45.89869539, -23.74350546 ], [ -45.89913467, -23.743803 ], [ -45.89868041, -23.74411634 ], [ -45.897643, -23.74384699 ], [ -45.89700097, -23.74390721 ], [ -45.89662582, -23.74401178 ], [ -45.89628831, -23.74401374 ], [ -45.8959912, -23.74426587 ], [ -45.89590381, -23.74392197 ], [ -45.89546712, -23.74302799 ], [ -45.8951953, -23.74225573 ], [ -45.89498795, -23.7419172 ], [ -45.89454566, -23.74170271 ], [ -45.89414346, -23.74166712 ], [ -45.89412395, -23.7415104 ], [ -45.89361897, -23.741117 ], [ -45.89248037, -23.74088986 ], [ -45.89183125, -23.74121372 ], [ -45.89131255, -23.74123705 ], [ -45.89060651, -23.74195756 ], [ -45.89023375, -23.74314971 ], [ -45.88994399, -23.74287069 ], [ -45.88957174, -23.74240098 ], [ -45.88905655, -23.74201704 ], [ -45.88912555, -23.74180601 ], [ -45.88946421, -23.74101387 ], [ -45.88883263, -23.74039556 ], [ -45.88723362, -23.73908192 ], [ -45.88670371, -23.73824378 ], [ -45.88611653, -23.73707921 ], [ -45.88573717, -23.73619044 ], [ -45.88514529, -23.73571502 ], [ -45.88409865, -23.73560331 ], [ -45.88377911, -23.73594727 ], [ -45.88389718, -23.7370243 ], [ -45.88346188, -23.7373686 ], [ -45.88327296, -23.73817274 ], [ -45.88294857, -23.73822953 ], [ -45.88251008, -23.73794955 ], [ -45.88253141, -23.73757277 ], [ -45.88287452, -23.73713326 ], [ -45.88302437, -23.73634833 ], [ -45.88278062, -23.73584831 ], [ -45.8818415, -23.73499365 ], [ -45.88067991, -23.73413916 ], [ -45.88000822, -23.73398511 ], [ -45.8793369, -23.73409115 ], [ -45.87922525, -23.73458118 ], [ -45.87925744, -23.73509684 ], [ -45.87882369, -23.73565847 ], [ -45.87862304, -23.73631077 ], [ -45.87869835, -23.73683882 ], [ -45.87872254, -23.73689566 ], [ -45.87866064, -23.73701499 ], [ -45.87855884, -23.73731284 ], [ -45.87828264, -23.73739934 ], [ -45.87775386, -23.73765715 ], [ -45.87723141, -23.73799986 ], [ -45.87685725, -23.73809754 ], [ -45.87705629, -23.73833474 ], [ -45.87786129, -23.73874223 ], [ -45.87804471, -23.73927515 ], [ -45.87872908, -23.73979359 ], [ -45.8792475, -23.74060537 ], [ -45.87839361, -23.7412898 ], [ -45.87811068, -23.74193684 ], [ -45.87832774, -23.74340344 ], [ -45.87883192, -23.74384455 ], [ -45.88004304, -23.74393341 ], [ -45.88037407, -23.74428848 ], [ -45.87995313, -23.74533813 ], [ -45.88005998, -23.74645355 ], [ -45.88077269, -23.74696137 ], [ -45.88174165, -23.74760004 ], [ -45.88353496, -23.74846904 ], [ -45.88372519, -23.74890845 ], [ -45.88521428, -23.750937 ], [ -45.88741708, -23.75151196 ], [ -45.88791063, -23.75177028 ], [ -45.8890649, -23.75183328 ], [ -45.89042026, -23.75226073 ], [ -45.89080122, -23.75284152 ], [ -45.89039184, -23.75414926 ], [ -45.88989791, -23.75460052 ], [ -45.88999946, -23.75563451 ], [ -45.89100775, -23.75589624 ], [ -45.89225477, -23.75707297 ], [ -45.894273149999989, -23.75776833 ], [ -45.89545558, -23.75919439 ], [ -45.89538367, -23.75930732 ], [ -45.89540031, -23.76024149 ], [ -45.895439319678907, -23.760404902548398 ] ], [ [ -45.89538394, -23.75327342 ], [ -45.8951918, -23.75317906 ], [ -45.89486492, -23.75321768 ], [ -45.89478601, -23.75315313 ], [ -45.89501842, -23.75252816 ], [ -45.8951857, -23.75187511 ], [ -45.89517917, -23.75190355 ], [ -45.89563541, -23.75188516 ], [ -45.89556874, -23.75229555 ], [ -45.89560232, -23.75253772 ], [ -45.89558792, -23.75276548 ], [ -45.89559715, -23.75294903 ], [ -45.89538394, -23.75327342 ] ] ] ] } },
{ "type": "Feature", "properties": { "id_unidade": "1368597", "nome_unidade": "Área de Proteção Ambiental Marinha Litoral Centro", "tipo_unidade": "Unidade de Conservação", "categoria_unidade": "Área de Proteção Ambiental", "orgao_gestor": "Fundação Para Conservação e a Produção Florestal do Estado de São Paulo", "zona_geografica": "Zona para Usos de Baixa Escala", "descricao_unidade": "Zoneamento (polígonos) do Plano de Manejo da Área de Proteção Ambiental Marinha Litoral Centro (aprovado pelo Decreto nº 65.544, em 02 de março de 2021).", "gid": 33 }, "geometry": { "type": "MultiPolygon", "coordinates": [ [ [ [ -45.973618418612098, -23.782526273541738 ], [ -45.973681751078153, -23.782454427531064 ], [ -45.973741950136372, -23.782389838958185 ], [ -45.973793997238779, -23.782333506853359 ], [ -45.97381385456702, -23.782307065253139 ], [ -45.973882205581035, -23.782209450808036 ], [ -45.973894329002491, -23.782181650548512 ], [ -45.973914813404235, -23.782134411009771 ], [ -45.973922024749754, -23.782117480024652 ], [ -45.973939687320659, -23.782082572931866 ], [ -45.973948466349988, -23.782065746459001 ], [ -45.973970622947796, -23.782028540096622 ], [ -45.973992152472093, -23.781991856295523 ], [ -45.97401326394737, -23.781958412374284 ], [ -45.974020318524495, -23.78194733407538 ], [ -45.97402418547788, -23.781940645291133 ], [ -45.974030403956981, -23.781929357967716 ], [ -45.974036047618689, -23.781919115766843 ], [ -45.974042893171308, -23.781901191915313 ], [ -45.974051306407766, -23.7818579238422 ], [ -45.974052560554817, -23.781826152117031 ], [ -45.974053292140596, -23.781802532347665 ], [ -45.974056427508209, -23.781775254649411 ], [ -45.97405768165526, -23.781762190617684 ], [ -45.97406635617233, -23.781733972309137 ], [ -45.974069491539943, -23.781723939132764 ], [ -45.974082764596183, -23.781695825336477 ], [ -45.974093320333829, -23.78167304166514 ], [ -45.974102308387664, -23.781653602385923 ], [ -45.974104294120465, -23.781649212871269 ], [ -45.974115894980649, -23.781617963707365 ], [ -45.974124569497711, -23.781594552962499 ], [ -45.974131885355497, -23.781567797825517 ], [ -45.974135020723118, -23.781555360867301 ], [ -45.974143381703414, -23.781513660478019 ], [ -45.974151742683723, -23.781454715566852 ], [ -45.974154460002332, -23.781418554327026 ], [ -45.974155400612617, -23.781371210276028 ], [ -45.974152996830774, -23.78132731512941 ], [ -45.974149861463168, -23.781282583884767 ], [ -45.974142336580883, -23.781221966777526 ], [ -45.974126868767321, -23.781148390150818 ], [ -45.97411223705177, -23.781088609141616 ], [ -45.974105548267531, -23.781065198396746 ], [ -45.974096351189196, -23.781034262769609 ], [ -45.974077538983501, -23.780977408103514 ], [ -45.974034061885881, -23.780849067055772 ], [ -45.974019848219363, -23.780771309938906 ], [ -45.973998109670561, -23.780692716724012 ], [ -45.97398807649418, -23.780666797685054 ], [ -45.973987290746372, -23.780665488105363 ], [ -45.97399187, -23.7807325 ], [ -45.97403891, -23.78093137 ], [ -45.9741222, -23.78140779 ], [ -45.97400442, -23.78165251 ], [ -45.97399199, -23.78189631 ], [ -45.97389674, -23.78210656 ], [ -45.97354368, -23.78249663 ], [ -45.973618418612098, -23.782526273541738 ] ] ] ] } },
{ "type": "Feature", "properties": { "id_unidade": "1368597", "nome_unidade": "Área de Proteção Ambiental Marinha Litoral Centro", "tipo_unidade": "Unidade de Conservação", "categoria_unidade": "Área de Proteção Ambiental", "orgao_gestor": "Fundação Para Conservação e a Produção Florestal do Estado de São Paulo", "zona_geografica": "Zona de Proteção Especial", "descricao_unidade": "Zoneamento (polígonos) do Plano de Manejo da Área de Proteção Ambiental Marinha Litoral Centro (aprovado pelo Decreto nº 65.544, em 02 de março de 2021).", "gid": 34 }, "geometry": { "type": "MultiPolygon", "coordinates": [ [ [ [ -45.973987290746372, -23.780665488105363 ], [ -45.97398807649418, -23.780666797685054 ], [ -45.973998109670561, -23.780692716724012 ], [ -45.974019848219363, -23.780771309938906 ], [ -45.974034061885881, -23.780849067055772 ], [ -45.974077538983501, -23.780977408103514 ], [ -45.974096351189196, -23.781034262769609 ], [ -45.974105548267531, -23.781065198396746 ], [ -45.97411223705177, -23.781088609141616 ], [ -45.974126868767321, -23.781148390150818 ], [ -45.974142336580883, -23.781221966777526 ], [ -45.974149861463168, -23.781282583884767 ], [ -45.974152996830774, -23.78132731512941 ], [ -45.974155400612617, -23.781371210276028 ], [ -45.974154460002332, -23.781418554327026 ], [ -45.974151742683723, -23.781454715566852 ], [ -45.974143381703414, -23.781513660478019 ], [ -45.974135020723118, -23.781555360867301 ], [ -45.974131885355497, -23.781567797825517 ], [ -45.974124569497711, -23.781594552962499 ], [ -45.974115894980649, -23.781617963707365 ], [ -45.974104294120465, -23.781649212871269 ], [ -45.974102308387664, -23.781653602385923 ], [ -45.974093320333829, -23.78167304166514 ], [ -45.974082764596183, -23.781695825336477 ], [ -45.974069491539943, -23.781723939132764 ], [ -45.97406635617233, -23.781733972309137 ], [ -45.97405768165526, -23.781762190617684 ], [ -45.974056427508209, -23.781775254649411 ], [ -45.974053292140596, -23.781802532347665 ], [ -45.974052560554817, -23.781826152117031 ], [ -45.974051313493781, -23.781857922632053 ], [ -45.974042893171308, -23.781901191915313 ], [ -45.974036047618689, -23.781919115766843 ], [ -45.974030403956981, -23.781929357967716 ], [ -45.97402418547788, -23.781940645291133 ], [ -45.974020318524495, -23.78194733407538 ], [ -45.97401326394737, -23.781958412374284 ], [ -45.973992152472093, -23.781991856295523 ], [ -45.973970622947796, -23.782028540096622 ], [ -45.973948466349988, -23.782065746459001 ], [ -45.973939687320659, -23.782082572931866 ], [ -45.973922024749754, -23.782117480024652 ], [ -45.973914813404235, -23.782134411009771 ], [ -45.973894329002491, -23.782181650548512 ], [ -45.973882205581035, -23.782209450808036 ], [ -45.97381385456702, -23.782307065253139 ], [ -45.973793997238779, -23.782333506853359 ], [ -45.973741950136372, -23.782389838958185 ], [ -45.973681751078153, -23.782454427531064 ], [ -45.973618418612098, -23.782526273541738 ], [ -45.9740178, -23.78268468 ], [ -45.97413658, -23.78257386 ], [ -45.97438539, -23.78233382 ], [ -45.97466306, -23.782146 ], [ -45.97471297, -23.78158357 ], [ -45.97457336, -23.78119136 ], [ -45.97435572, -23.78102764 ], [ -45.97432133, -23.78099851 ], [ -45.97398548, -23.78063899 ], [ -45.973987290746372, -23.780665488105363 ] ] ] ] } },
{ "type": "Feature", "properties": { "id_unidade": "1368598", "nome_unidade": "Área de Proteção Ambiental Marinha Litoral Centro", "tipo_unidade": "Unidade de Conservação", "categoria_unidade": "Área de Proteção Ambiental", "orgao_gestor": "Fundação Para Conservação e a Produção Florestal do Estado de São Paulo", "zona_geografica": "Zona para Usos de Baixa Escala", "descricao_unidade": "Zoneamento (polígonos) do Plano de Manejo da Área de Proteção Ambiental Marinha Litoral Centro (aprovado pelo Decreto nº 65.544, em 02 de março de 2021).", "gid": 35 }, "geometry": { "type": "MultiPolygon", "coordinates": [ [ [ [ -46.106596226963504, -23.79634739375653 ], [ -46.106494251078132, -23.796311498244879 ], [ -46.106232552394488, -23.796238757716196 ], [ -46.105863833162893, -23.796223707951651 ], [ -46.105648119870942, -23.796239593814224 ], [ -46.105535246636776, -23.796248790892562 ], [ -46.105516016382069, -23.796247954794538 ], [ -46.105310336266484, -23.796240429912253 ], [ -46.105143952758347, -23.796231232833918 ], [ -46.104946633623072, -23.796192772324503 ], [ -46.104788611095245, -23.796161836697358 ], [ -46.104552831450555, -23.796084079580488 ], [ -46.10435718451135, -23.796018027836059 ], [ -46.104143979513495, -23.795897629719626 ], [ -46.103929938417593, -23.795776395505158 ], [ -46.103679945106379, -23.795561518311231 ], [ -46.103541988931319, -23.795443628488897 ], [ -46.103172433601692, -23.795089122923834 ], [ -46.103079626720259, -23.794979594081795 ], [ -46.102914915408185, -23.794779766652422 ], [ -46.102763581664618, -23.794492985027858 ], [ -46.102674119175326, -23.794222925363897 ], [ -46.102652380626509, -23.794156873619468 ], [ -46.102597198156481, -23.793935307641291 ], [ -46.102530272252842, -23.793561844574032 ], [ -46.10226942, -23.79376309 ], [ -46.10242544, -23.79442883 ], [ -46.10304773, -23.79525479 ], [ -46.10398388, -23.79600302 ], [ -46.10484816, -23.79633654 ], [ -46.10581795, -23.79630589 ], [ -46.10607246, -23.79635914 ], [ -46.10625789, -23.7964566 ], [ -46.10635835, -23.79653479 ], [ -46.10641232, -23.79657161 ], [ -46.10644369, -23.79656759 ], [ -46.10651242, -23.79653242 ], [ -46.106596226963504, -23.79634739375653 ] ] ] ] } },
{ "type": "Feature", "properties": { "id_unidade": "1368599", "nome_unidade": "Área de Proteção Ambiental Marinha Litoral Centro", "tipo_unidade": "Unidade de Conservação", "categoria_unidade": "Área de Proteção Ambiental", "orgao_gestor": "Fundação Para Conservação e a Produção Florestal do Estado de São Paulo", "zona_geografica": "Zona de Proteção Especial", "descricao_unidade": "Zoneamento (polígonos) do Plano de Manejo da Área de Proteção Ambiental Marinha Litoral Centro (aprovado pelo Decreto nº 65.544, em 02 de março de 2021).", "gid": 37 }, "geometry": { "type": "MultiPolygon", "coordinates": [ [ [ [ -46.161161918109578, -23.828261539095156 ], [ -46.161617269552956, -23.828134900634581 ], [ -46.16166211, -23.82806828 ], [ -46.16115351, -23.82769784 ], [ -46.16127391, -23.82752062 ], [ -46.16184663, -23.82742814 ], [ -46.16161649, -23.82604204 ], [ -46.16124418, -23.82581136 ], [ -46.16072598, -23.825519 ], [ -46.16074702, -23.82527306 ], [ -46.16084216, -23.82503138 ], [ -46.16117371, -23.82443488 ], [ -46.16104347, -23.82350471 ], [ -46.16102351, -23.82289216 ], [ -46.16101098, -23.82262671 ], [ -46.1605685, -23.82150829 ], [ -46.16003926, -23.82142545 ], [ -46.15920536, -23.82182845 ], [ -46.1586767, -23.82156662 ], [ -46.15869924, -23.82132468 ], [ -46.15920147, -23.82114525 ], [ -46.15909651, -23.81995362 ], [ -46.1589942, -23.81954966 ], [ -46.15891878, -23.81923219 ], [ -46.15874862, -23.81854476 ], [ -46.15850537, -23.81821132 ], [ -46.15829822, -23.81793704 ], [ -46.1577949, -23.81725559 ], [ -46.15743864, -23.81670354 ], [ -46.15690745, -23.81638161 ], [ -46.15661868, -23.81620278 ], [ -46.1561866, -23.81544826 ], [ -46.15583981, -23.81479942 ], [ -46.15547567, -23.81466724 ], [ -46.155215149999989, -23.81489093 ], [ -46.15435401, -23.81478786 ], [ -46.15435337, -23.81456813 ], [ -46.15415151, -23.81423304 ], [ -46.15401, -23.81399166 ], [ -46.15355025, -23.81380075 ], [ -46.15319083, -23.81369258 ], [ -46.15297375, -23.81327812 ], [ -46.1520132, -23.81306424 ], [ -46.15162946, -23.81317797 ], [ -46.15072026, -23.81313935 ], [ -46.15005271, -23.8135858 ], [ -46.14991186, -23.81341855 ], [ -46.14972512, -23.81318459 ], [ -46.14946984, -23.81288221 ], [ -46.14859947, -23.81200925 ], [ -46.14742338, -23.81206343 ], [ -46.14682232, -23.81242842 ], [ -46.14655945, -23.81258399 ], [ -46.14650199, -23.81262088 ], [ -46.14641972, -23.81184836 ], [ -46.14600469, -23.8116726 ], [ -46.14498919, -23.81230835 ], [ -46.14358021, -23.81184863 ], [ -46.14333559, -23.81160173 ], [ -46.142847, -23.81109844 ], [ -46.14224347, -23.81048447 ], [ -46.14101616, -23.81123958 ], [ -46.13991085, -23.81140271 ], [ -46.13926779, -23.81078234 ], [ -46.13913247, -23.80988237 ], [ -46.13806553, -23.81016542 ], [ -46.13667295, -23.811035 ], [ -46.13601557, -23.8106852 ], [ -46.13543218, -23.81037961 ], [ -46.13536912, -23.80830258 ], [ -46.1333172, -23.80722104 ], [ -46.13224891, -23.80691299 ], [ -46.12997153, -23.8047364 ], [ -46.12872978, -23.80474684 ], [ -46.127841, -23.80471167 ], [ -46.12673348, -23.80444661 ], [ -46.12577078, -23.80349872 ], [ -46.12450096, -23.802338 ], [ -46.12415764, -23.80202919 ], [ -46.12422753, -23.80181561 ], [ -46.12420959, -23.80172499 ], [ -46.12408522, -23.80170974 ], [ -46.1240136, -23.80166358 ], [ -46.12398692, -23.80158187 ], [ -46.12403874, -23.80143359 ], [ -46.12423886, -23.80091257 ], [ -46.12432531, -23.80059311 ], [ -46.12436637, -23.80020075 ], [ -46.12430923, -23.79960837 ], [ -46.12427232, -23.799382 ], [ -46.12416426, -23.79915471 ], [ -46.12394086, -23.79888066 ], [ -46.12362021, -23.79862783 ], [ -46.12320282, -23.79848649 ], [ -46.12251977, -23.79836857 ], [ -46.12209413, -23.79834007 ], [ -46.12175794, -23.79838965 ], [ -46.12140444, -23.79854275 ], [ -46.12067572, -23.79843981 ], [ -46.11992596, -23.7990724 ], [ -46.11922512, -23.80006007 ], [ -46.11766386, -23.79982963 ], [ -46.11634404, -23.79924479 ], [ -46.11613339, -23.79897181 ], [ -46.11581202, -23.79856807 ], [ -46.11582659, -23.79755399 ], [ -46.11606, -23.79666736 ], [ -46.11595585, -23.79581015 ], [ -46.11566417, -23.79514198 ], [ -46.115171, -23.79389474 ], [ -46.11426595, -23.79316876 ], [ -46.114009856435189, -23.79340455927543 ], [ -46.114013280669326, -23.793411701249468 ], [ -46.11402091006385, -23.793426855526281 ], [ -46.114033451534311, -23.793453610663263 ], [ -46.114044111784203, -23.793478902628696 ], [ -46.114083408391643, -23.793570037314048 ], [ -46.114093859617022, -23.793597628549076 ], [ -46.114145697694958, -23.793738093018238 ], [ -46.114178723567171, -23.793829227703601 ], [ -46.114207811742247, -23.793918148034425 ], [ -46.114237668478339, -23.794009406829243 ], [ -46.114313753399173, -23.794255219650314 ], [ -46.1144257905353, -23.794636480352366 ], [ -46.114472612025018, -23.794827110703395 ], [ -46.114541172063554, -23.795089645485078 ], [ -46.114589665749335, -23.795409034932845 ], [ -46.114616420886321, -23.795716719008183 ], [ -46.1146565535918, -23.796226738806993 ], [ -46.114658225787871, -23.79645248527531 ], [ -46.114681636532723, -23.796681576135761 ], [ -46.114681636532723, -23.796897289427712 ], [ -46.114701702885469, -23.796995948995345 ], [ -46.114689997513054, -23.797131396876335 ], [ -46.114691669709103, -23.797310321854937 ], [ -46.114671603356364, -23.797467508284726 ], [ -46.114658225787871, -23.797808636281307 ], [ -46.114611404298145, -23.798213307728219 ], [ -46.114594682337533, -23.798514303019321 ], [ -46.114614748690265, -23.799089538464528 ], [ -46.114604715513885, -23.799606247047581 ], [ -46.114616420886307, -23.799878815005624 ], [ -46.114641503827237, -23.800039345827539 ], [ -46.114674947748469, -23.800283486452539 ], [ -46.114701702885448, -23.800437328490212 ], [ -46.114805379041279, -23.800835311152877 ], [ -46.114955876686828, -23.801074435189697 ], [ -46.115049519666258, -23.801255032364352 ], [ -46.11517409827286, -23.801417235382331 ], [ -46.115241822213356, -23.801494156401166 ], [ -46.115316234938099, -23.801563552537718 ], [ -46.115385631074645, -23.801622079399881 ], [ -46.115475511612956, -23.801686040899234 ], [ -46.115586712651073, -23.801749584349576 ], [ -46.11564774780733, -23.801775503388541 ], [ -46.115784867884379, -23.801838628789866 ], [ -46.115870149883527, -23.801868310269956 ], [ -46.11596922750018, -23.801892139063835 ], [ -46.115993474343078, -23.801895065406949 ], [ -46.116070395361909, -23.801902172240212 ], [ -46.116139373449464, -23.801908861024465 ], [ -46.116178461032405, -23.801912205416581 ], [ -46.116183686645094, -23.801911787367569 ], [ -46.116297605001797, -23.801904262485291 ], [ -46.116375362118674, -23.801896737603009 ], [ -46.116402953353678, -23.801892975161877 ], [ -46.116484054862674, -23.801877925397321 ], [ -46.116520425127014, -23.801866220024888 ], [ -46.11658647687144, -23.801842809280025 ], [ -46.116684300341028, -23.801817726339088 ], [ -46.116787976496859, -23.801792643398166 ], [ -46.116883291672373, -23.801783446319828 ], [ -46.116987803926229, -23.801760871672993 ], [ -46.117084791297813, -23.801731608241919 ], [ -46.117299668491718, -23.801696492124623 ], [ -46.117587286214317, -23.801667228693546 ], [ -46.117688454076045, -23.801618735007757 ], [ -46.117818049270824, -23.801586963282585 ], [ -46.11789078979951, -23.801578602302282 ], [ -46.117989449367151, -23.801581946694398 ], [ -46.118100650405246, -23.801567733027877 ], [ -46.118493616479739, -23.801588635478652 ], [ -46.119001964082486, -23.801719066771458 ], [ -46.119085573885577, -23.801722411163574 ], [ -46.119486900940359, -23.801839464887898 ], [ -46.119938393877007, -23.802073572336536 ], [ -46.120704259673239, -23.802565197978652 ], [ -46.120988533003718, -23.802829404956395 ], [ -46.121634000683514, -23.803525038518032 ], [ -46.121848041779408, -23.803722357653317 ], [ -46.122065427267422, -23.803892921651599 ], [ -46.122424949420626, -23.804300937490616 ], [ -46.122526953380394, -23.80441631901887 ], [ -46.122655712477147, -23.804541733723493 ], [ -46.122722600319605, -23.804611965958088 ], [ -46.12292995263126, -23.804824334857916 ], [ -46.122976774120978, -23.804867811955521 ], [ -46.123043661963443, -23.804946405170416 ], [ -46.123118910786225, -23.805018309601063 ], [ -46.123284458196323, -23.805249072657574 ], [ -46.123384789960028, -23.805424653244053 ], [ -46.123455022194605, -23.80562364457538 ], [ -46.123495154900084, -23.805717287554828 ], [ -46.123500171488274, -23.806185502452088 ], [ -46.123419906077309, -23.806524958252602 ], [ -46.123301180156943, -23.806805887190965 ], [ -46.123217570353859, -23.806944679464078 ], [ -46.123043661963443, -23.807240658166986 ], [ -46.122884803337584, -23.807466404635303 ], [ -46.122659056869274, -23.807810877024011 ], [ -46.122480131890654, -23.808034951296275 ], [ -46.122326289852985, -23.80821387627487 ], [ -46.122249368834154, -23.808312535842504 ], [ -46.122149037070457, -23.808417884194384 ], [ -46.121955062327302, -23.808615203329662 ], [ -46.121831319818753, -23.808718879485482 ], [ -46.121625639703169, -23.808909509836507 ], [ -46.121526980135528, -23.809008169404152 ], [ -46.121441698136373, -23.809070040658426 ], [ -46.121356416137232, -23.809148633873324 ], [ -46.121262773157781, -23.809215521715796 ], [ -46.12119421311926, -23.809285753950377 ], [ -46.120966794454858, -23.809466351125035 ], [ -46.120565467400063, -23.809764002024018 ], [ -46.120391559009661, -23.809844267434972 ], [ -46.120154107168901, -23.810054964138743 ], [ -46.120040397836711, -23.810279038411 ], [ -46.119943410465133, -23.810436224840792 ], [ -46.11973271376138, -23.810770664053127 ], [ -46.119485228744246, -23.81115192475518 ], [ -46.119368175019929, -23.811399409772299 ], [ -46.119167511492535, -23.811934512512032 ], [ -46.119090590473689, -23.812285673684976 ], [ -46.119032063611527, -23.812568274819395 ], [ -46.119020358239098, -23.812665262190968 ], [ -46.119020358239098, -23.81283415399319 ], [ -46.119097279257936, -23.813315746458944 ], [ -46.119154133924035, -23.813546509515454 ], [ -46.119271187648359, -23.813921081433261 ], [ -46.119349780863246, -23.81410335080399 ], [ -46.11942837407814, -23.81421037135193 ], [ -46.119513656077281, -23.814295653351078 ], [ -46.119721008388922, -23.814462872957243 ], [ -46.119978526582415, -23.814645142327958 ], [ -46.120301260422309, -23.81482657560063 ], [ -46.120412461460404, -23.814885938560828 ], [ -46.120636535732665, -23.814957842991479 ], [ -46.120836363162034, -23.815005500579236 ], [ -46.120956761278471, -23.815010517167416 ], [ -46.121030337905196, -23.815008844971359 ], [ -46.121143211139348, -23.814994631304838 ], [ -46.121256920471545, -23.814962859579659 ], [ -46.12137648248995, -23.814914365893877 ], [ -46.121519455253228, -23.814840789267166 ], [ -46.121638181173594, -23.814773901424694 ], [ -46.121686674859383, -23.814739621405433 ], [ -46.121736840741242, -23.814698652601923 ], [ -46.121824631034471, -23.81461253450475 ], [ -46.121946701346978, -23.814465381251321 ], [ -46.12206960775751, -23.814217896234197 ], [ -46.122179972697559, -23.814017232706799 ], [ -46.122325453754932, -23.813809880395151 ], [ -46.122402374773763, -23.813716237415697 ], [ -46.1226582207712, -23.813465408006461 ], [ -46.122783635475827, -23.813366748438821 ], [ -46.122977610218967, -23.813263072282997 ], [ -46.123188306922742, -23.813196184440528 ], [ -46.123529434919327, -23.813135985382306 ], [ -46.123947483934735, -23.813089163892581 ], [ -46.124412354439876, -23.813092508284701 ], [ -46.125064510903911, -23.813102541461078 ], [ -46.12596415238508, -23.813192840048409 ], [ -46.126281869636784, -23.813202873224778 ], [ -46.126980847590545, -23.813169429303549 ], [ -46.127495883977545, -23.813125952205937 ], [ -46.128378803498087, -23.81299552091313 ], [ -46.129191490784024, -23.812841678875465 ], [ -46.129547668545158, -23.812722952955088 ], [ -46.129865385796869, -23.812585832878028 ], [ -46.130056016147911, -23.812483828918268 ], [ -46.130273401635925, -23.812341692253035 ], [ -46.130425571477531, -23.812201227783856 ], [ -46.130509181280615, -23.812090862843782 ], [ -46.130597807671883, -23.811967120335229 ], [ -46.130656334534038, -23.811850066610912 ], [ -46.130701483827693, -23.811714618729916 ], [ -46.130713189200129, -23.811609270378028 ], [ -46.130713189200129, -23.811473822497039 ], [ -46.130678073082827, -23.811284864342078 ], [ -46.130631251593108, -23.811157777441387 ], [ -46.130569380338827, -23.811012296384025 ], [ -46.13044898222239, -23.810773172347208 ], [ -46.130350322654756, -23.81059759176074 ], [ -46.130216546969812, -23.810418666782137 ], [ -46.130076082500636, -23.810177870549264 ], [ -46.12995735658027, -23.809868514277856 ], [ -46.129937290227531, -23.809664506358345 ], [ -46.12994732340389, -23.809545780437961 ], [ -46.130000833677862, -23.809335083734197 ], [ -46.130034277599115, -23.809269868087792 ], [ -46.1301045098337, -23.809157830951666 ], [ -46.130221563558017, -23.809015694286423 ], [ -46.130313534341404, -23.80889529616999 ], [ -46.130408849516911, -23.808804997582651 ], [ -46.130574396927017, -23.808744798524437 ], [ -46.130739944337115, -23.808721387779578 ], [ -46.130920541511777, -23.808726404367761 ], [ -46.131156321156467, -23.808793292210225 ], [ -46.131367017860228, -23.808896968366049 ], [ -46.131577714563996, -23.809050810403726 ], [ -46.131759983934728, -23.809229735382313 ], [ -46.13192720354089, -23.809450465262458 ], [ -46.132057634833693, -23.809709655652007 ], [ -46.132226526635932, -23.810226364235049 ], [ -46.13243220675151, -23.811054101285571 ], [ -46.13252584973096, -23.811636025515025 ], [ -46.132646247847397, -23.812104240412285 ], [ -46.13293386557001, -23.813167757107493 ], [ -46.133171317410756, -23.813850013100645 ], [ -46.133575988857679, -23.814886774658859 ], [ -46.133937183207003, -23.815632574102349 ], [ -46.134174635047749, -23.815933569393444 ], [ -46.134375298575158, -23.81618439880269 ], [ -46.134629472376517, -23.816458638956806 ], [ -46.135070932136792, -23.81681314452188 ], [ -46.135602690484397, -23.817160961302694 ], [ -46.135726432992954, -23.81718102765543 ], [ -46.135890308206996, -23.817194405223926 ], [ -46.136258191340559, -23.817140894949958 ], [ -46.136602663729256, -23.817040563186261 ], [ -46.137003990784045, -23.816920165069821 ], [ -46.137381907093989, -23.816776356208521 ], [ -46.137977208891932, -23.816535559975637 ], [ -46.138592577042608, -23.816288074958521 ], [ -46.139368476015214, -23.815967013314683 ], [ -46.139983844165911, -23.815652640455088 ], [ -46.140465436631658, -23.815411844222208 ], [ -46.140786498275489, -23.81523124704756 ], [ -46.141181136546038, -23.815010517167423 ], [ -46.142010545792623, -23.814702833092078 ], [ -46.142706179354263, -23.814522235917419 ], [ -46.143548966169334, -23.814328261174275 ], [ -46.14384996146039, -23.814308194821525 ], [ -46.144105807457827, -23.814308194821525 ], [ -46.144217008495922, -23.814313211409718 ], [ -46.144333226122214, -23.81432742507624 ], [ -46.144405966650893, -23.814341638742761 ], [ -46.144462821316985, -23.814353344115194 ], [ -46.144594924805851, -23.814383443644303 ], [ -46.144667665334545, -23.814403509997035 ], [ -46.14469776486365, -23.81441772366356 ], [ -46.144825269813353, -23.814482939309972 ], [ -46.14486958300899, -23.814514292986129 ], [ -46.144933544508348, -23.814552753495551 ], [ -46.145005866988015, -23.814602501328377 ], [ -46.145070246536378, -23.814660192092511 ], [ -46.145178939280385, -23.814760523856211 ], [ -46.145230777358286, -23.814825739502616 ], [ -46.145251679809064, -23.814851658541567 ], [ -46.145295993004702, -23.814938612736775 ], [ -46.145320239847592, -23.815003828383169 ], [ -46.145356192062913, -23.815114193323243 ], [ -46.145378766709733, -23.81521118069481 ], [ -46.145393816474289, -23.815274724145159 ], [ -46.145403849650677, -23.815331578811254 ], [ -46.145424752101441, -23.815447796437535 ], [ -46.145416391121145, -23.815472879378465 ], [ -46.145434785277821, -23.815610835553549 ], [ -46.14543394917979, -23.815850795688391 ], [ -46.145410538434916, -23.816215334429831 ], [ -46.145393816474318, -23.816438572604053 ], [ -46.145377094513691, -23.816663482974345 ], [ -46.145371241827476, -23.816834883070666 ], [ -46.145359536455047, -23.816992905598486 ], [ -46.14534281449442, -23.817156780812532 ], [ -46.145340306200332, -23.817242062811665 ], [ -46.14533445351411, -23.817306442360046 ], [ -46.145326928631853, -23.817417643398141 ], [ -46.145251679809071, -23.817951073941817 ], [ -46.145137970476853, -23.818412600054824 ], [ -46.145101182163494, -23.818536342563387 ], [ -46.14501924455648, -23.818839010050539 ], [ -46.144960717694332, -23.819006229656711 ], [ -46.144825269813339, -23.819432639652426 ], [ -46.14479349808817, -23.819538824102334 ], [ -46.144731626833888, -23.819757881786416 ], [ -46.144726610245705, -23.819780456433243 ], [ -46.144675608265814, -23.819989480940951 ], [ -46.144608720423349, -23.820262048898996 ], [ -46.144566915521807, -23.820504517327937 ], [ -46.144558554541497, -23.820584782738884 ], [ -46.144538488188765, -23.820847317520567 ], [ -46.144537652090733, -23.820924238539405 ], [ -46.144534725747626, -23.821067211302669 ], [ -46.144538488188765, -23.821196388448435 ], [ -46.144547685267106, -23.821331418280415 ], [ -46.144560226737568, -23.821411683691373 ], [ -46.144576112600141, -23.821550475964489 ], [ -46.144587399923573, -23.821605658434521 ], [ -46.144604539933191, -23.82169679311988 ], [ -46.144611228717437, -23.821726056550958 ], [ -46.144632758241727, -23.821814264893217 ], [ -46.144650943373897, -23.821888259568947 ], [ -46.144664948015908, -23.821935290083179 ], [ -46.144690867054869, -23.822009075734389 ], [ -46.144729327564292, -23.822100419444261 ], [ -46.144767579049201, -23.822155392889794 ], [ -46.144812310293851, -23.82221329267842 ], [ -46.144862267151197, -23.822264294658304 ], [ -46.144873972523627, -23.822273491736645 ], [ -46.144952356714015, -23.822337244211496 ], [ -46.144981202096069, -23.822359191784805 ], [ -46.145026142365218, -23.822393053755061 ], [ -46.145078398492146, -23.822427542798827 ], [ -46.145101809237012, -23.822439039146751 ], [ -46.145126474128922, -23.82245095354369 ], [ -46.145138179501366, -23.822456806229894 ], [ -46.145149884873803, -23.82246265891612 ], [ -46.145215936618229, -23.822499029180456 ], [ -46.145234330774912, -23.8225084352833 ], [ -46.145288468122402, -23.822532264077182 ], [ -46.145306026181039, -23.822539579934951 ], [ -46.14535974547951, -23.822560691410235 ], [ -46.145376885489135, -23.82256654409645 ], [ -46.14540593989571, -23.822575741174791 ], [ -46.145441683086531, -23.822587237522711 ], [ -46.145487668478218, -23.822599151919654 ], [ -46.145507316781959, -23.822603123385296 ], [ -46.145567306815664, -23.822614201684207 ], [ -46.145605558300574, -23.822617964125349 ], [ -46.145672446143053, -23.822622144615501 ], [ -46.1457443505737, -23.822625489007624 ], [ -46.145778630592979, -23.822622144615504 ], [ -46.145844682337405, -23.822619636321413 ], [ -46.145888995533035, -23.822612111439138 ], [ -46.145932472630648, -23.822606258752916 ], [ -46.145963408257785, -23.822600406066705 ], [ -46.145999360473105, -23.822589536792304 ], [ -46.146068756609658, -23.822569470439561 ], [ -46.146117250295447, -23.822549404086825 ], [ -46.146221762549303, -23.822508435283314 ], [ -46.146251862078415, -23.822493385518765 ], [ -46.146287814293743, -23.822477499656173 ], [ -46.146363063116517, -23.822440711342821 ], [ -46.146398179233806, -23.822420644990082 ], [ -46.146468411468405, -23.822378840088547 ], [ -46.146520249546313, -23.822344560069279 ], [ -46.146585465192715, -23.82229941077561 ], [ -46.146658205721401, -23.822246736599666 ], [ -46.146705863309151, -23.822210784384342 ], [ -46.146751012602813, -23.822175668267043 ], [ -46.146831278013785, -23.822110452620642 ], [ -46.146864721935017, -23.822071992111223 ], [ -46.147096321089549, -23.821848753936987 ], [ -46.147223407990232, -23.82171832264418 ], [ -46.147443301772341, -23.821482856536235 ], [ -46.147455320681537, -23.821469792504505 ], [ -46.147464413247619, -23.821459968352649 ], [ -46.147501933146764, -23.821421298818716 ], [ -46.147533077798407, -23.821393289534683 ], [ -46.147569448062754, -23.821359009515426 ], [ -46.147585124900822, -23.821344168775383 ], [ -46.147602578447227, -23.821327969376032 ], [ -46.147612089062328, -23.82131908583446 ], [ -46.147624316996023, -23.821307380462024 ], [ -46.147645010422288, -23.821288150207309 ], [ -46.147655670672187, -23.82127769898192 ], [ -46.147660896284869, -23.821272891418243 ], [ -46.147674796414641, -23.821260767996804 ], [ -46.14768827849538, -23.821249167136621 ], [ -46.147708031311353, -23.821232131639242 ], [ -46.147724857784233, -23.821217290899195 ], [ -46.147734368399327, -23.821209034431149 ], [ -46.14774481962472, -23.821199941865054 ], [ -46.147752449019258, -23.821193253080811 ], [ -46.147755270850112, -23.821190431249953 ], [ -46.147765513050985, -23.82118050258584 ], [ -46.147776277813136, -23.821170260384964 ], [ -46.14778725159978, -23.821159495622819 ], [ -46.147796448678122, -23.82115082110575 ], [ -46.147803346486874, -23.821144132321503 ], [ -46.147812439052956, -23.821135562316684 ], [ -46.147816515030875, -23.821131590851042 ], [ -46.147826757231741, -23.82112082608889 ], [ -46.147837940042912, -23.82110964327773 ], [ -46.147849331878575, -23.82109804241755 ], [ -46.147856856760853, -23.821090203998509 ], [ -46.147866785424981, -23.821080797895672 ], [ -46.147884657020391, -23.821063971422795 ], [ -46.147902789896435, -23.82104683141317 ], [ -46.147909896729701, -23.82103988134828 ], [ -46.147915749415922, -23.821034394454959 ], [ -46.147929179240528, -23.821021447999495 ], [ -46.147931164973343, -23.821019514522799 ], [ -46.147933372794704, -23.821017424277724 ], [ -46.147935724320419, -23.821015098880078 ], [ -46.147938310998711, -23.821012655906145 ], [ -46.147940767036665, -23.821010278252377 ], [ -46.147943967724437, -23.821007247397016 ], [ -46.147946567466754, -23.821004739102914 ], [ -46.14794808289443, -23.821003288995392 ], [ -46.147950277651773, -23.821001198750327 ], [ -46.147952041296051, -23.82099947429813 ], [ -46.147953373827285, -23.820998180958988 ], [ -46.147954157669183, -23.820997475501276 ], [ -46.14795596050557, -23.820995737985061 ], [ -46.147957554317436, -23.820994118045125 ], [ -46.147960428404424, -23.820990956549448 ], [ -46.1479658107855, -23.820985208375486 ], [ -46.147969782251131, -23.820980871116955 ], [ -46.147973675332601, -23.820976612242607 ], [ -46.147976079114443, -23.820974103948512 ], [ -46.147978979329487, -23.820970942452831 ], [ -46.147981879544531, -23.820967807085221 ], [ -46.147985250064714, -23.820964227540525 ], [ -46.147987497078176, -23.820961666990303 ], [ -46.147989665707449, -23.820959446104911 ], [ -46.147993715557291, -23.82095503046218 ], [ -46.147997765407133, -23.820950640947522 ], [ -46.148002128793728, -23.820945990152225 ], [ -46.148005969619057, -23.82094222771109 ], [ -46.148008895962171, -23.820939275239915 ], [ -46.148015009929011, -23.820933056760811 ], [ -46.148021280664246, -23.82092689053783 ], [ -46.148028962314903, -23.820919208887169 ], [ -46.148033247317322, -23.820914871628634 ], [ -46.148039518052549, -23.820908862174036 ], [ -46.148044952689752, -23.820903375280714 ], [ -46.14805059635146, -23.820897888387385 ], [ -46.148054620073225, -23.82089396917786 ], [ -46.148060890808445, -23.820887750698766 ], [ -46.148065437091489, -23.820883282799915 ], [ -46.148069591453577, -23.820879154565887 ], [ -46.148070767216439, -23.820878057187226 ], [ -46.148078239842583, -23.820870662945264 ], [ -46.14808471960233, -23.82086298129461 ], [ -46.148098462963709, -23.820847356712651 ], [ -46.148111004434178, -23.820832724997107 ], [ -46.148126472247739, -23.820818929379602 ], [ -46.148141731036809, -23.820804924737583 ], [ -46.148164514708142, -23.820785485458362 ], [ -46.148174965933542, -23.820775661306513 ], [ -46.148186880330471, -23.820765001056618 ], [ -46.148196077408798, -23.820755176904758 ], [ -46.148206528634184, -23.820744934703878 ], [ -46.148223041570304, -23.820727376645234 ], [ -46.148245198168119, -23.820704383949383 ], [ -46.148260665981681, -23.820688080037783 ], [ -46.148271953305098, -23.820678255885927 ], [ -46.14828616697163, -23.82066487831743 ], [ -46.148297454295047, -23.820654009043025 ], [ -46.148306024299863, -23.820643975866655 ], [ -46.148320237966381, -23.820628090004067 ], [ -46.148329853093728, -23.820619101950243 ], [ -46.148341558466164, -23.820607396577813 ], [ -46.148354099936633, -23.820595273156361 ], [ -46.148367477505118, -23.820581895587868 ], [ -46.148374375313871, -23.820574579730103 ], [ -46.148385662637288, -23.820564128504714 ], [ -46.14840133947537, -23.820545525323528 ], [ -46.1484101185047, -23.820534656049123 ], [ -46.148418270460503, -23.820525877019804 ], [ -46.148423705097699, -23.820518352137523 ], [ -46.148431857053495, -23.8205095731082 ], [ -46.148435201445615, -23.820505601642555 ], [ -46.148445652671008, -23.820494732368157 ], [ -46.14846279268064, -23.820476756260494 ], [ -46.148481604886335, -23.820456898932264 ], [ -46.148497072699904, -23.820440595020656 ], [ -46.148511704415441, -23.82042240988849 ], [ -46.148528217351554, -23.820402552560257 ], [ -46.148549746875851, -23.820377260594825 ], [ -46.148566259811957, -23.820355940095045 ], [ -46.148576502012837, -23.820345697894162 ], [ -46.14858987958133, -23.820330648129616 ], [ -46.148598031537119, -23.820322078124796 ], [ -46.148618097889873, -23.820299294453459 ], [ -46.148634192776974, -23.820278392002688 ], [ -46.148656349374789, -23.820248710522584 ], [ -46.148675161580485, -23.820226135875753 ], [ -46.14870066257042, -23.820198544640736 ], [ -46.148720310874147, -23.820177224140949 ], [ -46.148736196736735, -23.82015381339609 ], [ -46.148757099187499, -23.820127476308123 ], [ -46.148803920677217, -23.820074802132176 ], [ -46.148829839716171, -23.82003634162276 ], [ -46.14885074216695, -23.820011258681841 ], [ -46.148893383166509, -23.819950223525581 ], [ -46.148942712950337, -23.819886680075239 ], [ -46.148987862243999, -23.819815611742619 ], [ -46.149025904704416, -23.819766281958806 ], [ -46.149048479351244, -23.819736182429697 ], [ -46.149055586184517, -23.819725731204318 ], [ -46.1490635291158, -23.819712353635822 ], [ -46.149093628644906, -23.819667622391165 ], [ -46.149115367193716, -23.819636686764031 ], [ -46.149151319409043, -23.819581922343012 ], [ -46.149162188683441, -23.819565200382396 ], [ -46.14917431210489, -23.81954680622572 ], [ -46.149192288212546, -23.819520469137753 ], [ -46.149204411634003, -23.819499984735991 ], [ -46.149221133594608, -23.819469885206885 ], [ -46.149245798486525, -23.819423899815188 ], [ -46.149262520447138, -23.819396726629186 ], [ -46.149290111682156, -23.819354921727648 ], [ -46.14931310437801, -23.819316879267252 ], [ -46.149323137554376, -23.819295976816477 ], [ -46.149346966348261, -23.819249573375764 ], [ -46.149363688308881, -23.819213621160429 ], [ -46.149373303436235, -23.81919689919982 ], [ -46.149392951739962, -23.819165963572679 ], [ -46.149405911259429, -23.819144643072889 ], [ -46.149447716160978, -23.819077337181415 ], [ -46.149481578131223, -23.81902215471138 ], [ -46.149495373748728, -23.818992891280303 ], [ -46.149521292787682, -23.818939381006334 ], [ -46.149548047924668, -23.818884616585311 ], [ -46.149579401600832, -23.818824835576113 ], [ -46.149620370404335, -23.818751676998414 ], [ -46.149641272855106, -23.818707781851796 ], [ -46.149672208482251, -23.81864465645047 ], [ -46.149715267530837, -23.818558538353297 ], [ -46.149759998775487, -23.81846280512876 ], [ -46.149778392932177, -23.818427689011468 ], [ -46.149798041235883, -23.818393827041227 ], [ -46.149832321255147, -23.818329447492857 ], [ -46.149904225685802, -23.818204868886252 ], [ -46.149974875969406, -23.818086561014891 ], [ -46.150002467204423, -23.818050190750554 ], [ -46.150066428703781, -23.817966998996489 ], [ -46.150163416075358, -23.817841166242847 ], [ -46.150265001986099, -23.817729547155739 ], [ -46.150368678141923, -23.817616673921574 ], [ -46.150468591856601, -23.817508399226579 ], [ -46.150588571924025, -23.817403468923722 ], [ -46.150689321736728, -23.81731651472851 ], [ -46.150835220843113, -23.817226216141179 ], [ -46.150965652135923, -23.817145114632183 ], [ -46.151081033664184, -23.817074464348575 ], [ -46.151220662035321, -23.81703265944704 ], [ -46.151333953318499, -23.816999215525804 ], [ -46.15144766265071, -23.816964517457524 ], [ -46.151530018306737, -23.816940270614641 ], [ -46.151594815904126, -23.816939434516598 ], [ -46.151701836452069, -23.81693692622251 ], [ -46.151817636029335, -23.816935254026451 ], [ -46.151906680469615, -23.816933999879407 ], [ -46.151986945880587, -23.81694695939888 ], [ -46.152072227879728, -23.816961591114424 ], [ -46.152156673780837, -23.816975386731926 ], [ -46.15223108650558, -23.81698792820238 ], [ -46.152274563603179, -23.817009248702167 ], [ -46.152375313415888, -23.817057324338943 ], [ -46.152487350552022, -23.81711167071094 ], [ -46.15252831935554, -23.817152221465442 ], [ -46.152620290138934, -23.817241683954741 ], [ -46.152725220441809, -23.817345360110554 ], [ -46.152897038587113, -23.817573614872988 ], [ -46.152975631802015, -23.817682307616995 ], [ -46.153004059135064, -23.817716587636248 ], [ -46.153095193820427, -23.817833641360565 ], [ -46.153226461211261, -23.817998352672639 ], [ -46.153229805603381, -23.818017582927347 ], [ -46.153313415406465, -23.818188146925632 ], [ -46.153402041797733, -23.818275101120836 ], [ -46.15353247309055, -23.818374596786501 ], [ -46.153628624364089, -23.818475764648227 ], [ -46.153653707305018, -23.818514225157642 ], [ -46.153682134638068, -23.818567735431625 ], [ -46.1537022009908, -23.818585293490269 ], [ -46.15375821955886, -23.818714052587012 ], [ -46.153803368852522, -23.818821073134966 ], [ -46.153828451793458, -23.818936454663213 ], [ -46.153849354244244, -23.818982440054913 ], [ -46.153906208910342, -23.819127921112276 ], [ -46.153970588458705, -23.819290124130251 ], [ -46.154004032379937, -23.81938293101167 ], [ -46.154024934830716, -23.819443966167917 ], [ -46.154097675359388, -23.819627907734706 ], [ -46.154129447084564, -23.819734928282656 ], [ -46.154146169045177, -23.819781749772378 ], [ -46.154190482240821, -23.82001669331904 ], [ -46.154209712495536, -23.820136255337442 ], [ -46.154227270554188, -23.820265014434188 ], [ -46.154228942750251, -23.820294277865269 ], [ -46.154242320318737, -23.820395445726998 ], [ -46.154249009102976, -23.820514171647378 ], [ -46.154252353495096, -23.820556812646942 ], [ -46.154257370083272, -23.820688916135811 ], [ -46.154262386671462, -23.820764164958586 ], [ -46.154265731063582, -23.820810986448315 ], [ -46.154274092043892, -23.820948942623399 ], [ -46.154289141808448, -23.821185558366111 ], [ -46.154292486200575, -23.821283381835727 ], [ -46.154306699867114, -23.821433043383237 ], [ -46.15431673304348, -23.821703939145234 ], [ -46.154344324278483, -23.82188537241791 ], [ -46.154348504768635, -23.821989884671765 ], [ -46.154366062827279, -23.822098577415773 ], [ -46.154373587709557, -23.8222565999436 ], [ -46.154389473572152, -23.8223519151191 ], [ -46.154402015042614, -23.822422147353695 ], [ -46.15440703163079, -23.822503248862692 ], [ -46.154423753591409, -23.822589366959868 ], [ -46.154432950669744, -23.822707256782213 ], [ -46.154458033610673, -23.82283099929078 ], [ -46.154477263865388, -23.823003235485114 ], [ -46.154491477531913, -23.823066778935463 ], [ -46.154501510708272, -23.823111928229125 ], [ -46.15451739657086, -23.823179652169621 ], [ -46.154520740963008, -23.823208915600702 ], [ -46.154536626825582, -23.823318444442741 ], [ -46.15455251268817, -23.823386168383241 ], [ -46.154570488795834, -23.823511583087861 ], [ -46.154593899540693, -23.823600209479128 ], [ -46.154596407834795, -23.823615259243685 ], [ -46.154621490775696, -23.823723951987684 ], [ -46.154635704442214, -23.823785823241966 ], [ -46.154661623481168, -23.823914582338713 ], [ -46.154678345441795, -23.823982306279213 ], [ -46.154697575696503, -23.824076785356702 ], [ -46.154734364009862, -23.824201363963287 ], [ -46.154756102558665, -23.824301695726984 ], [ -46.154771152323228, -23.824365239177325 ], [ -46.154884861655411, -23.824788304780927 ], [ -46.154953421693946, -23.824983951720132 ], [ -46.154985193419122, -23.825092644464139 ], [ -46.155062114437953, -23.825356851441882 ], [ -46.155127330084362, -23.825550826185033 ], [ -46.155229334044094, -23.825816705358825 ], [ -46.155352240454619, -23.826117700649924 ], [ -46.155583003511133, -23.826545364792686 ], [ -46.155667484148729, -23.826642616152256 ], [ -46.155680292824989, -23.82665708242191 ], [ -46.155693754492596, -23.826672201682914 ], [ -46.155713595383276, -23.82669470476905 ], [ -46.155729317405509, -23.826712435995407 ], [ -46.15574699840176, -23.826721326723632 ], [ -46.155764478477593, -23.826730267681967 ], [ -46.155790648361254, -23.826743528429152 ], [ -46.155820786423035, -23.826758898840662 ], [ -46.15584665492608, -23.82677195866744 ], [ -46.155870212844377, -23.826783863201843 ], [ -46.155896181807627, -23.826797123949031 ], [ -46.155921045708595, -23.826809731704884 ], [ -46.155948069504007, -23.826823444522994 ], [ -46.155995687641635, -23.826829773515968 ], [ -46.156025624783027, -23.82683369146401 ], [ -46.156055662384603, -23.826837609412035 ], [ -46.156083339171353, -23.82684117574934 ], [ -46.156132363751865, -23.826847605202531 ], [ -46.156165465389748, -23.826851924991384 ], [ -46.156241061694736, -23.826861820321668 ], [ -46.156287072469077, -23.826863729065593 ], [ -46.15633629797, -23.826865637809505 ], [ -46.156401195263051, -23.826868249774858 ], [ -46.156486787358538, -23.826871665421859 ], [ -46.156559621007865, -23.826874478307623 ], [ -46.156642299757387, -23.82687799441484 ], [ -46.156713827424042, -23.826880807300604 ], [ -46.156809465540128, -23.826884624788434 ], [ -46.157022463152451, -23.826893163905929 ], [ -46.157155098878754, -23.826923703808554 ], [ -46.157170745555852, -23.826927345491008 ], [ -46.157186542923235, -23.82693096205842 ], [ -46.157202315175567, -23.826934628855948 ], [ -46.15721635448935, -23.826937868697591 ], [ -46.157228469362302, -23.826940618795735 ], [ -46.157235325771367, -23.826942213601498 ], [ -46.157240750622478, -23.826943456796556 ], [ -46.157247280535863, -23.826944963699642 ], [ -46.157253509068646, -23.826946407815104 ], [ -46.157265752656237, -23.826949220700858 ], [ -46.157300235621932, -23.826957207287236 ], [ -46.157367744880354, -23.826972678158967 ], [ -46.157702805090253, -23.827050541375428 ], [ -46.157711137706222, -23.827052494768335 ], [ -46.157724699834027, -23.827055636940319 ], [ -46.157729767493308, -23.827056909436255 ], [ -46.15773161484487, -23.827057545684234 ], [ -46.157734025889809, -23.827058371690374 ], [ -46.15774351379816, -23.827061854310848 ], [ -46.157754341175902, -23.827065761096637 ], [ -46.157765748990407, -23.827069935776304 ], [ -46.15777666566612, -23.827073864886586 ], [ -46.15778965851942, -23.827078575354019 ], [ -46.157800173354318, -23.82708237051736 ], [ -46.157811871387189, -23.827086656819478 ], [ -46.157823413148634, -23.82709080917466 ], [ -46.157840022569353, -23.827096859111503 ], [ -46.157852747528779, -23.827101457956498 ], [ -46.157863217714691, -23.827105275444318 ], [ -46.157873531629164, -23.827108981309696 ], [ -46.157887908600856, -23.827114249889391 ], [ -46.157900834480699, -23.827118893383357 ], [ -46.157915613293227, -23.8271242735855 ], [ -46.157926105803625, -23.827128024099846 ], [ -46.157939187954895, -23.827132779216264 ], [ -46.157951488748999, -23.827137266438797 ], [ -46.157965955018661, -23.827142512693992 ], [ -46.157982497465909, -23.827148517981865 ], [ -46.157995914484538, -23.827153362396238 ], [ -46.158008974311308, -23.827158117512653 ], [ -46.158023016415648, -23.827163207496429 ], [ -46.158038018473079, -23.827168654672036 ], [ -46.158051122948834, -23.827173387463965 ], [ -46.158069808547147, -23.827180174108989 ], [ -46.158073090247207, -23.827181357306969 ], [ -46.158082310261669, -23.827184705980507 ], [ -46.158090012210785, -23.827187518866271 ], [ -46.158100906562019, -23.82719142565206 ], [ -46.158111599992836, -23.827195332437842 ], [ -46.15812135579506, -23.827198859707298 ], [ -46.158129995372775, -23.827201985135929 ], [ -46.158139728850507, -23.827205534729881 ], [ -46.158149953467024, -23.82720921827076 ], [ -46.158157610767176, -23.827212031156531 ], [ -46.158164397412186, -23.827214486850458 ], [ -46.158172836069497, -23.827217545305604 ], [ -46.15818105148189, -23.827220514462812 ], [ -46.158193419249478, -23.827225001685349 ], [ -46.158201456065946, -23.827227903869076 ], [ -46.158209693802839, -23.827230873026274 ], [ -46.158219427280564, -23.827234422620219 ], [ -46.158267782126373, -23.827251969669526 ], [ -46.158313413384363, -23.827268489792289 ], [ -46.158353061678994, -23.827282866763991 ], [ -46.158405390284059, -23.827301887229648 ], [ -46.158447628219541, -23.827317157180961 ], [ -46.1585063639533, -23.827338454744623 ], [ -46.158521187414813, -23.827343812622271 ], [ -46.158548244696945, -23.827353724695918 ], [ -46.158586910714007, -23.827367744475779 ], [ -46.158627273392312, -23.82738238934137 ], [ -46.158662188895022, -23.827395069651807 ], [ -46.158695229140527, -23.82740703557856 ], [ -46.158727733598276, -23.827418822909394 ], [ -46.158760863141751, -23.827430967432075 ], [ -46.158791938832159, -23.827442040379228 ], [ -46.158821139265349, -23.82745275613452 ], [ -46.158852482849603, -23.827464007677595 ], [ -46.15887587891536, -23.827472490983876 ], [ -46.158936958720581, -23.827494726176127 ], [ -46.15896231934147, -23.827504013164052 ], [ -46.158971517031432, -23.82750713859269 ], [ -46.158989198027683, -23.827513568045877 ], [ -46.15900929006888, -23.827520890478652 ], [ -46.159042508910332, -23.827532945703382 ], [ -46.159081264225328, -23.827546965483226 ], [ -46.159113322193292, -23.827558574218141 ], [ -46.159147166120448, -23.827570897336745 ], [ -46.159187350202842, -23.827585452904362 ], [ -46.159226194815815, -23.827599561982183 ], [ -46.159266557494121, -23.827614206847763 ], [ -46.159315849968522, -23.827631977141969 ], [ -46.159347907936471, -23.827643675174841 ], [ -46.1593863953576, -23.827657694954699 ], [ -46.159430240656384, -23.827673589991729 ], [ -46.159483551539019, -23.827693503437008 ], [ -46.159507126200687, -23.827706987429099 ], [ -46.159531861735857, -23.827721185804869 ], [ -46.159575796332597, -23.827746367829832 ], [ -46.15961955233341, -23.827771460556839 ], [ -46.159675542154879, -23.827803697120704 ], [ -46.159807041948348, -23.827879108551013 ], [ -46.159807111886785, -23.827879149014151 ], [ -46.159807175720871, -23.827879185465861 ], [ -46.15980727286729, -23.827879241451491 ], [ -46.159807343852187, -23.827879281914637 ], [ -46.159807409255961, -23.827879319412794 ], [ -46.159807472741228, -23.82787935603892 ], [ -46.159807544598188, -23.827879397199698 ], [ -46.159807643837524, -23.827879454406201 ], [ -46.159807732437841, -23.827879505159526 ], [ -46.159807793132551, -23.827879539867137 ], [ -46.159807859757201, -23.827879578062948 ], [ -46.159807951845721, -23.827879631083608 ], [ -46.159808019516831, -23.827879669802648 ], [ -46.15980808387414, -23.82787970660317 ], [ -46.159808172125651, -23.827879757705333 ], [ -46.159808245552306, -23.827879799563746 ], [ -46.159808374092528, -23.827879873775242 ], [ -46.159808515364688, -23.827879954701519 ], [ -46.159808679310167, -23.827880048534134 ], [ -46.159808819187035, -23.827880129111591 ], [ -46.15980899499241, -23.827880230269447 ], [ -46.159809141148052, -23.827880313986288 ], [ -46.159809290791898, -23.827880399447224 ], [ -46.159809454039738, -23.827880493279853 ], [ -46.15980960786942, -23.827880581880166 ], [ -46.159809769024335, -23.827880674317512 ], [ -46.159809968200662, -23.827880788730514 ], [ -46.159810123076802, -23.827880877679657 ], [ -46.159810268185993, -23.827880960698863 ], [ -46.159810410504626, -23.827881042322769 ], [ -46.159810571310715, -23.827881134411292 ], [ -46.15981064665587, -23.827881177839405 ], [ -46.159810719384879, -23.827881219697822 ], [ -46.159810809903711, -23.827881271497613 ], [ -46.159810904957183, -23.827881326436799 ], [ -46.159810972628314, -23.827881364981419 ], [ -46.159811063670361, -23.827881417478853 ], [ -46.159811155758895, -23.827881470499513 ], [ -46.159811223953227, -23.827881509392963 ], [ -46.159811307321249, -23.827881557181328 ], [ -46.159811470133064, -23.827881650708726 ], [ -46.15981149284999, -23.827881663789487 ], [ -46.159811515000058, -23.827881676477819 ], [ -46.159811537237339, -23.827881689253356 ], [ -46.159811567366681, -23.827881706563559 ], [ -46.159811590258016, -23.827881719644317 ], [ -46.159811636040651, -23.827881745980239 ], [ -46.159811681474473, -23.827881772141751 ], [ -46.159811728652414, -23.827881799000906 ], [ -46.159811804695217, -23.827881842777831 ], [ -46.159811929224013, -23.827881914285964 ], [ -46.159812129130657, -23.827882028993283 ], [ -46.159812140113026, -23.827882035337449 ], [ -46.159812154196658, -23.827882043360315 ], [ -46.159812188664439, -23.827882063177643 ], [ -46.159812215807001, -23.827882078700156 ], [ -46.159812329347972, -23.827882143929518 ], [ -46.159812673284648, -23.827882341187319 ], [ -46.159813428131471, -23.827882773724316 ], [ -46.159815097497535, -23.827883732979764 ], [ -46.159815291179925, -23.827883844144392 ], [ -46.159815379475027, -23.827883894843232 ], [ -46.159815390201253, -23.827883900947587 ], [ -46.159815437575396, -23.827883928155554 ], [ -46.159815466614667, -23.827883944877126 ], [ -46.159815524082788, -23.827883977753423 ], [ -46.159815738955999, -23.827884100886944 ], [ -46.15981652667913, -23.827884553350291 ], [ -46.159816551456274, -23.827884567586519 ], [ -46.159816599184666, -23.827884594974361 ], [ -46.159816653840444, -23.827884626346368 ], [ -46.159816745376439, -23.827884678889465 ], [ -46.159888378692386, -23.827926365108375 ], [ -46.1601632, -23.82808637 ], [ -46.160260106723321, -23.828133830453613 ], [ -46.16040176, -23.82819885 ], [ -46.16066910498806, -23.828305317420462 ], [ -46.160706580425071, -23.828306312827408 ], [ -46.160931328170086, -23.828322149902796 ], [ -46.161092142915408, -23.828279387525068 ], [ -46.161160634451392, -23.828261126092084 ], [ -46.161161918109578, -23.828261539095156 ] ] ] ] } },
{ "type": "Feature", "properties": { "id_unidade": "1368599", "nome_unidade": "Área de Proteção Ambiental Marinha Litoral Centro", "tipo_unidade": "Unidade de Conservação", "categoria_unidade": "Área de Proteção Ambiental", "orgao_gestor": "Fundação Para Conservação e a Produção Florestal do Estado de São Paulo", "zona_geografica": "Zona para Usos de Baixa Escala", "descricao_unidade": "Zoneamento (polígonos) do Plano de Manejo da Área de Proteção Ambiental Marinha Litoral Centro (aprovado pelo Decreto nº 65.544, em 02 de março de 2021).", "gid": 38 }, "geometry": { "type": "MultiPolygon", "coordinates": [ [ [ [ -46.155667427051206, -23.826642562635612 ], [ -46.155583003511133, -23.826545364792686 ], [ -46.155352240454619, -23.826117700649924 ], [ -46.155229334044094, -23.825816705358825 ], [ -46.155127330084362, -23.825550826185033 ], [ -46.155062114437953, -23.825356851441882 ], [ -46.154985193419122, -23.825092644464139 ], [ -46.154953421693946, -23.824983951720132 ], [ -46.154884861655411, -23.824788304780927 ], [ -46.154771152323228, -23.824365239177325 ], [ -46.154756102558665, -23.824301695726984 ], [ -46.154734364009862, -23.824201363963287 ], [ -46.154697575696503, -23.824076785356702 ], [ -46.154678345441795, -23.823982306279213 ], [ -46.154661623481168, -23.823914582338713 ], [ -46.154635704442214, -23.823785823241966 ], [ -46.154621490775696, -23.823723951987684 ], [ -46.154596407834795, -23.823615259243685 ], [ -46.154593899540693, -23.823600209479128 ], [ -46.154570488795834, -23.823511583087861 ], [ -46.15455251268817, -23.823386168383241 ], [ -46.154536626825582, -23.823318444442741 ], [ -46.154520740963008, -23.823208915600702 ], [ -46.15451739657086, -23.823179652169621 ], [ -46.154501510708272, -23.823111928229125 ], [ -46.154491477531913, -23.823066778935463 ], [ -46.154477263865388, -23.823003235485114 ], [ -46.154458033610673, -23.82283099929078 ], [ -46.154432950669744, -23.822707256782213 ], [ -46.154423753591409, -23.822589366959868 ], [ -46.15440703163079, -23.822503248862692 ], [ -46.154402015042614, -23.822422147353695 ], [ -46.154389473572152, -23.8223519151191 ], [ -46.154373587709557, -23.8222565999436 ], [ -46.154366062827279, -23.822098577415773 ], [ -46.154348504768635, -23.821989884671765 ], [ -46.154344324278483, -23.82188537241791 ], [ -46.15431673304348, -23.821703939145234 ], [ -46.154306699867114, -23.821433043383237 ], [ -46.154292486200575, -23.821283381835727 ], [ -46.154289141808448, -23.821185558366111 ], [ -46.154274092043892, -23.820948942623399 ], [ -46.154265731063582, -23.820810986448315 ], [ -46.154262386671462, -23.820764164958586 ], [ -46.154257370083272, -23.820688916135811 ], [ -46.154252353495096, -23.820556812646942 ], [ -46.154249009102976, -23.820514171647378 ], [ -46.154242320318737, -23.820395445726998 ], [ -46.154228942750251, -23.820294277865269 ], [ -46.154227270554188, -23.820265014434188 ], [ -46.154209712495536, -23.820136255337442 ], [ -46.154190482240821, -23.82001669331904 ], [ -46.154146169045177, -23.819781749772378 ], [ -46.154129447084564, -23.819734928282656 ], [ -46.154097675359388, -23.819627907734706 ], [ -46.154024934830716, -23.819443966167917 ], [ -46.154004032379937, -23.81938293101167 ], [ -46.153970588458705, -23.819290124130251 ], [ -46.153906208910342, -23.819127921112276 ], [ -46.153849354244244, -23.818982440054913 ], [ -46.153828451793458, -23.818936454663213 ], [ -46.153803368852522, -23.818821073134966 ], [ -46.15375821955886, -23.818714052587012 ], [ -46.1537022009908, -23.818585293490269 ], [ -46.153682134638068, -23.818567735431625 ], [ -46.153653707305018, -23.818514225157642 ], [ -46.153628624364089, -23.818475764648227 ], [ -46.15353247309055, -23.818374596786501 ], [ -46.153402041797733, -23.818275101120836 ], [ -46.153313415406465, -23.818188146925632 ], [ -46.153229805603381, -23.818017582927347 ], [ -46.153226461211261, -23.817998352672639 ], [ -46.153095193820427, -23.817833641360565 ], [ -46.153004059135064, -23.817716587636248 ], [ -46.152975631802015, -23.817682307616995 ], [ -46.152897038587113, -23.817573614872988 ], [ -46.152725220441809, -23.817345360110554 ], [ -46.152620290138934, -23.817241683954741 ], [ -46.15252831935554, -23.817152221465442 ], [ -46.152487350552022, -23.81711167071094 ], [ -46.152375313415888, -23.817057324338943 ], [ -46.152274563603179, -23.817009248702167 ], [ -46.15223108650558, -23.81698792820238 ], [ -46.152156673780837, -23.816975386731926 ], [ -46.152072227879728, -23.816961591114424 ], [ -46.151986945880587, -23.81694695939888 ], [ -46.151906680469615, -23.816933999879407 ], [ -46.151817636029335, -23.816935254026451 ], [ -46.151701836452069, -23.81693692622251 ], [ -46.151594815904126, -23.816939434516598 ], [ -46.151530018306737, -23.816940270614641 ], [ -46.15144766265071, -23.816964517457524 ], [ -46.151333953318499, -23.816999215525804 ], [ -46.151220662035321, -23.81703265944704 ], [ -46.151081033664184, -23.817074464348575 ], [ -46.150965652135923, -23.817145114632183 ], [ -46.150835220843113, -23.817226216141179 ], [ -46.150689321736728, -23.81731651472851 ], [ -46.150588571924025, -23.817403468923722 ], [ -46.150468591856601, -23.817508399226579 ], [ -46.150368678141923, -23.817616673921574 ], [ -46.150265001986099, -23.817729547155739 ], [ -46.150163416075358, -23.817841166242847 ], [ -46.150066428703781, -23.817966998996489 ], [ -46.150002467204423, -23.818050190750554 ], [ -46.149974875969406, -23.818086561014891 ], [ -46.149904225685802, -23.818204868886252 ], [ -46.149832321255147, -23.818329447492857 ], [ -46.149798041235883, -23.818393827041227 ], [ -46.149778392932177, -23.818427689011468 ], [ -46.149759998775487, -23.81846280512876 ], [ -46.149715267530837, -23.818558538353297 ], [ -46.149672208482251, -23.81864465645047 ], [ -46.149641272855106, -23.818707781851796 ], [ -46.149620370404335, -23.818751676998414 ], [ -46.149579401600832, -23.818824835576113 ], [ -46.149548047924668, -23.818884616585311 ], [ -46.149521292787682, -23.818939381006334 ], [ -46.149495373748728, -23.818992891280303 ], [ -46.149481578131223, -23.81902215471138 ], [ -46.149447716160978, -23.819077337181415 ], [ -46.149405911259429, -23.819144643072889 ], [ -46.149392951739962, -23.819165963572679 ], [ -46.149373303436235, -23.81919689919982 ], [ -46.149363688308881, -23.819213621160429 ], [ -46.149346966348261, -23.819249573375764 ], [ -46.149323137554376, -23.819295976816477 ], [ -46.14931310437801, -23.819316879267252 ], [ -46.149290111682156, -23.819354921727648 ], [ -46.149262520447138, -23.819396726629186 ], [ -46.149245798486525, -23.819423899815188 ], [ -46.149221133594608, -23.819469885206885 ], [ -46.149204411634003, -23.819499984735991 ], [ -46.149192288212546, -23.819520469137753 ], [ -46.14917431210489, -23.81954680622572 ], [ -46.149162188683441, -23.819565200382396 ], [ -46.149151319409043, -23.819581922343012 ], [ -46.149115367193716, -23.819636686764031 ], [ -46.149093628644906, -23.819667622391165 ], [ -46.1490635291158, -23.819712353635822 ], [ -46.149055586184517, -23.819725731204318 ], [ -46.149048479351244, -23.819736182429697 ], [ -46.149025904704416, -23.819766281958806 ], [ -46.148987862243999, -23.819815611742619 ], [ -46.148942712950337, -23.819886680075239 ], [ -46.148893383166509, -23.819950223525581 ], [ -46.14885074216695, -23.820011258681841 ], [ -46.148829839716171, -23.82003634162276 ], [ -46.148803920677217, -23.820074802132176 ], [ -46.148757099187499, -23.820127476308123 ], [ -46.148736196736735, -23.82015381339609 ], [ -46.148720310874147, -23.820177224140949 ], [ -46.14870066257042, -23.820198544640736 ], [ -46.148675161580485, -23.820226135875753 ], [ -46.148656349374789, -23.820248710522584 ], [ -46.148634192776974, -23.820278392002688 ], [ -46.148618097889873, -23.820299294453459 ], [ -46.148598031537119, -23.820322078124796 ], [ -46.14858987958133, -23.820330648129616 ], [ -46.148576502012837, -23.820345697894162 ], [ -46.148566259811957, -23.820355940095045 ], [ -46.148549746875851, -23.820377260594825 ], [ -46.148528217351554, -23.820402552560257 ], [ -46.148511704415441, -23.82042240988849 ], [ -46.148497072699904, -23.820440595020656 ], [ -46.148481604886335, -23.820456898932264 ], [ -46.14846279268064, -23.820476756260494 ], [ -46.148445652671008, -23.820494732368157 ], [ -46.148435201445615, -23.820505601642555 ], [ -46.148431857053495, -23.8205095731082 ], [ -46.148423705097699, -23.820518352137523 ], [ -46.148418270460503, -23.820525877019804 ], [ -46.1484101185047, -23.820534656049123 ], [ -46.14840133947537, -23.820545525323528 ], [ -46.148385662637288, -23.820564128504714 ], [ -46.148374375313871, -23.820574579730103 ], [ -46.148367477505118, -23.820581895587868 ], [ -46.148354099936633, -23.820595273156361 ], [ -46.148341558466164, -23.820607396577813 ], [ -46.148329853093728, -23.820619101950243 ], [ -46.148320237966381, -23.820628090004067 ], [ -46.148306024299863, -23.820643975866655 ], [ -46.148297454295047, -23.820654009043025 ], [ -46.14828616697163, -23.82066487831743 ], [ -46.148271953305098, -23.820678255885927 ], [ -46.148260665981681, -23.820688080037783 ], [ -46.148245198168119, -23.820704383949383 ], [ -46.148223041570304, -23.820727376645234 ], [ -46.148206528634184, -23.820744934703878 ], [ -46.148196077408798, -23.820755176904758 ], [ -46.148186880330471, -23.820765001056618 ], [ -46.148174965933542, -23.820775661306513 ], [ -46.148164514708142, -23.820785485458362 ], [ -46.148141731036809, -23.820804924737583 ], [ -46.148126472247739, -23.820818929379602 ], [ -46.148111004434178, -23.820832724997107 ], [ -46.148098462963709, -23.820847356712651 ], [ -46.14808471960233, -23.82086298129461 ], [ -46.148078239842583, -23.820870662945264 ], [ -46.148070767216439, -23.820878057187226 ], [ -46.148069591453577, -23.820879154565887 ], [ -46.148065437091489, -23.820883282799915 ], [ -46.148060890808445, -23.820887750698766 ], [ -46.148054620073225, -23.82089396917786 ], [ -46.14805059635146, -23.820897888387385 ], [ -46.148044952689752, -23.820903375280714 ], [ -46.148039518052549, -23.820908862174036 ], [ -46.148033247317322, -23.820914871628634 ], [ -46.148028962314903, -23.820919208887169 ], [ -46.148021280664246, -23.82092689053783 ], [ -46.148015009929011, -23.820933056760811 ], [ -46.148008895962171, -23.820939275239915 ], [ -46.148005969619057, -23.82094222771109 ], [ -46.148002128793728, -23.820945990152225 ], [ -46.147997765407133, -23.820950640947522 ], [ -46.147993715557291, -23.82095503046218 ], [ -46.147989665707449, -23.820959446104911 ], [ -46.147987497078176, -23.820961666990303 ], [ -46.147985250064714, -23.820964227540525 ], [ -46.147981879544531, -23.820967807085221 ], [ -46.147978979329487, -23.820970942452831 ], [ -46.147976079114443, -23.820974103948512 ], [ -46.147973675332601, -23.820976612242607 ], [ -46.147969782251131, -23.820980871116955 ], [ -46.1479658107855, -23.820985208375486 ], [ -46.147960428404424, -23.820990956549448 ], [ -46.147957554317436, -23.820994118045125 ], [ -46.14795596050557, -23.820995737985061 ], [ -46.147954157669183, -23.820997475501276 ], [ -46.147953373827285, -23.820998180958988 ], [ -46.147952041296051, -23.82099947429813 ], [ -46.147950277651773, -23.821001198750327 ], [ -46.14794808289443, -23.821003288995392 ], [ -46.147946567466754, -23.821004739102914 ], [ -46.147943967724437, -23.821007247397016 ], [ -46.147940767036665, -23.821010278252377 ], [ -46.147938310998711, -23.821012655906145 ], [ -46.147935724320419, -23.821015098880078 ], [ -46.147933372794704, -23.821017424277724 ], [ -46.147931164973343, -23.821019514522799 ], [ -46.147929179240528, -23.821021447999495 ], [ -46.147915749415922, -23.821034394454959 ], [ -46.147909896729701, -23.82103988134828 ], [ -46.147902789896435, -23.82104683141317 ], [ -46.147884657020391, -23.821063971422795 ], [ -46.147866785424981, -23.821080797895672 ], [ -46.147856856760853, -23.821090203998509 ], [ -46.147849331878575, -23.82109804241755 ], [ -46.147837940042912, -23.82110964327773 ], [ -46.147826757231741, -23.82112082608889 ], [ -46.147816515030875, -23.821131590851042 ], [ -46.147812439052956, -23.821135562316684 ], [ -46.147803346486874, -23.821144132321503 ], [ -46.147796448678122, -23.82115082110575 ], [ -46.14778725159978, -23.821159495622819 ], [ -46.147776277813136, -23.821170260384964 ], [ -46.147765513050985, -23.82118050258584 ], [ -46.147755270850112, -23.821190431249953 ], [ -46.147752449019258, -23.821193253080811 ], [ -46.14774481962472, -23.821199941865054 ], [ -46.147734368399327, -23.821209034431149 ], [ -46.147724857784233, -23.821217290899195 ], [ -46.147708031311353, -23.821232131639242 ], [ -46.14768827849538, -23.821249167136621 ], [ -46.147674796414641, -23.821260767996804 ], [ -46.147660896284869, -23.821272891418243 ], [ -46.147655670672187, -23.82127769898192 ], [ -46.147645010422288, -23.821288150207309 ], [ -46.147624316996023, -23.821307380462024 ], [ -46.147612089062328, -23.82131908583446 ], [ -46.147602578447227, -23.821327969376032 ], [ -46.147585124900822, -23.821344168775383 ], [ -46.147569448062754, -23.821359009515426 ], [ -46.147533077798407, -23.821393289534683 ], [ -46.147501933146764, -23.821421298818716 ], [ -46.147464413247619, -23.821459968352649 ], [ -46.147455320681537, -23.821469792504505 ], [ -46.147443301772341, -23.821482856536235 ], [ -46.147223407990232, -23.82171832264418 ], [ -46.147096321089549, -23.821848753936987 ], [ -46.146864721935017, -23.822071992111223 ], [ -46.146831278013785, -23.822110452620642 ], [ -46.146751012602813, -23.822175668267043 ], [ -46.146705863309151, -23.822210784384342 ], [ -46.146658205721401, -23.822246736599666 ], [ -46.146585465192715, -23.82229941077561 ], [ -46.146520249546313, -23.822344560069279 ], [ -46.146468411468405, -23.822378840088547 ], [ -46.146398179233806, -23.822420644990082 ], [ -46.146363063116517, -23.822440711342821 ], [ -46.146287814293743, -23.822477499656173 ], [ -46.146251862078415, -23.822493385518765 ], [ -46.146221762549303, -23.822508435283314 ], [ -46.146117250295447, -23.822549404086825 ], [ -46.146068756609658, -23.822569470439561 ], [ -46.145999360473105, -23.822589536792304 ], [ -46.145963408257785, -23.822600406066705 ], [ -46.145932472630648, -23.822606258752916 ], [ -46.145888995533035, -23.822612111439138 ], [ -46.145844682337405, -23.822619636321413 ], [ -46.145778630592979, -23.822622144615504 ], [ -46.1457443505737, -23.822625489007624 ], [ -46.145672446143053, -23.822622144615501 ], [ -46.145605558300574, -23.822617964125349 ], [ -46.145567306815664, -23.822614201684207 ], [ -46.145507316781959, -23.822603123385296 ], [ -46.145487668478218, -23.822599151919654 ], [ -46.145441683086531, -23.822587237522711 ], [ -46.14540593989571, -23.822575741174791 ], [ -46.145376885489135, -23.82256654409645 ], [ -46.14535974547951, -23.822560691410235 ], [ -46.145306026181039, -23.822539579934951 ], [ -46.145288468122402, -23.822532264077182 ], [ -46.145234330774912, -23.8225084352833 ], [ -46.145215936618229, -23.822499029180456 ], [ -46.145149884873803, -23.82246265891612 ], [ -46.145138179501366, -23.822456806229894 ], [ -46.145126474128922, -23.82245095354369 ], [ -46.145101809237012, -23.822439039146751 ], [ -46.145078398492146, -23.822427542798827 ], [ -46.145026142365218, -23.822393053755061 ], [ -46.144981202096069, -23.822359191784805 ], [ -46.144952356714015, -23.822337244211496 ], [ -46.144873972523627, -23.822273491736645 ], [ -46.144862267151197, -23.822264294658304 ], [ -46.144812310293851, -23.82221329267842 ], [ -46.144767579049201, -23.822155392889794 ], [ -46.144729327564292, -23.822100419444261 ], [ -46.144690867054869, -23.822009075734389 ], [ -46.144664948015908, -23.821935290083179 ], [ -46.144650943373897, -23.821888259568947 ], [ -46.144632758241727, -23.821814264893217 ], [ -46.144611228717437, -23.821726056550958 ], [ -46.144604539933191, -23.82169679311988 ], [ -46.144587399923573, -23.821605658434521 ], [ -46.144576112600141, -23.821550475964489 ], [ -46.144560226737568, -23.821411683691373 ], [ -46.144547685267106, -23.821331418280415 ], [ -46.144538488188765, -23.821196388448435 ], [ -46.144534725747626, -23.821067211302669 ], [ -46.144537652090733, -23.820924238539405 ], [ -46.144538488188765, -23.820847317520567 ], [ -46.144558554541497, -23.820584782738884 ], [ -46.144566915521807, -23.820504517327937 ], [ -46.144608720423349, -23.820262048898996 ], [ -46.144675608265814, -23.819989480940951 ], [ -46.144726610245705, -23.819780456433243 ], [ -46.144731626833888, -23.819757881786416 ], [ -46.14479349808817, -23.819538824102334 ], [ -46.144825269813339, -23.819432639652426 ], [ -46.144960717694332, -23.819006229656711 ], [ -46.14501924455648, -23.818839010050539 ], [ -46.145101182163494, -23.818536342563387 ], [ -46.145137970476853, -23.818412600054824 ], [ -46.145251679809071, -23.817951073941817 ], [ -46.145326928631853, -23.817417643398141 ], [ -46.14533445351411, -23.817306442360046 ], [ -46.145340306200332, -23.817242062811665 ], [ -46.14534281449442, -23.817156780812532 ], [ -46.145359536455047, -23.816992905598486 ], [ -46.145371241827476, -23.816834883070666 ], [ -46.145377094513691, -23.816663482974345 ], [ -46.145393816474318, -23.816438572604053 ], [ -46.145410538434916, -23.816215334429831 ], [ -46.14543394917979, -23.815850795688391 ], [ -46.145434785277821, -23.815610835553549 ], [ -46.145416391121145, -23.815472879378465 ], [ -46.145424752101441, -23.815447796437535 ], [ -46.145403849650677, -23.815331578811254 ], [ -46.145393816474289, -23.815274724145159 ], [ -46.145378766709733, -23.81521118069481 ], [ -46.145356192062913, -23.815114193323243 ], [ -46.145320239847592, -23.815003828383169 ], [ -46.145295993004702, -23.814938612736775 ], [ -46.145251679809064, -23.814851658541567 ], [ -46.145230777358286, -23.814825739502616 ], [ -46.145178939280385, -23.814760523856211 ], [ -46.145070246536378, -23.814660192092511 ], [ -46.145005866988015, -23.814602501328377 ], [ -46.144933544508348, -23.814552753495551 ], [ -46.14486958300899, -23.814514292986129 ], [ -46.144825269813353, -23.814482939309972 ], [ -46.14469776486365, -23.81441772366356 ], [ -46.144667665334545, -23.814403509997035 ], [ -46.144594924805851, -23.814383443644303 ], [ -46.144462821316985, -23.814353344115194 ], [ -46.144405966650893, -23.814341638742761 ], [ -46.144333226122214, -23.81432742507624 ], [ -46.144217008495922, -23.814313211409718 ], [ -46.144105807457827, -23.814308194821525 ], [ -46.14384996146039, -23.814308194821525 ], [ -46.143548966169334, -23.814328261174275 ], [ -46.142706179354263, -23.814522235917419 ], [ -46.142010545792623, -23.814702833092078 ], [ -46.141181136546038, -23.815010517167423 ], [ -46.140786498275489, -23.81523124704756 ], [ -46.140465436631658, -23.815411844222208 ], [ -46.139983844165911, -23.815652640455088 ], [ -46.139368476015214, -23.815967013314683 ], [ -46.138592577042608, -23.816288074958521 ], [ -46.137977208891932, -23.816535559975637 ], [ -46.137381907093989, -23.816776356208521 ], [ -46.137003990784045, -23.816920165069821 ], [ -46.136602663729256, -23.817040563186261 ], [ -46.136258191340559, -23.817140894949958 ], [ -46.135890308206996, -23.817194405223926 ], [ -46.135726432992954, -23.81718102765543 ], [ -46.135602690484397, -23.817160961302694 ], [ -46.135070932136792, -23.81681314452188 ], [ -46.134629472376517, -23.816458638956806 ], [ -46.134375298575158, -23.81618439880269 ], [ -46.134174635047749, -23.815933569393444 ], [ -46.133937183207003, -23.815632574102349 ], [ -46.133575988857679, -23.814886774658859 ], [ -46.133171317410756, -23.813850013100645 ], [ -46.13293386557001, -23.813167757107493 ], [ -46.132646247847397, -23.812104240412285 ], [ -46.13252584973096, -23.811636025515025 ], [ -46.13243220675151, -23.811054101285571 ], [ -46.132226526635932, -23.810226364235049 ], [ -46.132057634833693, -23.809709655652007 ], [ -46.13192720354089, -23.809450465262458 ], [ -46.131759983934728, -23.809229735382313 ], [ -46.131577714563996, -23.809050810403726 ], [ -46.131367017860228, -23.808896968366049 ], [ -46.131156321156467, -23.808793292210225 ], [ -46.130920541511777, -23.808726404367761 ], [ -46.130739944337115, -23.808721387779578 ], [ -46.130574396927017, -23.808744798524437 ], [ -46.130408849516911, -23.808804997582651 ], [ -46.130313534341404, -23.80889529616999 ], [ -46.130221563558017, -23.809015694286423 ], [ -46.1301045098337, -23.809157830951666 ], [ -46.130034277599115, -23.809269868087792 ], [ -46.130000833677862, -23.809335083734197 ], [ -46.12994732340389, -23.809545780437961 ], [ -46.129937290227531, -23.809664506358345 ], [ -46.12995735658027, -23.809868514277856 ], [ -46.130076082500636, -23.810177870549264 ], [ -46.130216546969812, -23.810418666782137 ], [ -46.130350322654756, -23.81059759176074 ], [ -46.13044898222239, -23.810773172347208 ], [ -46.130569380338827, -23.811012296384025 ], [ -46.130631251593108, -23.811157777441387 ], [ -46.130678073082827, -23.811284864342078 ], [ -46.130713189200129, -23.811473822497039 ], [ -46.130713189200129, -23.811609270378028 ], [ -46.130701483827693, -23.811714618729916 ], [ -46.130656334534038, -23.811850066610912 ], [ -46.130597807671883, -23.811967120335229 ], [ -46.130509181280615, -23.812090862843782 ], [ -46.130425571477531, -23.812201227783856 ], [ -46.130273401635925, -23.812341692253035 ], [ -46.130056016147911, -23.812483828918268 ], [ -46.129865385796869, -23.812585832878028 ], [ -46.129547668545158, -23.812722952955088 ], [ -46.129191490784024, -23.812841678875465 ], [ -46.128378803498087, -23.81299552091313 ], [ -46.127495883977545, -23.813125952205937 ], [ -46.126980847590545, -23.813169429303549 ], [ -46.126281869636784, -23.813202873224778 ], [ -46.12596415238508, -23.813192840048409 ], [ -46.125064510903911, -23.813102541461078 ], [ -46.124412354439876, -23.813092508284701 ], [ -46.123947483934735, -23.813089163892581 ], [ -46.123529434919327, -23.813135985382306 ], [ -46.123188306922742, -23.813196184440528 ], [ -46.122977610218967, -23.813263072282997 ], [ -46.122783635475827, -23.813366748438821 ], [ -46.1226582207712, -23.813465408006461 ], [ -46.122402374773763, -23.813716237415697 ], [ -46.122325453754932, -23.813809880395151 ], [ -46.122179972697559, -23.814017232706799 ], [ -46.12206960775751, -23.814217896234197 ], [ -46.121946701346978, -23.814465381251321 ], [ -46.121824631034471, -23.81461253450475 ], [ -46.121736840741242, -23.814698652601923 ], [ -46.121686674859383, -23.814739621405433 ], [ -46.121638181173594, -23.814773901424694 ], [ -46.121519455253228, -23.814840789267166 ], [ -46.12137648248995, -23.814914365893877 ], [ -46.121256920471545, -23.814962859579659 ], [ -46.121143211139348, -23.814994631304838 ], [ -46.121030337905196, -23.815008844971359 ], [ -46.120956761278471, -23.815010517167416 ], [ -46.120836363162034, -23.815005500579236 ], [ -46.120636535732665, -23.814957842991479 ], [ -46.120412461460404, -23.814885938560828 ], [ -46.120301260422309, -23.81482657560063 ], [ -46.119978526582415, -23.814645142327958 ], [ -46.119721008388922, -23.814462872957243 ], [ -46.119513656077281, -23.814295653351078 ], [ -46.11942837407814, -23.81421037135193 ], [ -46.119349780863246, -23.81410335080399 ], [ -46.119271187648359, -23.813921081433261 ], [ -46.119154133924035, -23.813546509515454 ], [ -46.119097279257936, -23.813315746458944 ], [ -46.119020358239098, -23.81283415399319 ], [ -46.119020358239098, -23.812665262190968 ], [ -46.119032063611527, -23.812568274819395 ], [ -46.119090590473689, -23.812285673684976 ], [ -46.119167511492535, -23.811934512512032 ], [ -46.119368175019929, -23.811399409772299 ], [ -46.119485228744246, -23.81115192475518 ], [ -46.11973271376138, -23.810770664053127 ], [ -46.119943410465133, -23.810436224840792 ], [ -46.120040397836711, -23.810279038411 ], [ -46.120154107168901, -23.810054964138743 ], [ -46.120391559009661, -23.809844267434972 ], [ -46.120565467400063, -23.809764002024018 ], [ -46.120966794454858, -23.809466351125035 ], [ -46.12119421311926, -23.809285753950377 ], [ -46.121262773157781, -23.809215521715796 ], [ -46.121356416137232, -23.809148633873324 ], [ -46.121441698136373, -23.809070040658426 ], [ -46.121526980135528, -23.809008169404152 ], [ -46.121625639703169, -23.808909509836507 ], [ -46.121831319818753, -23.808718879485482 ], [ -46.121955062327302, -23.808615203329662 ], [ -46.122149037070457, -23.808417884194384 ], [ -46.122249368834154, -23.808312535842504 ], [ -46.122326289852985, -23.80821387627487 ], [ -46.122480131890654, -23.808034951296275 ], [ -46.122659056869274, -23.807810877024011 ], [ -46.122884803337584, -23.807466404635303 ], [ -46.123043661963443, -23.807240658166986 ], [ -46.123217570353859, -23.806944679464078 ], [ -46.123301180156943, -23.806805887190965 ], [ -46.123419906077309, -23.806524958252602 ], [ -46.123500171488274, -23.806185502452088 ], [ -46.123495154900084, -23.805717287554828 ], [ -46.123455022194605, -23.80562364457538 ], [ -46.123384789960028, -23.805424653244053 ], [ -46.123284458196323, -23.805249072657574 ], [ -46.123118910786225, -23.805018309601063 ], [ -46.123043661963443, -23.804946405170416 ], [ -46.122976774120978, -23.804867811955521 ], [ -46.12292995263126, -23.804824334857916 ], [ -46.122722600319605, -23.804611965958088 ], [ -46.122655712477147, -23.804541733723493 ], [ -46.122526953380394, -23.80441631901887 ], [ -46.122424949420626, -23.804300937490616 ], [ -46.122065427267422, -23.803892921651599 ], [ -46.121848041779408, -23.803722357653317 ], [ -46.121634000683514, -23.803525038518032 ], [ -46.120988533003718, -23.802829404956395 ], [ -46.120704259673239, -23.802565197978652 ], [ -46.119938393877007, -23.802073572336536 ], [ -46.119486900940359, -23.801839464887898 ], [ -46.119085573885577, -23.801722411163574 ], [ -46.119001964082486, -23.801719066771458 ], [ -46.118493616479739, -23.801588635478652 ], [ -46.118100650405246, -23.801567733027877 ], [ -46.117989449367151, -23.801581946694398 ], [ -46.11789078979951, -23.801578602302282 ], [ -46.117818049270824, -23.801586963282585 ], [ -46.117688454076045, -23.801618735007757 ], [ -46.117587286214317, -23.801667228693546 ], [ -46.117299668491718, -23.801696492124623 ], [ -46.117084791297813, -23.801731608241919 ], [ -46.116987803926229, -23.801760871672993 ], [ -46.116883291672373, -23.801783446319828 ], [ -46.116787976496859, -23.801792643398166 ], [ -46.116684300341028, -23.801817726339088 ], [ -46.11658647687144, -23.801842809280025 ], [ -46.116520425127014, -23.801866220024888 ], [ -46.116484054862674, -23.801877925397321 ], [ -46.116402953353678, -23.801892975161877 ], [ -46.116375362118674, -23.801896737603009 ], [ -46.116297605001797, -23.801904262485291 ], [ -46.116183686645094, -23.801911787367569 ], [ -46.116178461032405, -23.801912205416581 ], [ -46.116139373449464, -23.801908861024465 ], [ -46.116070395361909, -23.801902172240212 ], [ -46.115993474343078, -23.801895065406949 ], [ -46.11596922750018, -23.801892139063835 ], [ -46.115870149883527, -23.801868310269956 ], [ -46.115784867884379, -23.801838628789866 ], [ -46.11564774780733, -23.801775503388541 ], [ -46.115586712651073, -23.801749584349576 ], [ -46.115475511612956, -23.801686040899234 ], [ -46.115385631074645, -23.801622079399881 ], [ -46.115316234938099, -23.801563552537718 ], [ -46.115241822213356, -23.801494156401166 ], [ -46.11517409827286, -23.801417235382331 ], [ -46.115049519666258, -23.801255032364352 ], [ -46.114955876686828, -23.801074435189697 ], [ -46.114805379041279, -23.800835311152877 ], [ -46.114701702885448, -23.800437328490212 ], [ -46.114674947748469, -23.800283486452539 ], [ -46.114641503827237, -23.800039345827539 ], [ -46.114616420886307, -23.799878815005624 ], [ -46.114604715513885, -23.799606247047581 ], [ -46.114614748690265, -23.799089538464528 ], [ -46.114594682337533, -23.798514303019321 ], [ -46.114611404298145, -23.798213307728219 ], [ -46.114658225787871, -23.797808636281307 ], [ -46.114671603356364, -23.797467508284726 ], [ -46.114691669709103, -23.797310321854937 ], [ -46.114689997513054, -23.797131396876335 ], [ -46.114701702885469, -23.796995948995345 ], [ -46.114681636532723, -23.796897289427712 ], [ -46.114681636532723, -23.796681576135761 ], [ -46.114658225787871, -23.79645248527531 ], [ -46.1146565535918, -23.796226738806993 ], [ -46.114616420886321, -23.795716719008183 ], [ -46.114589665749335, -23.795409034932845 ], [ -46.114541172063554, -23.795089645485078 ], [ -46.114472612025018, -23.794827110703395 ], [ -46.1144257905353, -23.794636480352366 ], [ -46.114313753399173, -23.794255219650314 ], [ -46.114237668478339, -23.794009406829243 ], [ -46.114178723567171, -23.793829227703601 ], [ -46.114145697694958, -23.793738093018238 ], [ -46.114093859617022, -23.793597628549076 ], [ -46.114083408391643, -23.793570037314048 ], [ -46.114044111784203, -23.793478902628696 ], [ -46.114033451534311, -23.793453610663263 ], [ -46.11402091006385, -23.793426855526281 ], [ -46.114013280669326, -23.793411701249468 ], [ -46.114009856462339, -23.793404559232467 ], [ -46.11391388, -23.79349293 ], [ -46.1141962, -23.79415177 ], [ -46.11431614, -23.79456888 ], [ -46.114415889999989, -23.79514379 ], [ -46.11445947, -23.797208269999988 ], [ -46.11435558, -23.79803784 ], [ -46.11432756, -23.80021868 ], [ -46.11438763, -23.80048597 ], [ -46.1145593, -23.80089486 ], [ -46.11467785, -23.80115847 ], [ -46.11490682, -23.80142355 ], [ -46.11517152, -23.80161694 ], [ -46.11555017, -23.80181926 ], [ -46.11480926, -23.80208045 ], [ -46.11470566, -23.80193506 ], [ -46.11465965, -23.80189885 ], [ -46.11408445, -23.8015416 ], [ -46.11357185, -23.80156417 ], [ -46.11306746, -23.80176814 ], [ -46.11277589, -23.80185892 ], [ -46.11257283, -23.80194644 ], [ -46.11221059, -23.80218351 ], [ -46.11222224, -23.80217503 ], [ -46.11194052, -23.8019954 ], [ -46.111444229999989, -23.80193487 ], [ -46.11069590000001, -23.80193893 ], [ -46.11043026, -23.80202767 ], [ -46.11014214, -23.80211924 ], [ -46.10915932, -23.80195 ], [ -46.10883764, -23.80193628 ], [ -46.10839611, -23.80191275 ], [ -46.10721765, -23.80207416 ], [ -46.10669392, -23.80254478 ], [ -46.10664666, -23.80315574 ], [ -46.10664877, -23.80312424 ], [ -46.10638634, -23.80282224 ], [ -46.10622952, -23.80264705 ], [ -46.10608217, -23.80247513 ], [ -46.10561817, -23.80211219 ], [ -46.10559777000001, -23.80210432 ], [ -46.1052178, -23.80180623 ], [ -46.10614842, -23.80121249 ], [ -46.10616124, -23.80084052 ], [ -46.10618351, -23.80038433 ], [ -46.1060873, -23.79947964 ], [ -46.10590632, -23.79850757 ], [ -46.10501576, -23.79851529 ], [ -46.10471878, -23.79867371 ], [ -46.10420642, -23.79859857 ], [ -46.10377337, -23.79816822 ], [ -46.10283267, -23.7982551 ], [ -46.10236442, -23.79841874 ], [ -46.10143667, -23.7984227 ], [ -46.10190753, -23.79920597 ], [ -46.10148206, -23.79936396 ], [ -46.10148424, -23.79936434 ], [ -46.10080196, -23.79936788 ], [ -46.10046427000001, -23.79964146 ], [ -46.09998966, -23.79913592 ], [ -46.09972596, -23.7992313 ], [ -46.09952473, -23.79929819 ], [ -46.09918022, -23.79967493 ], [ -46.09841408, -23.79970177 ], [ -46.09767406, -23.79995175 ], [ -46.09716467, -23.79976437 ], [ -46.09659416, -23.79955885 ], [ -46.09594259, -23.79903519 ], [ -46.09546514, -23.79908934 ], [ -46.09508439, -23.79912811 ], [ -46.09455811, -23.79981777 ], [ -46.0945053, -23.80027204 ], [ -46.09449198, -23.80041439 ], [ -46.09449394, -23.80082178 ], [ -46.09449572, -23.80086198 ], [ -46.094572, -23.80147562 ], [ -46.09475037, -23.80197273 ], [ -46.09496281, -23.80237703 ], [ -46.09436843, -23.80317082 ], [ -46.0946625, -23.80378759 ], [ -46.09497758, -23.80413946 ], [ -46.09502827, -23.80464509 ], [ -46.09526599, -23.80532758 ], [ -46.09527781, -23.80535288 ], [ -46.09545758, -23.80566817 ], [ -46.09556066, -23.80601541 ], [ -46.09564896, -23.80633109 ], [ -46.09570509, -23.80660051 ], [ -46.09573517, -23.80672519 ], [ -46.09616871, -23.80721434 ], [ -46.0964258, -23.80740152 ], [ -46.0965901, -23.80815679 ], [ -46.0968501, -23.80869032 ], [ -46.09695819, -23.80911445 ], [ -46.09730368000001, -23.80954144 ], [ -46.09800991, -23.80970338 ], [ -46.09870992, -23.80935109 ], [ -46.09970726, -23.80853276 ], [ -46.09988397, -23.8083111 ], [ -46.10009869, -23.80803467 ], [ -46.10049489, -23.80836177 ], [ -46.10073283, -23.80877429 ], [ -46.10126404, -23.80872107 ], [ -46.10170391, -23.80871793 ], [ -46.10234335, -23.80807018 ], [ -46.10280965, -23.80749968 ], [ -46.10334338, -23.80717928 ], [ -46.10337449, -23.80716961 ], [ -46.10356121, -23.80729355 ], [ -46.10389992, -23.80755994 ], [ -46.10458817, -23.80768712 ], [ -46.1050196, -23.80738794 ], [ -46.10517513, -23.80731412 ], [ -46.10602949, -23.80738006 ], [ -46.10721601, -23.80686154 ], [ -46.10755806, -23.80662265 ], [ -46.10702265, -23.80905719 ], [ -46.10728446, -23.80979865 ], [ -46.10699383, -23.81062384 ], [ -46.10697882, -23.81125095 ], [ -46.10695874, -23.81179448 ], [ -46.10760341, -23.81222865 ], [ -46.1087794, -23.81260221 ], [ -46.1087943, -23.81261279 ], [ -46.10993118, -23.81240023 ], [ -46.11033346, -23.81232761 ], [ -46.11055251, -23.81213635 ], [ -46.11072552, -23.81199351 ], [ -46.11151106, -23.81132144 ], [ -46.11171, -23.81115437 ], [ -46.1126372, -23.81075175 ], [ -46.11279933, -23.81069581 ], [ -46.113107, -23.81059608 ], [ -46.1135013, -23.81045845 ], [ -46.11389293, -23.81033006 ], [ -46.11431564, -23.81018675 ], [ -46.11534372, -23.81037834 ], [ -46.11549332, -23.81046995 ], [ -46.11603489, -23.81081333 ], [ -46.11606119, -23.81083317 ], [ -46.11623953, -23.81089065 ], [ -46.11627235, -23.81065399 ], [ -46.11636365, -23.81063463 ], [ -46.11654368, -23.81114425 ], [ -46.1169699, -23.81141098 ], [ -46.11747541, -23.81149374 ], [ -46.11752705, -23.81175918 ], [ -46.11786147, -23.81181686 ], [ -46.11818851, -23.81177575 ], [ -46.1186081, -23.81194635 ], [ -46.11842684, -23.81260514 ], [ -46.11852299, -23.81291334 ], [ -46.11880078, -23.81343786 ], [ -46.11884507, -23.81384255 ], [ -46.11897057, -23.81412473 ], [ -46.11940457, -23.81449904 ], [ -46.11965274, -23.81473315 ], [ -46.120302529999989, -23.81515307 ], [ -46.12076503, -23.81526294 ], [ -46.12131944, -23.81532496 ], [ -46.1220448, -23.8149894 ], [ -46.12234925, -23.81460972 ], [ -46.12248829, -23.81408026 ], [ -46.12285126, -23.81374099 ], [ -46.12283328, -23.81375794 ], [ -46.12308747, -23.81377065 ], [ -46.12351988, -23.81391042 ], [ -46.12446947, -23.81418867 ], [ -46.12505587, -23.81442322 ], [ -46.12523166, -23.81477324 ], [ -46.12596533, -23.81625898 ], [ -46.12692846, -23.81648716 ], [ -46.1271912, -23.81648123 ], [ -46.13120754, -23.81642641 ], [ -46.13182348, -23.81683302 ], [ -46.13360579, -23.81821618 ], [ -46.13398433, -23.81850325 ], [ -46.13422919, -23.81869486 ], [ -46.13531953, -23.81915674 ], [ -46.13526033, -23.81986219 ], [ -46.13552011, -23.81998289 ], [ -46.13629875, -23.81999585 ], [ -46.13756422, -23.82002525 ], [ -46.13790862, -23.8207241 ], [ -46.13837656, -23.82168839 ], [ -46.13902656, -23.82271545 ], [ -46.13962175, -23.82311859 ], [ -46.13980027, -23.82324256 ], [ -46.14086692, -23.82314677 ], [ -46.14185949, -23.82306461 ], [ -46.14267741, -23.82324955 ], [ -46.14293447, -23.82325699 ], [ -46.14315066, -23.82340499 ], [ -46.1433698, -23.82330986 ], [ -46.14324657, -23.82299955 ], [ -46.14322344, -23.82267941 ], [ -46.14317739, -23.82256087 ], [ -46.14319184, -23.82238711 ], [ -46.14309071, -23.82194827 ], [ -46.14301813, -23.82161821 ], [ -46.14286047, -23.82102324 ], [ -46.14281009, -23.82074177 ], [ -46.14294411, -23.82062603 ], [ -46.14303271, -23.82079635 ], [ -46.14326275, -23.82169707 ], [ -46.14319061, -23.82191534 ], [ -46.14322792, -23.82236267 ], [ -46.14327593, -23.82253917 ], [ -46.14345671, -23.82262331 ], [ -46.14424075, -23.82252293 ], [ -46.14462817, -23.82273756 ], [ -46.14543938, -23.82307471 ], [ -46.14584107, -23.82305637 ], [ -46.1463258, -23.82319569 ], [ -46.14656776, -23.82326869 ], [ -46.14735222, -23.82283541 ], [ -46.14780729, -23.82273851 ], [ -46.14797836, -23.82262664 ], [ -46.14850683, -23.82229143 ], [ -46.14877039, -23.82217873 ], [ -46.14911099, -23.82227504 ], [ -46.14920367, -23.82241193 ], [ -46.14942184, -23.82220727 ], [ -46.14966658, -23.82196968 ], [ -46.15030514, -23.82135915 ], [ -46.15089697, -23.82078503 ], [ -46.15148876, -23.82022227 ], [ -46.1525494, -23.81920331 ], [ -46.15281291, -23.81862698 ], [ -46.15288488, -23.81863966 ], [ -46.15308276, -23.81886865 ], [ -46.15315068, -23.81882205 ], [ -46.15321492, -23.81887604 ], [ -46.15311083, -23.81895225 ], [ -46.15327595, -23.81922134 ], [ -46.15294071, -23.8192212 ], [ -46.15279167, -23.81927975 ], [ -46.15114476, -23.82081095 ], [ -46.15068272, -23.82123583 ], [ -46.15029663, -23.82159696 ], [ -46.1496949, -23.82215231 ], [ -46.15025406, -23.82233528 ], [ -46.15147173, -23.82229278 ], [ -46.15242347, -23.8231949 ], [ -46.15292163, -23.82367137 ], [ -46.15288017, -23.82489456 ], [ -46.15255975, -23.82600108 ], [ -46.1525243, -23.82626182 ], [ -46.15243929, -23.82682894 ], [ -46.15249517, -23.82707296 ], [ -46.1518717, -23.82747034 ], [ -46.15084848, -23.82811421 ], [ -46.15078261, -23.82838385 ], [ -46.15028712, -23.82892078 ], [ -46.14972588, -23.82929645 ], [ -46.14968908, -23.82981713 ], [ -46.14940242, -23.83007707 ], [ -46.14955807, -23.8301093 ], [ -46.14972648, -23.830271 ], [ -46.15011467, -23.8302681 ], [ -46.15011437, -23.83027009 ], [ -46.15048933, -23.82967223 ], [ -46.15050216, -23.82964475 ], [ -46.15147719, -23.82893606 ], [ -46.15210982, -23.82847344 ], [ -46.15228754, -23.82834014 ], [ -46.1527507, -23.82800808 ], [ -46.15339008, -23.82770208 ], [ -46.15475991000001, -23.82757026 ], [ -46.15486069, -23.8273093 ], [ -46.155667427051206, -23.826642562635612 ] ] ] ] } },
{ "type": "Feature", "properties": { "id_unidade": "1368596", "nome_unidade": "Área de Proteção Ambiental Marinha Litoral Centro", "tipo_unidade": "Unidade de Conservação", "categoria_unidade": "Área de Proteção Ambiental", "orgao_gestor": "Fundação Para Conservação e a Produção Florestal do Estado de São Paulo", "zona_geografica": "Zona de Proteção Especial", "descricao_unidade": "Zoneamento (polígonos) do Plano de Manejo da Área de Proteção Ambiental Marinha Litoral Centro (aprovado pelo Decreto nº 65.544, em 02 de março de 2021).", "gid": 28 }, "geometry": { "type": "MultiPolygon", "coordinates": [ [ [ [ -45.962720348871706, -23.779005612893833 ], [ -45.962719042722561, -23.779001995865418 ], [ -45.962717579551011, -23.77899238073806 ], [ -45.962718102112269, -23.778966566211366 ], [ -45.96271977430834, -23.778936362170001 ], [ -45.962720610406372, -23.778920894356428 ], [ -45.96271966979608, -23.778895079829727 ], [ -45.962714862232403, -23.778865920910899 ], [ -45.962710472717745, -23.778851080170853 ], [ -45.962704620031523, -23.778836030406293 ], [ -45.962689361242468, -23.778806139901686 ], [ -45.962670444524512, -23.778777399031885 ], [ -45.962655708296715, -23.778758691338442 ], [ -45.962625713279863, -23.778727233150033 ], [ -45.962590492650321, -23.778699850939521 ], [ -45.962565723246144, -23.778685532760747 ], [ -45.962547120064961, -23.778676753731421 ], [ -45.962520887489241, -23.778666407018289 ], [ -45.962503329430596, -23.77865950920954 ], [ -45.962457135014397, -23.778644563957236 ], [ -45.962425676825994, -23.7786342172441 ], [ -45.962386171194041, -23.778623556994212 ], [ -45.962372898137794, -23.778620526138845 ], [ -45.962333183481341, -23.778612165158542 ], [ -45.962318551765804, -23.778609029790925 ], [ -45.962277896499046, -23.778604953813023 ], [ -45.962260861001667, -23.778603281616967 ], [ -45.962225953908884, -23.778603595153729 ], [ -45.962202856700777, -23.778605580886552 ], [ -45.962160215701211, -23.77861456894038 ], [ -45.962130011659845, -23.778624706629007 ], [ -45.962091133101417, -23.778640592491591 ], [ -45.962075456263349, -23.778646967739071 ], [ -45.962043214233042, -23.778656896403188 ], [ -45.962034226179206, -23.778657575732844 ], [ -45.962018026779859, -23.778655171950998 ], [ -45.962002767990796, -23.77864749030034 ], [ -45.961983119687076, -23.778631238644866 ], [ -45.961968592483792, -23.778619428760177 ], [ -45.961955214915292, -23.77860814143677 ], [ -45.961945547531812, -23.778599832712587 ], [ -45.961929766181477, -23.778586507400224 ], [ -45.9619156047711, -23.778574593003281 ], [ -45.961901182080055, -23.778562469581839 ], [ -45.961889476707618, -23.778552593173856 ], [ -45.96187745779843, -23.778542350972977 ], [ -45.961868417488461, -23.778534721578442 ], [ -45.96185394254131, -23.778522545900877 ], [ -45.961842968754674, -23.778513192054152 ], [ -45.961820394107832, -23.778493334725919 ], [ -45.96180189543891, -23.778477135326568 ], [ -45.961781411037151, -23.778459054706651 ], [ -45.961758731878064, -23.778435539449532 ], [ -45.96174914287878, -23.778425636913482 ], [ -45.961744648851862, -23.778420202276287 ], [ -45.96174237571033, -23.778417432701559 ], [ -45.961738561013071, -23.778412834162385 ], [ -45.961734850828051, -23.778408366263534 ], [ -45.961733100247805, -23.778406276018455 ], [ -45.961729991008248, -23.778402513577316 ], [ -45.961725366341014, -23.77839689604367 ], [ -45.961723903169457, -23.778395223847618 ], [ -45.961719748807369, -23.778390128875238 ], [ -45.961717606306166, -23.778387620581139 ], [ -45.961716352159122, -23.778385896128949 ], [ -45.961713869993098, -23.778382473352643 ], [ -45.96171222392509, -23.77838025246724 ], [ -45.961711413955122, -23.778379155088583 ], [ -45.961708748892654, -23.778375444903563 ], [ -45.961705038707649, -23.778370454443444 ], [ -45.961703836816731, -23.778368756119328 ], [ -45.961701615931325, -23.778365725263956 ], [ -45.961700988857807, -23.778364863037854 ], [ -45.961698689588218, -23.778361152852849 ], [ -45.961696285806376, -23.77835736428365 ], [ -45.961691452114636, -23.778349604248795 ], [ -45.961686409398389, -23.778341661317501 ], [ -45.961683744335922, -23.77833740244316 ], [ -45.961679485461573, -23.77833058301859 ], [ -45.961674442745334, -23.77832253557505 ], [ -45.961670758688378, -23.778316709016899 ], [ -45.961667257527878, -23.778311065355187 ], [ -45.961663913135752, -23.77830570910217 ], [ -45.961660986792644, -23.778301058306873 ], [ -45.961657407247948, -23.778295440773228 ], [ -45.961654454776784, -23.77829078997793 ], [ -45.961652390659765, -23.778287445585811 ], [ -45.961650457183069, -23.778283996681434 ], [ -45.961646982150633, -23.778277673690077 ], [ -45.961643846783012, -23.778271977772238 ], [ -45.961640580775089, -23.778266125086024 ], [ -45.961637680560045, -23.778260768833018 ], [ -45.961635799339469, -23.778257372184765 ], [ -45.96163300363667, -23.778252277212395 ], [ -45.961630887263546, -23.778248514771253 ], [ -45.96162741223111, -23.778242165651836 ], [ -45.961626027443735, -23.778239657357734 ], [ -45.961622578539362, -23.778233491134763 ], [ -45.961620305397844, -23.778229258388482 ], [ -45.96161897286661, -23.778226828478573 ], [ -45.961616360060269, -23.778222177683283 ], [ -45.961614531095812, -23.778218754906966 ], [ -45.961610742526616, -23.778211987738526 ], [ -45.961608338744767, -23.778207650479999 ], [ -45.961606744932901, -23.778204645752695 ], [ -45.961603374412704, -23.778198479529721 ], [ -45.96159488279207, -23.778183168484532 ], [ -45.961587410165919, -23.778169477379283 ], [ -45.961579676259149, -23.778155524993391 ], [ -45.961573248755542, -23.778143924133214 ], [ -45.961566507715169, -23.778131643943386 ], [ -45.96155772868584, -23.778116437410453 ], [ -45.961538393918886, -23.778083725074996 ], [ -45.961520417811208, -23.778055506766453 ], [ -45.961499097311425, -23.778028124555949 ], [ -45.96148143474052, -23.778011820644348 ], [ -45.96148308080852, -23.77800769241032 ], [ -45.961509600792951, -23.77793866206666 ], [ -45.961527994949627, -23.777893303748488 ], [ -45.961558930576771, -23.777814919558093 ], [ -45.961584431566706, -23.777749912936198 ], [ -45.961602616698883, -23.777703718519998 ], [ -45.961617666463439, -23.777665258010572 ], [ -45.961642958428868, -23.777600669437703 ], [ -45.961658008193425, -23.77756252246504 ], [ -45.96166553307571, -23.777543605747095 ], [ -45.961673580519246, -23.77752291232083 ], [ -45.961679485461588, -23.777505328134115 ], [ -45.96167998189479, -23.777496758129299 ], [ -45.961680190919282, -23.777493753401995 ], [ -45.961679224180934, -23.777486672696803 ], [ -45.961678126802276, -23.777478024307797 ], [ -45.961677656497137, -23.777474862812117 ], [ -45.961676532990403, -23.777465665733779 ], [ -45.961675461739802, -23.777456912832523 ], [ -45.961674390489193, -23.777448473468016 ], [ -45.961673528263105, -23.777441366634761 ], [ -45.961672875061524, -23.777436193278188 ], [ -45.961672012835429, -23.777429112572992 ], [ -45.961671215929485, -23.777422698133417 ], [ -45.961671372697865, -23.777420424991892 ], [ -45.961671647042529, -23.77741619224561 ], [ -45.96167181687494, -23.777413487991041 ], [ -45.961671947515256, -23.777411358553866 ], [ -45.961672156539763, -23.777408001097719 ], [ -45.961672417820417, -23.777404225592541 ], [ -45.961672613780884, -23.777401116352991 ], [ -45.961672796677327, -23.777398150817788 ], [ -45.961672979573791, -23.777395472691282 ], [ -45.961673792809741, -23.777391595939857 ], [ -45.961674129208554, -23.777389989063956 ], [ -45.961674462341364, -23.777388382188057 ], [ -45.961674713823975, -23.777387209691209 ], [ -45.961674965306585, -23.777386007800292 ], [ -45.961675246183276, -23.777384642608979 ], [ -45.961675517261931, -23.777383370498885 ], [ -45.961675620141179, -23.777382878964694 ], [ -45.961675750781495, -23.777382251891169 ], [ -45.961675847128731, -23.777381773421009 ], [ -45.961675964705016, -23.777381232896694 ], [ -45.961676096161838, -23.777380599291156 ], [ -45.961676181894532, -23.777380195122671 ], [ -45.961676273342754, -23.777379755844606 ], [ -45.961676490532291, -23.777378722153092 ], [ -45.961676875921228, -23.777376880124621 ], [ -45.961677055551661, -23.777376017898526 ], [ -45.961677303768269, -23.7773750609582 ], [ -45.961677522590811, -23.777374195466098 ], [ -45.961677898181712, -23.777372729028542 ], [ -45.961678179058396, -23.777371612053834 ], [ -45.96167837501887, -23.777370854339992 ], [ -45.961678597107408, -23.77736996925184 ], [ -45.961678828993982, -23.777369059668619 ], [ -45.961678903295656, -23.77736877225993 ], [ -45.961678992294374, -23.77736842116407 ], [ -45.961679149062732, -23.777367804705083 ], [ -45.961679216015895, -23.777367545057448 ], [ -45.961679349922221, -23.777367014331155 ], [ -45.961679469131511, -23.777366547292022 ], [ -45.961679552414722, -23.777366219874722 ], [ -45.96167960303783, -23.777366017382239 ], [ -45.961679650394949, -23.777365835302291 ], [ -45.961679750008209, -23.777365448280349 ], [ -45.961679792466306, -23.777365279264444 ], [ -45.961679847988435, -23.777365063707922 ], [ -45.961679895345547, -23.777364872646455 ], [ -45.961679967197718, -23.777364594219282 ], [ -45.961680039866394, -23.777364307627089 ], [ -45.961680111718564, -23.777364022667889 ], [ -45.961680154993175, -23.777363860184003 ], [ -45.961680208882314, -23.777363640544969 ], [ -45.961680254606414, -23.777363464180539 ], [ -45.961680271752968, -23.777363397227376 ], [ -45.961680302780046, -23.777363273119075 ], [ -45.961680332990618, -23.777363157992305 ], [ -45.961680366467192, -23.777363021636464 ], [ -45.961680447300893, -23.777362705650209 ], [ -45.961680484859976, -23.777362557046843 ], [ -45.961680557528652, -23.777362276986668 ], [ -45.96168060243626, -23.777362096539729 ], [ -45.961680675104944, -23.77736181484655 ], [ -45.961680755938637, -23.777361494777761 ], [ -45.961680821258803, -23.777361236763142 ], [ -45.961680853918885, -23.777361111838339 ], [ -45.961680901275997, -23.777360926492388 ], [ -45.961680960880628, -23.777360687257307 ], [ -45.961681000889236, -23.777360534571436 ], [ -45.961681063759897, -23.777360283905324 ], [ -45.961681119282019, -23.777360067532296 ], [ -45.961681187868194, -23.777359801352649 ], [ -45.961681235225313, -23.777359611924194 ], [ -45.961681293196946, -23.777359382487134 ], [ -45.961681370764637, -23.777359082830902 ], [ -45.961681426286766, -23.777358862375369 ], [ -45.961681480992397, -23.777358647635346 ], [ -45.961681525083506, -23.777358476986429 ], [ -45.961681573257117, -23.777358285108456 ], [ -45.961681618164732, -23.77735811078529 ], [ -45.961681683484898, -23.777357856036659 ], [ -45.961681750846317, -23.777357587407511 ], [ -45.961681792896165, -23.777357424107116 ], [ -45.961681827189246, -23.777357288567778 ], [ -45.96168185250081, -23.777357190179291 ], [ -45.961681873729873, -23.777357106079585 ], [ -45.961681901899183, -23.777356994627066 ], [ -45.961681939254149, -23.777356848473211 ], [ -45.961681965790461, -23.777356744369211 ], [ -45.961681985182381, -23.777356669251031 ], [ -45.961681999267064, -23.777356612708264 ], [ -45.961682012739331, -23.777356560043895 ], [ -45.961682032539507, -23.777356481659705 ], [ -45.961682048869548, -23.777356418789047 ], [ -45.961682061729462, -23.777356368370057 ], [ -45.961682080917249, -23.777356291210619 ], [ -45.96168210765768, -23.777356188331368 ], [ -45.961682127457877, -23.777356110151299 ], [ -45.961682140113645, -23.777356059528177 ], [ -45.961682179713989, -23.777355905617569 ], [ -45.961682214007077, -23.777355770486491 ], [ -45.961682247075409, -23.777355640662666 ], [ -45.961682288308751, -23.777355479811785 ], [ -45.961682338115381, -23.777355282218299 ], [ -45.961682374449715, -23.777355140555201 ], [ -45.961682409151045, -23.777355003791115 ], [ -45.961682430788343, -23.777354920099665 ], [ -45.961682456508164, -23.777354816812167 ], [ -45.961682489984746, -23.777354687396596 ], [ -45.961682516929322, -23.777354579618336 ], [ -45.961682542240879, -23.777354481638096 ], [ -45.961682583474222, -23.777354320787204 ], [ -45.961682608785786, -23.777354217907956 ], [ -45.961682639404614, -23.777354101556423 ], [ -45.96168267206469, -23.777353971324359 ], [ -45.961682709215538, -23.777353824354005 ], [ -45.961682731261092, -23.777353736988299 ], [ -45.961682770861437, -23.777353585118927 ], [ -45.961682802296771, -23.777353458561112 ], [ -45.961682830874338, -23.777353345475593 ], [ -45.961682869658162, -23.777353197280476 ], [ -45.961682893336729, -23.777353103382751 ], [ -45.961682919464799, -23.777352999278754 ], [ -45.961682943551601, -23.777352904972769 ], [ -45.961682972537417, -23.777352791070747 ], [ -45.961683009280009, -23.777352645325141 ], [ -45.96168303949058, -23.777352528973616 ], [ -45.961683064802145, -23.777352430176869 ], [ -45.96168308929721, -23.777352331380136 ], [ -45.961683123590291, -23.77735219788206 ], [ -45.961683148493599, -23.777352101534824 ], [ -45.961683172172165, -23.777352006004094 ], [ -45.961683185644439, -23.777351954564466 ], [ -45.961683204015742, -23.77735188230405 ], [ -45.961683229327292, -23.777351783099054 ], [ -45.961683282399925, -23.777351575299299 ], [ -45.961683333023053, -23.777351372806802 ], [ -45.961683372215148, -23.777351217671431 ], [ -45.961683447333336, -23.777350924547207 ], [ -45.961683488158442, -23.77735076287982 ], [ -45.961683548579579, -23.777350527727251 ], [ -45.961683595936684, -23.777350344830804 ], [ -45.961683657990839, -23.77735010151321 ], [ -45.961683729026511, -23.777349814104522 ], [ -45.961683798429185, -23.777349545475364 ], [ -45.961683849868813, -23.777349344615878 ], [ -45.961683905390942, -23.777349125793346 ], [ -45.96168394703254, -23.777348959226945 ], [ -45.961683985408136, -23.777348815114337 ], [ -45.961684024600238, -23.777348659978959 ], [ -45.961684054402561, -23.77734854281093 ], [ -45.961684095023536, -23.777348382980669 ], [ -45.961684117069083, -23.777348296431455 ], [ -45.961684134215631, -23.777348230703048 ], [ -45.96168414891266, -23.777348171914895 ], [ -45.961684161976699, -23.777348120883527 ], [ -45.961684179123239, -23.777348055563365 ], [ -45.961684238727877, -23.777347818369545 ], [ -45.961684267305444, -23.777347706100521 ], [ -45.961684305681032, -23.77734755586415 ], [ -45.961684329359585, -23.777347464007676 ], [ -45.961684355487655, -23.777347360311921 ], [ -45.96168438896423, -23.777347228446857 ], [ -45.961684437444028, -23.777347038610134 ], [ -45.961684466838129, -23.777346921237982 ], [ -45.961684509704483, -23.77734675467158 ], [ -45.961684542364559, -23.777346624847763 ], [ -45.961684584006157, -23.777346465221626 ], [ -45.96168466361511, -23.777346150460115 ], [ -45.961684777925399, -23.777345698934521 ], [ -45.961684853043572, -23.7773454017278 ], [ -45.961684944491793, -23.77734503920092 ], [ -45.961685271092584, -23.777343778521857 ], [ -45.961685529107214, -23.777342752995366 ], [ -45.96168618230881, -23.777340185913133 ], [ -45.961686665677981, -23.777338278564496 ], [ -45.961687599756246, -23.777334646763673 ], [ -45.961687939421068, -23.777333275040345 ], [ -45.961688524036475, -23.777330985568774 ], [ -45.961688602420672, -23.777330694894076 ], [ -45.961688700400913, -23.777330005766398 ], [ -45.961688929021463, -23.777328575254931 ], [ -45.961689121715928, -23.777327334171904 ], [ -45.961689846769708, -23.777322618056449 ], [ -45.961690996404492, -23.777315210750469 ], [ -45.961692302807663, -23.777306797514036 ], [ -45.96169460207723, -23.77729203515818 ], [ -45.961695333663016, -23.777287345170794 ], [ -45.961695464303347, -23.77728285114388 ], [ -45.961695621071733, -23.777276684920899 ], [ -45.961695751712043, -23.777271864293198 ], [ -45.961695803968169, -23.777270714658407 ], [ -45.9616960260567, -23.777262719470979 ], [ -45.961696156697016, -23.777256723080416 ], [ -45.961696339593459, -23.777251236187087 ], [ -45.961696444105712, -23.777246964248711 ], [ -45.961696574746028, -23.777242496349857 ], [ -45.961694249348412, -23.777194185560536 ], [ -45.961693465506499, -23.777184152384155 ], [ -45.961691270749178, -23.777167169142906 ], [ -45.961690591419519, -23.77716225706699 ], [ -45.961689859833754, -23.777158285601335 ], [ -45.961687142515146, -23.777143758398047 ], [ -45.961684163915905, -23.777128708633487 ], [ -45.961678833790955, -23.777112927283156 ], [ -45.961671831469936, -23.777091554527242 ], [ -45.961663679514139, -23.777075198359519 ], [ -45.961662373110961, -23.777072585553167 ], [ -45.961652183166208, -23.777054975238386 ], [ -45.961643247368499, -23.777039507424828 ], [ -45.961641104867304, -23.777035901752061 ], [ -45.961632169069603, -23.77701651472897 ], [ -45.961623651320927, -23.776998277340674 ], [ -45.961621561075837, -23.776994096850519 ], [ -45.961614506498698, -23.776970947386307 ], [ -45.961611893692371, -23.776950776521307 ], [ -45.961609489910522, -23.776933897792301 ], [ -45.961609751191148, -23.776921095041207 ], [ -45.961613618144547, -23.77689517600226 ], [ -45.961621561075837, -23.776867637023365 ], [ -45.961629556263262, -23.77684710036548 ], [ -45.961635826998496, -23.776834088589879 ], [ -45.961648629749583, -23.776807646989656 ], [ -45.961651294812079, -23.776802003327944 ], [ -45.961664620124438, -23.776779742217872 ], [ -45.961675907447834, -23.77676087775605 ], [ -45.961685156782316, -23.776745096405712 ], [ -45.961691218493044, -23.77673485420484 ], [ -45.961696705386373, -23.776725630998442 ], [ -45.961697776636974, -23.776723880418185 ], [ -45.961703368042556, -23.776715597822076 ], [ -45.961722023479851, -23.776688372379944 ], [ -45.96172604720163, -23.776682206156966 ], [ -45.961741828551965, -23.77666203529197 ], [ -45.961746296450819, -23.776656130349625 ], [ -45.961754735815312, -23.776645208819094 ], [ -45.961764690607488, -23.776632406068003 ], [ -45.961772006465253, -23.776622921580959 ], [ -45.961773208356178, -23.776621327769092 ], [ -45.961782614459025, -23.7766115216412 ], [ -45.961802079866303, -23.776590514678173 ], [ -45.961805293618106, -23.776586812597252 ], [ -45.961814098775491, -23.776577354238277 ], [ -45.961823531006395, -23.776567242677725 ], [ -45.961823975183478, -23.776566746244516 ], [ -45.961825229330529, -23.776565570481658 ], [ -45.96183309387763, -23.776558306880016 ], [ -45.961842238699838, -23.77654997202777 ], [ -45.961850625808218, -23.776542211992926 ], [ -45.961861573466813, -23.776532152688485 ], [ -45.961868471275565, -23.776526482898721 ], [ -45.961877224176817, -23.776519167040949 ], [ -45.961884775187158, -23.776512896305714 ], [ -45.961961225900886, -23.776455310053858 ], [ -45.96201013763568, -23.776424374426718 ], [ -45.962072008889947, -23.776390930505482 ], [ -45.962120920624763, -23.776370446103723 ], [ -45.962177357241835, -23.776347871456899 ], [ -45.962262639240983, -23.776318608025818 ], [ -45.962314477318891, -23.776303558261265 ], [ -45.96237133198499, -23.776287254349665 ], [ -45.962470827650655, -23.776282237761475 ], [ -45.962523919875615, -23.77628140166345 ], [ -45.962617980904085, -23.776282237761475 ], [ -45.962674835570184, -23.776285164104578 ], [ -45.962727091697111, -23.776290598741788 ], [ -45.962794815637608, -23.776299377771114 ], [ -45.962824497117701, -23.776304394359293 ], [ -45.962897655695386, -23.776318189976806 ], [ -45.962962871341801, -23.776329059251204 ], [ -45.962991298674844, -23.776334075839387 ], [ -45.963088286046421, -23.776350797800006 ], [ -45.963147649006622, -23.77636208512342 ], [ -45.963171059751474, -23.77636751976063 ], [ -45.963236693446902, -23.776382987574195 ], [ -45.963286441279735, -23.7763967831917 ], [ -45.963308597877557, -23.77640472612299 ], [ -45.963362944249553, -23.776422284181645 ], [ -45.963398896464881, -23.776434407603087 ], [ -45.963455751130965, -23.776458654445985 ], [ -45.963487104807136, -23.77647412225955 ], [ -45.963531418002759, -23.776499205200476 ], [ -45.963576149247409, -23.776532649121716 ], [ -45.963597051698187, -23.776548953033313 ], [ -45.963647217580032, -23.776592848179931 ], [ -45.963684423942404, -23.776628800395258 ], [ -45.963729991285085, -23.776671859443844 ], [ -45.963766361549439, -23.776705721414086 ], [ -45.963810674745069, -23.776747526315631 ], [ -45.963848299156453, -23.776782642432924 ], [ -45.963905153822552, -23.776834062461823 ], [ -45.963922293832177, -23.77684911222638 ], [ -45.963952393361289, -23.776876285412374 ], [ -45.963972459714036, -23.776894261520042 ], [ -45.964020117301786, -23.77693314007848 ], [ -45.964028896331115, -23.776939828862727 ], [ -45.964041646826082, -23.776949862039093 ], [ -45.964053143173999, -23.77695926814194 ], [ -45.964064848546435, -23.776968256195776 ], [ -45.964074463673789, -23.776975572053544 ], [ -45.964088468315801, -23.776986859376962 ], [ -45.964108743693046, -23.77700232719053 ], [ -45.964134035658482, -23.777020303298187 ], [ -45.964162672016045, -23.777040996724448 ], [ -45.964186709834429, -23.777058136734077 ], [ -45.964208866432244, -23.77707318649864 ], [ -45.964226424490889, -23.777084682846567 ], [ -45.964236875716281, -23.777091789679833 ], [ -45.964256105970982, -23.777104122125781 ], [ -45.96427847159331, -23.777117917743286 ], [ -45.964302300387189, -23.777132131409811 ], [ -45.964323411862473, -23.777144463855763 ], [ -45.964343687239719, -23.777156587277211 ], [ -45.964363126518933, -23.777167665576126 ], [ -45.964382983847166, -23.777179161924042 ], [ -45.964399078734253, -23.777188149977881 ], [ -45.964422489479126, -23.777200482423829 ], [ -45.96444339192989, -23.77721197877176 ], [ -45.964459695841505, -23.777220966825581 ], [ -45.964472237311959, -23.777227655609838 ], [ -45.964484569757914, -23.777233926345062 ], [ -45.964499410497972, -23.777241660251846 ], [ -45.964515505385059, -23.777249603183144 ], [ -45.964541424424013, -23.777262353678118 ], [ -45.964559818580689, -23.777271550756453 ], [ -45.964577794688353, -23.777280956859293 ], [ -45.964600160310681, -23.777291826133698 ], [ -45.964623571055554, -23.777303949555147 ], [ -45.96464029301616, -23.77731210151094 ], [ -45.96467039254528, -23.7773271512755 ], [ -45.964683352064753, -23.777333422010731 ], [ -45.964734772093649, -23.77735850495166 ], [ -45.964766543818826, -23.777373345691714 ], [ -45.964786610171579, -23.777382960819068 ], [ -45.964816814212924, -23.777397801559111 ], [ -45.964842628739632, -23.777410029492817 ], [ -45.964865516923226, -23.777421003279468 ], [ -45.964882656932858, -23.777429259747525 ], [ -45.964905858653204, -23.777440442558685 ], [ -45.964916309878596, -23.777445354634612 ], [ -45.964932091228931, -23.777453088541403 ], [ -45.964944528187139, -23.777459045739874 ], [ -45.964959473439443, -23.77746615257313 ], [ -45.964977763083873, -23.777474931602452 ], [ -45.964991140652366, -23.777481411362196 ], [ -45.965005249806644, -23.777488100146442 ], [ -45.96501580554429, -23.777493325759135 ], [ -45.965030123723061, -23.777500014543381 ], [ -45.965048935928756, -23.777509002597213 ], [ -45.965066807524153, -23.777517781626536 ], [ -45.965085828754354, -23.777526874192617 ], [ -45.965098892786095, -23.777533040415594 ], [ -45.96511791401629, -23.777542132981676 ], [ -45.965133172805359, -23.777549762376214 ], [ -45.96515553842768, -23.777560736162858 ], [ -45.965171215265755, -23.777568365557393 ], [ -45.965187728201876, -23.77757662202545 ], [ -45.965206853944331, -23.777586132640543 ], [ -45.96521688712069, -23.777590835691964 ], [ -45.965231832372986, -23.777598151549746 ], [ -45.965249129151005, -23.777606669298429 ], [ -45.965261722877599, -23.777612940033663 ], [ -45.965275100446085, -23.77761947204953 ], [ -45.965285342646965, -23.777624540893839 ], [ -45.965294121676301, -23.777628825896251 ], [ -45.965305199975198, -23.777634208277323 ], [ -45.965315651200576, -23.777639433890023 ], [ -45.965325684376957, -23.777644241453693 ], [ -45.965333784076627, -23.777648265175465 ], [ -45.965341256702779, -23.777651975360477 ], [ -45.96535191695267, -23.777657200973163 ], [ -45.965359389578829, -23.777660858902053 ], [ -45.965365869338569, -23.777664046525796 ], [ -45.965375170929157, -23.777668645064974 ], [ -45.965383531909467, -23.777672668786742 ], [ -45.965389645876321, -23.777675804154363 ], [ -45.965403493749946, -23.777682492938599 ], [ -45.965412116010896, -23.777686621172631 ], [ -45.965417655160344, -23.777689233978982 ], [ -45.965427322543832, -23.777693728005893 ], [ -45.965436833158932, -23.77769827428893 ], [ -45.965450837800951, -23.777704910817054 ], [ -45.965463065734653, -23.777710554478762 ], [ -45.965473203423265, -23.777715414298569 ], [ -45.965481564403582, -23.777719438020341 ], [ -45.965487051296904, -23.77772189405831 ], [ -45.96549436715469, -23.777725395218823 ], [ -45.965503355208519, -23.777729627965101 ], [ -45.965514538019676, -23.77773490583392 ], [ -45.965522219670326, -23.777738616018929 ], [ -45.965534708884661, -23.777744442577077 ], [ -45.965542599559839, -23.777747891481454 ], [ -45.965554095907748, -23.77775285581351 ], [ -45.965560889204255, -23.777755808284688 ], [ -45.965570112410639, -23.777759805878393 ], [ -45.965574123068386, -23.777761543394607 ], [ -45.965577349884214, -23.777762980438101 ], [ -45.965579048208348, -23.777763725087915 ], [ -45.965581713270808, -23.777764874722706 ], [ -45.965584757190207, -23.777766194189908 ], [ -45.965587990538054, -23.77776759857332 ], [ -45.96559030940368, -23.777768604503766 ], [ -45.965592445372877, -23.777769538582032 ], [ -45.965594398445617, -23.777770387744088 ], [ -45.965596318858275, -23.77777122057611 ], [ -45.965597272532598, -23.777771641891135 ], [ -45.965598154354737, -23.77777201748204 ], [ -45.965599117827082, -23.777772435531055 ], [ -45.965600211939744, -23.777772915634227 ], [ -45.965601407298649, -23.777773438195496 ], [ -45.965602465485205, -23.777773895436603 ], [ -45.965605029301443, -23.777775015677342 ], [ -45.965606518601078, -23.777775662346908 ], [ -45.965608491269855, -23.777776524573 ], [ -45.96561318778928, -23.777778562561949 ], [ -45.965624723329306, -23.7777835660861 ], [ -45.965630758911971, -23.777786205020508 ], [ -45.965644005840133, -23.777791927066414 ], [ -45.965651661362735, -23.777795349842727 ], [ -45.965658297890855, -23.777797910392945 ], [ -45.965663523503551, -23.77780005289415 ], [ -45.9656688536285, -23.77780214313923 ], [ -45.965671988996114, -23.777803371158207 ], [ -45.96567695332817, -23.777805356891037 ], [ -45.965684543530593, -23.777808426938481 ], [ -45.965688397419946, -23.777809929302133 ], [ -45.965692185989163, -23.777811470857873 ], [ -45.965694655091156, -23.777812463724292 ], [ -45.965697267897504, -23.777813482718759 ], [ -45.965699776191585, -23.777814482117186 ], [ -45.965702565362371, -23.777815605623918 ], [ -45.965705377395174, -23.777816722598637 ], [ -45.965709094112214, -23.777818208632247 ], [ -45.965712327460075, -23.77781949543937 ], [ -45.965716925999232, -23.777821330935829 ], [ -45.965721602922585, -23.777823192560348 ], [ -45.965725620112345, -23.777824649199886 ], [ -45.965727462140826, -23.777825315465503 ], [ -45.965728905716325, -23.777825824962743 ], [ -45.965730427676014, -23.777826386716107 ], [ -45.965731943103712, -23.777826928873431 ], [ -45.96573381126025, -23.777827608203069 ], [ -45.965735489988319, -23.777828209148534 ], [ -45.965738011346446, -23.777829110566724 ], [ -45.965750173959989, -23.777833532741464 ], [ -45.965768999229716, -23.777840312973929 ], [ -45.965780626217949, -23.77784449346408 ], [ -45.965793507353247, -23.777849170387441 ], [ -45.965799621320102, -23.777851365144777 ], [ -45.965835599663507, -23.777864429176514 ], [ -45.965893708476642, -23.777883241382209 ], [ -45.965955579730924, -23.777902053587908 ], [ -45.966009717078414, -23.77791605822992 ], [ -45.966037517337931, -23.777921910916138 ], [ -45.966079322239473, -23.777931526043488 ], [ -45.966111302989155, -23.777938423852245 ], [ -45.966144955934908, -23.777944694587468 ], [ -45.966178608880647, -23.777951383371722 ], [ -45.966238389889853, -23.777963088744155 ], [ -45.966280194791395, -23.777970822650932 ], [ -45.966326180183081, -23.777979810704771 ], [ -45.966352099222043, -23.777985036317464 ], [ -45.966393486074566, -23.777994233395795 ], [ -45.966466853676764, -23.778010537307399 ], [ -45.966492981740245, -23.778018062189677 ], [ -45.966537712984874, -23.778030603660145 ], [ -45.966578681788391, -23.778041890983555 ], [ -45.966634595844226, -23.778060494164734 ], [ -45.966657797564579, -23.778068228071529 ], [ -45.966691241485805, -23.778080142468465 ], [ -45.966730329068746, -23.778093729061467 ], [ -45.966790110077959, -23.77811525858576 ], [ -45.966880826714295, -23.77814849348249 ], [ -45.966913225512975, -23.778160407879422 ], [ -45.966964645541886, -23.778178802036102 ], [ -45.966984502870112, -23.778186326918387 ], [ -45.966999343610169, -23.778192597653607 ], [ -45.967013139227674, -23.778198450339826 ], [ -45.967043656805807, -23.778210364736772 ], [ -45.967072084138842, -23.778222279133708 ], [ -45.967089642197493, -23.77822938596697 ], [ -45.967123504167745, -23.778244435731519 ], [ -45.967159038334053, -23.778260321594111 ], [ -45.967178686637759, -23.778269309647939 ], [ -45.967210040313923, -23.77828352331446 ], [ -45.967244529357686, -23.778298991128036 ], [ -45.967275255960331, -23.778312995770051 ], [ -45.967293650117007, -23.778321147725851 ], [ -45.967316015739335, -23.778330344804189 ], [ -45.967346324292947, -23.778343095299157 ], [ -45.967372243331909, -23.778353964573554 ], [ -45.967393981880704, -23.778362952627393 ], [ -45.967404851155102, -23.778366715068532 ], [ -45.967425335556861, -23.778374030926305 ], [ -45.967441221419456, -23.77837967458801 ], [ -45.967465677286846, -23.778388035568319 ], [ -45.967495776815966, -23.778398277769192 ], [ -45.967513543899109, -23.778404130455414 ], [ -45.967533819276362, -23.778409983141625 ], [ -45.967548660016412, -23.778414581680796 ], [ -45.967574161006347, -23.778421479489545 ], [ -45.967599661996282, -23.778428168273795 ], [ -45.967619728349028, -23.77843339388648 ], [ -45.967628925427363, -23.778435902180576 ], [ -45.96765338129476, -23.778440918768762 ], [ -45.967701038882517, -23.778450951945135 ], [ -45.967725285725422, -23.778454923410777 ], [ -45.9677386632939, -23.778457640729378 ], [ -45.967761237940735, -23.778460567072482 ], [ -45.96778005014643, -23.778463284391091 ], [ -45.967833560420402, -23.778468719028293 ], [ -45.967849237258477, -23.778470391224349 ], [ -45.96789564069919, -23.778472063420409 ], [ -45.967915916076436, -23.778473317567457 ], [ -45.9679501960957, -23.778473108542943 ], [ -45.967995763438374, -23.778471436346891 ], [ -45.968044466148676, -23.778469137077302 ], [ -45.968123268388076, -23.778461403170514 ], [ -45.968143125716303, -23.778459312925435 ], [ -45.968168626706237, -23.778455341459793 ], [ -45.968220046735141, -23.778447398528499 ], [ -45.968259343342588, -23.778440918768762 ], [ -45.968288397749163, -23.778434439009018 ], [ -45.968340026802572, -23.778423360710114 ], [ -45.968372007552247, -23.778416253876852 ], [ -45.968441821737827, -23.778397441671157 ], [ -45.968478819075685, -23.778387408494787 ], [ -45.968491987619672, -23.778384482151683 ], [ -45.968541735452497, -23.778369223362617 ], [ -45.968606951098906, -23.778349157009878 ], [ -45.968652936490606, -23.778335570416871 ], [ -45.968721078480129, -23.778314876990613 ], [ -45.968792564861758, -23.778291675270257 ], [ -45.968836250983877, -23.778277879652752 ], [ -45.968862379047323, -23.77826889159892 ], [ -45.968902720777315, -23.778254468907889 ], [ -45.968920905909478, -23.778246735001105 ], [ -45.968949124218021, -23.778234820604165 ], [ -45.968980895943197, -23.778221234011163 ], [ -45.968998454001841, -23.778213291079876 ], [ -45.969023745967277, -23.778200331560399 ], [ -45.969056980864003, -23.778181937403723 ], [ -45.969075793069699, -23.77817148617833 ], [ -45.969112163334039, -23.778147866408958 ], [ -45.969148742622892, -23.778123201517051 ], [ -45.969190965573439, -23.778091011742866 ], [ -45.969209986803648, -23.778076798076334 ], [ -45.969242803651362, -23.778048579767802 ], [ -45.969256390244354, -23.778037083419878 ], [ -45.969272276106942, -23.778022451704334 ], [ -45.969297568072371, -23.777995278518336 ], [ -45.969301957587035, -23.777990470954652 ], [ -45.969324323209364, -23.777962252646113 ], [ -45.9693360285818, -23.777944067513957 ], [ -45.969342874134419, -23.77793236214152 ], [ -45.969350764809576, -23.777915587924774 ], [ -45.969357505849956, -23.777900851696977 ], [ -45.969361634083988, -23.777887892177507 ], [ -45.96936377658519, -23.777881412417763 ], [ -45.969368166099841, -23.77786787808089 ], [ -45.969370360857184, -23.777857635880018 ], [ -45.969372973663532, -23.777845773739198 ], [ -45.969374489091216, -23.777829835620498 ], [ -45.969377206409824, -23.777802244385473 ], [ -45.96937731092207, -23.777800885726165 ], [ -45.969376109031153, -23.7777821257766 ], [ -45.969374593603462, -23.77775751314082 ], [ -45.969374123298344, -23.77775092886883 ], [ -45.969371562748123, -23.777736976482938 ], [ -45.969367434514083, -23.777715499214768 ], [ -45.969360588961486, -23.777689684688092 ], [ -45.96934522566017, -23.777641713563575 ], [ -45.96934182901191, -23.777631183953993 ], [ -45.969337805290131, -23.777622326540474 ], [ -45.969334278001554, -23.777614618761763 ], [ -45.969330384920099, -23.777606022628881 ], [ -45.969327536961181, -23.77759969963752 ], [ -45.96932319970265, -23.777590136766289 ], [ -45.96931003115867, -23.777561213000048 ], [ -45.969308907651943, -23.777558600193696 ], [ -45.969305850668512, -23.777551911409454 ], [ -45.969303407694575, -23.777546444112183 ], [ -45.96930138930167, -23.777543439384885 ], [ -45.969300327849076, -23.777541829242974 ], [ -45.969299772627728, -23.777540996410949 ], [ -45.96929920842485, -23.777540148881883 ], [ -45.969299033693432, -23.777539888417753 ], [ -45.969298991235334, -23.777539823097591 ], [ -45.969298903053115, -23.777539691640776 ], [ -45.969298843779676, -23.777539603617932 ], [ -45.96932097, -23.7777076 ], [ -45.96920776, -23.77799849 ], [ -45.96864071, -23.77827808 ], [ -45.9679264, -23.77840289 ], [ -45.96745681, -23.77834214 ], [ -45.96675478, -23.77804928 ], [ -45.96609964, -23.77785521 ], [ -45.96565291, -23.777766 ], [ -45.96458783, -23.777256 ], [ -45.96407818, -23.77697608 ], [ -45.96361316, -23.77649063 ], [ -45.96294218, -23.77623295 ], [ -45.96243456, -23.77622904 ], [ -45.96199694, -23.77633086 ], [ -45.96172186, -23.77657322 ], [ -45.96156998, -23.77683604 ], [ -45.96164195, -23.77721071 ], [ -45.96163577, -23.777416 ], [ -45.9614221, -23.77764382 ], [ -45.96117757, -23.77785767 ], [ -45.96107973, -23.77814846 ], [ -45.96138345, -23.77866324 ], [ -45.96177775, -23.77894389 ], [ -45.96270876, -23.77900178 ], [ -45.962720348871706, -23.779005612893833 ] ] ] ] } },
{ "type": "Feature", "properties": { "id_unidade": "1368596", "nome_unidade": "Área de Proteção Ambiental Marinha Litoral Centro", "tipo_unidade": "Unidade de Conservação", "categoria_unidade": "Área de Proteção Ambiental", "orgao_gestor": "Fundação Para Conservação e a Produção Florestal do Estado de São Paulo", "zona_geografica": "Zona para Usos de Baixa Escala", "descricao_unidade": "Zoneamento (polígonos) do Plano de Manejo da Área de Proteção Ambiental Marinha Litoral Centro (aprovado pelo Decreto nº 65.544, em 02 de março de 2021).", "gid": 29 }, "geometry": { "type": "MultiPolygon", "coordinates": [ [ [ [ -45.969485257729112, -23.776869889792977 ], [ -45.969031055039459, -23.777165121541248 ], [ -45.96928837, -23.77746008 ], [ -45.969298843779676, -23.777539603617932 ], [ -45.969298903053115, -23.777539691640776 ], [ -45.969298991235334, -23.777539823097591 ], [ -45.969299033693432, -23.777539888417753 ], [ -45.96929920842485, -23.777540148881883 ], [ -45.969299772627728, -23.777540996410949 ], [ -45.969300327849076, -23.777541829242974 ], [ -45.96930138930167, -23.777543439384885 ], [ -45.969303407694575, -23.777546444112183 ], [ -45.969305850668512, -23.777551911409454 ], [ -45.969308907651943, -23.777558600193696 ], [ -45.96931003115867, -23.777561213000048 ], [ -45.96932319970265, -23.777590136766289 ], [ -45.969327536961181, -23.77759969963752 ], [ -45.969330384920099, -23.777606022628881 ], [ -45.969334278001554, -23.777614618761763 ], [ -45.969337805290131, -23.777622326540474 ], [ -45.96934182901191, -23.777631183953993 ], [ -45.96934522566017, -23.777641713563575 ], [ -45.969360588961486, -23.777689684688092 ], [ -45.969367434514083, -23.777715499214768 ], [ -45.969371562748123, -23.777736976482938 ], [ -45.969374123298344, -23.77775092886883 ], [ -45.969374593603462, -23.77775751314082 ], [ -45.969376109031153, -23.7777821257766 ], [ -45.96937731092207, -23.777800885726165 ], [ -45.969377206409824, -23.777802244385473 ], [ -45.969374489091216, -23.777829835620498 ], [ -45.969372973663532, -23.777845773739198 ], [ -45.969370360857184, -23.777857635880018 ], [ -45.969368166099841, -23.77786787808089 ], [ -45.96936377658519, -23.777881412417763 ], [ -45.969361634083988, -23.777887892177507 ], [ -45.969357505849956, -23.777900851696977 ], [ -45.969350764809576, -23.777915587924774 ], [ -45.969342874134419, -23.77793236214152 ], [ -45.9693360285818, -23.777944067513957 ], [ -45.969324323209364, -23.777962252646113 ], [ -45.969301957587035, -23.777990470954652 ], [ -45.969297568072371, -23.777995278518336 ], [ -45.969272276106942, -23.778022451704334 ], [ -45.969256390244354, -23.778037083419878 ], [ -45.969242803651362, -23.778048579767802 ], [ -45.969209986803648, -23.778076798076334 ], [ -45.969190965573439, -23.778091011742866 ], [ -45.969148742622892, -23.778123201517051 ], [ -45.969112163334039, -23.778147866408958 ], [ -45.969075793069699, -23.77817148617833 ], [ -45.969056980864003, -23.778181937403723 ], [ -45.969023745967277, -23.778200331560399 ], [ -45.968998454001841, -23.778213291079876 ], [ -45.968980895943197, -23.778221234011163 ], [ -45.968949124218021, -23.778234820604165 ], [ -45.968920905909478, -23.778246735001105 ], [ -45.968902720777315, -23.778254468907889 ], [ -45.968862379047323, -23.77826889159892 ], [ -45.968836250983877, -23.778277879652752 ], [ -45.968792564861758, -23.778291675270257 ], [ -45.968721078480129, -23.778314876990613 ], [ -45.968652936490606, -23.778335570416871 ], [ -45.968606951098906, -23.778349157009878 ], [ -45.968541735452497, -23.778369223362617 ], [ -45.968491987619672, -23.778384482151683 ], [ -45.968478819075685, -23.778387408494787 ], [ -45.968441821737827, -23.778397441671157 ], [ -45.968372007552247, -23.778416253876852 ], [ -45.968340026802572, -23.778423360710114 ], [ -45.968288397749163, -23.778434439009018 ], [ -45.968259343342588, -23.778440918768762 ], [ -45.968220046735141, -23.778447398528499 ], [ -45.968168626706237, -23.778455341459793 ], [ -45.968143125716303, -23.778459312925435 ], [ -45.968123268388076, -23.778461403170514 ], [ -45.968044466148676, -23.778469137077302 ], [ -45.967995763438374, -23.778471436346891 ], [ -45.9679501960957, -23.778473108542943 ], [ -45.967915916076436, -23.778473317567457 ], [ -45.96789564069919, -23.778472063420409 ], [ -45.967849237258477, -23.778470391224349 ], [ -45.967833560420402, -23.778468719028293 ], [ -45.96778005014643, -23.778463284391091 ], [ -45.967761237940735, -23.778460567072482 ], [ -45.9677386632939, -23.778457640729378 ], [ -45.967725285725422, -23.778454923410777 ], [ -45.967701038882517, -23.778450951945135 ], [ -45.96765338129476, -23.778440918768762 ], [ -45.967628925427363, -23.778435902180576 ], [ -45.967619728349028, -23.77843339388648 ], [ -45.967599661996282, -23.778428168273795 ], [ -45.967574161006347, -23.778421479489545 ], [ -45.967548660016412, -23.778414581680796 ], [ -45.967533819276362, -23.778409983141625 ], [ -45.967513543899109, -23.778404130455414 ], [ -45.967495776815966, -23.778398277769192 ], [ -45.967465677286846, -23.778388035568319 ], [ -45.967441221419456, -23.77837967458801 ], [ -45.967425335556861, -23.778374030926305 ], [ -45.967404851155102, -23.778366715068532 ], [ -45.967393981880704, -23.778362952627393 ], [ -45.967372243331909, -23.778353964573554 ], [ -45.967346324292947, -23.778343095299157 ], [ -45.967316015739335, -23.778330344804189 ], [ -45.967293650117007, -23.778321147725851 ], [ -45.967275255960331, -23.778312995770051 ], [ -45.967244529357686, -23.778298991128036 ], [ -45.967210040313923, -23.77828352331446 ], [ -45.967178686637759, -23.778269309647939 ], [ -45.967159038334053, -23.778260321594111 ], [ -45.967123504167745, -23.778244435731519 ], [ -45.967089642197493, -23.77822938596697 ], [ -45.967072084138842, -23.778222279133708 ], [ -45.967043656805807, -23.778210364736772 ], [ -45.967013139227674, -23.778198450339826 ], [ -45.966999343610169, -23.778192597653607 ], [ -45.966984502870112, -23.778186326918387 ], [ -45.966964645541886, -23.778178802036102 ], [ -45.966913225512975, -23.778160407879422 ], [ -45.966880826714295, -23.77814849348249 ], [ -45.966790110077959, -23.77811525858576 ], [ -45.966730329068746, -23.778093729061467 ], [ -45.966691241485805, -23.778080142468465 ], [ -45.966657797564579, -23.778068228071529 ], [ -45.966634595844226, -23.778060494164734 ], [ -45.966578681788391, -23.778041890983555 ], [ -45.966537712984874, -23.778030603660145 ], [ -45.966492981740245, -23.778018062189677 ], [ -45.966466853676764, -23.778010537307399 ], [ -45.966393486074566, -23.777994233395795 ], [ -45.966352099222043, -23.777985036317464 ], [ -45.966326180183081, -23.777979810704771 ], [ -45.966280194791395, -23.777970822650932 ], [ -45.966238389889853, -23.777963088744155 ], [ -45.966178608880647, -23.777951383371722 ], [ -45.966144955934908, -23.777944694587468 ], [ -45.966111302989155, -23.777938423852245 ], [ -45.966079322239473, -23.777931526043488 ], [ -45.966037517337931, -23.777921910916138 ], [ -45.966009717078414, -23.77791605822992 ], [ -45.965955579730924, -23.777902053587908 ], [ -45.965893708476642, -23.777883241382209 ], [ -45.965835599663507, -23.777864429176514 ], [ -45.965799621320102, -23.777851365144777 ], [ -45.965793507353247, -23.777849170387441 ], [ -45.965780626217949, -23.77784449346408 ], [ -45.965768999229716, -23.777840312973929 ], [ -45.965750173959989, -23.777833532741464 ], [ -45.965738011346446, -23.777829110566724 ], [ -45.965735489988319, -23.777828209148534 ], [ -45.96573381126025, -23.777827608203069 ], [ -45.965731943103712, -23.777826928873431 ], [ -45.965730427676014, -23.777826386716107 ], [ -45.965728905716325, -23.777825824962743 ], [ -45.965727462140826, -23.777825315465503 ], [ -45.965725620112345, -23.777824649199886 ], [ -45.965721602922585, -23.777823192560348 ], [ -45.965716925999232, -23.777821330935829 ], [ -45.965712327460075, -23.77781949543937 ], [ -45.965709094112214, -23.777818208632247 ], [ -45.965705377395174, -23.777816722598637 ], [ -45.965702565362371, -23.777815605623918 ], [ -45.965699776191585, -23.777814482117186 ], [ -45.965697267897504, -23.777813482718759 ], [ -45.965694655091156, -23.777812463724292 ], [ -45.965692185989163, -23.777811470857873 ], [ -45.965688397419946, -23.777809929302133 ], [ -45.965684543530593, -23.777808426938481 ], [ -45.96567695332817, -23.777805356891037 ], [ -45.965671988996114, -23.777803371158207 ], [ -45.9656688536285, -23.77780214313923 ], [ -45.965663523503551, -23.77780005289415 ], [ -45.965658297890855, -23.777797910392945 ], [ -45.965651661362735, -23.777795349842727 ], [ -45.965644005840133, -23.777791927066414 ], [ -45.965630758911971, -23.777786205020508 ], [ -45.965624723329306, -23.7777835660861 ], [ -45.96561318778928, -23.777778562561949 ], [ -45.965608491269855, -23.777776524573 ], [ -45.965606518601078, -23.777775662346908 ], [ -45.965605029301443, -23.777775015677342 ], [ -45.965602465485205, -23.777773895436603 ], [ -45.965601407298649, -23.777773438195496 ], [ -45.965600211939744, -23.777772915634227 ], [ -45.965599117827082, -23.777772435531055 ], [ -45.965598154354737, -23.77777201748204 ], [ -45.965597272532598, -23.777771641891135 ], [ -45.965596318858275, -23.77777122057611 ], [ -45.965594398445617, -23.777770387744088 ], [ -45.965592445372877, -23.777769538582032 ], [ -45.96559030940368, -23.777768604503766 ], [ -45.965587990538054, -23.77776759857332 ], [ -45.965584757190207, -23.777766194189908 ], [ -45.965581713270808, -23.777764874722706 ], [ -45.965579048208348, -23.777763725087915 ], [ -45.965577349884214, -23.777762980438101 ], [ -45.965574123068386, -23.777761543394607 ], [ -45.965570112410639, -23.777759805878393 ], [ -45.965560889204255, -23.777755808284688 ], [ -45.965554095907748, -23.77775285581351 ], [ -45.965542599559839, -23.777747891481454 ], [ -45.965534708884661, -23.777744442577077 ], [ -45.965522219670326, -23.777738616018929 ], [ -45.965514538019676, -23.77773490583392 ], [ -45.965503355208519, -23.777729627965101 ], [ -45.96549436715469, -23.777725395218823 ], [ -45.965487051296904, -23.77772189405831 ], [ -45.965481564403582, -23.777719438020341 ], [ -45.965473203423265, -23.777715414298569 ], [ -45.965463065734653, -23.777710554478762 ], [ -45.965450837800951, -23.777704910817054 ], [ -45.965436833158932, -23.77769827428893 ], [ -45.965427322543832, -23.777693728005893 ], [ -45.965417655160344, -23.777689233978982 ], [ -45.965412116010896, -23.777686621172631 ], [ -45.965403493749946, -23.777682492938599 ], [ -45.965389645876321, -23.777675804154363 ], [ -45.965383531909467, -23.777672668786742 ], [ -45.965375170929157, -23.777668645064974 ], [ -45.965365869338569, -23.777664046525796 ], [ -45.965359389578829, -23.777660858902053 ], [ -45.96535191695267, -23.777657200973163 ], [ -45.965341256702779, -23.777651975360477 ], [ -45.965333784076627, -23.777648265175465 ], [ -45.965325684376957, -23.777644241453693 ], [ -45.965315651200576, -23.777639433890023 ], [ -45.965305199975198, -23.777634208277323 ], [ -45.965294121676301, -23.777628825896251 ], [ -45.965285342646965, -23.777624540893839 ], [ -45.965275100446085, -23.77761947204953 ], [ -45.965261722877599, -23.777612940033663 ], [ -45.965249129151005, -23.777606669298429 ], [ -45.965231832372986, -23.777598151549746 ], [ -45.96521688712069, -23.777590835691964 ], [ -45.965206853944331, -23.777586132640543 ], [ -45.965187728201876, -23.77757662202545 ], [ -45.965171215265755, -23.777568365557393 ], [ -45.96515553842768, -23.777560736162858 ], [ -45.965133172805359, -23.777549762376214 ], [ -45.96511791401629, -23.777542132981676 ], [ -45.965098892786095, -23.777533040415594 ], [ -45.965085828754354, -23.777526874192617 ], [ -45.965066807524153, -23.777517781626536 ], [ -45.965048935928756, -23.777509002597213 ], [ -45.965030123723061, -23.777500014543381 ], [ -45.96501580554429, -23.777493325759135 ], [ -45.965005249806644, -23.777488100146442 ], [ -45.964991140652366, -23.777481411362196 ], [ -45.964977763083873, -23.777474931602452 ], [ -45.964959473439443, -23.77746615257313 ], [ -45.964944528187139, -23.777459045739874 ], [ -45.964932091228931, -23.777453088541403 ], [ -45.964916309878596, -23.777445354634612 ], [ -45.964905858653204, -23.777440442558685 ], [ -45.964882656932858, -23.777429259747525 ], [ -45.964865516923226, -23.777421003279468 ], [ -45.964842628739632, -23.777410029492817 ], [ -45.964816814212924, -23.777397801559111 ], [ -45.964786610171579, -23.777382960819068 ], [ -45.964766543818826, -23.777373345691714 ], [ -45.964734772093649, -23.77735850495166 ], [ -45.964683352064753, -23.777333422010731 ], [ -45.96467039254528, -23.7773271512755 ], [ -45.96464029301616, -23.77731210151094 ], [ -45.964623571055554, -23.777303949555147 ], [ -45.964600160310681, -23.777291826133698 ], [ -45.964577794688353, -23.777280956859293 ], [ -45.964559818580689, -23.777271550756453 ], [ -45.964541424424013, -23.777262353678118 ], [ -45.964515505385059, -23.777249603183144 ], [ -45.964499410497972, -23.777241660251846 ], [ -45.964484569757914, -23.777233926345062 ], [ -45.964472237311959, -23.777227655609838 ], [ -45.964459695841505, -23.777220966825581 ], [ -45.96444339192989, -23.77721197877176 ], [ -45.964422489479126, -23.777200482423829 ], [ -45.964399078734253, -23.777188149977881 ], [ -45.964382983847166, -23.777179161924042 ], [ -45.964363126518933, -23.777167665576126 ], [ -45.964343687239719, -23.777156587277211 ], [ -45.964323411862473, -23.777144463855763 ], [ -45.964302300387189, -23.777132131409811 ], [ -45.96427847159331, -23.777117917743286 ], [ -45.964256105970982, -23.777104122125781 ], [ -45.964236875716281, -23.777091789679833 ], [ -45.964226424490889, -23.777084682846567 ], [ -45.964208866432244, -23.77707318649864 ], [ -45.964186709834429, -23.777058136734077 ], [ -45.964162672016045, -23.777040996724448 ], [ -45.964134035658482, -23.777020303298187 ], [ -45.964108743693046, -23.77700232719053 ], [ -45.964088468315801, -23.776986859376962 ], [ -45.964074463673789, -23.776975572053544 ], [ -45.964064848546435, -23.776968256195776 ], [ -45.964053143173999, -23.77695926814194 ], [ -45.964041646826082, -23.776949862039093 ], [ -45.964028896331115, -23.776939828862727 ], [ -45.964020117301786, -23.77693314007848 ], [ -45.963972459714036, -23.776894261520042 ], [ -45.963952393361289, -23.776876285412374 ], [ -45.963922293832177, -23.77684911222638 ], [ -45.963905153822552, -23.776834062461823 ], [ -45.963848299156453, -23.776782642432924 ], [ -45.963810674745069, -23.776747526315631 ], [ -45.963766361549439, -23.776705721414086 ], [ -45.963729991285085, -23.776671859443844 ], [ -45.963684423942404, -23.776628800395258 ], [ -45.963647217580032, -23.776592848179931 ], [ -45.963597051698187, -23.776548953033313 ], [ -45.963576149247409, -23.776532649121716 ], [ -45.963531418002759, -23.776499205200476 ], [ -45.963487104807136, -23.77647412225955 ], [ -45.963455751130965, -23.776458654445985 ], [ -45.963398896464881, -23.776434407603087 ], [ -45.963362944249553, -23.776422284181645 ], [ -45.963308597877557, -23.77640472612299 ], [ -45.963286441279735, -23.7763967831917 ], [ -45.963236693446902, -23.776382987574195 ], [ -45.963171059751474, -23.77636751976063 ], [ -45.963147649006622, -23.77636208512342 ], [ -45.963088286046421, -23.776350797800006 ], [ -45.962991298674844, -23.776334075839387 ], [ -45.962962871341801, -23.776329059251204 ], [ -45.962897655695386, -23.776318189976806 ], [ -45.962824497117701, -23.776304394359293 ], [ -45.962794815637608, -23.776299377771114 ], [ -45.962727091697111, -23.776290598741788 ], [ -45.962674835570184, -23.776285164104578 ], [ -45.962617980904085, -23.776282237761475 ], [ -45.962523919875615, -23.77628140166345 ], [ -45.962470827650655, -23.776282237761475 ], [ -45.96237133198499, -23.776287254349665 ], [ -45.962314477318891, -23.776303558261265 ], [ -45.962262639240983, -23.776318608025818 ], [ -45.962177357241835, -23.776347871456899 ], [ -45.962120920624763, -23.776370446103723 ], [ -45.962072008889947, -23.776390930505482 ], [ -45.96201013763568, -23.776424374426718 ], [ -45.961961225900886, -23.776455310053858 ], [ -45.961884775187158, -23.776512896305714 ], [ -45.961877224176817, -23.776519167040949 ], [ -45.961868471275565, -23.776526482898721 ], [ -45.961861573466813, -23.776532152688485 ], [ -45.961850625808218, -23.776542211992926 ], [ -45.961842238699838, -23.77654997202777 ], [ -45.96183309387763, -23.776558306880016 ], [ -45.961825229330529, -23.776565570481658 ], [ -45.961823975183478, -23.776566746244516 ], [ -45.961823531006395, -23.776567242677725 ], [ -45.961814098775491, -23.776577354238277 ], [ -45.961805293618106, -23.776586812597252 ], [ -45.961802079866303, -23.776590313757758 ], [ -45.961782614459025, -23.776611320720782 ], [ -45.961773208356178, -23.776621327769092 ], [ -45.961772006465253, -23.776622921580959 ], [ -45.961764690607488, -23.776632406068003 ], [ -45.961754735815312, -23.776645208819094 ], [ -45.961746296450819, -23.776656130349625 ], [ -45.961741828551965, -23.77666203529197 ], [ -45.96172604720163, -23.776682206156966 ], [ -45.961722023479851, -23.776688372379944 ], [ -45.961703368042556, -23.776715597822076 ], [ -45.961697776636974, -23.776723880418185 ], [ -45.961696705386373, -23.776725630998442 ], [ -45.961691218493044, -23.77673485420484 ], [ -45.961685156782316, -23.776745096405712 ], [ -45.961675907447834, -23.77676087775605 ], [ -45.961664620124438, -23.776779742217872 ], [ -45.961651294812079, -23.776802003327944 ], [ -45.961648629749583, -23.776807646989656 ], [ -45.961635826998496, -23.776834088589879 ], [ -45.961629556263262, -23.77684710036548 ], [ -45.961621561075837, -23.776867637023365 ], [ -45.961613618144547, -23.77689517600226 ], [ -45.961609751191148, -23.776921095041207 ], [ -45.961609489910522, -23.776933897792301 ], [ -45.961611893692371, -23.776950776521307 ], [ -45.961614506498698, -23.776970947386307 ], [ -45.961621561075837, -23.776994096850519 ], [ -45.961623651320927, -23.776998277340674 ], [ -45.961632169069603, -23.77701651472897 ], [ -45.961641104867304, -23.777035901752061 ], [ -45.961643247368499, -23.777039507424828 ], [ -45.961652183166208, -23.777054975238386 ], [ -45.961662373110961, -23.777072585553167 ], [ -45.961663679514139, -23.777075198359519 ], [ -45.961671831469936, -23.777091554527242 ], [ -45.961678833790955, -23.777112927283156 ], [ -45.961684163915905, -23.777128708633487 ], [ -45.961687142515146, -23.777143758398047 ], [ -45.961689859833754, -23.777158285601335 ], [ -45.961690591419519, -23.77716225706699 ], [ -45.961691270749178, -23.777167169142906 ], [ -45.961693465506499, -23.777184152384155 ], [ -45.961694249348412, -23.777194185560536 ], [ -45.961696574746028, -23.777242496349857 ], [ -45.961696444105712, -23.777246964248711 ], [ -45.961696339593459, -23.777251236187087 ], [ -45.961696156697016, -23.777256723080416 ], [ -45.9616960260567, -23.777262719470979 ], [ -45.961695803968169, -23.777270714658407 ], [ -45.961695751712043, -23.777271864293198 ], [ -45.961695621071733, -23.777276684920899 ], [ -45.961695464303347, -23.77728285114388 ], [ -45.961695333663016, -23.777287345170794 ], [ -45.96169460207723, -23.77729203515818 ], [ -45.961692302807663, -23.777306797514036 ], [ -45.961690996404492, -23.777315210750469 ], [ -45.961689846769708, -23.777322618056449 ], [ -45.961689121715928, -23.777327334171904 ], [ -45.961688929021463, -23.777328575254931 ], [ -45.961688700400913, -23.777330005766398 ], [ -45.961688602420672, -23.777330694894076 ], [ -45.961688524036475, -23.777330985568774 ], [ -45.961687939421068, -23.777333275040345 ], [ -45.961687599756246, -23.777334646763673 ], [ -45.961686665677981, -23.777338278564496 ], [ -45.96168618230881, -23.777340185913133 ], [ -45.961685529107214, -23.777342752995366 ], [ -45.961685271092584, -23.777343778521857 ], [ -45.961684944491793, -23.77734503920092 ], [ -45.961684853043572, -23.7773454017278 ], [ -45.961684777925399, -23.777345698934521 ], [ -45.96168466361511, -23.777346150460115 ], [ -45.961684584006157, -23.777346465221626 ], [ -45.961684542364559, -23.777346624847763 ], [ -45.961684509704483, -23.77734675467158 ], [ -45.961684466838129, -23.777346921237982 ], [ -45.961684437444028, -23.777347038610134 ], [ -45.96168438896423, -23.777347228446857 ], [ -45.961684355487655, -23.777347360311921 ], [ -45.961684329359585, -23.777347464007676 ], [ -45.961684305681032, -23.77734755586415 ], [ -45.961684267305444, -23.777347706100521 ], [ -45.961684238727877, -23.777347818369545 ], [ -45.961684179123239, -23.777348055563365 ], [ -45.961684161976699, -23.777348120883527 ], [ -45.96168414891266, -23.777348171914895 ], [ -45.961684134215631, -23.777348230703048 ], [ -45.961684117069083, -23.777348296431455 ], [ -45.961684095023536, -23.777348382980669 ], [ -45.961684054402561, -23.77734854281093 ], [ -45.961684024600238, -23.777348659978959 ], [ -45.961683985408136, -23.777348815114337 ], [ -45.96168394703254, -23.777348959226945 ], [ -45.961683905390942, -23.777349125793346 ], [ -45.961683849868813, -23.777349344615878 ], [ -45.961683798429185, -23.777349545475364 ], [ -45.961683729026511, -23.777349814104522 ], [ -45.961683657990839, -23.77735010151321 ], [ -45.961683595936684, -23.777350344830804 ], [ -45.961683548579579, -23.777350527727251 ], [ -45.961683488158442, -23.77735076287982 ], [ -45.961683447333336, -23.777350924547207 ], [ -45.961683372215148, -23.777351217671431 ], [ -45.961683333023053, -23.777351372806802 ], [ -45.961683282399925, -23.777351575299299 ], [ -45.961683229327292, -23.777351783099054 ], [ -45.961683204015742, -23.77735188230405 ], [ -45.961683185644439, -23.777351954564466 ], [ -45.961683172172165, -23.777352006004094 ], [ -45.961683148493599, -23.777352101534824 ], [ -45.961683123590291, -23.77735219788206 ], [ -45.96168308929721, -23.777352331380136 ], [ -45.961683064802145, -23.777352430176869 ], [ -45.96168303949058, -23.777352528973616 ], [ -45.961683009280009, -23.777352645325141 ], [ -45.961682972537417, -23.777352791070747 ], [ -45.961682943551601, -23.777352904972769 ], [ -45.961682919464799, -23.777352999278754 ], [ -45.961682893336729, -23.777353103382751 ], [ -45.961682869658162, -23.777353197280476 ], [ -45.961682830874338, -23.777353345475593 ], [ -45.961682802296771, -23.777353458561112 ], [ -45.961682770861437, -23.777353585118927 ], [ -45.961682731261092, -23.777353736988299 ], [ -45.961682709215538, -23.777353824354005 ], [ -45.96168267206469, -23.777353971324359 ], [ -45.961682639404614, -23.777354101556423 ], [ -45.961682608785786, -23.777354217907956 ], [ -45.961682583474222, -23.777354320787204 ], [ -45.961682542240879, -23.777354481638096 ], [ -45.961682516929322, -23.777354579618336 ], [ -45.961682489984746, -23.777354687396596 ], [ -45.961682456508164, -23.777354816812167 ], [ -45.961682430788343, -23.777354920099665 ], [ -45.961682409151045, -23.777355003791115 ], [ -45.961682374449715, -23.777355140555201 ], [ -45.961682338115381, -23.777355282218299 ], [ -45.961682288308751, -23.777355479811785 ], [ -45.961682247075409, -23.777355640662666 ], [ -45.961682214007077, -23.777355770486491 ], [ -45.961682179713989, -23.777355905617569 ], [ -45.961682140113645, -23.777356059528177 ], [ -45.961682127457877, -23.777356110151299 ], [ -45.96168210765768, -23.777356188331368 ], [ -45.961682080917249, -23.777356291210619 ], [ -45.961682061729462, -23.777356368370057 ], [ -45.961682048869548, -23.777356418789047 ], [ -45.961682032539507, -23.777356481659705 ], [ -45.961682012739331, -23.777356560043895 ], [ -45.961681999267064, -23.777356612708264 ], [ -45.961681985182381, -23.777356669251031 ], [ -45.961681965790461, -23.777356744369211 ], [ -45.961681939254149, -23.777356848473211 ], [ -45.961681901899183, -23.777356994627066 ], [ -45.961681873729873, -23.777357106079585 ], [ -45.96168185250081, -23.777357190179291 ], [ -45.961681827189246, -23.777357288567778 ], [ -45.961681792896165, -23.777357424107116 ], [ -45.961681750846317, -23.777357587407511 ], [ -45.961681683484898, -23.777357856036659 ], [ -45.961681618164732, -23.77735811078529 ], [ -45.961681573257117, -23.777358285108456 ], [ -45.961681525083506, -23.777358476986429 ], [ -45.961681480992397, -23.777358647635346 ], [ -45.961681426286766, -23.777358862375369 ], [ -45.961681370764637, -23.777359082830902 ], [ -45.961681293196946, -23.777359382487134 ], [ -45.961681235225313, -23.777359611924194 ], [ -45.961681187868194, -23.777359801352649 ], [ -45.961681119282019, -23.777360067532296 ], [ -45.961681063759897, -23.777360283905324 ], [ -45.961681000889236, -23.777360534571436 ], [ -45.961680960880628, -23.777360687257307 ], [ -45.961680901275997, -23.777360926492388 ], [ -45.961680853918885, -23.777361111838339 ], [ -45.961680821258803, -23.777361236763142 ], [ -45.961680755938637, -23.777361494777761 ], [ -45.961680675104944, -23.77736181484655 ], [ -45.96168060243626, -23.777362096539729 ], [ -45.961680557528652, -23.777362276986668 ], [ -45.961680484859976, -23.777362557046843 ], [ -45.961680447300893, -23.777362705650209 ], [ -45.961680366467192, -23.777363021636464 ], [ -45.961680332990618, -23.777363157992305 ], [ -45.961680302780046, -23.777363273119075 ], [ -45.961680271752968, -23.777363397227376 ], [ -45.961680254606414, -23.777363464180539 ], [ -45.961680208882314, -23.777363640544969 ], [ -45.961680154993175, -23.777363860184003 ], [ -45.961680111718564, -23.777364022667889 ], [ -45.961680039866394, -23.777364307627089 ], [ -45.961679967197718, -23.777364594219282 ], [ -45.961679895345547, -23.777364872646455 ], [ -45.961679847988435, -23.777365063707922 ], [ -45.961679792466306, -23.777365279264444 ], [ -45.961679750008209, -23.777365448280349 ], [ -45.961679650394949, -23.777365835302291 ], [ -45.96167960303783, -23.777366017382239 ], [ -45.961679552414722, -23.777366219874722 ], [ -45.961679469131511, -23.777366547292022 ], [ -45.961679349922221, -23.777367014331155 ], [ -45.961679216015895, -23.777367545057448 ], [ -45.961679149062732, -23.777367804705083 ], [ -45.961678992294374, -23.77736842116407 ], [ -45.961678903295656, -23.77736877225993 ], [ -45.961678828993982, -23.777369059668619 ], [ -45.961678597107408, -23.77736996925184 ], [ -45.96167837501887, -23.777370854339992 ], [ -45.961678179058396, -23.777371612053834 ], [ -45.961677898181712, -23.777372729028542 ], [ -45.961677522590811, -23.777374195466098 ], [ -45.961677303768269, -23.7773750609582 ], [ -45.961677055551661, -23.777376017898526 ], [ -45.961676875921228, -23.777376880124621 ], [ -45.961676490532291, -23.777378722153092 ], [ -45.961676273342754, -23.777379755844606 ], [ -45.961676181894532, -23.777380195122671 ], [ -45.961676096161838, -23.777380599291156 ], [ -45.961675964705016, -23.777381232896694 ], [ -45.961675847128731, -23.777381773421009 ], [ -45.961675750781495, -23.777382251891169 ], [ -45.961675620141179, -23.777382878964694 ], [ -45.961675517261931, -23.777383370498885 ], [ -45.961675246183276, -23.777384642608979 ], [ -45.961674965306585, -23.777386007800292 ], [ -45.961674713823975, -23.777387209691209 ], [ -45.961674462341364, -23.777388382188057 ], [ -45.961674129208554, -23.777389989063956 ], [ -45.961673792809741, -23.777391595939857 ], [ -45.961672979573791, -23.777395472691282 ], [ -45.961672796677327, -23.777398150817788 ], [ -45.961672613780884, -23.777401116352991 ], [ -45.961672417820417, -23.777404225592541 ], [ -45.961672156539763, -23.777408001097719 ], [ -45.961671947515256, -23.777411358553866 ], [ -45.96167181687494, -23.777413487991041 ], [ -45.961671647042529, -23.77741619224561 ], [ -45.961671372697865, -23.777420424991892 ], [ -45.961671215929485, -23.777422698133417 ], [ -45.961672012835429, -23.777429112572992 ], [ -45.961672875061524, -23.777436193278188 ], [ -45.961673528263105, -23.777441366634761 ], [ -45.961674390489193, -23.777448473468016 ], [ -45.961675461739802, -23.777456912832523 ], [ -45.961676532990403, -23.777465665733779 ], [ -45.961677656497137, -23.777474862812117 ], [ -45.961678126802276, -23.777478024307797 ], [ -45.961679224180934, -23.777486672696803 ], [ -45.961680190919282, -23.777493753401995 ], [ -45.96167998189479, -23.777496758129299 ], [ -45.961679485461588, -23.777505328134115 ], [ -45.961673580519246, -23.77752291232083 ], [ -45.96166553307571, -23.777543605747095 ], [ -45.961658008193425, -23.77756252246504 ], [ -45.961642958428868, -23.777600669437703 ], [ -45.961617666463439, -23.777665258010572 ], [ -45.961602616698883, -23.777703718519998 ], [ -45.961584431566706, -23.777749912936198 ], [ -45.961558930576771, -23.777814919558093 ], [ -45.961527994949627, -23.777893303748488 ], [ -45.961509600792951, -23.77793866206666 ], [ -45.96148308080852, -23.77800769241032 ], [ -45.96148143474052, -23.778011820644348 ], [ -45.961499097311425, -23.778028124555949 ], [ -45.961520417811208, -23.778055506766453 ], [ -45.961538393918886, -23.778083725074996 ], [ -45.96155772868584, -23.778116437410453 ], [ -45.961566507715169, -23.778131643943386 ], [ -45.961573248755542, -23.778143924133214 ], [ -45.961579676259149, -23.778155524993391 ], [ -45.961587410165919, -23.778169477379283 ], [ -45.96159488279207, -23.778183168484532 ], [ -45.961603374412704, -23.778198479529721 ], [ -45.961606744932901, -23.778204645752695 ], [ -45.961608338744767, -23.778207650479999 ], [ -45.961610742526616, -23.778211987738526 ], [ -45.961614531095812, -23.778218754906966 ], [ -45.961616360060269, -23.778222177683283 ], [ -45.96161897286661, -23.778226828478573 ], [ -45.961620305397844, -23.778229258388482 ], [ -45.961622578539362, -23.778233491134763 ], [ -45.961626027443735, -23.778239657357734 ], [ -45.96162741223111, -23.778242165651836 ], [ -45.961630887263546, -23.778248514771253 ], [ -45.96163300363667, -23.778252277212395 ], [ -45.961635799339469, -23.778257372184765 ], [ -45.961637680560045, -23.778260768833018 ], [ -45.961640580775089, -23.778266125086024 ], [ -45.961643846783012, -23.778271977772238 ], [ -45.961646982150633, -23.778277673690077 ], [ -45.961650457183069, -23.778283996681434 ], [ -45.961652390659765, -23.778287445585811 ], [ -45.961654454776784, -23.77829078997793 ], [ -45.961657407247948, -23.778295440773228 ], [ -45.961660986792644, -23.778301058306873 ], [ -45.961663913135752, -23.77830570910217 ], [ -45.961667257527878, -23.778311065355187 ], [ -45.961670758688378, -23.778316709016899 ], [ -45.961674442745334, -23.77832253557505 ], [ -45.961679485461573, -23.77833058301859 ], [ -45.961683744335922, -23.77833740244316 ], [ -45.961686409398389, -23.778341661317501 ], [ -45.961691452114636, -23.778349604248795 ], [ -45.961696285806376, -23.77835736428365 ], [ -45.961698689588218, -23.778361152852849 ], [ -45.961700988857807, -23.778364863037854 ], [ -45.961701615931325, -23.778365725263956 ], [ -45.961703836816731, -23.778368756119328 ], [ -45.961705038707649, -23.778370454443444 ], [ -45.961708748892654, -23.778375444903563 ], [ -45.961711413955122, -23.778379155088583 ], [ -45.96171222392509, -23.77838025246724 ], [ -45.961713869993098, -23.778382473352643 ], [ -45.961716352159122, -23.778385896128949 ], [ -45.961717606306166, -23.778387620581139 ], [ -45.961719748807369, -23.778390128875238 ], [ -45.961723903169457, -23.778395223847618 ], [ -45.961725366341014, -23.77839689604367 ], [ -45.961729991008248, -23.778402513577316 ], [ -45.961733100247805, -23.778406276018455 ], [ -45.961734850828051, -23.778408366263534 ], [ -45.961738561013071, -23.778412834162385 ], [ -45.96174237571033, -23.778417432701559 ], [ -45.961744648851862, -23.778420202276287 ], [ -45.96174914287878, -23.778425636913482 ], [ -45.961758731878064, -23.778435539449532 ], [ -45.961781411037151, -23.778459054706651 ], [ -45.96180189543891, -23.778477135326568 ], [ -45.961820394107832, -23.778493334725919 ], [ -45.961842968754674, -23.778513192054152 ], [ -45.96185394254131, -23.778522545900877 ], [ -45.961868417488461, -23.778534721578442 ], [ -45.96187745779843, -23.778542350972977 ], [ -45.961889476707618, -23.778552593173856 ], [ -45.961901182080055, -23.778562469581839 ], [ -45.9619156047711, -23.778574593003281 ], [ -45.961929766181477, -23.778586507400224 ], [ -45.961945547531812, -23.778599832712587 ], [ -45.961955214915292, -23.77860814143677 ], [ -45.961968592483792, -23.778619428760177 ], [ -45.961983119687076, -23.778631238644866 ], [ -45.962002767990796, -23.77864749030034 ], [ -45.962018026779859, -23.778655171950998 ], [ -45.962034226179206, -23.778657575732844 ], [ -45.962043214233042, -23.778656896403188 ], [ -45.962075456263349, -23.778646967739071 ], [ -45.962091133101417, -23.778640592491591 ], [ -45.962130011659845, -23.778624706629007 ], [ -45.962160215701211, -23.77861456894038 ], [ -45.962202856700777, -23.778605580886552 ], [ -45.962225953908884, -23.778603595153729 ], [ -45.962260861001667, -23.778603281616967 ], [ -45.962277896499046, -23.778604953813023 ], [ -45.962318551765804, -23.778609029790925 ], [ -45.962333183481341, -23.778612165158542 ], [ -45.962372898137794, -23.778620526138845 ], [ -45.962386171194041, -23.778623556994212 ], [ -45.962425676825994, -23.7786342172441 ], [ -45.962457135014397, -23.778644563957236 ], [ -45.962503329430596, -23.77865950920954 ], [ -45.962520887489241, -23.778666407018289 ], [ -45.962547120064961, -23.778676753731421 ], [ -45.962565723246144, -23.778685532760747 ], [ -45.962590492650321, -23.778699850939521 ], [ -45.962625713279863, -23.778727233150033 ], [ -45.962655708296715, -23.778758691338442 ], [ -45.962670444524512, -23.778777399031885 ], [ -45.962689361242468, -23.778806139901686 ], [ -45.962704620031523, -23.778836030406293 ], [ -45.962710472717745, -23.778851080170853 ], [ -45.962714862232403, -23.778865920910899 ], [ -45.96271966979608, -23.778895079829727 ], [ -45.962720610406372, -23.778920894356428 ], [ -45.96271977430834, -23.778936362170001 ], [ -45.962718102112269, -23.778966566211366 ], [ -45.962717579551011, -23.77899238073806 ], [ -45.962719042722561, -23.779001995865418 ], [ -45.962720348871706, -23.779005612893833 ], [ -45.96331782, -23.77920322 ], [ -45.96445898, -23.77959952 ], [ -45.96490597, -23.77972412 ], [ -45.96557526, -23.77974824 ], [ -45.96628472, -23.78000566 ], [ -45.96740921, -23.7802251 ], [ -45.96846576, -23.78027246 ], [ -45.96874937, -23.78008223 ], [ -45.968785179720584, -23.780028705841609 ], [ -45.968768525512253, -23.780033662451235 ], [ -45.968756611115325, -23.780035125622785 ], [ -45.968725466463674, -23.780038679039414 ], [ -45.96869076839539, -23.780039097088434 ], [ -45.968631823484223, -23.780034916598275 ], [ -45.968610293959927, -23.780033662451235 ], [ -45.968537971480252, -23.780024674397396 ], [ -45.968490522917016, -23.780018821711188 ], [ -45.968425516295106, -23.780010669755388 ], [ -45.968363226991819, -23.78000272682409 ], [ -45.968291531585663, -23.779994992917306 ], [ -45.968219627155023, -23.779986840961502 ], [ -45.968156710778203, -23.779980152177256 ], [ -45.968122221734419, -23.779976180711607 ], [ -45.9681052907493, -23.779974090466535 ], [ -45.968048854132221, -23.779968237780324 ], [ -45.968007885328703, -23.77996343021664 ], [ -45.967965453353642, -23.779958831677465 ], [ -45.967926783819721, -23.779954651187317 ], [ -45.967891458677919, -23.779950470697152 ], [ -45.967840456698042, -23.779945245084466 ], [ -45.967810357168929, -23.779941900692339 ], [ -45.967774404953595, -23.779937720202195 ], [ -45.967736989566724, -23.779933539712037 ], [ -45.967701455400402, -23.77992873214836 ], [ -45.967654006837158, -23.779923297511161 ], [ -45.967617218523799, -23.779919117021009 ], [ -45.967600078514174, -23.779916817751424 ], [ -45.967593598754434, -23.779915563604369 ], [ -45.967559318735169, -23.779910965065202 ], [ -45.96752106725026, -23.779905321403501 ], [ -45.96749640235835, -23.779900931888836 ], [ -45.967449789893124, -23.779891943835004 ], [ -45.967397115717176, -23.77988253773216 ], [ -45.967351548374495, -23.779871250408743 ], [ -45.967303263713227, -23.779858917962784 ], [ -45.967277135649752, -23.779852647227564 ], [ -45.967224670498325, -23.779836970389479 ], [ -45.967180566327201, -23.779823174771973 ], [ -45.967152975092176, -23.779813768669129 ], [ -45.967104272381889, -23.779795165487936 ], [ -45.967077517244896, -23.779784923287071 ], [ -45.96703257697574, -23.77976569303236 ], [ -45.966999969152539, -23.779749598145262 ], [ -45.966957119128459, -23.779727650571949 ], [ -45.966919912766087, -23.779709256415273 ], [ -45.966879152987083, -23.779690862258597 ], [ -45.966838602232592, -23.779673931273472 ], [ -45.966815818561251, -23.779665152244149 ], [ -45.966784464885095, -23.779653864920732 ], [ -45.966737852419875, -23.779637561009132 ], [ -45.966703781425124, -23.779625855636702 ], [ -45.966684133121397, -23.779619166852445 ], [ -45.966649644077627, -23.779608088553545 ], [ -45.966606376004535, -23.779593456838001 ], [ -45.966598224048738, -23.779590530494897 ], [ -45.966581502088111, -23.779583632686141 ], [ -45.966551820608025, -23.779571718289201 ], [ -45.966528618887672, -23.779561894137338 ], [ -45.966497056186995, -23.779547680470817 ], [ -45.966463403241242, -23.77953283973077 ], [ -45.966424106633802, -23.77951444557409 ], [ -45.966392543933139, -23.77949960483404 ], [ -45.966376867095065, -23.779492288976272 ], [ -45.966352202203147, -23.779480792628345 ], [ -45.966316877061359, -23.77946490676576 ], [ -45.96629513851255, -23.779455082613904 ], [ -45.966256050929616, -23.779437524555256 ], [ -45.966218008469227, -23.779420175521118 ], [ -45.96619773309196, -23.779411396491785 ], [ -45.966182265278398, -23.779404916732052 ], [ -45.966162616974671, -23.779396764776248 ], [ -45.966145476965032, -23.779389657942986 ], [ -45.966126037685825, -23.779381715011699 ], [ -45.966088831323447, -23.779366665247142 ], [ -45.966046817397384, -23.779350779384554 ], [ -45.966005848593873, -23.779334684497467 ], [ -45.965976376138286, -23.779323397174046 ], [ -45.965926001231949, -23.779304166919335 ], [ -45.965882524134337, -23.779287026909707 ], [ -45.965845735820977, -23.779273231292194 ], [ -45.965811664826226, -23.779259435674685 ], [ -45.965767351630596, -23.779241250542519 ], [ -45.965733280635831, -23.779227245900501 ], [ -45.965716976724231, -23.77922055711625 ], [ -45.965694193052897, -23.7792109419889 ], [ -45.965666810842386, -23.779198818567455 ], [ -45.96564340009752, -23.779188576366575 ], [ -45.965614136666446, -23.779176034896114 ], [ -45.965580692745213, -23.77916161220508 ], [ -45.965549548093563, -23.779147816587571 ], [ -45.965519657588963, -23.779135066092593 ], [ -45.96549185732944, -23.779122733646645 ], [ -45.965462593898359, -23.779109774127164 ], [ -45.965421625094848, -23.779090125823444 ], [ -45.965388181173616, -23.779074448985369 ], [ -45.965358917742549, -23.779061071416873 ], [ -45.965318366988051, -23.779041841162169 ], [ -45.965273217694389, -23.779020520662382 ], [ -45.965235593282998, -23.779003798701766 ], [ -45.965209883268543, -23.778991884304823 ], [ -45.965183964229595, -23.778980806005912 ], [ -45.965148012014268, -23.778964502094308 ], [ -45.965110178578371, -23.778947780133691 ], [ -45.965069418799374, -23.778929804026035 ], [ -45.965040782441818, -23.778916844506558 ], [ -45.964994379001098, -23.778896987178321 ], [ -45.964956127516196, -23.77888131034025 ], [ -45.964910769198006, -23.77886270715906 ], [ -45.964869800394503, -23.778847866419014 ], [ -45.964820470610682, -23.778830308360366 ], [ -45.96480374865007, -23.778824246649645 ], [ -45.964774903268008, -23.7788150495713 ], [ -45.964743549591851, -23.778805225419443 ], [ -45.96470488005793, -23.778794565169552 ], [ -45.964679797117007, -23.778787249311776 ], [ -45.964637574166453, -23.778775125890338 ], [ -45.964583436818955, -23.778760703199307 ], [ -45.964548111677153, -23.778750879047447 ], [ -45.964502544334472, -23.778738337576982 ], [ -45.964460216871664, -23.778726841229048 ], [ -45.96442625038916, -23.778717435126204 ], [ -45.964391134271878, -23.778708238047866 ], [ -45.964360407669233, -23.778700399628828 ], [ -45.964341699975797, -23.778695592065144 ], [ -45.964329681066602, -23.778692456697527 ], [ -45.964315049351072, -23.778688589744135 ], [ -45.964308047030052, -23.778686708523569 ], [ -45.964291116044926, -23.778682737057924 ], [ -45.964272199326992, -23.778678452055516 ], [ -45.964251192363967, -23.778673330955083 ], [ -45.964228304180374, -23.778669150464921 ], [ -45.964209073925652, -23.778665492536035 ], [ -45.964194755746881, -23.778663088754204 ], [ -45.964177511225003, -23.778659744362077 ], [ -45.964166223901586, -23.778658490215033 ], [ -45.96414584401208, -23.778655877408688 ], [ -45.964123164852992, -23.77865347362685 ], [ -45.964093169836133, -23.778650965332758 ], [ -45.964060039451667, -23.778647829965141 ], [ -45.964028058701984, -23.778642290815686 ], [ -45.964006320153182, -23.778638528374547 ], [ -45.963968800254044, -23.77862724105114 ], [ -45.963933997673514, -23.778613967994893 ], [ -45.963904525217927, -23.778602680671476 ], [ -45.963874634713328, -23.778591497860315 ], [ -45.963841817865621, -23.77857926992662 ], [ -45.963815062728628, -23.778569550287003 ], [ -45.963785067711775, -23.778560562233171 ], [ -45.963769495385947, -23.778555754669497 ], [ -45.963740650003885, -23.778546975640172 ], [ -45.963730721339779, -23.778544362833827 ], [ -45.963703966202793, -23.778537465025071 ], [ -45.96367731557806, -23.778530985265331 ], [ -45.963645961901896, -23.778524087456578 ], [ -45.963630285063829, -23.778520952088964 ], [ -45.963615757860552, -23.778517712209091 ], [ -45.963600290046976, -23.778514576841481 ], [ -45.96358367259861, -23.778510814400342 ], [ -45.963562561123332, -23.778506320373427 ], [ -45.963538105255928, -23.778501199272984 ], [ -45.963502571089613, -23.778494301464242 ], [ -45.963492119864227, -23.778492211219163 ], [ -45.963473307658553, -23.77848855329027 ], [ -45.963439550200562, -23.778481864506031 ], [ -45.963427217754599, -23.778479460724196 ], [ -45.96339920847057, -23.778474130599243 ], [ -45.963378096995292, -23.778469845596842 ], [ -45.963352386980837, -23.778465038033154 ], [ -45.963324586721306, -23.778459394371453 ], [ -45.963307864760687, -23.778456154491582 ], [ -45.963282259258492, -23.778451137903396 ], [ -45.963252368753899, -23.778444971680422 ], [ -45.963219342881686, -23.778437551310397 ], [ -45.963212549585187, -23.778436192651093 ], [ -45.963188407254549, -23.778430653501637 ], [ -45.963167609316017, -23.778425950450227 ], [ -45.963142944424114, -23.778420411300761 ], [ -45.963138136860444, -23.77841957520274 ], [ -45.963132597710995, -23.778418216543439 ], [ -45.963120996850819, -23.778415185688075 ], [ -45.963089538662402, -23.778406511171006 ], [ -45.963084522074212, -23.778405257023959 ], [ -45.963048360834385, -23.778395537384348 ], [ -45.963029130579677, -23.778390416283916 ], [ -45.963005824347071, -23.778383936524172 ], [ -45.962977397014015, -23.778374843958083 ], [ -45.962950641877036, -23.77836637846552 ], [ -45.962943430531524, -23.778364079195939 ], [ -45.962929425889506, -23.778359585169017 ], [ -45.962901834654488, -23.778349761017164 ], [ -45.962880827691457, -23.778342340647143 ], [ -45.962854908652496, -23.778331993934014 ], [ -45.962824286562117, -23.778319870512565 ], [ -45.962802234476555, -23.778311091483239 ], [ -45.962784258368899, -23.778303984649977 ], [ -45.962773493606761, -23.778299281598546 ], [ -45.96273722785466, -23.778282977686949 ], [ -45.962715071256852, -23.778273049022829 ], [ -45.96268946575465, -23.778261552674913 ], [ -45.962660620372596, -23.778247339008395 ], [ -45.962634178772362, -23.778234484001167 ], [ -45.962603347657478, -23.778218180089571 ], [ -45.962576488008246, -23.778204279959798 ], [ -45.962564678123563, -23.778198009224575 ], [ -45.962550568969291, -23.778189752756518 ], [ -45.962525277003856, -23.778175121040977 ], [ -45.962503851991812, -23.778162893107279 ], [ -45.96249308722966, -23.778156622372045 ], [ -45.962459434283929, -23.77813739211733 ], [ -45.962437173173853, -23.778123282963072 ], [ -45.962407282669254, -23.77810447075737 ], [ -45.962394218637513, -23.778096109777067 ], [ -45.962375092895066, -23.77808315025759 ], [ -45.962351055076681, -23.778067055370499 ], [ -45.962328271405347, -23.778050646946632 ], [ -45.962302038829634, -23.778031521204177 ], [ -45.962274134057857, -23.778011036802429 ], [ -45.962251245874263, -23.777991911059971 ], [ -45.962232224644062, -23.777976025197383 ], [ -45.962203431518112, -23.777952039635139 ], [ -45.962185873459468, -23.777934690600993 ], [ -45.962180282053893, -23.77792821084126 ], [ -45.962166852229274, -23.777913004308317 ], [ -45.962158961554103, -23.777904120766749 ], [ -45.962148314127894, -23.777887971321249 ], [ -45.96204282, -23.7778047 ], [ -45.96209556, -23.77754013 ], [ -45.96220503, -23.77755203 ], [ -45.96236789, -23.77738744 ], [ -45.96227033, -23.7771364 ], [ -45.962273599130114, -23.777131051669237 ], [ -45.96221482335379, -23.77704597065037 ], [ -45.962207925545037, -23.777031966008355 ], [ -45.962208134569551, -23.777030920885814 ], [ -45.962210642863631, -23.777029980275536 ], [ -45.962255060571522, -23.777052450410107 ], [ -45.962285996198659, -23.777069276882973 ], [ -45.962305135720896, -23.77707945747991 ], [ -45.96232437, -23.77704799 ], [ -45.96254321, -23.7770592 ], [ -45.96343327, -23.77724238 ], [ -45.96468111, -23.77773788 ], [ -45.96503815, -23.77794955 ], [ -45.9657103, -23.77824732 ], [ -45.96616277, -23.77842064 ], [ -45.9673952, -23.77867714 ], [ -45.96802494, -23.77878643 ], [ -45.96839418, -23.7787967 ], [ -45.96899453, -23.77862935 ], [ -45.96964733, -23.77815969 ], [ -45.969794548735535, -23.777730953328813 ], [ -45.969783018735534, -23.777413193328819 ], [ -45.969778685074139, -23.777400865396864 ], [ -45.96976769, -23.77736958 ], [ -45.969751517963978, -23.777329043352534 ], [ -45.969750187672425, -23.777325752191324 ], [ -45.969750070613721, -23.777325773020202 ], [ -45.96975007, -23.77732576 ], [ -45.969485257729112, -23.776869889792977 ] ] ] ] } },
{ "type": "Feature", "properties": { "id_unidade": "1368596", "nome_unidade": "Área de Proteção Ambiental Marinha Litoral Centro", "tipo_unidade": "Unidade de Conservação", "categoria_unidade": "Área de Proteção Ambiental", "orgao_gestor": "Fundação Para Conservação e a Produção Florestal do Estado de São Paulo", "zona_geografica": "Zona de Proteção Especial", "descricao_unidade": "Zoneamento (polígonos) do Plano de Manejo da Área de Proteção Ambiental Marinha Litoral Centro (aprovado pelo Decreto nº 65.544, em 02 de março de 2021).", "gid": 31 }, "geometry": { "type": "MultiPolygon", "coordinates": [ [ [ [ -45.962305135720896, -23.77707945747991 ], [ -45.962285996198659, -23.777069276882973 ], [ -45.962255060571522, -23.777052450410107 ], [ -45.962210642863631, -23.777029980275536 ], [ -45.962208134569551, -23.777030920885814 ], [ -45.962207925545037, -23.777031966008355 ], [ -45.96221482335379, -23.77704597065037 ], [ -45.962273599130114, -23.777131051669237 ], [ -45.962305135720896, -23.77707945747991 ] ] ] ] } },
{ "type": "Feature", "properties": { "id_unidade": "1368602", "nome_unidade": "Área de Proteção Ambiental Marinha Litoral Centro", "tipo_unidade": "Unidade de Conservação", "categoria_unidade": "Área de Proteção Ambiental", "orgao_gestor": "Fundação Para Conservação e a Produção Florestal do Estado de São Paulo", "zona_geografica": "Zona de Uso Intensivo", "descricao_unidade": "Zoneamento (polígonos) do Plano de Manejo da Área de Proteção Ambiental Marinha Litoral Centro (aprovado pelo Decreto nº 65.544, em 02 de março de 2021).", "gid": 39 }, "geometry": { "type": "MultiPolygon", "coordinates": [ [ [ [ -46.276890889701782, -24.095854809768504 ], [ -46.214135784707608, -24.073880302319409 ], [ -46.160197428543228, -24.055579788620779 ], [ -46.131408901145974, -24.045680387935843 ], [ -46.131141349776115, -24.044984754374202 ], [ -46.119583130598031, -24.043513221839952 ], [ -46.115115022721312, -24.042964741531737 ], [ -46.110365985906242, -24.041560096839952 ], [ -46.102018383166524, -24.039152134511191 ], [ -46.097202458508981, -24.037814377661871 ], [ -46.088012068954178, -24.035152241531733 ], [ -46.080587518440481, -24.033011830572828 ], [ -46.077771540272678, -24.032195798894747 ], [ -46.075196358337749, -24.0310252616516 ], [ -46.071744945666516, -24.02940657586392 ], [ -46.068400553543235, -24.027894910624202 ], [ -46.067383858337756, -24.027406629374205 ], [ -46.064761854913094, -24.026209336994061 ], [ -46.062521112190495, -24.025185953004339 ], [ -46.060159971351446, -24.024082303603652 ], [ -46.057825585649404, -24.023012098124198 ], [ -46.054735367327481, -24.021594075863916 ], [ -46.052795619895974, -24.020697778774885 ], [ -46.049718779142552, -24.01927306773036 ], [ -46.048394399861728, -24.018664388363923 ], [ -46.04523729369734, -24.017239677319402 ], [ -46.043130326659664, -24.016303247524874 ], [ -46.04010030739596, -24.01499224581255 ], [ -46.037371283423361, -24.013815019785156 ], [ -46.035050275289798, -24.012805013363923 ], [ -46.028990236762404, -24.010162943586526 ], [ -46.02631472306377, -24.009012472696114 ], [ -46.024120801830897, -24.008069354117346 ], [ -46.02009415371446, -24.006296826291997 ], [ -46.017191221351446, -24.005052712422138 ], [ -46.012983976060355, -24.003213296754325 ], [ -46.009826869895967, -24.001848784768029 ], [ -46.007111223491854, -24.000671558740631 ], [ -46.006375457224735, -24.000350497096797 ], [ -46.003980872464453, -23.999032806600223 ], [ -46.000114755169939, -23.996925839562554 ], [ -45.998663288988425, -23.996129874237216 ], [ -45.995847310820615, -23.994591453860501 ], [ -45.994843993183629, -23.994049662336522 ], [ -45.991272182395953, -23.992109914905019 ], [ -45.98762679498158, -23.990143412336526 ], [ -45.983653657139108, -23.987962868672135 ], [ -45.98175404241308, -23.986926107113909 ], [ -45.980623637875404, -23.986304050178994 ], [ -45.979349424476432, -23.985544873167004 ], [ -45.978105310606573, -23.984815795684121 ], [ -45.976891296265819, -23.984090062593367 ], [ -45.974824461933636, -23.982869359468374 ], [ -45.972503453800073, -23.981511536266318 ], [ -45.967707595495277, -23.978722313235497 ], [ -45.960456953371995, -23.974495001591663 ], [ -45.953206311248699, -23.970267689947825 ], [ -45.947560977344622, -23.96692329782454 ], [ -45.938022771008995, -23.961505382584814 ], [ -45.93320684635146, -23.960742861180705 ], [ -45.923267312961038, -23.959137552961529 ], [ -45.918290857481601, -23.957746285838248 ], [ -45.913167248748721, -23.956314886009476 ], [ -45.909220866043235, -23.955204547824547 ], [ -45.90732794010146, -23.954324972696121 ], [ -45.905351404356601, -23.953405264862223 ], [ -45.903415001317214, -23.952502278988938 ], [ -45.901321411848038, -23.951525716488923 ], [ -45.900415081582622, -23.951105995277448 ], [ -45.899839846137404, -23.950841788299712 ], [ -45.899212772614298, -23.950549153988927 ], [ -45.898523827836897, -23.950224747952959 ], [ -45.897992487538296, -23.949982279524026 ], [ -45.897859966000425, -23.949876095074114 ], [ -45.89771072250192, -23.94975277061457 ], [ -45.897580291209096, -23.949649512507765 ], [ -45.897442335034015, -23.94953622122458 ], [ -45.897314830084319, -23.949434217264823 ], [ -45.897148446576189, -23.94929876938383 ], [ -45.896921027911787, -23.949113991719024 ], [ -45.896639262875418, -23.948887409152672 ], [ -45.895482103200763, -23.947954323750277 ], [ -45.894401864544946, -23.947078093013975 ], [ -45.893308248320636, -23.946198517885552 ], [ -45.892114300332615, -23.945228644169799 ], [ -45.890917007952474, -23.944258770454049 ], [ -45.887181321950763, -23.941252161935214 ], [ -45.885174686676791, -23.939673608853024 ], [ -45.882994143012397, -23.937519820325626 ], [ -45.880131343354869, -23.933974764674939 ], [ -45.877134768012397, -23.93016215765439 ], [ -45.876465889587728, -23.929305993270827 ], [ -45.868305572806911, -23.922242637106446 ], [ -45.861884339930199, -23.916677568613295 ], [ -45.856720598491847, -23.91282482888726 ], [ -45.850352875889094, -23.908008904229735 ], [ -45.840908312532939, -23.90257761142152 ], [ -45.82725341566303, -23.894812801516903 ], [ -45.85002191, -24.00866647 ], [ -45.91263404, -24.03999583 ], [ -45.92413632, -24.04543006 ], [ -45.92935853, -24.04790627 ], [ -45.94367047, -24.05595757 ], [ -45.94914877, -24.05904218 ], [ -45.96000523, -24.06514228 ], [ -45.96078309, -24.06560361 ], [ -45.96207664, -24.06639686 ], [ -45.97032387, -24.06906701 ], [ -45.99233946, -24.07619955 ], [ -46.02415534, -24.08538141 ], [ -46.03221889, -24.08770344 ], [ -46.033543, -24.08875701 ], [ -46.04294134, -24.09107955 ], [ -46.0481644, -24.09236637 ], [ -46.06795365, -24.10223055 ], [ -46.0685264, -24.10195468 ], [ -46.07299212, -24.10252175 ], [ -46.09352984, -24.10508286 ], [ -46.10024835, -24.10593481 ], [ -46.10865491, -24.10695678 ], [ -46.11091658, -24.10658568 ], [ -46.11310533, -24.10671805 ], [ -46.123561, -24.10871432 ], [ -46.1261097, -24.10952422 ], [ -46.12916278, -24.11103149 ], [ -46.1320368, -24.11209957 ], [ -46.13298656, -24.11275001 ], [ -46.14079684, -24.11400612 ], [ -46.14240722, -24.11470845 ], [ -46.14939926, -24.11973332 ], [ -46.17343777, -24.12502365 ], [ -46.17919457, -24.12532385 ], [ -46.18143338, -24.12597156 ], [ -46.18293111, -24.12737822 ], [ -46.18404737, -24.12819404 ], [ -46.24441228, -24.11835812 ], [ -46.276890889701782, -24.095854809768504 ] ] ] ] } },
{ "type": "Feature", "properties": { "id_unidade": "1368602", "nome_unidade": "Área de Proteção Ambiental Marinha Litoral Centro", "tipo_unidade": "Unidade de Conservação", "categoria_unidade": "Área de Proteção Ambiental", "orgao_gestor": "Fundação Para Conservação e a Produção Florestal do Estado de São Paulo", "zona_geografica": "Zona de Uso Extensivo", "descricao_unidade": "Zoneamento (polígonos) do Plano de Manejo da Área de Proteção Ambiental Marinha Litoral Centro (aprovado pelo Decreto nº 65.544, em 02 de março de 2021).", "gid": 41 }, "geometry": { "type": "MultiPolygon", "coordinates": [ [ [ [ -46.13095617602476, -24.04496117901234 ], [ -46.107255701231573, -23.995043364846179 ], [ -46.082747995752122, -23.943459460736584 ], [ -46.063591317669925, -23.902898673065359 ], [ -45.998522824519242, -23.886631549777686 ], [ -45.931849023149368, -23.870150385394115 ], [ -45.844520256026087, -23.848318193613309 ], [ -45.816574179418467, -23.841411368596223 ], [ -45.82725341566303, -23.894812801516903 ], [ -45.840908312532939, -23.90257761142152 ], [ -45.850352875889094, -23.908008904229735 ], [ -45.856720598491847, -23.91282482888726 ], [ -45.861884339930199, -23.916677568613295 ], [ -45.868305572806911, -23.922242637106446 ], [ -45.876465889587728, -23.929305993270827 ], [ -45.877134768012397, -23.93016215765439 ], [ -45.880131343354869, -23.933974764674939 ], [ -45.882994143012397, -23.937519820325626 ], [ -45.885174686676791, -23.939673608853024 ], [ -45.887181321950763, -23.941252161935214 ], [ -45.890917007952474, -23.944258770454049 ], [ -45.892114300332615, -23.945228644169799 ], [ -45.893308248320636, -23.946198517885552 ], [ -45.894401864544946, -23.947078093013975 ], [ -45.895482103200763, -23.947954323750277 ], [ -45.896639262875418, -23.948887409152672 ], [ -45.896921027911787, -23.949113991719024 ], [ -45.897148446576189, -23.94929876938383 ], [ -45.897314830084319, -23.949434217264823 ], [ -45.897442335034015, -23.94953622122458 ], [ -45.897580291209096, -23.949649512507765 ], [ -45.89771072250192, -23.94975277061457 ], [ -45.897859966000425, -23.949876095074114 ], [ -45.897992487538296, -23.949982279524026 ], [ -45.898523827836897, -23.950224747952959 ], [ -45.899212772614298, -23.950549153988927 ], [ -45.899839846137404, -23.950841788299712 ], [ -45.900415081582622, -23.951105995277448 ], [ -45.901321411848038, -23.951525716488923 ], [ -45.903415001317214, -23.952502278988938 ], [ -45.905351404356601, -23.953405264862223 ], [ -45.90732794010146, -23.954324972696121 ], [ -45.909220866043235, -23.955204547824547 ], [ -45.913167248748721, -23.956314886009476 ], [ -45.918290857481601, -23.957746285838248 ], [ -45.923267312961038, -23.959137552961529 ], [ -45.93320684635146, -23.960742861180705 ], [ -45.938022771008995, -23.961505382584814 ], [ -45.947560977344622, -23.96692329782454 ], [ -45.953206311248699, -23.970267689947825 ], [ -45.960456953371995, -23.974495001591663 ], [ -45.967707595495277, -23.978722313235497 ], [ -45.972503453800073, -23.981511536266318 ], [ -45.974824461933636, -23.982869359468374 ], [ -45.976891296265819, -23.984090062593367 ], [ -45.978105310606573, -23.984815795684121 ], [ -45.979349424476432, -23.985544873167004 ], [ -45.980623637875404, -23.986304050178994 ], [ -45.98175404241308, -23.986926107113909 ], [ -45.983653657139108, -23.987962868672135 ], [ -45.98762679498158, -23.990143412336526 ], [ -45.991272182395953, -23.992109914905019 ], [ -45.994843993183629, -23.994049662336522 ], [ -45.995847310820615, -23.994591453860501 ], [ -45.998663288988425, -23.996129874237216 ], [ -46.000114755169939, -23.996925839562554 ], [ -46.003980872464453, -23.999032806600223 ], [ -46.006375457224735, -24.000350497096797 ], [ -46.007111223491854, -24.000671558740631 ], [ -46.009826869895967, -24.001848784768029 ], [ -46.012983976060355, -24.003213296754325 ], [ -46.017191221351446, -24.005052712422138 ], [ -46.02009415371446, -24.006296826291997 ], [ -46.024120801830897, -24.008069354117346 ], [ -46.02631472306377, -24.009012472696114 ], [ -46.028990236762404, -24.010162943586526 ], [ -46.035050275289798, -24.012805013363923 ], [ -46.037371283423361, -24.013815019785156 ], [ -46.04010030739596, -24.01499224581255 ], [ -46.043130326659664, -24.016303247524874 ], [ -46.04523729369734, -24.017239677319402 ], [ -46.048394399861728, -24.018664388363923 ], [ -46.049718779142552, -24.01927306773036 ], [ -46.052795619895974, -24.020697778774885 ], [ -46.054735367327481, -24.021594075863916 ], [ -46.057825585649404, -24.023012098124198 ], [ -46.060159971351446, -24.024082303603652 ], [ -46.062521112190495, -24.025185953004339 ], [ -46.064761854913094, -24.026209336994061 ], [ -46.067383858337756, -24.027406629374205 ], [ -46.068400553543235, -24.027894910624202 ], [ -46.071744945666516, -24.02940657586392 ], [ -46.075196358337749, -24.0310252616516 ], [ -46.077771540272678, -24.032195798894747 ], [ -46.080587518440481, -24.033011830572828 ], [ -46.088012068954178, -24.035152241531733 ], [ -46.097202458508981, -24.037814377661871 ], [ -46.102018383166524, -24.039152134511191 ], [ -46.110365985906242, -24.041560096839952 ], [ -46.115115022721312, -24.042964741531737 ], [ -46.119583130598031, -24.043513221839952 ], [ -46.13095617602476, -24.04496117901234 ] ] ] ] } },
{ "type": "Feature", "properties": { "id_unidade": "1368602", "nome_unidade": "Área de Proteção Ambiental Marinha Litoral Centro", "tipo_unidade": "Unidade de Conservação", "categoria_unidade": "Área de Proteção Ambiental", "orgao_gestor": "Fundação Para Conservação e a Produção Florestal do Estado de São Paulo", "zona_geografica": "Zona de Proteção Especial", "descricao_unidade": "Zoneamento (polígonos) do Plano de Manejo da Área de Proteção Ambiental Marinha Litoral Centro (aprovado pelo Decreto nº 65.544, em 02 de março de 2021).", "gid": 42 }, "geometry": { "type": "MultiPolygon", "coordinates": [ [ [ [ -45.894575935592194, -23.764487628176894 ], [ -45.894702868307512, -23.764525057054481 ], [ -45.894946172834473, -23.764638766386675 ], [ -45.895107539754413, -23.764680571288217 ], [ -45.895239643243293, -23.764770033777513 ], [ -45.895348335987293, -23.764814346973157 ], [ -45.895550671710751, -23.764792608424354 ], [ -45.895619231749286, -23.764849463090442 ], [ -45.895808189904244, -23.764915514834879 ], [ -45.895990459274969, -23.764937253383678 ], [ -45.896088700793591, -23.764876636276448 ], [ -45.896459092221249, -23.764796370865483 ], [ -45.896504659563924, -23.764758746454095 ], [ -45.896469961495647, -23.764628315161296 ], [ -45.896354370942881, -23.764510425338951 ], [ -45.896318418727546, -23.764385846732345 ], [ -45.896205545493402, -23.764196888577395 ], [ -45.895945519005814, -23.763899237678416 ], [ -45.895748199870539, -23.763443564251613 ], [ -45.895701580483184, -23.763268537078066 ], [ -45.89529945, -23.76301524 ], [ -45.8951402, -23.76142498 ], [ -45.89425022, -23.76156251 ], [ -45.89410722, -23.76235946 ], [ -45.894575935592194, -23.764487628176894 ] ] ] ] } },
{ "type": "Feature", "properties": { "id_unidade": "1368598", "nome_unidade": "Área de Proteção Ambiental Marinha Litoral Centro", "tipo_unidade": "Unidade de Conservação", "categoria_unidade": "Área de Proteção Ambiental", "orgao_gestor": "Fundação Para Conservação e a Produção Florestal do Estado de São Paulo", "zona_geografica": "Zona de Proteção Especial", "descricao_unidade": "Zoneamento (polígonos) do Plano de Manejo da Área de Proteção Ambiental Marinha Litoral Centro (aprovado pelo Decreto nº 65.544, em 02 de março de 2021).", "gid": 36 }, "geometry": { "type": "MultiPolygon", "coordinates": [ [ [ [ -46.10280997, -23.79334606 ], [ -46.102530406698044, -23.793561893819572 ], [ -46.102597198156481, -23.793935307641291 ], [ -46.102652380626509, -23.794156873619468 ], [ -46.102674119175326, -23.794222925363897 ], [ -46.102763581664618, -23.794492985027858 ], [ -46.102914915408185, -23.794779766652422 ], [ -46.103079626720259, -23.794979594081795 ], [ -46.103172433601692, -23.795089122923834 ], [ -46.103541988931319, -23.795443628488897 ], [ -46.103679945106379, -23.795561518311231 ], [ -46.103929938417593, -23.795776395505158 ], [ -46.104143979513495, -23.795897629719626 ], [ -46.10435718451135, -23.796018027836059 ], [ -46.104552831450555, -23.796084079580488 ], [ -46.104788611095245, -23.796161836697358 ], [ -46.104946633623072, -23.796192772324503 ], [ -46.105143952758347, -23.796231232833918 ], [ -46.105310336266484, -23.796240429912253 ], [ -46.105516016382069, -23.796247954794538 ], [ -46.105535246636776, -23.796248790892562 ], [ -46.105648119870942, -23.796239593814224 ], [ -46.105863833162893, -23.796223707951651 ], [ -46.106232552394488, -23.796238757716196 ], [ -46.106494251078132, -23.796311498244879 ], [ -46.106596226963504, -23.79634739375653 ], [ -46.1069082, -23.79565863 ], [ -46.10712377, -23.79527962 ], [ -46.10741978, -23.7947113 ], [ -46.10749745, -23.79419488 ], [ -46.1070856, -23.79348299 ], [ -46.10690607, -23.79339471 ], [ -46.10671303, -23.79337397 ], [ -46.10650057, -23.7933438 ], [ -46.10623554, -23.79339428 ], [ -46.10591066, -23.7934982 ], [ -46.10535898, -23.79300405 ], [ -46.10478845, -23.79237064 ], [ -46.10350541, -23.79301727 ], [ -46.10297129, -23.79291491 ], [ -46.10280997, -23.79334606 ] ] ] ] } },
{ "type": "Feature", "properties": { "id_unidade": "1368602", "nome_unidade": "Área de Proteção Ambiental Marinha Litoral Centro", "tipo_unidade": "Unidade de Conservação", "categoria_unidade": "Área de Proteção Ambiental", "orgao_gestor": "Fundação Para Conservação e a Produção Florestal do Estado de São Paulo", "zona_geografica": "Zona para Usos de Baixa Escala", "descricao_unidade": "Zoneamento (polígonos) do Plano de Manejo da Área de Proteção Ambiental Marinha Litoral Centro (aprovado pelo Decreto nº 65.544, em 02 de março de 2021).", "gid": 45 }, "geometry": { "type": "MultiPolygon", "coordinates": [ [ [ [ -45.887743217318871, -23.762936256786503 ], [ -45.88769032163308, -23.762953164791632 ], [ -45.887619671349483, -23.763029040687933 ], [ -45.887499064208541, -23.763049107040672 ], [ -45.887439910272853, -23.763058304119017 ], [ -45.887295683362545, -23.763068128270877 ], [ -45.887183384945786, -23.763075235104136 ], [ -45.887168230668983, -23.763066874123826 ], [ -45.887138287908265, -23.763050570212233 ], [ -45.887102205052621, -23.763030817396253 ], [ -45.887093373767172, -23.763024259252319 ], [ -45.887073882231824, -23.763009810433232 ], [ -45.886983583644486, -23.762943601920419 ], [ -45.886970624125006, -23.76293315069503 ], [ -45.886904649866061, -23.762885337889383 ], [ -45.88297651, -23.76268868 ], [ -45.881847334443094, -23.762192165777346 ], [ -45.881847032130381, -23.762192208009399 ], [ -45.8818466728695, -23.762192257816025 ], [ -45.881846305443602, -23.762192310072148 ], [ -45.881845897192605, -23.762192367227289 ], [ -45.881845180303884, -23.762192468473536 ], [ -45.881844017605061, -23.762192633406936 ], [ -45.881840882237441, -23.762193069418991 ], [ -45.881840513178552, -23.762193120042124 ], [ -45.881840082065509, -23.762193178830262 ], [ -45.8818385535738, -23.762193396019796 ], [ -45.881836998954029, -23.762193618108334 ], [ -45.881834196719218, -23.762194003497267 ], [ -45.881832593109309, -23.762194225585805 ], [ -45.881831384686372, -23.762194395418224 ], [ -45.881829856194656, -23.762194607708732 ], [ -45.881829209525094, -23.762194699156961 ], [ -45.881828232988717, -23.762194836329289 ], [ -45.88182643015233, -23.7621950878119 ], [ -45.881825675704505, -23.76219519559017 ], [ -45.881823683439656, -23.762195469934838 ], [ -45.881822569730957, -23.762195626703214 ], [ -45.881821749962974, -23.762195744279502 ], [ -45.881820531742015, -23.762195910845907 ], [ -45.881818892206013, -23.762196142732467 ], [ -45.881810116442715, -23.762197364219439 ], [ -45.881804015539878, -23.76219954591274 ], [ -45.881726336807198, -23.762227920989663 ], [ -45.881688816908067, -23.762241507582662 ], [ -45.881640636759059, -23.762259170153559 ], [ -45.881602698810902, -23.762272756746565 ], [ -45.88148804886842, -23.762333896415075 ], [ -45.881445172716276, -23.762356732342536 ], [ -45.881435740485358, -23.762361775058785 ], [ -45.881429417494004, -23.762365093322845 ], [ -45.881421722779301, -23.762369234620898 ], [ -45.88141967172632, -23.762370318935535 ], [ -45.881417392052782, -23.762371533890484 ], [ -45.881416314270176, -23.762372115239906 ], [ -45.881414596349998, -23.762373029722127 ], [ -45.88141370799584, -23.762373500027262 ], [ -45.881412597553137, -23.762374087908693 ], [ -45.881410376667752, -23.762375276735582 ], [ -45.881408978816353, -23.762376027917405 ], [ -45.881407927161796, -23.762376583138757 ], [ -45.881404621961778, -23.76237832718699 ], [ -45.881401969963335, -23.762379764230484 ], [ -45.881400624368069, -23.7623804696882 ], [ -45.881399187324583, -23.76238124046607 ], [ -45.881395516331651, -23.762383200070825 ], [ -45.881392511604361, -23.762384793882703 ], [ -45.881388187409861, -23.762387080088253 ], [ -45.881382047314936, -23.76239037222425 ], [ -45.881378428578152, -23.762392305700949 ], [ -45.881374888225558, -23.762394199985543 ], [ -45.881370054533804, -23.762396773599797 ], [ -45.881367232702956, -23.762398275963442 ], [ -45.881358466737666, -23.762404037201442 ], [ -45.881342789899591, -23.762414383914571 ], [ -45.881287450661176, -23.76245096320341 ], [ -45.881276476874525, -23.762458252933126 ], [ -45.881269474553505, -23.762462877600363 ], [ -45.881257455644324, -23.762470820531643 ], [ -45.881240994964344, -23.762481715934104 ], [ -45.881237415419648, -23.762484093587886 ], [ -45.881229145887552, -23.762489547821122 ], [ -45.881227395307299, -23.762490703987933 ], [ -45.88117491709184, -23.762500547735844 ], [ -45.8810925614358, -23.762514552377866 ], [ -45.880984600277571, -23.76253378263257 ], [ -45.88095120861248, -23.762539739831041 ], [ -45.880912591334678, -23.762546585383667 ], [ -45.880883589184236, -23.762551654227984 ], [ -45.880858349474941, -23.762556148254898 ], [ -45.880803055960634, -23.762566024662878 ], [ -45.880801037567736, -23.762566383923751 ], [ -45.880751139498528, -23.76259072874689 ], [ -45.880722085091953, -23.762604942413407 ], [ -45.880708759779587, -23.762611422173141 ], [ -45.880694911905948, -23.762618267725777 ], [ -45.880664551096196, -23.76263300395356 ], [ -45.880655380145903, -23.762637471852411 ], [ -45.88064390992605, -23.762643089386067 ], [ -45.880629461106949, -23.762650117835133 ], [ -45.880620603693444, -23.762654455093664 ], [ -45.880614855519489, -23.762657250796455 ], [ -45.880611445807205, -23.762658916460502 ], [ -45.88060808181902, -23.762660562528499 ], [ -45.880606285514659, -23.762661437818618 ], [ -45.880603293851394, -23.762665755481112 ], [ -45.880583906828313, -23.762693294460007 ], [ -45.880570686028186, -23.762712106665692 ], [ -45.880569836866123, -23.762713295492581 ], [ -45.880591444774616, -23.762752605164057 ], [ -45.880594514822072, -23.762758222697709 ], [ -45.880597375845021, -23.762763369926201 ], [ -45.880599400769931, -23.762767119303302 ], [ -45.88065275427553, -23.76279452764188 ], [ -45.880681077096334, -23.762809054845164 ], [ -45.88073552798059, -23.762837273153703 ], [ -45.880852477192626, -23.762876256224391 ], [ -45.88086959107418, -23.76288192601416 ], [ -45.880874058973035, -23.762883428377812 ], [ -45.8808841280755, -23.762886792365979 ], [ -45.880885810069579, -23.762887344321321 ], [ -45.880894765463324, -23.762903285706045 ], [ -45.880900879430172, -23.762914154980447 ], [ -45.880906052786742, -23.762923508827168 ], [ -45.880914779559944, -23.762939133409109 ], [ -45.880917013509368, -23.76294309181073 ], [ -45.880918071695937, -23.762944973031292 ], [ -45.88091897311412, -23.762946579907197 ], [ -45.880922278314152, -23.762952497913577 ], [ -45.880924799672286, -23.762956965812425 ], [ -45.880925753346588, -23.762958690264618 ], [ -45.880929711748216, -23.762965770969814 ], [ -45.880922853131544, -23.762970264996728 ], [ -45.880849381017065, -23.763018660702269 ], [ -45.880848899280899, -23.763018975872033 ], [ -45.880848616771218, -23.76301916366749 ], [ -45.880847986431675, -23.7630195784505 ], [ -45.880847298936999, -23.763020032425601 ], [ -45.880846446508926, -23.763020590912959 ], [ -45.880845476504582, -23.763021231050516 ], [ -45.880844490170176, -23.763021880986098 ], [ -45.880843504652297, -23.763022529288659 ], [ -45.880843268683222, -23.763022685240539 ], [ -45.880842951880453, -23.763022892632041 ], [ -45.880842654673721, -23.763023089409028 ], [ -45.880842312763527, -23.763023314355305 ], [ -45.880842208251281, -23.763023383145601 ], [ -45.880842095778121, -23.763023457243154 ], [ -45.880841983304983, -23.763023531340711 ], [ -45.880840506661144, -23.763023676473942 ], [ -45.880835829737791, -23.763024133715049 ], [ -45.88082902337726, -23.763024786916638 ], [ -45.880822674257836, -23.763025387862097 ], [ -45.880817383324974, -23.763025910423366 ], [ -45.880811948687779, -23.763026432984635 ], [ -45.88081087743717, -23.763026537496884 ], [ -45.880805142327247, -23.76302711231428 ], [ -45.880799145936678, -23.763027674067647 ], [ -45.880791738630684, -23.763028405653415 ], [ -45.880784880014041, -23.763029058855007 ], [ -45.880777864628982, -23.763029751248691 ], [ -45.880771201972806, -23.763030391386245 ], [ -45.880765871847871, -23.763030927011542 ], [ -45.880759561920542, -23.763031541021036 ], [ -45.880744943269036, -23.7630329258084 ], [ -45.880734975412828, -23.763033905610779 ], [ -45.880724419675182, -23.763034911541222 ], [ -45.880714726163646, -23.763035891343598 ], [ -45.880706025518506, -23.76303670131357 ], [ -45.880698330803817, -23.763037459027412 ], [ -45.880657832305438, -23.763011043555252 ], [ -45.880634839609591, -23.76299615055909 ], [ -45.880615413394402, -23.762983403330125 ], [ -45.880612620957614, -23.762981587429717 ], [ -45.880610498052462, -23.762980189578318 ], [ -45.880608754004228, -23.762979059539571 ], [ -45.880607480261133, -23.762978229973552 ], [ -45.880604834794717, -23.762976505521365 ], [ -45.880602052155957, -23.762974696152966 ], [ -45.880600177467393, -23.762973468133985 ], [ -45.880593260062582, -23.762968954511013 ], [ -45.880590960793008, -23.762967465211396 ], [ -45.880587551080723, -23.762965237793995 ], [ -45.880585558815881, -23.762963937922823 ], [ -45.880560273382478, -23.762966184936278 ], [ -45.880537280686639, -23.762968275181358 ], [ -45.880512668050848, -23.76297046993869 ], [ -45.880495763193778, -23.7629719592383 ], [ -45.880452756401333, -23.762953930874524 ], [ -45.880425896752079, -23.76294253903885 ], [ -45.880356448359414, -23.762951291940094 ], [ -45.880352189485073, -23.76295184062943 ], [ -45.880350739917994, -23.762952059057351 ], [ -45.880307635869386, -23.763046090112198 ], [ -45.880319539203761, -23.763054612101062 ], [ -45.880338246897196, -23.763068198694064 ], [ -45.880373180118063, -23.763093699684006 ], [ -45.880376629022443, -23.763096260234221 ], [ -45.880386296405923, -23.763103367067483 ], [ -45.880392227476328, -23.763107652069888 ], [ -45.88039909915701, -23.763112668658078 ], [ -45.880403410287485, -23.763115856281825 ], [ -45.880406127606079, -23.763117815886588 ], [ -45.880413835384815, -23.76312351180442 ], [ -45.880420942218073, -23.763128659032912 ], [ -45.880426612007838, -23.763132813395014 ], [ -45.880432752102749, -23.763137307421925 ], [ -45.880439022837976, -23.763141905961088 ], [ -45.880447514458602, -23.763148124440196 ], [ -45.880453889706089, -23.763152775235493 ], [ -45.880458226964642, -23.763155936731174 ], [ -45.880462851631876, -23.763159333379427 ], [ -45.880468893746539, -23.763163749022148 ], [ -45.880471741705463, -23.763165839267224 ], [ -45.880473903802717, -23.76316741348305 ], [ -45.880475941791666, -23.763168909314675 ], [ -45.880477751160043, -23.763170228781885 ], [ -45.880480298646233, -23.763172090406407 ], [ -45.880484211323747, -23.763195475023203 ], [ -45.880488809862918, -23.763223588819489 ], [ -45.880491527181526, -23.763239566130288 ], [ -45.880491801526176, -23.763241192602237 ], [ -45.880492079136864, -23.763242890926364 ], [ -45.880492324087449, -23.763244344299892 ], [ -45.880492435131728, -23.763245030161563 ], [ -45.880492683348336, -23.763246483535092 ], [ -45.880492761732533, -23.763246983234307 ], [ -45.880492934830947, -23.763248020191821 ], [ -45.880492970757032, -23.763248243913363 ], [ -45.880490054211954, -23.763249710350934 ], [ -45.880476454554923, -23.763256536307509 ], [ -45.88046506271926, -23.763262277949448 ], [ -45.88046150930262, -23.763264067721803 ], [ -45.880458112654367, -23.763265779109958 ], [ -45.880456146517595, -23.763266758912337 ], [ -45.880453344282785, -23.763268169827764 ], [ -45.880450039082774, -23.763269828959803 ], [ -45.880446714286698, -23.763271501155852 ], [ -45.88043802670559, -23.763275884138508 ], [ -45.88043061939959, -23.763279594323507 ], [ -45.880427079046989, -23.763281371031823 ], [ -45.880425191294407, -23.76328232470614 ], [ -45.880397247330563, -23.763265935878323 ], [ -45.880365214324755, -23.763247202056817 ], [ -45.880346173498495, -23.763236006181625 ], [ -45.880344155105597, -23.763234817354743 ], [ -45.880341744791743, -23.763233399907296 ], [ -45.880338563700015, -23.763231525218732 ], [ -45.88033088204935, -23.763227050787876 ], [ -45.88032791651414, -23.763225313271644 ], [ -45.880324719092378, -23.76322343205107 ], [ -45.880324016900666, -23.763223020534078 ], [ -45.880304270616712, -23.763218872704002 ], [ -45.880240413629615, -23.763205808672272 ], [ -45.880234910990509, -23.76320473871467 ], [ -45.8801602, -23.76336772 ], [ -45.87793328, -23.76324791 ], [ -45.877299490366021, -23.762317502169793 ], [ -45.877274146840755, -23.76233185107748 ], [ -45.877197905151554, -23.762375693967975 ], [ -45.877185311424967, -23.762373812747413 ], [ -45.877118946143781, -23.762363466034277 ], [ -45.877099768145193, -23.762367489756056 ], [ -45.877066742272973, -23.762374335308671 ], [ -45.876940073421316, -23.762400829165028 ], [ -45.876897954983015, -23.76239758928515 ], [ -45.876829290432234, -23.762392259160212 ], [ -45.876548047957129, -23.762369266464361 ], [ -45.876494642195411, -23.762364458900681 ], [ -45.876441340945945, -23.762354530236561 ], [ -45.876398072872846, -23.762346378280771 ], [ -45.876365360537392, -23.762340212057786 ], [ -45.876319479657951, -23.76233174656522 ], [ -45.876278981159579, -23.762324247811012 ], [ -45.87627375554689, -23.762321530492418 ], [ -45.876257869684302, -23.762313378536618 ], [ -45.876202478189754, -23.762285055715822 ], [ -45.876133709126719, -23.762249939598533 ], [ -45.876091695200657, -23.762228201049734 ], [ -45.876073245643731, -23.762218753444284 ], [ -45.87570004, -23.76233232 ], [ -45.87435686, -23.76127845 ], [ -45.86811368, -23.75998749 ], [ -45.86009424, -23.7593692 ], [ -45.84316002, -23.75760577 ], [ -45.83543824, -23.75711666 ], [ -45.82682698, -23.75689794 ], [ -45.81450722, -23.75696354 ], [ -45.8072406, -23.75806256 ], [ -45.80324341, -23.7598078 ], [ -45.80117324, -23.76114509 ], [ -45.800151649999989, -23.76406817 ], [ -45.80150051, -23.7660509 ], [ -45.80234864, -23.7664872 ], [ -45.8032779, -23.76696942 ], [ -45.80330013, -23.76815453 ], [ -45.80211306, -23.76909866 ], [ -45.816574179418467, -23.841411368596223 ], [ -45.844520256026087, -23.848318193613309 ], [ -45.931849023149368, -23.870150385394115 ], [ -45.998522824519242, -23.886631549777686 ], [ -46.063591317669925, -23.902898673065359 ], [ -46.082747995752122, -23.943459460736584 ], [ -46.107255701231573, -23.995043364846179 ], [ -46.13095617602476, -24.04496117901234 ], [ -46.131141349776115, -24.044984754374202 ], [ -46.131408901145974, -24.045680387935843 ], [ -46.160197428543228, -24.055579788620779 ], [ -46.214135784707608, -24.073880302319409 ], [ -46.276890889701782, -24.095854809768504 ], [ -46.30278522, -24.07791352 ], [ -46.32515691, -24.05819602 ], [ -46.32365352, -24.02274362 ], [ -46.32334574, -24.02291712 ], [ -46.32242767, -24.02305809 ], [ -46.32174669, -24.02270828 ], [ -46.32068046, -24.02249544 ], [ -46.32009996, -24.02258951 ], [ -46.3199134, -24.02325689 ], [ -46.31996996, -24.02405661 ], [ -46.31992602, -24.02441251 ], [ -46.31973509, -24.02472517 ], [ -46.31930061, -24.02486239 ], [ -46.31862367, -24.0248233 ], [ -46.31770094, -24.02456465 ], [ -46.31721122, -24.02394702 ], [ -46.3169609, -24.02319421 ], [ -46.31676115, -24.02248514 ], [ -46.31665721, -24.02181945 ], [ -46.3164088, -24.02119951 ], [ -46.31592029, -24.02075873 ], [ -46.31514372, -24.02054326 ], [ -46.31417709, -24.02064051 ], [ -46.31311733, -24.02109383 ], [ -46.31259248, -24.02185381 ], [ -46.31231539, -24.02314487 ], [ -46.31234587, -24.02614023 ], [ -46.31211722, -24.02861203 ], [ -46.31190319, -24.02901328 ], [ -46.31118003, -24.02928591 ], [ -46.31074378, -24.0291565 ], [ -46.3099267, -24.02729756 ], [ -46.30809224, -24.02538071 ], [ -46.30698923, -24.0239903 ], [ -46.30617584, -24.02253092 ], [ -46.30587436, -24.02140039 ], [ -46.30528695, -24.02073841 ], [ -46.30462482, -24.01981154 ], [ -46.30367665, -24.0194196 ], [ -46.30265755, -24.01909504 ], [ -46.30185526, -24.01863501 ], [ -46.30038896, -24.01718163 ], [ -46.29994723, -24.01658523 ], [ -46.29870769, -24.01606301 ], [ -46.29507941, -24.01609361 ], [ -46.29407209, -24.01696853 ], [ -46.29364047, -24.01730503 ], [ -46.2922778, -24.01898326 ], [ -46.29164021, -24.02052099 ], [ -46.29194065, -24.02151865 ], [ -46.29209091, -24.02205024 ], [ -46.29209631, -24.02258359 ], [ -46.2917384, -24.02305297 ], [ -46.29097353, -24.02403691 ], [ -46.29034652, -24.02426491 ], [ -46.28991305, -24.02440117 ], [ -46.28957777, -24.02480439 ], [ -46.28939133, -24.02551658 ], [ -46.28920093, -24.02578527 ], [ -46.28905543, -24.02583092 ], [ -46.28871761, -24.0258338 ], [ -46.28798985, -24.02570674 ], [ -46.28720972, -24.02509074 ], [ -46.28676925, -24.02460561 ], [ -46.28633362, -24.02456499 ], [ -46.2857552, -24.02483668 ], [ -46.28522898, -24.02541881 ], [ -46.28479901, -24.02595547 ], [ -46.28475761, -24.02671082 ], [ -46.28485927, -24.02719869 ], [ -46.28520315, -24.02768523 ], [ -46.28549753, -24.02812713 ], [ -46.28550209, -24.0285267 ], [ -46.28507028, -24.02893045 ], [ -46.28464031, -24.02946711 ], [ -46.28430931, -24.03022499 ], [ -46.28436293, -24.03075802 ], [ -46.28456137, -24.03128937 ], [ -46.28457303, -24.03248884 ], [ -46.285063289999989, -24.03306259 ], [ -46.28579224, -24.03336737 ], [ -46.2867614, -24.03349215 ], [ -46.28754097, -24.03401934 ], [ -46.28779013, -24.03477216 ], [ -46.28765213, -24.03552891 ], [ -46.28760838, -24.03592966 ], [ -46.28790011, -24.03610488 ], [ -46.28862849, -24.03632082 ], [ -46.28901859, -24.03662841 ], [ -46.28902246, -24.03707279 ], [ -46.28878737, -24.03774126 ], [ -46.28859759, -24.03809792 ], [ -46.28869893, -24.03854183 ], [ -46.28952472, -24.03889001 ], [ -46.28967701, -24.0396003 ], [ -46.28949026, -24.04026758 ], [ -46.28920392, -24.04062568 ], [ -46.28804906, -24.04134596 ], [ -46.28766912, -24.04201616 ], [ -46.2875785, -24.04263894 ], [ -46.2877266, -24.04299272 ], [ -46.28841208, -24.04374313 ], [ -46.28914352, -24.04426972 ], [ -46.2894374, -24.04462273 ], [ -46.28953906, -24.04511063 ], [ -46.289300249999989, -24.04551239 ], [ -46.2887704, -24.04569498 ], [ -46.28780123, -24.0455693 ], [ -46.28644272, -24.04526977 ], [ -46.28585559, -24.04465261 ], [ -46.28536621, -24.0440798 ], [ -46.2843482, -24.04386552 ], [ -46.28366829, -24.04369421 ], [ -46.28318106, -24.0432983 ], [ -46.28269321, -24.0429463 ], [ -46.28229955, -24.0422392 ], [ -46.28156635, -24.0415788 ], [ -46.28151247, -24.04100089 ], [ -46.28149669, -24.03944579 ], [ -46.28158616, -24.03864532 ], [ -46.28148453, -24.03815744 ], [ -46.28075405, -24.03776372 ], [ -46.27983198, -24.03746088 ], [ -46.27910225, -24.03702232 ], [ -46.27832346, -24.03662882 ], [ -46.27793099, -24.03609947 ], [ -46.27782646, -24.03530003 ], [ -46.2777213, -24.03441265 ], [ -46.2774656, -24.03308162 ], [ -46.27745491, -24.03201499 ], [ -46.27763822, -24.03094729 ], [ -46.27840116, -24.02978572 ], [ -46.2788756, -24.02880437 ], [ -46.27954691, -24.02826543 ], [ -46.2797812, -24.02746327 ], [ -46.28020438, -24.02617158 ], [ -46.28015044, -24.02559454 ], [ -46.27970878, -24.02506451 ], [ -46.27955778, -24.02439917 ], [ -46.27964803, -24.02373241 ], [ -46.28022012, -24.02292741 ], [ -46.28036081, -24.02243728 ], [ -46.28035512, -24.02185996 ], [ -46.27976808, -24.02124281 ], [ -46.27937479, -24.02057971 ], [ -46.27888397, -24.01991711 ], [ -46.27829931, -24.01952262 ], [ -46.27747693, -24.01952899 ], [ -46.27670067, -24.01935821 ], [ -46.27611582, -24.01891793 ], [ -46.27586669, -24.01816512 ], [ -46.27571472, -24.01749974 ], [ -46.27532168, -24.01688149 ], [ -46.27453983, -24.01613252 ], [ -46.27312725, -24.0151662 ], [ -46.27088607, -24.01354099 ], [ -46.26966975, -24.01292905 ], [ -46.26870052, -24.01275933 ], [ -46.26768601, -24.01290052 ], [ -46.26701291, -24.01330653 ], [ -46.26668238, -24.01415322 ], [ -46.26639629, -24.01455616 ], [ -46.26605838, -24.01469179 ], [ -46.26543003, -24.01469707 ], [ -46.26479837, -24.01447963 ], [ -46.26416871, -24.01444092 ], [ -46.2634897, -24.01422467 ], [ -46.26304941, -24.01373867 ], [ -46.26304378, -24.01316138 ], [ -46.26361716, -24.01240135 ], [ -46.26462023, -24.01105984 ], [ -46.26562592, -24.00998495 ], [ -46.26712131, -24.00957354 ], [ -46.26760106, -24.00912463 ], [ -46.2677405, -24.0085905 ], [ -46.26778228, -24.00787922 ], [ -46.26767596, -24.0069469 ], [ -46.26742692, -24.00619321 ], [ -46.26698395, -24.00544146 ], [ -46.26498152, -24.00354818 ], [ -46.26186161, -24.00104067 ], [ -46.25938258, -23.99990599 ], [ -46.25739075, -23.99903346 ], [ -46.25490891, -23.99758718 ], [ -46.25363971, -23.99635333 ], [ -46.25208666, -23.99587787 ], [ -46.25059193, -23.99637894 ], [ -46.24948183, -23.99665435 ], [ -46.24827023, -23.99644188 ], [ -46.24758869, -23.99595898 ], [ -46.24718615, -23.994407 ], [ -46.24707671, -23.99343059 ], [ -46.24694361, -23.99333597 ], [ -46.24300188, -23.99171841 ], [ -46.2370393, -23.9900907 ], [ -46.22785549, -23.98781256 ], [ -46.22710174, -23.98763106 ], [ -46.21610823, -23.9861684 ], [ -46.21288402, -23.98616916 ], [ -46.20959402, -23.98680092 ], [ -46.20600884, -23.98889372 ], [ -46.20376274, -23.99112136 ], [ -46.20250711, -23.99316381 ], [ -46.20252198, -23.9935845 ], [ -46.2026773, -23.99431823 ], [ -46.20433122, -23.99523804 ], [ -46.20642622, -23.9968216 ], [ -46.20701823, -23.99801617 ], [ -46.20736311, -23.99872448 ], [ -46.20727173, -23.99925823 ], [ -46.20669654, -23.99992996 ], [ -46.20587682, -24.00020262 ], [ -46.20447509, -24.00030234 ], [ -46.20312205, -24.00049063 ], [ -46.20268879, -24.00067244 ], [ -46.20215554, -24.00058716 ], [ -46.20133015, -24.0002386 ], [ -46.20074408, -23.99971013 ], [ -46.19990864, -23.99829419 ], [ -46.19961257, -23.99767447 ], [ -46.20033348, -23.99718062 ], [ -46.20052317, -23.99677924 ], [ -46.20056738, -23.9962449 ], [ -46.200368, -23.99566955 ], [ -46.19954247, -23.99527611 ], [ -46.19852196, -23.99488358 ], [ -46.19750641, -23.99484756 ], [ -46.19668294, -23.9948095 ], [ -46.19576071, -23.99437168 ], [ -46.19420007, -23.99305096 ], [ -46.19327878, -23.99279178 ], [ -46.1927413, -23.99230696 ], [ -46.19244474, -23.9915984 ], [ -46.1919062, -23.99093593 ], [ -46.19108041, -23.99049849 ], [ -46.19025643, -23.99037156 ], [ -46.18899952, -23.99047041 ], [ -46.18764685, -23.99070253 ], [ -46.18687944, -23.99133038 ], [ -46.18649619, -23.99182242 ], [ -46.18563021, -23.99227386 ], [ -46.1845198, -23.9925039 ], [ -46.18359979, -23.99246721 ], [ -46.18286938, -23.9919834 ], [ -46.182186369999989, -23.99136649 ], [ -46.18183833, -23.99025874 ], [ -46.18178383, -23.98968177 ], [ -46.18221508, -23.98914458 ], [ -46.18370971, -23.98860026 ], [ -46.18418768, -23.98797397 ], [ -46.18510332, -23.98761203 ], [ -46.18582679, -23.98738396 ], [ -46.18620895, -23.98689274 ], [ -46.18629995, -23.98626927 ], [ -46.18629391, -23.98555836 ], [ -46.18604563, -23.98484951 ], [ -46.18507218, -23.98423501 ], [ -46.18429576, -23.98397411 ], [ -46.18409851, -23.98357561 ], [ -46.1840472, -23.98322129 ], [ -46.18428723000001, -23.98299657 ], [ -46.18559309, -23.98303122 ], [ -46.18607725, -23.98298304 ], [ -46.18641218, -23.98266981 ], [ -46.18640943, -23.98235831 ], [ -46.18621421, -23.98213759 ], [ -46.18577671, -23.98191897 ], [ -46.1854827, -23.981477 ], [ -46.1853812, -23.98094431 ], [ -46.18537642, -23.98045593 ], [ -46.18522689, -23.97996837 ], [ -46.18478869, -23.97961602 ], [ -46.18473594, -23.9791719 ], [ -46.1848771, -23.9787268 ], [ -46.18516357, -23.97836896 ], [ -46.18588698, -23.97814086 ], [ -46.18632195, -23.97809286 ], [ -46.18656411, -23.97809167 ], [ -46.18680483, -23.97800067 ], [ -46.18714302, -23.9779092 ], [ -46.18728418, -23.9774641 ], [ -46.18713492, -23.97702051 ], [ -46.18688967, -23.97666713 ], [ -46.18640451, -23.9765376 ], [ -46.18591857, -23.97627438 ], [ -46.18572084, -23.97578704 ], [ -46.18576375, -23.9752096 ], [ -46.18600194, -23.97485197 ], [ -46.18628706, -23.9742724 ], [ -46.186476, -23.97373734 ], [ -46.18651943, -23.97324874 ], [ -46.1862108, -23.97238255 ], [ -46.1861118, -23.97236049 ], [ -46.18439898, -23.97283912 ], [ -46.18414654, -23.97244234 ], [ -46.18407013, -23.97159327 ], [ -46.184387719999989, -23.97096511 ], [ -46.18580551, -23.97012611 ], [ -46.1859402, -23.96909032 ], [ -46.1855339, -23.96684996 ], [ -46.18502083, -23.96500711 ], [ -46.18359606, -23.96244251 ], [ -46.1824822, -23.96133911 ], [ -46.18195254, -23.96118133 ], [ -46.18121963, -23.96142239 ], [ -46.18072709, -23.96125214 ], [ -46.17998187, -23.96075502 ], [ -46.1790192, -23.96082568 ], [ -46.17815194, -23.96079884 ], [ -46.17765791, -23.96052443 ], [ -46.1762949, -23.95991168 ], [ -46.17473035, -23.95942515 ], [ -46.17281933, -23.9581315 ], [ -46.17264058, -23.95763974 ], [ -46.17239204, -23.95687168 ], [ -46.17185547, -23.95634208 ], [ -46.17155653, -23.95536692 ], [ -46.17140177, -23.95430214 ], [ -46.17051307, -23.95226441 ], [ -46.17012022, -23.95155635 ], [ -46.16899983, -23.95067685 ], [ -46.16846129, -23.94996947 ], [ -46.16787426, -23.94921841 ], [ -46.16772231, -23.94846418 ], [ -46.16761909, -23.94779862 ], [ -46.16673989, -23.94673931 ], [ -46.16552666, -23.94630375 ], [ -46.16431615, -23.94617959 ], [ -46.16296264, -23.94618997 ], [ -46.16194879, -23.94637548 ], [ -46.16102969, -23.94642666 ], [ -46.160835, -23.94629476 ], [ -46.16073559, -23.94593982 ], [ -46.16078106, -23.94562901 ], [ -46.16126162, -23.94531419 ], [ -46.16232069, -23.94477303 ], [ -46.16270632, -23.94454765 ], [ -46.16376911, -23.94449565 ], [ -46.16483243, -23.94435389 ], [ -46.1653635, -23.94426058 ], [ -46.16555569, -23.94412586 ], [ -46.1658895, -23.94363495 ], [ -46.16587381, -23.94190163 ], [ -46.16615993, -23.94149982 ], [ -46.16668987, -23.94122969 ], [ -46.16678112, -23.94065112 ], [ -46.16691934, -23.93984971 ], [ -46.16695974, -23.93900568 ], [ -46.16724409, -23.93829245 ], [ -46.16806125, -23.93779729 ], [ -46.1692192, -23.93752213 ], [ -46.16980245, -23.93778407 ], [ -46.17048368, -23.93831201 ], [ -46.17072906, -23.93871023 ], [ -46.17126562, -23.93923895 ], [ -46.17233488, -23.93980898 ], [ -46.17291967, -23.94033742 ], [ -46.17350118, -23.94046645 ], [ -46.1735534, -23.94082167 ], [ -46.17360797, -23.94157633 ], [ -46.17371122, -23.94224192 ], [ -46.17385591, -23.94224114 ], [ -46.17573402, -23.94138241 ], [ -46.17803809, -23.93945415 ], [ -46.17937731, -23.93784407 ], [ -46.17983749, -23.93521868 ], [ -46.18005352, -23.93241764 ], [ -46.18008498, -23.93055119 ], [ -46.17977557, -23.92846565 ], [ -46.17941746, -23.92629061 ], [ -46.17887511, -23.92509499 ], [ -46.17726403, -23.9234192 ], [ -46.17556464, -23.92263255 ], [ -46.17463959, -23.92197295 ], [ -46.17375821, -23.92069111 ], [ -46.17351083, -23.92011514 ], [ -46.17219578, -23.9190581 ], [ -46.17155977, -23.91817448 ], [ -46.17116799, -23.91764416 ], [ -46.17029545, -23.91738469 ], [ -46.16990344, -23.91680947 ], [ -46.169703749999989, -23.91614441 ], [ -46.16902337, -23.91575022 ], [ -46.1685884, -23.91575329 ], [ -46.16805974, -23.91606841 ], [ -46.16772423, -23.91642648 ], [ -46.16719182, -23.91643095 ], [ -46.16675357, -23.91603373 ], [ -46.16665266, -23.91558985 ], [ -46.16737438, -23.9151401 ], [ -46.16833695, -23.91464419 ], [ -46.16872089, -23.91433075 ], [ -46.16890877, -23.91379565 ], [ -46.16895267, -23.91321737 ], [ -46.16846166, -23.91237696 ], [ -46.16670139, -23.91021355 ], [ -46.16460715, -23.9084962 ], [ -46.16217828, -23.90727058 ], [ -46.16052992, -23.9067493 ], [ -46.15971023, -23.90693387 ], [ -46.15845537, -23.90725437 ], [ -46.15758777, -23.90748225 ], [ -46.15701115, -23.90784244 ], [ -46.15696668, -23.90833182 ], [ -46.15692346, -23.90886529 ], [ -46.15673465, -23.90939945 ], [ -46.15611055, -23.90989358 ], [ -46.15504479, -23.90972383 ], [ -46.15387859, -23.90902145 ], [ -46.15261667, -23.90845327 ], [ -46.15107, -23.90850946 ], [ -46.14995584, -23.90829509 ], [ -46.14956558, -23.90785359 ], [ -46.14897951, -23.90723624 ], [ -46.14849113, -23.9066624 ], [ -46.14762125, -23.90666852 ], [ -46.14684605, -23.90654128 ], [ -46.1461193, -23.90628012 ], [ -46.145922229999989, -23.90588165 ], [ -46.14596748, -23.90552596 ], [ -46.14659208, -23.90512071 ], [ -46.14794459, -23.90502242 ], [ -46.14896488, -23.90550302 ], [ -46.15037061, -23.90593676 ], [ -46.15109584, -23.90593136 ], [ -46.15172012, -23.90548301 ], [ -46.15214684, -23.90454641 ], [ -46.15261131, -23.90245437 ], [ -46.15259958, -23.90107658 ], [ -46.15254308, -23.90014423 ], [ -46.15185888, -23.8993936 ], [ -46.15146841, -23.89890817 ], [ -46.151364719999989, -23.89815376 ], [ -46.15131081, -23.8974871 ], [ -46.1511104, -23.89668922 ], [ -46.15052314, -23.89584931 ], [ -46.14964638, -23.89514453 ], [ -46.14857621, -23.89435281 ], [ -46.14784605, -23.89382503 ], [ -46.14668376, -23.89361181 ], [ -46.1461582, -23.89358099 ], [ -46.14862201, -23.8915773 ], [ -46.15246209, -23.89034977 ], [ -46.15567798, -23.88853373 ], [ -46.15904508, -23.88978076 ], [ -46.1616635, -23.88763483 ], [ -46.15963568, -23.88478016 ], [ -46.1543791, -23.87655084 ], [ -46.15016597, -23.87582242 ], [ -46.14703565, -23.873204 ], [ -46.14716526, -23.87158417 ], [ -46.14355095, -23.86757341 ], [ -46.14260594, -23.86456124 ], [ -46.14120813, -23.86347844 ], [ -46.14151389, -23.86008595 ], [ -46.14149255, -23.86000217 ], [ -46.14121572, -23.85992556 ], [ -46.13928229, -23.8598509 ], [ -46.13797647, -23.85977125 ], [ -46.13613566, -23.8592078 ], [ -46.13569918, -23.85907711 ], [ -46.13507009, -23.85899317 ], [ -46.13439231, -23.85882063 ], [ -46.1337608, -23.85846921 ], [ -46.13254464, -23.85754535 ], [ -46.13369023, -23.85516408 ], [ -46.13359176, -23.85311176 ], [ -46.13349147, -23.85197804 ], [ -46.13336084, -23.85145826 ], [ -46.13356828, -23.85084344 ], [ -46.13130587, -23.8468808 ], [ -46.12799877, -23.84239595 ], [ -46.11456075, -23.83413826 ], [ -46.10814609, -23.83073602 ], [ -46.10143546, -23.82746833 ], [ -46.08965662, -23.82198125 ], [ -46.07818632, -23.81768533 ], [ -46.07208061, -23.81560565 ], [ -46.0701439, -23.81482321 ], [ -46.06240908, -23.81328526 ], [ -46.05632053, -23.81319468 ], [ -46.05054858, -23.81562102 ], [ -46.04581961, -23.81857143 ], [ -46.04361886, -23.82190242 ], [ -46.04304045, -23.82389555 ], [ -46.04379775, -23.82574725 ], [ -46.04528682, -23.8261348 ], [ -46.04544461, -23.82732787 ], [ -46.04634184, -23.82811747 ], [ -46.04901555, -23.82823199 ], [ -46.04976287, -23.82875737 ], [ -46.04917515, -23.829557 ], [ -46.0469562, -23.83063373 ], [ -46.04562972, -23.83196871 ], [ -46.04369061, -23.8309203 ], [ -46.04189852, -23.82960668 ], [ -46.03995469, -23.82802783 ], [ -46.03830642, -23.82618251 ], [ -46.03844257, -23.82459007 ], [ -46.03783765, -23.82326735 ], [ -46.03678583, -23.82168312 ], [ -46.03440759, -23.82143379 ], [ -46.03380674, -23.82050953 ], [ -46.03721726, -23.81995605 ], [ -46.03810371, -23.81928658 ], [ -46.03926824, -23.816361 ], [ -46.03731455, -23.8134559 ], [ -46.035518, -23.81161105 ], [ -46.03283128, -23.8099053 ], [ -46.02284178, -23.8046664 ], [ -46.01643893, -23.80245391 ], [ -46.00274699, -23.79843199 ], [ -45.99919281, -23.79964835 ], [ -45.99831034, -23.80071514 ], [ -45.999507, -23.80190155 ], [ -45.99921773, -23.80283202 ], [ -45.99580354, -23.80298631 ], [ -45.99371736, -23.8020716 ], [ -45.99132768, -23.80022988 ], [ -45.99131874, -23.7990365 ], [ -45.99085685, -23.79691743 ], [ -45.99159261, -23.79598395 ], [ -45.99248568, -23.79624342 ], [ -45.99232898, -23.79518323 ], [ -45.99053093, -23.79307247 ], [ -45.98813843, -23.79083331 ], [ -45.98024501, -23.78756779 ], [ -45.976072, -23.78547254 ], [ -45.97130542, -23.78337973 ], [ -45.97010903, -23.78219414 ], [ -45.97068825, -23.7802006 ], [ -45.96979752, -23.78020666 ], [ -45.96861874, -23.7814077 ], [ -45.96579959, -23.78168993 ], [ -45.96208324, -23.78105034 ], [ -45.95181086, -23.77713511 ], [ -45.94601084, -23.77571202 ], [ -45.93604974, -23.77364976 ], [ -45.93054475, -23.77195892 ], [ -45.91790582, -23.76911639 ], [ -45.90318331, -23.76535735 ], [ -45.89842996, -23.76498711 ], [ -45.895701580483184, -23.763268537078066 ], [ -45.895748199870539, -23.763443564251613 ], [ -45.895945519005814, -23.763899237678416 ], [ -45.896205545493402, -23.764196888577395 ], [ -45.896318418727546, -23.764385846732345 ], [ -45.896354370942881, -23.764510425338951 ], [ -45.896469961495647, -23.764628315161296 ], [ -45.896504659563924, -23.764758746454095 ], [ -45.896459092221249, -23.764796370865483 ], [ -45.896088700793591, -23.764876636276448 ], [ -45.895990459274969, -23.764937253383678 ], [ -45.895808189904244, -23.764915514834879 ], [ -45.895619231749286, -23.764849463090442 ], [ -45.895550671710751, -23.764792608424354 ], [ -45.895348335987293, -23.764814346973157 ], [ -45.895239643243293, -23.764770033777513 ], [ -45.895107539754413, -23.764680571288217 ], [ -45.894946172834473, -23.764638766386675 ], [ -45.894702868307512, -23.764525057054481 ], [ -45.894575935592194, -23.764487628176894 ], [ -45.89471983, -23.76514097 ], [ -45.892488, -23.76435837 ], [ -45.88996476, -23.76437307 ], [ -45.887743217318871, -23.762936256786503 ] ] ] ] } },
{ "type": "Feature", "properties": { "id_unidade": "1368602", "nome_unidade": "Área de Proteção Ambiental Marinha Litoral Centro", "tipo_unidade": "Unidade de Conservação", "categoria_unidade": "Área de Proteção Ambiental", "orgao_gestor": "Fundação Para Conservação e a Produção Florestal do Estado de São Paulo", "zona_geografica": "Zona de Proteção Especial", "descricao_unidade": "Zoneamento (polígonos) do Plano de Manejo da Área de Proteção Ambiental Marinha Litoral Centro (aprovado pelo Decreto nº 65.544, em 02 de março de 2021).", "gid": 46 }, "geometry": { "type": "MultiPolygon", "coordinates": [ [ [ [ -45.886904649866061, -23.762885337889383 ], [ -45.886970624125006, -23.76293315069503 ], [ -45.886983583644486, -23.762943601920419 ], [ -45.887073882231824, -23.763009810433232 ], [ -45.887093373767172, -23.763024259252319 ], [ -45.887102205052621, -23.763030817396253 ], [ -45.887138287908265, -23.763050570212233 ], [ -45.887168230668983, -23.763066874123826 ], [ -45.887183384945786, -23.763075235104136 ], [ -45.887295683362545, -23.763068128270877 ], [ -45.887439910272853, -23.763058304119017 ], [ -45.887499064208541, -23.763049107040672 ], [ -45.887619671349483, -23.763029040687933 ], [ -45.88769032163308, -23.762953164791632 ], [ -45.887743217318871, -23.762936256786503 ], [ -45.88772824, -23.76292657 ], [ -45.886904649866061, -23.762885337889383 ] ] ] ] } },
{ "type": "Feature", "properties": { "id_unidade": "1368602", "nome_unidade": "Área de Proteção Ambiental Marinha Litoral Centro", "tipo_unidade": "Unidade de Conservação", "categoria_unidade": "Área de Proteção Ambiental", "orgao_gestor": "Fundação Para Conservação e a Produção Florestal do Estado de São Paulo", "zona_geografica": "Zona de Proteção Especial", "descricao_unidade": "Zoneamento (polígonos) do Plano de Manejo da Área de Proteção Ambiental Marinha Litoral Centro (aprovado pelo Decreto nº 65.544, em 02 de março de 2021).", "gid": 47 }, "geometry": { "type": "MultiPolygon", "coordinates": [ [ [ [ -45.876073245643887, -23.762218753444312 ], [ -45.876091695200657, -23.762228201049734 ], [ -45.876133709126719, -23.762249939598533 ], [ -45.876202478189754, -23.762285055715822 ], [ -45.876257869684302, -23.762313378536618 ], [ -45.87627375554689, -23.762321530492418 ], [ -45.876278981159579, -23.762324247811012 ], [ -45.876319479657951, -23.76233174656522 ], [ -45.876365360537392, -23.762340212057786 ], [ -45.876398072872846, -23.762346378280771 ], [ -45.876441340945945, -23.762354530236561 ], [ -45.876494642195411, -23.762364458900681 ], [ -45.876548047957129, -23.762369266464361 ], [ -45.876829290432234, -23.762392259160212 ], [ -45.876897954983015, -23.76239758928515 ], [ -45.876940073421316, -23.762400829165028 ], [ -45.877066742272973, -23.762374335308671 ], [ -45.877099768145193, -23.762367489756056 ], [ -45.877118946143781, -23.762363466034277 ], [ -45.877185311424967, -23.762373812747413 ], [ -45.877197905151554, -23.762375693967975 ], [ -45.877274146840755, -23.76233185107748 ], [ -45.877299490366021, -23.762317502169793 ], [ -45.87703323, -23.76192663 ], [ -45.876073245643887, -23.762218753444312 ] ] ] ] } },
{ "type": "Feature", "properties": { "id_unidade": "1368602", "nome_unidade": "Área de Proteção Ambiental Marinha Litoral Centro", "tipo_unidade": "Unidade de Conservação", "categoria_unidade": "Área de Proteção Ambiental", "orgao_gestor": "Fundação Para Conservação e a Produção Florestal do Estado de São Paulo", "zona_geografica": "Zona de Proteção Especial", "descricao_unidade": "Zoneamento (polígonos) do Plano de Manejo da Área de Proteção Ambiental Marinha Litoral Centro (aprovado pelo Decreto nº 65.544, em 02 de março de 2021).", "gid": 43 }, "geometry": { "type": "MultiPolygon", "coordinates": [ [ [ [ -45.880234910990509, -23.76320473871467 ], [ -45.880240413629615, -23.763205808672272 ], [ -45.880304270616712, -23.763218872704002 ], [ -45.880324016900666, -23.763223020534078 ], [ -45.880324719092378, -23.76322343205107 ], [ -45.88032791651414, -23.763225313271644 ], [ -45.88033088204935, -23.763227050787876 ], [ -45.880338563700015, -23.763231525218732 ], [ -45.880341744791743, -23.763233399907296 ], [ -45.880344155105597, -23.763234817354743 ], [ -45.880346173498495, -23.763236006181625 ], [ -45.880365214324755, -23.763247202056817 ], [ -45.880397247330563, -23.763265935878323 ], [ -45.880425191294407, -23.76328232470614 ], [ -45.880427079046989, -23.763281371031823 ], [ -45.88043061939959, -23.763279594323507 ], [ -45.88043802670559, -23.763275884138508 ], [ -45.880446714286698, -23.763271501155852 ], [ -45.880450039082774, -23.763269828959803 ], [ -45.880453344282785, -23.763268169827764 ], [ -45.880456146517595, -23.763266758912337 ], [ -45.880458112654367, -23.763265779109958 ], [ -45.88046150930262, -23.763264067721803 ], [ -45.88046506271926, -23.763262277949448 ], [ -45.880476454554923, -23.763256536307509 ], [ -45.880490054211954, -23.763249710350934 ], [ -45.880492970757032, -23.763248243913363 ], [ -45.880492934830947, -23.763248020191821 ], [ -45.880492761732533, -23.763246983234307 ], [ -45.880492683348336, -23.763246483535092 ], [ -45.880492435131728, -23.763245030161563 ], [ -45.880492324087449, -23.763244344299892 ], [ -45.880492079136864, -23.763242890926364 ], [ -45.880491801526176, -23.763241192602237 ], [ -45.880491527181526, -23.763239566130288 ], [ -45.880488809862918, -23.763223588819489 ], [ -45.880484211323747, -23.763195475023203 ], [ -45.880480298646233, -23.763172090406407 ], [ -45.880477751160043, -23.763170228781885 ], [ -45.880475941791666, -23.763168909314675 ], [ -45.880473903802717, -23.76316741348305 ], [ -45.880471741705463, -23.763165839267224 ], [ -45.880468893746539, -23.763163749022148 ], [ -45.880462851631876, -23.763159333379427 ], [ -45.880458226964642, -23.763155936731174 ], [ -45.880453889706089, -23.763152775235493 ], [ -45.880447514458602, -23.763148124440196 ], [ -45.880439022837976, -23.763141905961088 ], [ -45.880432752102749, -23.763137307421925 ], [ -45.880426612007838, -23.763132813395014 ], [ -45.880420942218073, -23.763128659032912 ], [ -45.880413835384815, -23.76312351180442 ], [ -45.880406127606079, -23.763117815886588 ], [ -45.880403410287485, -23.763115856281825 ], [ -45.88039909915701, -23.763112668658078 ], [ -45.880392227476328, -23.763107652069888 ], [ -45.880386296405923, -23.763103367067483 ], [ -45.880376629022443, -23.763096260234221 ], [ -45.880373180118063, -23.763093699684006 ], [ -45.880338246897196, -23.763068198694064 ], [ -45.880319539203761, -23.763054612101062 ], [ -45.880307635869386, -23.763046090112198 ], [ -45.880234910990509, -23.76320473871467 ] ] ] ] } },
{ "type": "Feature", "properties": { "id_unidade": "1368596", "nome_unidade": "Área de Proteção Ambiental Marinha Litoral Centro", "tipo_unidade": "Unidade de Conservação", "categoria_unidade": "Área de Proteção Ambiental", "orgao_gestor": "Fundação Para Conservação e a Produção Florestal do Estado de São Paulo", "zona_geografica": "Zona de Proteção Especial", "descricao_unidade": "Zoneamento (polígonos) do Plano de Manejo da Área de Proteção Ambiental Marinha Litoral Centro (aprovado pelo Decreto nº 65.544, em 02 de março de 2021).", "gid": 32 }, "geometry": { "type": "MultiPolygon", "coordinates": [ [ [ [ -45.962148314127894, -23.777887971321249 ], [ -45.962158961554103, -23.777904120766749 ], [ -45.962166852229274, -23.777913004308317 ], [ -45.962180282053893, -23.77792821084126 ], [ -45.962185873459468, -23.777934690600993 ], [ -45.962203431518112, -23.777952039635139 ], [ -45.962232224644062, -23.777976025197383 ], [ -45.962251245874263, -23.777991911059971 ], [ -45.962274134057857, -23.778011036802429 ], [ -45.962302038829634, -23.778031521204177 ], [ -45.962328271405347, -23.778050646946632 ], [ -45.962351055076681, -23.778067055370499 ], [ -45.962375092895066, -23.77808315025759 ], [ -45.962394218637513, -23.778096109777067 ], [ -45.962407282669254, -23.77810447075737 ], [ -45.962437173173853, -23.778123282963072 ], [ -45.962459434283929, -23.77813739211733 ], [ -45.96249308722966, -23.778156622372045 ], [ -45.962503851991812, -23.778162893107279 ], [ -45.962525277003856, -23.778175121040977 ], [ -45.962550568969291, -23.778189752756518 ], [ -45.962564678123563, -23.778198009224575 ], [ -45.962576488008246, -23.778204279959798 ], [ -45.962603347657478, -23.778218180089571 ], [ -45.962634178772362, -23.778234484001167 ], [ -45.962660620372596, -23.778247339008395 ], [ -45.96268946575465, -23.778261552674913 ], [ -45.962715071256852, -23.778273049022829 ], [ -45.96273722785466, -23.778282977686949 ], [ -45.962773493606761, -23.778299281598546 ], [ -45.962784258368899, -23.778303984649977 ], [ -45.962802234476555, -23.778311091483239 ], [ -45.962824286562117, -23.778319870512565 ], [ -45.962854908652496, -23.778331993934014 ], [ -45.962880827691457, -23.778342340647143 ], [ -45.962901834654488, -23.778349761017164 ], [ -45.962929425889506, -23.778359585169017 ], [ -45.962943430531524, -23.778364079195939 ], [ -45.962950641877036, -23.77836637846552 ], [ -45.962977397014015, -23.778374843958083 ], [ -45.963005824347071, -23.778383936524172 ], [ -45.963029130579677, -23.778390416283916 ], [ -45.963048360834385, -23.778395537384348 ], [ -45.963084522074212, -23.778405257023959 ], [ -45.963089538662402, -23.778406511171006 ], [ -45.963120996850819, -23.778415185688075 ], [ -45.963132597710995, -23.778418216543439 ], [ -45.963138136860444, -23.77841957520274 ], [ -45.963142944424114, -23.778420411300761 ], [ -45.963167609316017, -23.778425950450227 ], [ -45.963188407254549, -23.778430653501637 ], [ -45.963212549585187, -23.778436192651093 ], [ -45.963219342881686, -23.778437551310397 ], [ -45.963252368753899, -23.778444971680422 ], [ -45.963282259258492, -23.778451137903396 ], [ -45.963307864760687, -23.778456154491582 ], [ -45.963324586721306, -23.778459394371453 ], [ -45.963352386980837, -23.778465038033154 ], [ -45.963378096995292, -23.778469845596842 ], [ -45.96339920847057, -23.778474130599243 ], [ -45.963427217754599, -23.778479460724196 ], [ -45.963439550200562, -23.778481864506031 ], [ -45.963473307658553, -23.77848855329027 ], [ -45.963492119864227, -23.778492211219163 ], [ -45.963502571089613, -23.778494301464242 ], [ -45.963538105255928, -23.778501199272984 ], [ -45.963562561123332, -23.778506320373427 ], [ -45.96358367259861, -23.778510814400342 ], [ -45.963600290046976, -23.778514576841481 ], [ -45.963615757860552, -23.778517712209091 ], [ -45.963630285063829, -23.778520952088964 ], [ -45.963645961901896, -23.778524087456578 ], [ -45.96367731557806, -23.778530985265331 ], [ -45.963703966202793, -23.778537465025071 ], [ -45.963730721339779, -23.778544362833827 ], [ -45.963740650003885, -23.778546975640172 ], [ -45.963769495385947, -23.778555754669497 ], [ -45.963785067711775, -23.778560562233171 ], [ -45.963815062728628, -23.778569550287003 ], [ -45.963841817865621, -23.77857926992662 ], [ -45.963874634713328, -23.778591497860315 ], [ -45.963904525217927, -23.778602680671476 ], [ -45.963933997673514, -23.778613967994893 ], [ -45.963968800254044, -23.77862724105114 ], [ -45.964006320153182, -23.778638528374547 ], [ -45.964028058701984, -23.778642290815686 ], [ -45.964060039451667, -23.778647829965141 ], [ -45.964093169836133, -23.778650965332758 ], [ -45.964123164852992, -23.77865347362685 ], [ -45.96414584401208, -23.778655877408688 ], [ -45.964166223901586, -23.778658490215033 ], [ -45.964177511225003, -23.778659744362077 ], [ -45.964194755746881, -23.778663088754204 ], [ -45.964209073925652, -23.778665492536035 ], [ -45.964228304180374, -23.778669150464921 ], [ -45.964251192363967, -23.778673330955083 ], [ -45.964272199326992, -23.778678452055516 ], [ -45.964291116044926, -23.778682737057924 ], [ -45.964308047030052, -23.778686708523569 ], [ -45.964315049351072, -23.778688589744135 ], [ -45.964329681066602, -23.778692456697527 ], [ -45.964341699975797, -23.778695592065144 ], [ -45.964360407669233, -23.778700399628828 ], [ -45.964391134271878, -23.778708238047866 ], [ -45.96442625038916, -23.778717435126204 ], [ -45.964460216871664, -23.778726841229048 ], [ -45.964502544334472, -23.778738337576982 ], [ -45.964548111677153, -23.778750879047447 ], [ -45.964583436818955, -23.778760703199307 ], [ -45.964637574166453, -23.778775125890338 ], [ -45.964679797117007, -23.778787249311776 ], [ -45.96470488005793, -23.778794565169552 ], [ -45.964743549591851, -23.778805225419443 ], [ -45.964774903268008, -23.7788150495713 ], [ -45.96480374865007, -23.778824246649645 ], [ -45.964820470610682, -23.778830308360366 ], [ -45.964869800394503, -23.778847866419014 ], [ -45.964910769198006, -23.77886270715906 ], [ -45.964956127516196, -23.77888131034025 ], [ -45.964994379001098, -23.778896987178321 ], [ -45.965040782441818, -23.778916844506558 ], [ -45.965069418799374, -23.778929804026035 ], [ -45.965110178578371, -23.778947780133691 ], [ -45.965148012014268, -23.778964502094308 ], [ -45.965183964229595, -23.778980806005912 ], [ -45.965209883268543, -23.778991884304823 ], [ -45.965235593282998, -23.779003798701766 ], [ -45.965273217694389, -23.779020520662382 ], [ -45.965318366988051, -23.779041841162169 ], [ -45.965358917742549, -23.779061071416873 ], [ -45.965388181173616, -23.779074448985369 ], [ -45.965421625094848, -23.779090125823444 ], [ -45.965462593898359, -23.779109774127164 ], [ -45.96549185732944, -23.779122733646645 ], [ -45.965519657588963, -23.779135066092593 ], [ -45.965549548093563, -23.779147816587571 ], [ -45.965580692745213, -23.77916161220508 ], [ -45.965614136666446, -23.779176034896114 ], [ -45.96564340009752, -23.779188576366575 ], [ -45.965666810842386, -23.779198818567455 ], [ -45.965694193052897, -23.7792109419889 ], [ -45.965716976724231, -23.77922055711625 ], [ -45.965733280635831, -23.779227245900501 ], [ -45.965767351630596, -23.779241250542519 ], [ -45.965811664826226, -23.779259435674685 ], [ -45.965845735820977, -23.779273231292194 ], [ -45.965882524134337, -23.779287026909707 ], [ -45.965926001231949, -23.779304166919335 ], [ -45.965976376138286, -23.779323397174046 ], [ -45.966005848593873, -23.779334684497467 ], [ -45.966046817397384, -23.779350779384554 ], [ -45.966088831323447, -23.779366665247142 ], [ -45.966126037685825, -23.779381715011699 ], [ -45.966145476965032, -23.779389657942986 ], [ -45.966162616974671, -23.779396764776248 ], [ -45.966182265278398, -23.779404916732052 ], [ -45.96619773309196, -23.779411396491785 ], [ -45.966218008469227, -23.779420175521118 ], [ -45.966256050929616, -23.779437524555256 ], [ -45.96629513851255, -23.779455082613904 ], [ -45.966316877061359, -23.77946490676576 ], [ -45.966352202203147, -23.779480792628345 ], [ -45.966376867095065, -23.779492288976272 ], [ -45.966392543933139, -23.77949960483404 ], [ -45.966424106633802, -23.77951444557409 ], [ -45.966463403241242, -23.77953283973077 ], [ -45.966497056186995, -23.779547680470817 ], [ -45.966528618887672, -23.779561894137338 ], [ -45.966551820608025, -23.779571718289201 ], [ -45.966581502088111, -23.779583632686141 ], [ -45.966598224048738, -23.779590530494897 ], [ -45.966606376004535, -23.779593456838001 ], [ -45.966649644077627, -23.779608088553545 ], [ -45.966684133121397, -23.779619166852445 ], [ -45.966703781425124, -23.779625855636702 ], [ -45.966737852419875, -23.779637561009132 ], [ -45.966784464885095, -23.779653864920732 ], [ -45.966815818561251, -23.779665152244149 ], [ -45.966838602232592, -23.779673931273472 ], [ -45.966879152987083, -23.779690862258597 ], [ -45.966919912766087, -23.779709256415273 ], [ -45.966957119128459, -23.779727650571949 ], [ -45.966999969152539, -23.779749598145262 ], [ -45.96703257697574, -23.77976569303236 ], [ -45.967077517244896, -23.779784923287071 ], [ -45.967104272381889, -23.779795165487936 ], [ -45.967152975092176, -23.779813768669129 ], [ -45.967180566327201, -23.779823174771973 ], [ -45.967224670498325, -23.779836970389479 ], [ -45.967277135649752, -23.779852647227564 ], [ -45.967303263713227, -23.779858917962784 ], [ -45.967351548374495, -23.779871250408743 ], [ -45.967397115717176, -23.77988253773216 ], [ -45.967449789893124, -23.779891943835004 ], [ -45.96749640235835, -23.779900931888836 ], [ -45.96752106725026, -23.779905321403501 ], [ -45.967559318735169, -23.779910965065202 ], [ -45.967593598754434, -23.779915563604369 ], [ -45.967600078514174, -23.779916817751424 ], [ -45.967617218523799, -23.779919117021009 ], [ -45.967654006837158, -23.779923297511161 ], [ -45.967701455400402, -23.77992873214836 ], [ -45.967736989566724, -23.779933539712037 ], [ -45.967774404953595, -23.779937720202195 ], [ -45.967810357168929, -23.779941900692339 ], [ -45.967840456698042, -23.779945245084466 ], [ -45.967891458677919, -23.779950470697152 ], [ -45.967926783819721, -23.779954651187317 ], [ -45.967965453353642, -23.779958831677465 ], [ -45.968007885328703, -23.77996343021664 ], [ -45.968048854132221, -23.779968237780324 ], [ -45.9681052907493, -23.779974090466535 ], [ -45.968122221734419, -23.779976180711607 ], [ -45.968156710778203, -23.779980152177256 ], [ -45.968219627155023, -23.779986840961502 ], [ -45.968291531585663, -23.779994992917306 ], [ -45.968363226991819, -23.78000272682409 ], [ -45.968425516295106, -23.780010669755388 ], [ -45.968490522917016, -23.780018821711188 ], [ -45.968537971480252, -23.780024674397396 ], [ -45.968610293959927, -23.780033662451235 ], [ -45.968631823484223, -23.780034916598275 ], [ -45.96869076839539, -23.780039097088434 ], [ -45.968725466463674, -23.780038679039414 ], [ -45.968756611115325, -23.780035125622785 ], [ -45.968768525512253, -23.780033662451235 ], [ -45.968785179720584, -23.780028705841609 ], [ -45.96885374, -23.77992623 ], [ -45.96721198, -23.77978555 ], [ -45.96678666, -23.7795869 ], [ -45.96478442, -23.778769 ], [ -45.96415421, -23.77859679 ], [ -45.96389417, -23.77856066 ], [ -45.9635375, -23.77839932 ], [ -45.9630175, -23.77833966 ], [ -45.96235912, -23.77805437 ], [ -45.962148314127894, -23.777887971321249 ] ] ] ] } },
{ "type": "Feature", "properties": { "id_unidade": "1368602", "nome_unidade": "Área de Proteção Ambiental Marinha Litoral Centro", "tipo_unidade": "Unidade de Conservação", "categoria_unidade": "Área de Proteção Ambiental", "orgao_gestor": "Fundação Para Conservação e a Produção Florestal do Estado de São Paulo", "zona_geografica": "Zona de Proteção Especial", "descricao_unidade": "Zoneamento (polígonos) do Plano de Manejo da Área de Proteção Ambiental Marinha Litoral Centro (aprovado pelo Decreto nº 65.544, em 02 de março de 2021).", "gid": 44 }, "geometry": { "type": "MultiPolygon", "coordinates": [ [ [ [ -45.880350739917994, -23.762952059057351 ], [ -45.880352189485073, -23.76295184062943 ], [ -45.880356448359414, -23.762951291940094 ], [ -45.880425896752079, -23.76294253903885 ], [ -45.880452756401333, -23.762953930874524 ], [ -45.880495763193778, -23.7629719592383 ], [ -45.880512668050848, -23.76297046993869 ], [ -45.880537280686639, -23.762968275181358 ], [ -45.880560273382478, -23.762966184936278 ], [ -45.880585558815881, -23.762963937922823 ], [ -45.880587551080723, -23.762965237793995 ], [ -45.880590960793008, -23.762967465211396 ], [ -45.880593260062582, -23.762968954511013 ], [ -45.880600177467393, -23.762973468133985 ], [ -45.880602052155957, -23.762974696152966 ], [ -45.880604834794717, -23.762976505521365 ], [ -45.880607480261133, -23.762978229973552 ], [ -45.880608754004228, -23.762979059539571 ], [ -45.880610498052462, -23.762980189578318 ], [ -45.880612620957614, -23.762981587429717 ], [ -45.880615413394402, -23.762983403330125 ], [ -45.880634839609591, -23.76299615055909 ], [ -45.880657832305438, -23.763011043555252 ], [ -45.880698330803817, -23.763037459027412 ], [ -45.880706025518506, -23.76303670131357 ], [ -45.880714726163646, -23.763035891343598 ], [ -45.880724419675182, -23.763034911541222 ], [ -45.880734975412828, -23.763033905610779 ], [ -45.880744943269036, -23.7630329258084 ], [ -45.880759561920542, -23.763031541021036 ], [ -45.880765871847871, -23.763030927011542 ], [ -45.880771201972806, -23.763030391386245 ], [ -45.880777864628982, -23.763029751248691 ], [ -45.880784880014041, -23.763029058855007 ], [ -45.880791738630684, -23.763028405653415 ], [ -45.880799145936678, -23.763027674067647 ], [ -45.880805142327247, -23.76302711231428 ], [ -45.88081087743717, -23.763026537496884 ], [ -45.880811948687779, -23.763026432984635 ], [ -45.880817383324974, -23.763025910423366 ], [ -45.880822674257836, -23.763025387862097 ], [ -45.88082902337726, -23.763024786916638 ], [ -45.880835829737791, -23.763024133715049 ], [ -45.880840506661144, -23.763023676473942 ], [ -45.880841983304983, -23.763023531340711 ], [ -45.880842095778121, -23.763023457243154 ], [ -45.880842208251281, -23.763023383145601 ], [ -45.880842312763527, -23.763023314355305 ], [ -45.880842654673721, -23.763023089409028 ], [ -45.880842951880453, -23.763022892632041 ], [ -45.880843268683222, -23.763022685240539 ], [ -45.880843504652297, -23.763022529288659 ], [ -45.880844490170176, -23.763021880986098 ], [ -45.880845476504582, -23.763021231050516 ], [ -45.880846446508926, -23.763020590912959 ], [ -45.880847298936999, -23.763020032425601 ], [ -45.880847986431675, -23.7630195784505 ], [ -45.880848616771218, -23.76301916366749 ], [ -45.880848899280899, -23.763018975872033 ], [ -45.880849381017065, -23.763018660702269 ], [ -45.880922853131544, -23.762970264996728 ], [ -45.880929711748216, -23.762965770969814 ], [ -45.880925753346588, -23.762958690264618 ], [ -45.880924799672286, -23.762956965812425 ], [ -45.880922278314152, -23.762952497913577 ], [ -45.88091897311412, -23.762946579907197 ], [ -45.880918071695937, -23.762944973031292 ], [ -45.880917013509368, -23.76294309181073 ], [ -45.880914779559944, -23.762939133409109 ], [ -45.880906052786742, -23.762923508827168 ], [ -45.880900879430172, -23.762914154980447 ], [ -45.880894765463324, -23.762903285706045 ], [ -45.880885810069579, -23.762887344321321 ], [ -45.8808841280755, -23.762886792365979 ], [ -45.880874058973035, -23.762883428377812 ], [ -45.88086959107418, -23.76288192601416 ], [ -45.880852477192626, -23.762876256224391 ], [ -45.88073552798059, -23.762837273153703 ], [ -45.880681077096334, -23.762809054845164 ], [ -45.88065275427553, -23.76279452764188 ], [ -45.880599400769931, -23.762767119303302 ], [ -45.880597375845021, -23.762763369926201 ], [ -45.880594514822072, -23.762758222697709 ], [ -45.880591444774616, -23.762752605164057 ], [ -45.880569836866123, -23.762713295492581 ], [ -45.880570686028186, -23.762712106665692 ], [ -45.880583906828313, -23.762693294460007 ], [ -45.880603293851394, -23.762665755481112 ], [ -45.880606285514659, -23.762661437818618 ], [ -45.88060808181902, -23.762660562528499 ], [ -45.880611445807205, -23.762658916460502 ], [ -45.880614855519489, -23.762657250796455 ], [ -45.880620603693444, -23.762654455093664 ], [ -45.880629461106949, -23.762650117835133 ], [ -45.88064390992605, -23.762643089386067 ], [ -45.880655380145903, -23.762637471852411 ], [ -45.880664551096196, -23.76263300395356 ], [ -45.880694911905948, -23.762618267725777 ], [ -45.880708759779587, -23.762611422173141 ], [ -45.880722085091953, -23.762604942413407 ], [ -45.880751139498528, -23.76259072874689 ], [ -45.880801037567736, -23.762566383923751 ], [ -45.880803055960634, -23.762566024662878 ], [ -45.880858349474941, -23.762556148254898 ], [ -45.880883589184236, -23.762551654227984 ], [ -45.880912591334678, -23.762546585383667 ], [ -45.88095120861248, -23.762539739831041 ], [ -45.880984600277571, -23.76253378263257 ], [ -45.8810925614358, -23.762514552377866 ], [ -45.88117491709184, -23.762500547735844 ], [ -45.881227395307299, -23.762490703987933 ], [ -45.881229145887552, -23.762489547821122 ], [ -45.881237415419648, -23.762484093587886 ], [ -45.881240994964344, -23.762481715934104 ], [ -45.881257455644324, -23.762470820531643 ], [ -45.881269474553505, -23.762462877600363 ], [ -45.881276476874525, -23.762458252933126 ], [ -45.881287450661176, -23.76245096320341 ], [ -45.881342789899591, -23.762414383914571 ], [ -45.881358466737666, -23.762404037201442 ], [ -45.881367232702956, -23.762398275963442 ], [ -45.881370054533804, -23.762396773599797 ], [ -45.881374888225558, -23.762394199985543 ], [ -45.881378428578152, -23.762392305700949 ], [ -45.881382047314936, -23.76239037222425 ], [ -45.881388187409861, -23.762387080088253 ], [ -45.881392511604361, -23.762384793882703 ], [ -45.881395516331651, -23.762383200070825 ], [ -45.881399187324583, -23.76238124046607 ], [ -45.881400624368069, -23.7623804696882 ], [ -45.881401969963335, -23.762379764230484 ], [ -45.881404621961778, -23.76237832718699 ], [ -45.881407927161796, -23.762376583138757 ], [ -45.881408978816353, -23.762376027917405 ], [ -45.881410376667752, -23.762375276735582 ], [ -45.881412597553137, -23.762374087908693 ], [ -45.88141370799584, -23.762373500027262 ], [ -45.881414596349998, -23.762373029722127 ], [ -45.881416314270176, -23.762372115239906 ], [ -45.881417392052782, -23.762371533890484 ], [ -45.88141967172632, -23.762370318935535 ], [ -45.881421722779301, -23.762369234620898 ], [ -45.881429417494004, -23.762365093322845 ], [ -45.881435740485358, -23.762361775058785 ], [ -45.881445172716276, -23.762356732342536 ], [ -45.88148804886842, -23.762333896415075 ], [ -45.881602698810902, -23.762272756746565 ], [ -45.881640636759059, -23.762259170153559 ], [ -45.881688816908067, -23.762241507582662 ], [ -45.881726336807198, -23.762227920989663 ], [ -45.881804015539878, -23.76219954591274 ], [ -45.881810116442715, -23.762197364219439 ], [ -45.881818892206013, -23.762196142732467 ], [ -45.881820531742015, -23.762195910845907 ], [ -45.881821749962974, -23.762195744279502 ], [ -45.881822569730957, -23.762195626703214 ], [ -45.881823683439656, -23.762195469934838 ], [ -45.881825675704505, -23.76219519559017 ], [ -45.88182643015233, -23.7621950878119 ], [ -45.881828232988717, -23.762194836329289 ], [ -45.881829209525094, -23.762194699156961 ], [ -45.881829856194656, -23.762194607708732 ], [ -45.881831384686372, -23.762194395418224 ], [ -45.881832593109309, -23.762194225585805 ], [ -45.881834196719218, -23.762194003497267 ], [ -45.881836998954029, -23.762193618108334 ], [ -45.8818385535738, -23.762193396019796 ], [ -45.881840082065509, -23.762193178830262 ], [ -45.881840513178552, -23.762193120042124 ], [ -45.881840882237441, -23.762193069418991 ], [ -45.881844017605061, -23.762192633406936 ], [ -45.881845180303884, -23.762192468473536 ], [ -45.881845897192605, -23.762192367227289 ], [ -45.881846305443602, -23.762192310072148 ], [ -45.8818466728695, -23.762192257816025 ], [ -45.881847032130381, -23.762192208009399 ], [ -45.881847334443094, -23.762192165777346 ], [ -45.8808917, -23.76177196 ], [ -45.880350739917994, -23.762952059057351 ] ] ] ] } },
{ "type": "Feature", "properties": { "id_unidade": "12", "nome_unidade": "Área de Proteção Ambiental Marinha Litoral Centro", "tipo_unidade": "Unidade de Conservação", "categoria_unidade": "Área de Proteção Ambiental", "orgao_gestor": "Fundação Para Conservação e a Produção Florestal do Estado de São Paulo", "zona_geografica": "Zona de Proteção Especial", "descricao_unidade": "Zoneamento (polígonos) do Plano de Manejo da Área de Proteção Ambiental Marinha Litoral Centro (aprovado pelo Decreto nº 65.544, em 02 de março de 2021).", "gid": 49 }, "geometry": { "type": "MultiPolygon", "coordinates": [ [ [ [ -45.969783020275798, -23.777413187651213 ], [ -45.969781834527083, -23.777380463196955 ], [ -45.969780807600515, -23.777378693981106 ], [ -45.969778787234162, -23.777375222522878 ], [ -45.96977681151678, -23.777371829200366 ], [ -45.969775039510374, -23.77736877911688 ], [ -45.969774453492505, -23.777367768933686 ], [ -45.969773853521836, -23.777366744797707 ], [ -45.969773365173609, -23.77736589367651 ], [ -45.969772885197074, -23.777365070460945 ], [ -45.96977224057742, -23.777363965398671 ], [ -45.969771738276393, -23.777363097534121 ], [ -45.969771227603673, -23.777362212926192 ], [ -45.969770672281989, -23.777361250182551 ], [ -45.96977004719627, -23.777360181397587 ], [ -45.969769597915899, -23.77735940841211 ], [ -45.96976911793935, -23.777358582405967 ], [ -45.969768612847773, -23.777357722913088 ], [ -45.969768001714847, -23.77735666808093 ], [ -45.969767493832691, -23.777355786263573 ], [ -45.969766949673229, -23.77735484584441 ], [ -45.969766436209959, -23.77735396402705 ], [ -45.96976595623341, -23.777353135230353 ], [ -45.969765434398461, -23.777352247831868 ], [ -45.969764912563498, -23.777351346480565 ], [ -45.969764449330327, -23.777350551170606 ], [ -45.969763977725471, -23.777349727955031 ], [ -45.969763483796129, -23.777348887996077 ], [ -45.96976292289331, -23.777347919671318 ], [ -45.969762314550955, -23.77734687879196 ], [ -45.96976195456854, -23.777346245334556 ], [ -45.969761368550678, -23.777345235151369 ], [ -45.969760947175935, -23.777344515186563 ], [ -45.969760269069539, -23.777343359894193 ], [ -45.969759618868764, -23.777342232507433 ], [ -45.969759116567737, -23.77734136743344 ], [ -45.969758577989403, -23.777340446548223 ], [ -45.969757899883014, -23.777339271721928 ], [ -45.969757308284024, -23.777338250376495 ], [ -45.969756646921006, -23.777337109036932 ], [ -45.969756189268956, -23.777336324889212 ], [ -45.969755516743682, -23.777335166806289 ], [ -45.969754936306948, -23.777334162204223 ], [ -45.969754344707958, -23.777333146439929 ], [ -45.969753767061775, -23.777332155790667 ], [ -45.969753306619161, -23.777331357690144 ], [ -45.969752904778332, -23.777330674002631 ], [ -45.969752416430111, -23.777329825671998 ], [ -45.969751838783935, -23.777328840603875 ], [ -45.969751540193869, -23.777328315978355 ], [ -45.969751289043366, -23.777327889022466 ], [ -45.969750185398162, -23.777325747288508 ], [ -45.969752335503827, -23.777331366061819 ], [ -45.969758497063133, -23.777346680662106 ], [ -45.969767292912273, -23.777368424715576 ], [ -45.96977215965115, -23.777382221250534 ], [ -45.969774927887933, -23.777390079471086 ], [ -45.969777551015525, -23.77739762514879 ], [ -45.969779627193113, -23.7774035411387 ], [ -45.969783020275798, -23.777413187651213 ] ] ] ] } }
]
}
