{
"type": "FeatureCollection",
"name": "perb",
"crs": { "type": "name", "properties": { "name": "urn:ogc:def:crs:OGC:1.3:CRS84" } },
"features": [
{ "type": "Feature", "properties": { "gid": 1, "nome": "Área 1", "ato_legal": 0.0, "area": 6354.18 }, "geometry": { "type": "Polygon", "coordinates": [ [ [ -45.893480983552827, -23.75419291003254 ], [ -45.893468120303758, -23.754175389542045 ], [ -45.893531451326957, -23.753889603396871 ], [ -45.894054763805769, -23.752850051417767 ], [ -45.894181473236529, -23.752285989392018 ], [ -45.894431141845907, -23.751803837193972 ], [ -45.894582327858799, -23.751239633160861 ], [ -45.895301510282636, -23.751400711414796 ], [ -45.8950396850774, -23.752491330473539 ], [ -45.894807312446183, -23.753116093394141 ], [ -45.894639805848378, -23.753680392033587 ], [ -45.894570770669063, -23.754302914009692 ], [ -45.894982748148749, -23.754693654055522 ], [ -45.895468192844547, -23.75518576810677 ], [ -45.895583524066765, -23.755782424748329 ], [ -45.895866659631096, -23.756514639803122 ], [ -45.896074348990901, -23.757059561091683 ], [ -45.896244490442619, -23.757536434136647 ], [ -45.89652541289199, -23.757944398466869 ], [ -45.897030118721609, -23.758538793720408 ], [ -45.897368424922483, -23.759202419422166 ], [ -45.89737123309741, -23.759611997098371 ], [ -45.897598294822423, -23.760276268222697 ], [ -45.898099033060475, -23.760290424539093 ], [ -45.899700648669672, -23.758608597623358 ], [ -45.899754167794882, -23.755604597177655 ], [ -45.900595493132414, -23.751264952779124 ], [ -45.903032904188315, -23.751948668965806 ], [ -45.925608940008892, -23.758998025268752 ], [ -45.947397838154984, -23.766107005177858 ], [ -45.947373415566652, -23.76273381265489 ], [ -45.958158205542183, -23.764179481067764 ], [ -45.95823078149963, -23.774088196823648 ], [ -45.956641906112921, -23.773945375669509 ], [ -45.956503137324574, -23.7776539917778 ], [ -45.956703355573445, -23.777808519321148 ], [ -45.956917772322072, -23.777903566290767 ], [ -45.957117340201023, -23.77797711184402 ], [ -45.957429759787416, -23.778089425938639 ], [ -45.957815515922526, -23.778191710864476 ], [ -45.958072314643367, -23.778240333892121 ], [ -45.958254275195536, -23.77828147307185 ], [ -45.958494503051497, -23.778385652870934 ], [ -45.95858396576719, -23.77851379920617 ], [ -45.958757125506786, -23.778639529126604 ], [ -45.958872884244279, -23.778694626174943 ], [ -45.959009247410023, -23.778759530025305 ], [ -45.959210448080022, -23.778854648418079 ], [ -45.959685881660818, -23.77900667796796 ], [ -45.961017642946032, -23.779417916693269 ], [ -45.961756413707917, -23.779669481788492 ], [ -45.962637673627491, -23.779858234999974 ], [ -45.962687624292144, -23.77987841845232 ], [ -45.963712095128471, -23.780292369054582 ], [ -45.96449252721326, -23.780555556115029 ], [ -45.965936427277192, -23.781042472766487 ], [ -45.966064444375341, -23.781085642268732 ], [ -45.967203208211373, -23.780768635375139 ], [ -45.96717622181108, -23.780556740534397 ], [ -45.966291577006409, -23.78026631155323 ], [ -45.965588864949964, -23.779826078120234 ], [ -45.965543905066809, -23.779797909678035 ], [ -45.965488906444129, -23.779792744093385 ], [ -45.965448458440264, -23.77979091973781 ], [ -45.96534805706807, -23.779790644360222 ], [ -45.965052999457626, -23.779798178885496 ], [ -45.964960545213614, -23.77979758263098 ], [ -45.964922148101984, -23.779794390566146 ], [ -45.964862893848199, -23.779784284120435 ], [ -45.964765545091318, -23.779758790878294 ], [ -45.964707899232423, -23.779740545802895 ], [ -45.964610975929382, -23.779706198748855 ], [ -45.964539423442048, -23.779678647537239 ], [ -45.964379468444186, -23.77961434762188 ], [ -45.964244123204686, -23.779560099651398 ], [ -45.964095799969577, -23.779502681190134 ], [ -45.96377576658216, -23.779383835239248 ], [ -45.963452722777845, -23.779269252287794 ], [ -45.963299047894679, -23.779218007985566 ], [ -45.963155529148899, -23.779173202989281 ], [ -45.96292074970998, -23.779103226721656 ], [ -45.962817752123883, -23.77907018083393 ], [ -45.962781926492802, -23.779056314797174 ], [ -45.962745078936742, -23.779036945791894 ], [ -45.962736787548685, -23.779030494674082 ], [ -45.962725305241186, -23.779017199366233 ], [ -45.962719309965614, -23.779002695724255 ], [ -45.962717661976853, -23.778992138920046 ], [ -45.962717971802171, -23.778967570785305 ], [ -45.962720672941892, -23.778921221361458 ], [ -45.962719592891531, -23.778894494286622 ], [ -45.962717231349011, -23.778880329254481 ], [ -45.962714869142118, -23.778866073909533 ], [ -45.962710540872926, -23.77885137923867 ], [ -45.962704836693405, -23.778836422195955 ], [ -45.962689600335203, -23.778806441660624 ], [ -45.962670445823647, -23.778777479039185 ], [ -45.962656179145945, -23.778759233654444 ], [ -45.962625813780953, -23.778727179831925 ], [ -45.962590772435647, -23.778699851635235 ], [ -45.96256554171444, -23.778685377589408 ], [ -45.962547223785414, -23.778676731044673 ], [ -45.962504801853299, -23.778660015919574 ], [ -45.962425902726309, -23.778634225517298 ], [ -45.96238283042274, -23.778622481843104 ], [ -45.962319234254238, -23.778609059737054 ], [ -45.962261188916656, -23.778603099315969 ], [ -45.96222576221772, -23.778603410417116 ], [ -45.96220330352417, -23.778605537351208 ], [ -45.962160677170559, -23.778614383096695 ], [ -45.96213042601007, -23.778624506470162 ], [ -45.962076316518903, -23.778646610021255 ], [ -45.962043513787414, -23.778656749277012 ], [ -45.962034392381788, -23.778657528646395 ], [ -45.962018181207675, -23.778655100779815 ], [ -45.962003011666731, -23.778647518355985 ], [ -45.961968453843667, -23.778619193514817 ], [ -45.961844219889556, -23.778514206347293 ], [ -45.96178129630534, -23.778458782447288 ], [ -45.961749453193399, -23.778425924796281 ], [ -45.961717271849473, -23.77838710832641 ], [ -45.961701012725349, -23.778364810995573 ], [ -45.961652155022321, -23.778286991140952 ], [ -45.961563529290537, -23.778126237022217 ], [ -45.961532522246273, -23.778073594701937 ], [ -45.961518729219932, -23.778052998013852 ], [ -45.961499609609753, -23.778028731499052 ], [ -45.961631399621247, -23.777574662144048 ], [ -45.961646221090717, -23.777560157255014 ], [ -45.961659844565105, -23.777544357255895 ], [ -45.961673430843369, -23.777523499737647 ], [ -45.961679479911389, -23.777505308353977 ], [ -45.961680179986033, -23.777493743423115 ], [ -45.961676957120929, -23.777469197283345 ], [ -45.961671216942278, -23.777422629483731 ], [ -45.961672979749167, -23.777395433099926 ], [ -45.961677056797029, -23.777375989560937 ], [ -45.961687412000956, -23.777335327848718 ], [ -45.961688598487157, -23.777330668879507 ], [ -45.961695345464726, -23.777287274716464 ], [ -45.961696819514394, -23.777234159162877 ], [ -45.961693509488896, -23.777184415133235 ], [ -45.961690390744195, -23.777160681196829 ], [ -45.961684169357547, -23.777128747740637 ], [ -45.961671825044924, -23.777091614034742 ], [ -45.961662161771763, -23.777072075437683 ], [ -45.961641287645207, -23.777036078656312 ], [ -45.961621744925353, -23.776994293294205 ], [ -45.961614605963106, -23.776971035977066 ], [ -45.961609525706443, -23.77693412797667 ], [ -45.961609727139546, -23.776921482346957 ], [ -45.961613558106492, -23.776895266568694 ], [ -45.961621596278903, -23.776867308566452 ], [ -45.961629496618599, -23.776847299315261 ], [ -45.961651053410037, -23.776802638797705 ], [ -45.961697680056766, -23.776723953275919 ], [ -45.96172603072413, -23.776682321211261 ], [ -45.961772985730732, -23.776621606698985 ], [ -45.961824006749239, -23.77656664713167 ], [ -45.961861342114879, -23.77653236506843 ], [ -45.961888166546686, -23.776510070313368 ], [ -45.961947800298113, -23.776465262871323 ], [ -45.961993796737779, -23.776434358864886 ], [ -45.962020668296475, -23.776418476298478 ], [ -45.962068181242785, -23.776393614058918 ], [ -45.962127069865311, -23.776367597120785 ], [ -45.962161711338716, -23.776354014357398 ], [ -45.962243155033157, -23.776325689222848 ], [ -45.962290839136642, -23.7763107607155 ], [ -45.962371927451684, -23.776287495478702 ], [ -45.962463653100123, -23.776282769190047 ], [ -45.962518600719427, -23.776281342882406 ], [ -45.962614979914946, -23.77628218714753 ], [ -45.962657096444687, -23.776284182507535 ], [ -45.962731041289146, -23.776290404945588 ], [ -45.962793324032504, -23.776298867671311 ], [ -45.962894248978735, -23.776317295222942 ], [ -45.962958713988556, -23.776328905366068 ], [ -45.963073283736222, -23.776347789606998 ], [ -45.963154754735818, -23.776363177227513 ], [ -45.963238224374841, -23.776383429451638 ], [ -45.963293690953556, -23.776399159848786 ], [ -45.963397092364559, -23.776434009300974 ], [ -45.963457140397054, -23.776458833064353 ], [ -45.963485606569336, -23.776472925520899 ], [ -45.963527990978612, -23.776497949788542 ], [ -45.963572386683687, -23.776529554629114 ], [ -45.963595882594007, -23.776548374561148 ], [ -45.963646949885835, -23.776593033700305 ], [ -45.963764357807243, -23.776704022975029 ], [ -45.963865652045776, -23.776799126644882 ], [ -45.963964832330518, -23.77688701808669 ], [ -45.964017661657877, -23.776931033875766 ], [ -45.96410097334433, -23.776996354748334 ], [ -45.964188882833952, -23.77705965989044 ], [ -45.964234645460017, -23.777090262507397 ], [ -45.964281578408716, -23.777119864315338 ], [ -45.964378174183665, -23.777176612279803 ], [ -45.964477299587138, -23.777230363922296 ], [ -45.9646779527273, -23.77733089759813 ], [ -45.96511741194243, -23.777541931476492 ], [ -45.965403449246743, -23.777682482740019 ], [ -45.96553443218216, -23.77774425332521 ], [ -45.965651300420404, -23.777795093410589 ], [ -45.965721481506407, -23.777823104295919 ], [ -45.96584537098969, -23.777867849084501 ], [ -45.965938916551465, -23.777896797516828 ], [ -45.96595445808066, -23.777901577400495 ], [ -45.966010309471159, -23.777916130266266 ], [ -45.966105365895082, -23.777937030941359 ], [ -45.966344680413151, -23.77798331098241 ], [ -45.966466869906014, -23.778010454112387 ], [ -45.966576622184768, -23.778041197360569 ], [ -45.966644109847095, -23.778063263765048 ], [ -45.96677429191864, -23.778109503783881 ], [ -45.966975828568422, -23.778183114425154 ], [ -45.967078791039576, -23.778224647536593 ], [ -45.967147517962573, -23.778255015104076 ], [ -45.967287249080222, -23.778318445383281 ], [ -45.967396619347049, -23.778363821757484 ], [ -45.967498360346553, -23.778399401322336 ], [ -45.967549999585835, -23.778414973499089 ], [ -45.967627582949206, -23.778435260178348 ], [ -45.967703761680546, -23.77845140104688 ], [ -45.967740906725439, -23.778457851682521 ], [ -45.967765314807792, -23.778461337362419 ], [ -45.967804218576553, -23.778465701511209 ], [ -45.967847872262112, -23.778470006205705 ], [ -45.967916495062688, -23.778473008073671 ], [ -45.967961541043124, -23.77847290631362 ], [ -45.968051111564662, -23.778468551449119 ], [ -45.968141529199023, -23.77845931411229 ], [ -45.968187607865062, -23.778452883633033 ], [ -45.968258179845499, -23.778440790216198 ], [ -45.968368508926858, -23.778416796553962 ], [ -45.96848448104727, -23.778386174289604 ], [ -45.968713912831312, -23.778316997386209 ], [ -45.968848927005652, -23.778273520709618 ], [ -45.968910199057746, -23.778251369870269 ], [ -45.96899550820843, -23.778214978733267 ], [ -45.969022200355802, -23.77820144432734 ], [ -45.96907331478404, -23.778172673728854 ], [ -45.96912098237474, -23.778142299045694 ], [ -45.969150761973708, -23.778121610210974 ], [ -45.969205023129987, -23.778080446415064 ], [ -45.969252132364794, -23.778040953199287 ], [ -45.969272892770334, -23.77802158539432 ], [ -45.969300549871107, -23.777992600708867 ], [ -45.969323884956474, -23.777963101250894 ], [ -45.969333881169945, -23.777947955587496 ], [ -45.969342795876365, -23.777932545762777 ], [ -45.969357477566561, -23.777900752388557 ], [ -45.96936803151322, -23.777868172076303 ], [ -45.969372872424259, -23.777846014064586 ], [ -45.969377252892997, -23.777801460373208 ], [ -45.969374128167118, -23.777750631623462 ], [ -45.969367285270877, -23.777714547857506 ], [ -45.969360518029099, -23.777688669416378 ], [ -45.969341737502589, -23.777630894240296 ], [ -45.969302470846642, -23.77754498727527 ], [ -45.969288539050915, -23.777524112458984 ], [ -45.969222421851811, -23.777435384796341 ], [ -45.969151679002948, -23.777342286301828 ], [ -45.969113586849424, -23.777292156469461 ], [ -45.969111224032638, -23.777289046966228 ], [ -45.969058730996778, -23.777224438623861 ], [ -45.969052181977553, -23.777217091662024 ], [ -45.969030229724666, -23.777192464704616 ], [ -45.969013784181556, -23.777175768825177 ], [ -45.969462755936675, -23.776746365777001 ], [ -45.969469483712516, -23.776766031181534 ], [ -45.969505754891721, -23.776853230131806 ], [ -45.969525492323172, -23.776894471307589 ], [ -45.969547385395728, -23.776935247360676 ], [ -45.969555743927351, -23.776950729369634 ], [ -45.969599082005672, -23.777024787979521 ], [ -45.969623041993671, -23.777066363892253 ], [ -45.969675585403174, -23.777164208310843 ], [ -45.969702084549915, -23.777217328815819 ], [ -45.969738496033393, -23.777296940205524 ], [ -45.969767691423868, -23.777369552195033 ], [ -45.969793958183068, -23.777444259858459 ], [ -45.969821444171245, -23.777539037880143 ], [ -45.969825807622613, -23.777557136461766 ], [ -45.969834869882305, -23.77762779760296 ], [ -45.969838398022716, -23.777706531699444 ], [ -45.969838396644541, -23.777759276723998 ], [ -45.969834480852889, -23.777853230799241 ], [ -45.969826388096479, -23.777926528560986 ], [ -45.969818692262493, -23.777960716651961 ], [ -45.969812357280055, -23.7779799036052 ], [ -45.969796141685002, -23.778016583761598 ], [ -45.969772445284576, -23.778063516701042 ], [ -45.969718893294981, -23.778160582340426 ], [ -45.96968688540003, -23.778211631723529 ], [ -45.969670374354394, -23.778234946835621 ], [ -45.969641304846817, -23.778271978651286 ], [ -45.969588945479508, -23.778331374650246 ], [ -45.969555141945953, -23.778365275090287 ], [ -45.969493037537632, -23.77842075831196 ], [ -45.969425417349768, -23.778473566637054 ], [ -45.969388126069077, -23.778500353912456 ], [ -45.96932904540418, -23.778540102961788 ], [ -45.969236227428759, -23.778596230485554 ], [ -45.969143063422564, -23.778645405732757 ], [ -45.968971224378606, -23.778725692088976 ], [ -45.968874294847232, -23.77877001370171 ], [ -45.96882625293555, -23.778789642961669 ], [ -45.968746755292905, -23.778815701433512 ], [ -45.968652800742433, -23.778837695990632 ], [ -45.968584191996378, -23.778849867592903 ], [ -45.96853723466711, -23.77885693592296 ], [ -45.968443298587587, -23.778868182536616 ], [ -45.968351982086006, -23.778875348407226 ], [ -45.968306360526668, -23.778877260231013 ], [ -45.968235995792469, -23.778877611188502 ], [ -45.968121620981172, -23.778872186848094 ], [ -45.967992271221654, -23.778858998743765 ], [ -45.967899535854428, -23.778846845440938 ], [ -45.967706280280865, -23.778818252250886 ], [ -45.967418781366725, -23.778772637562348 ], [ -45.96728101397396, -23.778749205479372 ], [ -45.967104314361791, -23.778716533866021 ], [ -45.967015265607401, -23.778698576656868 ], [ -45.966875092987834, -23.778668385507633 ], [ -45.966724285616799, -23.778633383705564 ], [ -45.966430596803214, -23.778560168952289 ], [ -45.966271192383786, -23.778517182310633 ], [ -45.966199395208029, -23.778496316835927 ], [ -45.966092766309416, -23.778463295864135 ], [ -45.965790046464704, -23.778363131633014 ], [ -45.965729557811294, -23.778345265972995 ], [ -45.965672809696173, -23.778328912281278 ], [ -45.965645454404978, -23.77831914851058 ], [ -45.965596820289456, -23.778298499150882 ], [ -45.965481881667216, -23.778243221445546 ], [ -45.965357563516079, -23.778180325359834 ], [ -45.965284248747302, -23.778139960490947 ], [ -45.965091448959349, -23.778026643889586 ], [ -45.96502235287933, -23.777986071888513 ], [ -45.964944400594923, -23.777942303794116 ], [ -45.964893954958512, -23.777915523977605 ], [ -45.964785208193341, -23.777861381159877 ], [ -45.964782647326025, -23.777860132724761 ], [ -45.964570134809968, -23.77776184090725 ], [ -45.964459173801963, -23.77771349196631 ], [ -45.964143088889614, -23.777583874268675 ], [ -45.9640207131267, -23.777531351384329 ], [ -45.963846061574145, -23.777456665817077 ], [ -45.963758747518376, -23.777420903430123 ], [ -45.963631692149328, -23.777372564015412 ], [ -45.963547760736049, -23.777343012262897 ], [ -45.963373636627345, -23.777286566874121 ], [ -45.963186072730188, -23.777230837340799 ], [ -45.963092650941682, -23.777205228163879 ], [ -45.962961787631741, -23.777172807717221 ], [ -45.962848661940811, -23.777150211414568 ], [ -45.962782243792468, -23.777139968169585 ], [ -45.962741183871842, -23.777134895487041 ], [ -45.962664781168392, -23.777128146489066 ], [ -45.96258584821814, -23.777124303369071 ], [ -45.962460405633365, -23.777121653291335 ], [ -45.962407087415677, -23.777117831048365 ], [ -45.962385169940148, -23.777113451808866 ], [ -45.962351027822017, -23.777101562133488 ], [ -45.962310748135657, -23.777082485345431 ], [ -45.962235175769052, -23.777041862101093 ], [ -45.962210554160741, -23.777030093697629 ], [ -45.962208106087822, -23.77703083148868 ], [ -45.962207919119862, -23.777032097091126 ], [ -45.962215686661771, -23.777047402568833 ], [ -45.962289585844204, -23.777154057941711 ], [ -45.962316471032295, -23.777193358894035 ], [ -45.962327204599589, -23.777211626339252 ], [ -45.962342355168126, -23.777243323480125 ], [ -45.962358063549999, -23.777284139154293 ], [ -45.962385888533582, -23.77737112158329 ], [ -45.962393179628812, -23.777401693583869 ], [ -45.962394850829433, -23.777415411343284 ], [ -45.962394118483076, -23.777435917854657 ], [ -45.962388589442369, -23.777458079968181 ], [ -45.96238377304055, -23.777470393092635 ], [ -45.962361416692517, -23.777513071715681 ], [ -45.962348805240453, -23.777533020046494 ], [ -45.962321796603945, -23.777570308643185 ], [ -45.962302334230657, -23.777592828542662 ], [ -45.962277558550596, -23.777613484897429 ], [ -45.962263378009077, -23.777620256726269 ], [ -45.962254659854352, -23.777622478664973 ], [ -45.962237888565767, -23.777623937937207 ], [ -45.962212577450529, -23.777625179475088 ], [ -45.962199547290773, -23.777628241134455 ], [ -45.9621864449105, -23.777634825603727 ], [ -45.962179807545056, -23.777639744080002 ], [ -45.962160047406094, -23.777661814233092 ], [ -45.962151700071509, -23.777674420304248 ], [ -45.962136893904237, -23.777702872087673 ], [ -45.962128031505515, -23.777725506548329 ], [ -45.962120401888477, -23.777755629633383 ], [ -45.962118451332792, -23.777770634400859 ], [ -45.962117833026618, -23.777793307807283 ], [ -45.9621221097741, -23.777827691914705 ], [ -45.962132158618154, -23.777859601496861 ], [ -45.962140625118437, -23.777876528325319 ], [ -45.962159081789899, -23.77790405029975 ], [ -45.962186298511064, -23.777935040043275 ], [ -45.962203795552448, -23.77795218154326 ], [ -45.962272623849429, -23.778009826400442 ], [ -45.96234998142782, -23.778066243944334 ], [ -45.962392786621429, -23.778095059199668 ], [ -45.962460228959223, -23.778137719995222 ], [ -45.962565588148813, -23.778198388406263 ], [ -45.962637508305193, -23.778236053774215 ], [ -45.96268596829831, -23.778259775940676 ], [ -45.962783253619186, -23.778303514954256 ], [ -45.962881091246558, -23.778342283029257 ], [ -45.962930978810682, -23.77835994497967 ], [ -45.963008397830237, -23.778384660554764 ], [ -45.963133284691075, -23.778418292325444 ], [ -45.963270317930856, -23.778448777440119 ], [ -45.963538433170719, -23.778501204331342 ], [ -45.963678602958112, -23.778531127603308 ], [ -45.963737203555894, -23.778545844764889 ], [ -45.963815104853559, -23.778569382797855 ], [ -45.963885270688415, -23.778595317321191 ], [ -45.963968925219973, -23.77862712851384 ], [ -45.96400679374149, -23.778638542964313 ], [ -45.964060349496535, -23.778647872484388 ], [ -45.964134494660243, -23.778654454228406 ], [ -45.964177224090506, -23.778659606416809 ], [ -45.964251423208609, -23.778673503436167 ], [ -45.964305591123143, -23.778685990138669 ], [ -45.964416407709905, -23.778714650983066 ], [ -45.964646031408982, -23.778777522153771 ], [ -45.964748213431847, -23.778806417335691 ], [ -45.964805170588363, -23.778824486078602 ], [ -45.964904360419432, -23.778860173618984 ], [ -45.965022289621842, -23.778908388333811 ], [ -45.965252402866405, -23.779010904633409 ], [ -45.965483046490363, -23.779118745957955 ], [ -45.965711863320124, -23.779218379517779 ], [ -45.965839242974702, -23.779270418104669 ], [ -45.965959909369225, -23.779317079572547 ], [ -45.966114826350463, -23.779376893523555 ], [ -45.966193285283872, -23.779409368208871 ], [ -45.966314005318182, -23.779463254404966 ], [ -45.966465664056265, -23.779533655457538 ], [ -45.966530259765193, -23.779562694387916 ], [ -45.966607531911876, -23.779593911849897 ], [ -45.966726773523106, -23.779633627224435 ], [ -45.966809327813273, -23.779662463271212 ], [ -45.966850960806717, -23.779678549910809 ], [ -45.966909247154852, -23.779703744564262 ], [ -45.966960274025169, -23.779729345928086 ], [ -45.96703336586291, -23.77976591804514 ], [ -45.967080231596057, -23.779786216737453 ], [ -45.967158962699884, -23.779815618440377 ], [ -45.967204415797021, -23.779830687566708 ], [ -45.967278284097823, -23.779852804007025 ], [ -45.967397352489527, -23.779882314134365 ], [ -45.967520198844895, -23.779905117048404 ], [ -45.9676019408587, -23.779916978188488 ], [ -45.967759894462468, -23.779936038528557 ], [ -45.968077743144789, -23.779971256408388 ], [ -45.968373786025857, -23.780003991211998 ], [ -45.968611607995236, -23.780033658675404 ], [ -45.968692319947166, -23.780038932568811 ], [ -45.968726274229198, -23.780038538895475 ], [ -45.968768536083104, -23.780033486930467 ], [ -45.96879105821948, -23.780026662166016 ], [ -45.968801227728029, -23.780021630929603 ], [ -45.968820654060714, -23.78000760024273 ], [ -45.96883390508188, -23.779994601789163 ], [ -45.968864152169878, -23.779957472411102 ], [ -45.968901922131209, -23.779902503407861 ], [ -45.968922762033628, -23.779867329706491 ], [ -45.968938622345654, -23.779835619291635 ], [ -45.969005317797894, -23.779674891808792 ], [ -45.969046070384664, -23.779634622274902 ], [ -45.969074434905885, -23.779608342689514 ], [ -45.969123982081349, -23.779566666599791 ], [ -45.969145650742519, -23.779550634829405 ], [ -45.969183944490403, -23.779526641134979 ], [ -45.969217099878186, -23.779511169466545 ], [ -45.969237365413164, -23.779504449122104 ], [ -45.969275774279083, -23.779495989172155 ], [ -45.969341660216287, -23.779487176072365 ], [ -45.969480948742941, -23.77947736015183 ], [ -45.969617202358208, -23.779468556650372 ], [ -45.969668493944134, -23.779463628370209 ], [ -45.969700545952669, -23.779458188693187 ], [ -45.969713172828257, -23.779453683865345 ], [ -45.969725930338797, -23.779440327170558 ], [ -45.969731511779308, -23.779425389844189 ], [ -45.969742219469964, -23.779400304839815 ], [ -45.969751440017653, -23.779386428457435 ], [ -45.969770728496222, -23.779367069830194 ], [ -45.969784879336522, -23.779356323566098 ], [ -45.969813697149227, -23.779338259830098 ], [ -45.969878611638713, -23.779304344538517 ], [ -45.96996145569085, -23.779266342644352 ], [ -45.970009687835272, -23.779245898985831 ], [ -45.970086994284948, -23.779215518426312 ], [ -45.970166577949563, -23.779187833023428 ], [ -45.970206038686349, -23.779175663247965 ], [ -45.970244530108474, -23.779165125255965 ], [ -45.970318796598029, -23.779148311203549 ], [ -45.97038986074184, -23.779136394348889 ], [ -45.970435552993607, -23.779130778475349 ], [ -45.970523533527562, -23.779123722656884 ], [ -45.970608208903869, -23.779120932454713 ], [ -45.970650116706196, -23.779121120582431 ], [ -45.970713437791986, -23.779123793259032 ], [ -45.970812341426019, -23.779133919105195 ], [ -45.970918172326726, -23.779151768568429 ], [ -45.970991107939589, -23.779167205651284 ], [ -45.971136528773343, -23.779203501551152 ], [ -45.971240090344622, -23.779232925610636 ], [ -45.97141726170932, -23.779289252464867 ], [ -45.971506817324247, -23.779322467449525 ], [ -45.971546311853743, -23.779341275769458 ], [ -45.971585052166816, -23.779364243395957 ], [ -45.971604683441292, -23.779377848005968 ], [ -45.971665804087657, -23.779427769798481 ], [ -45.97170603246142, -23.77946608187651 ], [ -45.971731451022336, -23.779492475025481 ], [ -45.971776493383665, -23.779544665565357 ], [ -45.971814771026082, -23.779597801837898 ], [ -45.97185023561137, -23.77965538132754 ], [ -45.971864140628711, -23.779677602037701 ], [ -45.971881086564082, -23.779699622970973 ], [ -45.971889191551632, -23.77970733919193 ], [ -45.971901023072093, -23.779714670687227 ], [ -45.971912817672504, -23.779717034992846 ], [ -45.971918700539831, -23.779716275426054 ], [ -45.971936985753722, -23.779707218960873 ], [ -45.97198176088741, -23.779670629755671 ], [ -45.972010952870541, -23.779650124708574 ], [ -45.972077767880833, -23.779607887398647 ], [ -45.972107158794742, -23.779587742348458 ], [ -45.972120328086071, -23.779577002054964 ], [ -45.972136394489112, -23.779559921346838 ], [ -45.972146561915267, -23.77954143271204 ], [ -45.972148843346801, -23.779531483505007 ], [ -45.972148962403672, -23.779521096329649 ], [ -45.97214379558946, -23.779499362526568 ], [ -45.97213342482452, -23.779477300222421 ], [ -45.972106619620895, -23.779436013608969 ], [ -45.972085274413161, -23.779403092071391 ], [ -45.972078885545614, -23.779388591299437 ], [ -45.972076031626976, -23.779374339221405 ], [ -45.972076173517607, -23.779367022671416 ], [ -45.972081617605042, -23.779346847760443 ], [ -45.972087335848229, -23.779337147866052 ], [ -45.972099705249676, -23.779324425642251 ], [ -45.972116909546685, -23.77931519532914 ], [ -45.972127193115981, -23.779312330761751 ], [ -45.97215191423598, -23.779310910673487 ], [ -45.972166548732908, -23.77931244422858 ], [ -45.972201740863966, -23.779320170508836 ], [ -45.97222997198741, -23.77932884378183 ], [ -45.972300533649289, -23.779354952563502 ], [ -45.972439355497507, -23.779414409862394 ], [ -45.972514006019722, -23.779449253514468 ], [ -45.972617742724687, -23.779502157883947 ], [ -45.972700053364647, -23.779550861965028 ], [ -45.972744243210705, -23.779580749348931 ], [ -45.97281678658797, -23.779635746756309 ], [ -45.972882627798356, -23.779686902740558 ], [ -45.97291853992931, -23.779712236078534 ], [ -45.972982329762353, -23.779751483136419 ], [ -45.973062433279232, -23.779793698119825 ], [ -45.973187253198994, -23.779857397536784 ], [ -45.973253372933598, -23.779893197756437 ], [ -45.97335274249933, -23.779952631944727 ], [ -45.973417933394259, -23.779995482650687 ], [ -45.973460551333865, -23.780025108779959 ], [ -45.973542858610806, -23.780086456752574 ], [ -45.973620274553269, -23.780149912808671 ], [ -45.973657127353555, -23.780182916954619 ], [ -45.973710215306049, -23.780234694893313 ], [ -45.97376077727985, -23.780289920778753 ], [ -45.973785137745537, -23.780319120063027 ], [ -45.973808918140044, -23.780349497119001 ], [ -45.973854239956012, -23.78041270389253 ], [ -45.973895747895845, -23.780477741043185 ], [ -45.973920802870083, -23.780521115644888 ], [ -45.973963238603488, -23.780605294062532 ], [ -45.973976220557432, -23.780635287626911 ], [ -45.973997453005524, -23.780692504783325 ], [ -45.97401346330232, -23.780746955064007 ], [ -45.974021674195747, -23.780782036458103 ], [ -45.974033764465005, -23.78085042023773 ], [ -45.974058718917824, -23.780919806654357 ], [ -45.974097782138777, -23.781038687912879 ], [ -45.974124412618991, -23.781135429698168 ], [ -45.974136499514721, -23.781190175665412 ], [ -45.974142535280023, -23.781223103173357 ], [ -45.974150538062034, -23.781282932642835 ], [ -45.974155512228286, -23.781370960028163 ], [ -45.974154225408739, -23.781422177709864 ], [ -45.974151807146605, -23.781453261909242 ], [ -45.974144370567934, -23.781508943912058 ], [ -45.974133385517142, -23.781562571020572 ], [ -45.974124786533039, -23.781593965168017 ], [ -45.974104198008028, -23.781649549519578 ], [ -45.97406932437265, -23.781724190503226 ], [ -45.974057636059769, -23.7817624682068 ], [ -45.974053329008321, -23.781803499156407 ], [ -45.974051285299751, -23.781858514911807 ], [ -45.974047942042922, -23.781884005310364 ], [ -45.974044890414397, -23.781895946366191 ], [ -45.974036129331772, -23.781918761446239 ], [ -45.974023835918487, -23.781941689128434 ], [ -45.973990178000925, -23.781995098003861 ], [ -45.973946273408366, -23.782069524985985 ], [ -45.973921609235852, -23.782118180640982 ], [ -45.973882245280734, -23.782209287547577 ], [ -45.973827030747039, -23.782289127014856 ], [ -45.973794706116273, -23.782332693327078 ], [ -45.973715560210891, -23.782417792324459 ], [ -45.973647001839772, -23.782492084809764 ], [ -45.973573410151708, -23.782579453104283 ], [ -45.973493834096651, -23.78269199663244 ], [ -45.97344766368019, -23.782817514934109 ], [ -45.973494611805961, -23.782945624430251 ], [ -45.973253957849941, -23.7831880524936 ], [ -45.974044544751912, -23.783410898004956 ], [ -45.974110524613437, -23.783530208955522 ], [ -45.974245713920077, -23.783566346623186 ], [ -45.974353103916663, -23.783656451869494 ], [ -45.974472744828688, -23.783655338257098 ], [ -45.974485096772767, -23.783541383485964 ], [ -45.974587434157677, -23.783529379505218 ], [ -45.97457721096621, -23.783652861664617 ], [ -45.974664555310554, -23.783743651867496 ], [ -45.974752186081531, -23.783823955922582 ], [ -45.974851328179611, -23.783924059236039 ], [ -45.97496136204547, -23.784013894694461 ], [ -45.975082944159603, -23.784090207118449 ], [ -45.975209923613406, -23.78415871625219 ], [ -45.975340163361487, -23.784221854747301 ], [ -45.97547180475717, -23.784282495652953 ], [ -45.975614457903689, -23.784311749920441 ], [ -45.975678825057457, -23.784211459631191 ], [ -45.97578728489971, -23.784293697036549 ], [ -45.975892640791415, -23.784229771951221 ], [ -45.975841013015547, -23.784105489882677 ], [ -45.975840125811857, -23.784103354140228 ], [ -45.975778654179599, -23.783980315528041 ], [ -45.975768335592022, -23.783859913054101 ], [ -45.975839098470765, -23.783748808514339 ], [ -45.97588227942444, -23.783792290445088 ], [ -45.975807735511211, -23.783906624903377 ], [ -45.975867960333659, -23.784014737735276 ], [ -45.975989549067371, -23.784091078370505 ], [ -45.976112623726173, -23.784165408212381 ], [ -45.976231881219562, -23.784244775714519 ], [ -45.976345086577361, -23.784331357708403 ], [ -45.976455765585634, -23.784420682316824 ], [ -45.976568034480785, -23.784508299059226 ], [ -45.976685844389117, -23.784589450337624 ], [ -45.976818188391633, -23.78464713811028 ], [ -45.976922140203662, -23.78456601518544 ], [ -45.976935897586422, -23.78443278361274 ], [ -45.976926635384231, -23.784297848474829 ], [ -45.976988048470695, -23.784258764921944 ], [ -45.976998891720413, -23.784393787320251 ], [ -45.976996878613136, -23.784529238000435 ], [ -45.976994115913953, -23.78466468280007 ], [ -45.977018955484944, -23.784792392890374 ], [ -45.977131344082323, -23.784879278478126 ], [ -45.97725526341496, -23.784952379576357 ], [ -45.97737359620195, -23.785032966486803 ], [ -45.977496232649244, -23.785107796528425 ], [ -45.977626349937132, -23.785171093607119 ], [ -45.977759411240129, -23.785229050898558 ], [ -45.977891225428273, -23.785289341884958 ], [ -45.978019394800839, -23.785355975095598 ], [ -45.978151731891181, -23.78541061535514 ], [ -45.978257768353075, -23.785384313442869 ], [ -45.978295345178665, -23.785377996502589 ], [ -45.97836702798363, -23.785472980415996 ], [ -45.978439075300265, -23.785586013051073 ], [ -45.978571486510383, -23.785644010324436 ], [ -45.978709735476826, -23.785690304317615 ], [ -45.978835188328567, -23.785760954780624 ], [ -45.978958029431311, -23.785835572846054 ], [ -45.979091630612885, -23.785891310956714 ], [ -45.97923754965074, -23.785907073742823 ], [ -45.979384730940311, -23.785906199780293 ], [ -45.979531744227977, -23.785899138592228 ], [ -45.979674813106335, -23.78587610712696 ], [ -45.979755505733443, -23.785985541906982 ], [ -45.979863820670332, -23.786077215559335 ], [ -45.979979327751131, -23.786161083917179 ], [ -45.980107354124513, -23.786227544809968 ], [ -45.980250636080569, -23.786255536099834 ], [ -45.980397078364796, -23.786247784992572 ], [ -45.98053250662921, -23.786195117062576 ], [ -45.980674025979241, -23.786165363365683 ], [ -45.980742823955509, -23.786227629177887 ], [ -45.980646591342229, -23.786312089772633 ], [ -45.98072136540798, -23.786424108726724 ], [ -45.980835790582489, -23.786509281629176 ], [ -45.980952138999847, -23.786592283545428 ], [ -45.98106924717257, -23.786674371295916 ], [ -45.981189505389963, -23.786752491568265 ], [ -45.981312407189577, -23.786827063314131 ], [ -45.981437039860658, -23.786899162615263 ], [ -45.981563171115177, -23.786969021394924 ], [ -45.981690580913735, -23.787036888096701 ], [ -45.981819061463668, -23.787103024276217 ], [ -45.981948121779752, -23.787168199488793 ], [ -45.982077645568772, -23.787232590890707 ], [ -45.982207921896965, -23.787295682646207 ], [ -45.982339221064784, -23.787356951135948 ], [ -45.982471497322912, -23.787416416283634 ], [ -45.982604174057137, -23.787475121838366 ], [ -45.98273708850715, -23.787533370610042 ], [ -45.982870097143639, -23.787591437214786 ], [ -45.983003057743637, -23.78764959697374 ], [ -45.983135827321391, -23.787708125014674 ], [ -45.983268255638741, -23.787767303864797 ], [ -45.98340015543571, -23.787827473817643 ], [ -45.983531640208049, -23.787888408708781 ], [ -45.983662923152501, -23.787949711324746 ], [ -45.983794221229537, -23.788010986565432 ], [ -45.983925751231347, -23.788071838970069 ], [ -45.984059700150041, -23.788127884433909 ], [ -45.984196168676711, -23.788178651970728 ], [ -45.98431687270449, -23.788254626374329 ], [ -45.984454394611312, -23.788302875749096 ], [ -45.984591697715146, -23.788351629570307 ], [ -45.984664812350999, -23.788383164225298 ], [ -45.984725000196519, -23.788409123462387 ], [ -45.984821056438527, -23.788450613289616 ], [ -45.984858304283982, -23.78846662646524 ], [ -45.984926741813794, -23.78849690323699 ], [ -45.984936952315898, -23.78849774654584 ], [ -45.984960744758226, -23.788503743731884 ], [ -45.985007184045209, -23.788507716189518 ], [ -45.985038932047686, -23.788514750062831 ], [ -45.98505172242514, -23.788519096618661 ], [ -45.985059805201274, -23.788523650689111 ], [ -45.985075737651499, -23.788540157213461 ], [ -45.985104792024288, -23.78856093870597 ], [ -45.9851093926736, -23.788564229375119 ], [ -45.985146989126989, -23.788590353617632 ], [ -45.985185131676239, -23.788611332859698 ], [ -45.985227139305636, -23.788631403007255 ], [ -45.985268206399915, -23.788650110193277 ], [ -45.98529737726205, -23.788665818803182 ], [ -45.985327449008196, -23.788683687207623 ], [ -45.985372334809973, -23.78870147029706 ], [ -45.985411710989446, -23.788717390738309 ], [ -45.985436622986292, -23.788728252624544 ], [ -45.985477229480217, -23.788750570718953 ], [ -45.985519987605237, -23.788772064539145 ], [ -45.985557794868349, -23.788788084186116 ], [ -45.985596618307852, -23.788808337738161 ], [ -45.985652817789074, -23.788829844303013 ], [ -45.985694788383057, -23.788839164553313 ], [ -45.985739088885012, -23.788845494511218 ], [ -45.985762315942274, -23.788854291270457 ], [ -45.985773772977318, -23.7888753338935 ], [ -45.985798786629353, -23.788898463397448 ], [ -45.985827520863765, -23.788920669382019 ], [ -45.985859155717847, -23.788937716802192 ], [ -45.985881372598094, -23.788943001258371 ], [ -45.985900219493935, -23.788944155570054 ], [ -45.985920526032793, -23.788943858143384 ], [ -45.98595642229909, -23.78895420560897 ], [ -45.985997376022993, -23.788959201659654 ], [ -45.986022493515428, -23.788959327534094 ], [ -45.986050651560454, -23.788959345673351 ], [ -45.986063558052052, -23.788965856461399 ], [ -45.986083989381143, -23.788980622999105 ], [ -45.986097341356569, -23.788993535971613 ], [ -45.98614424532451, -23.789029890007932 ], [ -45.986167797398487, -23.789042383351315 ], [ -45.986189122919463, -23.789058497837431 ], [ -45.986212692191209, -23.789073065854208 ], [ -45.986235914087182, -23.789081231115027 ], [ -45.986251394537653, -23.789090523491506 ], [ -45.98627765061385, -23.789121493831221 ], [ -45.986286738450104, -23.789128928691035 ], [ -45.986303008994028, -23.789138847961997 ], [ -45.986362703191332, -23.789155823723465 ], [ -45.986403649326149, -23.789171734852562 ], [ -45.986454137226524, -23.789190658020178 ], [ -45.98649227659547, -23.789199368683931 ], [ -45.986509786667554, -23.7892049508106 ], [ -45.986538283758286, -23.78922219659492 ], [ -45.986591131488751, -23.789241737563557 ], [ -45.986618950244441, -23.789248162308024 ], [ -45.986667633570725, -23.789250587783158 ], [ -45.986719022014242, -23.789247946004224 ], [ -45.986750207963858, -23.789246322810218 ], [ -45.98688608539203, -23.789328349802268 ], [ -45.986895063204692, -23.789334341934552 ], [ -45.986896626181682, -23.789333521048082 ], [ -45.986911996635342, -23.789341370665692 ], [ -45.986936577016209, -23.789359541046689 ], [ -45.986965745847066, -23.789386795939219 ], [ -45.98697652473836, -23.789397017442131 ], [ -45.987003684333857, -23.789418600827698 ], [ -45.987021075274967, -23.78943347498468 ], [ -45.987053830712036, -23.789455477114387 ], [ -45.98706999202696, -23.789464043814828 ], [ -45.987101190485859, -23.789487588449873 ], [ -45.987146409884033, -23.789521877107799 ], [ -45.987180746293646, -23.789545223203188 ], [ -45.987216756516602, -23.789569281293439 ], [ -45.987255021714837, -23.789593145945837 ], [ -45.987314265240983, -23.789626722162311 ], [ -45.987349725125306, -23.789643566773613 ], [ -45.987391576932446, -23.789662178638331 ], [ -45.987440041570956, -23.789685533332573 ], [ -45.987472131431929, -23.789698247809632 ], [ -45.987505674197457, -23.789708698698114 ], [ -45.987523398549492, -23.789716444456023 ], [ -45.987559316011755, -23.789741134452761 ], [ -45.987595670892837, -23.789759417163246 ], [ -45.987615742341788, -23.789766247281772 ], [ -45.987652667171027, -23.789782271493358 ], [ -45.987691149747661, -23.789796843376966 ], [ -45.987732089498856, -23.789811942309239 ], [ -45.98775599162753, -23.789819291536535 ], [ -45.987774954727136, -23.789822609930685 ], [ -45.987785050023106, -23.789821378934111 ], [ -45.987793466272556, -23.789818804516084 ], [ -45.987836990620629, -23.789814313408169 ], [ -45.987846524910267, -23.789828240553057 ], [ -45.987855612882768, -23.789835675315139 ], [ -45.987870998366333, -23.789857146120248 ], [ -45.987897477440633, -23.789879454932887 ], [ -45.987936631801944, -23.789904035936239 ], [ -45.987978704688459, -23.789925623215982 ], [ -45.98801932394796, -23.789949383866478 ], [ -45.988039413413247, -23.789958378810713 ], [ -45.988079348973002, -23.789970687007745 ], [ -45.988120529237392, -23.789979289485398 ], [ -45.988163272482957, -23.78998707105265 ], [ -45.988189528488874, -23.789994316404837 ], [ -45.98820108412211, -23.790015358261606 ], [ -45.988225884230189, -23.7900363235984 ], [ -45.988259204697805, -23.790055435548126 ], [ -45.988294444637994, -23.790069394557317 ], [ -45.988313621971059, -23.790074876632275 ], [ -45.988332817277374, -23.790082523587142 ], [ -45.988369382807292, -23.790090701622724 ], [ -45.988381504662904, -23.790097216743689 ], [ -45.988413591710852, -23.790121387420577 ], [ -45.988426718608359, -23.790130783378189 ], [ -45.988440416177951, -23.790138011050555 ], [ -45.988471721382822, -23.790150729847763 ], [ -45.988511892203114, -23.79017954458946 ], [ -45.988548351432357, -23.790198548126394 ], [ -45.988593342263499, -23.790217051304175 ], [ -45.988634416304109, -23.790236479185563 ], [ -45.988677388853269, -23.790260045638117 ], [ -45.988724623457273, -23.790277002274582 ], [ -45.988770283111286, -23.790293336546938 ], [ -45.988797998084152, -23.790299039826625 ], [ -45.98881986557322, -23.790309467710703 ], [ -45.988862119017853, -23.790333753313639 ], [ -45.988911053943454, -23.7903527498523 ], [ -45.988942911923047, -23.790361135382945 ], [ -45.98897982508511, -23.79037571601015 ], [ -45.989025042221634, -23.790397826059412 ], [ -45.989051529786437, -23.790409309685835 ], [ -45.989081150799478, -23.790420053524709 ], [ -45.989125909592317, -23.790434227912794 ], [ -45.98917595577219, -23.790458926012597 ], [ -45.989219481908748, -23.790478249343227 ], [ -45.989256279037896, -23.790490665587811 ], [ -45.989297457361303, -23.790510814345765 ], [ -45.98931832585982, -23.790519082949828 ], [ -45.989355471298744, -23.790537992112213 ], [ -45.989402141425721, -23.79055783844845 ], [ -45.989445684867675, -23.79057923639105 ], [ -45.989473172320359, -23.790592969351295 ], [ -45.989487538005605, -23.790597937868608 ], [ -45.989523096526639, -23.790614781392776 ], [ -45.989543180194467, -23.790623054506508 ], [ -45.989574150059816, -23.790630813588301 ], [ -45.989608251874749, -23.790637652463197 ], [ -45.989642472902339, -23.79065883366949 ], [ -45.989667948115994, -23.790678351532858 ], [ -45.989681743915988, -23.79068557852273 ], [ -45.98972091297275, -23.790700055704558 ], [ -45.989761294571714, -23.790718765621676 ], [ -45.989795332611152, -23.790737823100603 ], [ -45.98981227236915, -23.790745573128099 ], [ -45.989828985918685, -23.790749716154053 ], [ -45.989875090529175, -23.790748727631758 ], [ -45.989883058248765, -23.79075120732827 ], [ -45.989895510557098, -23.790762050383879 ], [ -45.989947147187983, -23.790787345486134 ], [ -45.989974100516051, -23.790803918119792 ], [ -45.989986332621825, -23.79081187579537 ], [ -45.990042781068603, -23.790837684254893 ], [ -45.990082960537592, -23.790855673593494 ], [ -45.990129740991009, -23.790876962387472 ], [ -45.990167439284605, -23.790891538176059 ], [ -45.9901844951941, -23.790901452474053 ], [ -45.990196843432464, -23.79091157444498 ], [ -45.990217257516413, -23.79092417552533 ], [ -45.990252275579607, -23.790946795299021 ], [ -45.990287055427963, -23.790964364811984 ], [ -45.99028874527631, -23.790965403177402 ], [ -45.990330249474837, -23.790990906358978 ], [ -45.990353813538569, -23.791004752085961 ], [ -45.990385903988333, -23.791017465934836 ], [ -45.990403408453801, -23.791022325977881 ], [ -45.990437288113704, -23.79103782589204 ], [ -45.990482175373778, -23.791055607439983 ], [ -45.990492509717527, -23.791059516719194 ], [ -45.990539951549657, -23.791077734491378 ], [ -45.990588987884713, -23.79109891986586 ], [ -45.990614679601002, -23.791109054710127 ], [ -45.99068470000649, -23.791140582581324 ], [ -45.990729911677697, -23.791161970483714 ], [ -45.990767842357741, -23.791180874744221 ], [ -45.990798577389995, -23.791195761343012 ], [ -45.99085558479684, -23.791231604297483 ], [ -45.990895524964529, -23.791256179965892 ], [ -45.990931769842447, -23.791272928969057 ], [ -45.990992696903589, -23.791296390700705 ], [ -45.991050479272253, -23.791319239180698 ], [ -45.991112178476222, -23.791341162857766 ], [ -45.991172994727037, -23.791363091627876 ], [ -45.991204405340184, -23.791376621111461 ], [ -45.991264431500603, -23.791397922970884 ], [ -45.991317960765727, -23.791416646451147 ], [ -45.991363740447611, -23.791433675912717 ], [ -45.99141359158434, -23.791454716111527 ], [ -45.991463091891518, -23.791470821892066 ], [ -45.991507750360491, -23.791482806181019 ], [ -45.991552331951759, -23.791495487577475 ], [ -45.991604717507705, -23.79150645972787 ], [ -45.991660404872988, -23.791521422081985 ], [ -45.991700679567479, -23.791527232396842 ], [ -45.991739388479431, -23.79153167368154 ], [ -45.991765534845506, -23.791537475722919 ], [ -45.991783155564839, -23.791544499915723 ], [ -45.99181759742671, -23.791568565985639 ], [ -45.991838698521441, -23.791581162857835 ], [ -45.991862821442027, -23.791591396796886 ], [ -45.991892332055947, -23.791600607190698 ], [ -45.991922056922895, -23.791611981319853 ], [ -45.992005864576157, -23.791637835706908 ], [ -45.992032297338021, -23.791645324948409 ], [ -45.992161691782655, -23.791683528692356 ], [ -45.992303365390725, -23.771086338575511 ], [ -45.997578923740221, -23.772746530291698 ], [ -46.000616714041577, -23.733895674830052 ], [ -46.000594320222312, -23.7338666474432 ], [ -46.000571462107217, -23.733841055093276 ], [ -46.0005290549854, -23.733799241910649 ], [ -46.000494100007636, -23.733769753888996 ], [ -46.000448627447433, -23.733737624409475 ], [ -46.00019619432522, -23.733582828930299 ], [ -46.000114261546322, -23.733529620440446 ], [ -46.000034637788552, -23.733470436065378 ], [ -45.999969569688091, -23.733415944301182 ], [ -45.999947135881364, -23.733394503678721 ], [ -45.999931599525141, -23.73337699238488 ], [ -45.999850705074728, -23.733266967791089 ], [ -45.999823215327496, -23.733225780472168 ], [ -45.999797173005376, -23.733181422701932 ], [ -45.999790809557005, -23.733169102686805 ], [ -45.999749429260717, -23.733083015185471 ], [ -45.999632914819493, -23.732933391073772 ], [ -45.9995893943235, -23.732874153673919 ], [ -45.999555665117626, -23.732825239394341 ], [ -45.99949713233049, -23.732739997463202 ], [ -45.999437067195245, -23.732659642517298 ], [ -45.999372703590801, -23.732581663563181 ], [ -45.999301472987, -23.73250372895891 ], [ -45.999198040487236, -23.7323970107241 ], [ -45.99915777941353, -23.732353467246437 ], [ -45.999094437072166, -23.732280719939272 ], [ -45.999021561453347, -23.732192860976468 ], [ -45.998952699805344, -23.732103892242502 ], [ -45.998888553283358, -23.732015705866154 ], [ -45.998829528734305, -23.731930195878345 ], [ -45.998803019916181, -23.731888911701674 ], [ -45.998779954273111, -23.731848869714792 ], [ -45.998760235765403, -23.73181034149021 ], [ -45.998744059214147, -23.731773145137218 ], [ -45.998714410971672, -23.73169322563048 ], [ -45.99868338078722, -23.731599315937398 ], [ -45.998654175329428, -23.731500246393463 ], [ -45.998629511435539, -23.731404940817331 ], [ -45.998608490363452, -23.731311327729436 ], [ -45.998589722874975, -23.73121733881624 ], [ -45.998570367503653, -23.73112344401201 ], [ -45.998547387966767, -23.73103029514126 ], [ -45.998534103660759, -23.730986396637824 ], [ -45.998519286233339, -23.730947294823519 ], [ -45.998502837584262, -23.730912990331621 ], [ -45.998484856500802, -23.730883572840412 ], [ -45.998386186895615, -23.730745031714559 ], [ -45.998370934361802, -23.730726073342236 ], [ -45.998355617442982, -23.730711540907979 ], [ -45.998340235449575, -23.730701344099405 ], [ -45.998324789067958, -23.73069557322895 ], [ -45.998309278296496, -23.730694228296688 ], [ -45.998293604346003, -23.730697219623519 ], [ -45.998277964102471, -23.730704636255332 ], [ -45.99826225946439, -23.730716478825471 ], [ -45.998245878443193, -23.730729680512741 ], [ -45.998228407314713, -23.730741444166245 ], [ -45.998209647815891, -23.730751500115016 ], [ -45.998189798210326, -23.730760118029377 ], [ -45.998146433530351, -23.730772681036065 ], [ -45.998098508791095, -23.730779041603387 ], [ -45.998050257422477, -23.7307811593735 ], [ -45.998006209902904, -23.730781353344028 ], [ -45.997966462959177, -23.730779442260381 ], [ -45.997930918493097, -23.730775426759042 ], [ -45.997898007596277, -23.730769407284217 ], [ -45.997865864998012, -23.730761215240598 ], [ -45.997834490699411, -23.730750850628748 ], [ -45.997803983489561, -23.730738403128282 ], [ -45.997743213195605, -23.730706913405072 ], [ -45.997681296457564, -23.730666580004556 ], [ -45.997617936928052, -23.730617133885978 ], [ -45.99755273947364, -23.730558216328841 ], [ -45.997486684420423, -23.730489730689573 ], [ -45.997420752093618, -23.730411580326365 ], [ -45.997361082409043, -23.730331312252929 ], [ -45.997313520954933, -23.730256475390856 ], [ -45.997291771216659, -23.730221663043729 ], [ -45.997268078055974, -23.730189301780978 ], [ -45.99724244147297, -23.730159391602005 ], [ -45.997214763368, -23.730131933138214 ], [ -45.997185137717224, -23.730106383881743 ], [ -45.997153755909359, -23.730082110379175 ], [ -45.997120420371409, -23.730058933269806 ], [ -45.997085230577071, -23.730037032544807 ], [ -45.997048487007419, -23.730017219117087 ], [ -45.99701058755462, -23.730000212954991 ], [ -45.996971532216612, -23.729986014057737 ], [ -45.99693122289181, -23.729974623057139 ], [ -45.996891820509752, -23.729966387288936 ], [ -45.996855191014234, -23.729961565675961 ], [ -45.996821334402149, -23.729960158220301 ], [ -45.99679025067072, -23.729962164924043 ], [ -45.996718682157287, -23.729968406511684 ], [ -45.996622374760136, -23.729972459268339 ], [ -45.996519996185434, -23.729977996158784 ], [ -45.996429824482689, -23.72998905397122 ], [ -45.996341651136277, -23.730004885649759 ], [ -45.996245269687698, -23.730025015051396 ], [ -45.996195330324582, -23.730037348916511 ], [ -45.996145703096531, -23.73005202899343 ], [ -45.996096584886132, -23.73006914433137 ], [ -45.996047876218746, -23.730088514937702 ], [ -45.99600016362956, -23.730109866084479 ], [ -45.995954127636445, -23.730132380538038 ], [ -45.995909770297793, -23.730156329237165 ], [ -45.995866992141394, -23.730181532190141 ], [ -45.995826070996209, -23.730205820004283 ], [ -45.995786891610457, -23.730226935501488 ], [ -45.995749453987763, -23.730244878682903 ], [ -45.99571395364449, -23.730259557973927 ], [ -45.995626415273335, -23.730294442022618 ], [ -45.995502313830656, -23.730346179713216 ], [ -45.995374592202957, -23.730399205045362 ], [ -45.995276388897146, -23.730437860540537 ], [ -45.995236860871579, -23.730451843112601 ], [ -45.995201818677586, -23.730462274446822 ], [ -45.995171164219748, -23.73046915517741 ], [ -45.995144898186886, -23.730472575619416 ], [ -45.99509673740355, -23.730473698397333 ], [ -45.995048442863869, -23.730470125543011 ], [ -45.995023393841727, -23.730465861198446 ], [ -45.994996950170396, -23.730458806000119 ], [ -45.994968916337918, -23.730449051522161 ], [ -45.994939389760532, -23.730436506820055 ], [ -45.994910626733095, -23.730421157376171 ], [ -45.994884880121376, -23.730402537112202 ], [ -45.994862250082505, -23.730380916335964 ], [ -45.994842637831461, -23.730356205367201 ], [ -45.994826055021854, -23.730329939519432 ], [ -45.994812613462365, -23.730303924411988 ], [ -45.994802116266342, -23.73027807099556 ], [ -45.994794858416249, -23.730252467689862 ], [ -45.994789635296115, -23.730223509569264 ], [ -45.994785535904605, -23.730187499502051 ], [ -45.994781104131825, -23.730094772565721 ], [ -45.994782478813896, -23.729991531516124 ], [ -45.994790379460454, -23.72989502225089 ], [ -45.99480291269667, -23.729801373323369 ], [ -45.99481808499727, -23.729706442980422 ], [ -45.994853696723951, -23.729512574459935 ], [ -45.99487483654422, -23.72941543811346 ], [ -45.994900114996916, -23.729320713693753 ], [ -45.994964309013909, -23.729105527102675 ], [ -45.994980353560109, -23.729047982325021 ], [ -45.994991345642987, -23.728996882553403 ], [ -45.994997383368407, -23.728952227157922 ], [ -45.994998467427678, -23.728914106451366 ], [ -45.994992207302907, -23.728839003068579 ], [ -45.994979100239973, -23.728753647611054 ], [ -45.994957585594456, -23.728659224236733 ], [ -45.994926497178938, -23.728557185514575 ], [ -45.99489393048659, -23.728454253124696 ], [ -45.994868080448363, -23.728357328748945 ], [ -45.99484973045881, -23.728266226717945 ], [ -45.99483976132511, -23.728180670418134 ], [ -45.994837715519267, -23.728092082688541 ], [ -45.994843234984344, -23.727992066360077 ], [ -45.994849028549879, -23.727941090351266 ], [ -45.994857105779175, -23.727893712327838 ], [ -45.99486736788694, -23.727849842608116 ], [ -45.994879915025805, -23.727809751498167 ], [ -45.994894449474131, -23.727772989328258 ], [ -45.994910579526177, -23.727739648934804 ], [ -45.994928305181659, -23.727709730317297 ], [ -45.994947625069706, -23.727683052850239 ], [ -45.994991791193506, -23.727633997565789 ], [ -45.995044211190034, -23.727586695501103 ], [ -45.995099747643437, -23.727536392908572 ], [ -45.995153854466039, -23.727478693509379 ], [ -45.995178542893157, -23.72744845910962 ], [ -45.995199415109269, -23.727419513700596 ], [ -45.995216469060615, -23.72739158634641 ], [ -45.995229509240978, -23.727364768623161 ], [ -45.995288302884148, -23.727226656965602 ], [ -45.995364120828363, -23.727043819161768 ], [ -45.995384174588793, -23.72699753814933 ], [ -45.995405144128036, -23.726955586452029 ], [ -45.995426736527584, -23.726918146588748 ], [ -45.995449244708503, -23.726885036039885 ], [ -45.995488643428693, -23.726828334369113 ], [ -45.995515364276415, -23.726781558840653 ], [ -45.99551921407835, -23.726771779832678 ], [ -45.99552071915609, -23.726763280354433 ], [ -45.995519684002154, -23.726756151981487 ], [ -45.995516304810863, -23.726750393451017 ], [ -45.995510385388542, -23.726746006025532 ], [ -45.995502121243213, -23.726742898129526 ], [ -45.995478265863753, -23.726740703443348 ], [ -45.995415509907644, -23.726744539419609 ], [ -45.995342301465968, -23.726754222924811 ], [ -45.995264433730704, -23.726770439198322 ], [ -45.9951875023282, -23.7267936941277 ], [ -45.995105888295349, -23.726820411192264 ], [ -45.995013968559093, -23.726846471984466 ], [ -45.994914478177364, -23.726870323503061 ], [ -45.99480995465079, -23.726890233389618 ], [ -45.994758800086998, -23.726897426518661 ], [ -45.994712326761885, -23.726900976844874 ], [ -45.994670339171016, -23.726900975946638 ], [ -45.994633032827018, -23.726897332253138 ], [ -45.994598844347195, -23.726890868674474 ], [ -45.994566208292213, -23.726882137181345 ], [ -45.994535222760717, -23.726871137143878 ], [ -45.994505789656728, -23.726857869193868 ], [ -45.994446481747708, -23.726824833297442 ], [ -45.994383380413417, -23.726783151342136 ], [ -45.994315112313203, -23.726732832152408 ], [ -45.994240308220036, -23.726674426424758 ], [ -45.994163098497992, -23.726609262352103 ], [ -45.994087616241217, -23.726539029385698 ], [ -45.99401123475846, -23.726466634552455 ], [ -45.993931916622742, -23.726395071404109 ], [ -45.993848794030903, -23.726326332485677 ], [ -45.993761000545497, -23.726262590965181 ], [ -45.993717030384531, -23.726233972067273 ], [ -45.993674857471753, -23.726209496188886 ], [ -45.993634678679733, -23.726189252383669 ], [ -45.993596395222781, -23.726173150971107 ], [ -45.993559887779917, -23.726158392893513 ], [ -45.993525034980564, -23.726141908155469 ], [ -45.993491740097724, -23.726123878013304 ], [ -45.993460197956196, -23.726104120582452 ], [ -45.99331977973192, -23.726008834942732 ], [ -45.993279952380639, -23.725983169766646 ], [ -45.993239753872139, -23.725960306789354 ], [ -45.993198989379636, -23.725940427895669 ], [ -45.993157658216376, -23.725923442772867 ], [ -45.993087034828456, -23.725898788154666 ], [ -45.993041035432547, -23.725887161676347 ], [ -45.993027400726227, -23.725887339538993 ], [ -45.993023002810375, -23.725889535384152 ], [ -45.99302018538188, -23.725893166152819 ], [ -45.993019488180117, -23.725904731201698 ], [ -45.993025210342054, -23.725921945002622 ], [ -45.993047924968117, -23.72598077613727 ], [ -45.993080340124699, -23.726076936204251 ], [ -45.993119833080883, -23.726187953111978 ], [ -45.993163582145876, -23.726290994781987 ], [ -45.993185844986286, -23.726341971215732 ], [ -45.993206558825712, -23.726395667102103 ], [ -45.993225725032111, -23.726452263066662 ], [ -45.993243539798719, -23.726511757850147 ], [ -45.993272837804966, -23.726623743349705 ], [ -45.993293061906698, -23.726716368974056 ], [ -45.993299953994814, -23.726758502726963 ], [ -45.993304796315975, -23.72680200439866 ], [ -45.993307785062633, -23.726846872729279 ], [ -45.993308822135717, -23.726893108349039 ], [ -45.993309809005119, -23.7269845027676 ], [ -45.993312721550943, -23.727071098018278 ], [ -45.993317426775832, -23.727148288790843 ], [ -45.99332408255038, -23.727211016322009 ], [ -45.993336663184785, -23.727278853862828 ], [ -45.993359239051259, -23.727371103093621 ], [ -45.993371492117966, -23.727421601879673 ], [ -45.993380776945536, -23.727468778003221 ], [ -45.993386895965934, -23.727512452100175 ], [ -45.993390144152563, -23.72755271259334 ], [ -45.993390627128932, -23.727590552290891 ], [ -45.993389040473652, -23.727627140845172 ], [ -45.993385187305122, -23.727662389203996 ], [ -45.993379264501613, -23.727696386419499 ], [ -45.993370784310713, -23.727729496892238 ], [ -45.993359650001807, -23.727761901877219 ], [ -45.993345862257335, -23.727793691686401 ], [ -45.993329421075558, -23.727824866319093 ], [ -45.993310514437816, -23.727854340763752 ], [ -45.99328972203277, -23.727880937176209 ], [ -45.993266847665069, -23.727904656815621 ], [ -45.993241990117113, -23.727925589363675 ], [ -45.99321505608178, -23.727944367637232 ], [ -45.993186149816459, -23.727961803818193 ], [ -45.993155075809405, -23.727977989477949 ], [ -45.993121931474306, -23.72799283367269 ], [ -45.993088280220036, -23.72800551350905 ], [ -45.993055589411462, -23.728015477662403 ], [ -45.993023759584574, -23.728022546138341 ], [ -45.992992889523677, -23.728026808619727 ], [ -45.992795866573928, -23.72804839488634 ], [ -45.992665719697406, -23.728066029288669 ], [ -45.992547469310111, -23.728087109591119 ], [ -45.992339145109952, -23.7281320695873 ], [ -45.992293127230852, -23.728144015754033 ], [ -45.992251044887553, -23.728157472044369 ], [ -45.99221289876364, -23.728172528774184 ], [ -45.992178884371825, -23.72818909437504 ], [ -45.992144607806232, -23.728209906547878 ], [ -45.992106164962621, -23.728237609530137 ], [ -45.992063554465162, -23.728272022693996 ], [ -45.992016581474779, -23.728313327919885 ], [ -45.991969930772413, -23.72835833406025 ], [ -45.991927699243625, -23.728403944060663 ], [ -45.991890083089096, -23.728450156666238 ], [ -45.991856984215033, -23.728496972509305 ], [ -45.991826604052534, -23.728540067913638 ], [ -45.991797244182273, -23.728575389510077 ], [ -45.991768805828187, -23.728602847615502 ], [ -45.991741288995961, -23.728622442230417 ], [ -45.991742785755889, -23.728625774359269 ], [ -45.991747078472557, -23.728635591379057 ], [ -45.9917543647109, -23.728652072656192 ], [ -45.991764643789857, -23.728675127877739 ], [ -45.991767347800341, -23.728682426210423 ], [ -45.991769668301004, -23.72869090112307 ], [ -45.991771606658538, -23.728700733240895 ], [ -45.991773260287999, -23.728711831622118 ], [ -45.991774433675786, -23.728724287837693 ], [ -45.991774876638942, -23.728730968451984 ], [ -45.991775321652177, -23.728737920004136 ], [ -45.991775573885249, -23.728745324377282 ], [ -45.991775700685267, -23.728749116876468 ], [ -45.99177572938671, -23.728752910004868 ], [ -45.991775888304993, -23.728760947195212 ], [ -45.991775852392962, -23.728769166269011 ], [ -45.991775721799314, -23.728777837534832 ], [ -45.991775593255717, -23.728786779738414 ], [ -45.991774853192879, -23.728805660729456 ], [ -45.991773828401364, -23.728825807983888 ], [ -45.991772420782489, -23.728847222130977 ], [ -45.991770630336028, -23.728869903170654 ], [ -45.991768457745103, -23.728893941415397 ], [ -45.99176590232608, -23.728919246552582 ], [ -45.991762964762209, -23.728945908894922 ], [ -45.991756687669522, -23.728997971719689 ], [ -45.991750375721296, -23.72904542860261 ], [ -45.991743832037088, -23.729088190489477 ], [ -45.99173725349813, -23.729126346434537 ], [ -45.991730442540472, -23.729159717071006 ], [ -45.991723596045794, -23.729188391453317 ], [ -45.991720159472216, -23.729200967549058 ], [ -45.99171671401453, -23.729212369581386 ], [ -45.991713161574026, -23.729222598179167 ], [ -45.99171133322907, -23.72922730638599 ], [ -45.991709600249592, -23.729231652713374 ], [ -45.991679366405833, -23.729307080623059 ], [ -45.991645911274055, -23.729397612115534 ], [ -45.99163173836633, -23.729443403379207 ], [ -45.991624286455149, -23.729482829357057 ], [ -45.991623555547534, -23.7295158900498 ], [ -45.991625722221627, -23.729529965601223 ], [ -45.991629643064279, -23.729542494515744 ], [ -45.991641197486295, -23.729565541563556 ], [ -45.991657064858373, -23.729588109368112 ], [ -45.991677145716608, -23.729610017931982 ], [ -45.991701539528684, -23.729631447249542 ], [ -45.991762210848549, -23.729676035997691 ], [ -45.99183831932897, -23.729725222191092 ], [ -45.991922123353461, -23.729780139267625 ], [ -45.992006367693953, -23.729841375658118 ], [ -45.99204555511605, -23.729873096465578 ], [ -45.992078553409861, -23.729903682848242 ], [ -45.992105558769019, -23.729933133551651 ], [ -45.992126473089442, -23.729961449208478 ], [ -45.992142181312559, -23.729988895094412 ], [ -45.992153470281345, -23.730015737113682 ], [ -45.992160438776324, -23.730042064950453 ], [ -45.992163085427265, -23.730067697980342 ], [ -45.992162299964058, -23.730093533664554 ], [ -45.992159265731928, -23.730120377263088 ], [ -45.992153982045899, -23.730148138463388 ], [ -45.992146350804923, -23.730176817894559 ], [ -45.992124639717971, -23.730237650172672 ], [ -45.992094627740506, -23.730303503134994 ], [ -45.99201787614259, -23.730454553862131 ], [ -45.991976822865439, -23.730539263557098 ], [ -45.991938939493529, -23.730628017169899 ], [ -45.991905314015717, -23.730721981844116 ], [ -45.99187762165743, -23.730822140322861 ], [ -45.991862551766054, -23.730879046338202 ], [ -45.991842164271667, -23.730946282590391 ], [ -45.991785143487164, -23.731111928310408 ], [ -45.991724466197617, -23.731274075100043 ], [ -45.991678038081581, -23.731387539975024 ], [ -45.99164172115735, -23.731475922204023 ], [ -45.991611671692617, -23.731562819162221 ], [ -45.991559223141955, -23.731736383370279 ], [ -45.991535164552083, -23.731824145066764 ], [ -45.991514151159471, -23.731912429134624 ], [ -45.991476870724746, -23.732093934258653 ], [ -45.991461387130563, -23.732186969658549 ], [ -45.991450519737718, -23.732280697993414 ], [ -45.991444782293016, -23.732378186745358 ], [ -45.991444786646611, -23.73248250276691 ], [ -45.991449002530949, -23.73258588861394 ], [ -45.991456191926446, -23.732680314017866 ], [ -45.99147512276884, -23.732861368377073 ], [ -45.991496710619955, -23.733043489493856 ], [ -45.99151090806847, -23.733130554279782 ], [ -45.991520241617721, -23.733171227358113 ], [ -45.991531227871356, -23.73320990286517 ], [ -45.991582491955533, -23.733372415517113 ], [ -45.991612053255103, -23.733454324012044 ], [ -45.991645264562045, -23.733525912963032 ], [ -45.991723420230237, -23.73367678283833 ], [ -45.991747088075897, -23.733731814662434 ], [ -45.991774677951646, -23.73381247132593 ], [ -45.991806288668442, -23.733918842508352 ], [ -45.991841919573794, -23.734050837892742 ], [ -45.991875400502487, -23.734183930859622 ], [ -45.991900660707103, -23.734293774793798 ], [ -45.991917601365216, -23.734380280018229 ], [ -45.991924038244726, -23.73442645486378 ], [ -45.991930746372709, -23.734483127407948 ], [ -45.991931795174686, -23.734492723809851 ], [ -45.991938705110471, -23.734537205707863 ], [ -45.991947246565474, -23.734576890342698 ], [ -45.991957322121166, -23.734611868656192 ], [ -45.991969240443503, -23.734644035322578 ], [ -45.991983307464977, -23.734674923765539 ], [ -45.991999623340682, -23.734704804292768 ], [ -45.992017990498418, -23.734733497537263 ], [ -45.992120560674508, -23.734882313856108 ], [ -45.992181883174986, -23.73497368230797 ], [ -45.992238774703893, -23.735062911562995 ], [ -45.992291234565485, -23.735149911314021 ], [ -45.992339557742319, -23.735234769989521 ], [ -45.992345327761214, -23.735245300030812 ], [ -45.992351294671749, -23.735255919124985 ], [ -45.992357261583287, -23.735266538218973 ], [ -45.992363229179823, -23.735277247625039 ], [ -45.992369392984166, -23.735287955771582 ], [ -45.992375656260883, -23.735298843913125 ], [ -45.992388280920949, -23.73532061956551 ], [ -45.992401201947686, -23.735342664265161 ], [ -45.992414518128655, -23.73536506769462 ], [ -45.992428129308799, -23.735387559546091 ], [ -45.992442135643813, -23.735410410127152 ], [ -45.992456140615658, -23.735433080081705 ], [ -45.992470239591519, -23.735455207530276 ], [ -45.992484335152028, -23.73547688341483 ], [ -45.992498426612677, -23.735498017422984 ], [ -45.99251251397348, -23.73551860955482 ], [ -45.992519555945229, -23.735528679839028 ], [ -45.992526597234104, -23.735538659810356 ], [ -45.992533637839884, -23.735548549468803 ], [ -45.992540677078516, -23.735558258501968 ], [ -45.992547714949922, -23.735567786909701 ], [ -45.992554850926098, -23.735577314687415 ], [ -45.992628933701496, -23.735669413871026 ], [ -45.992738594629046, -23.735795695300546 ], [ -45.992805851261473, -23.735867336292479 ], [ -45.99287997523826, -23.735938933151711 ], [ -45.992961162778059, -23.736010484607586 ], [ -45.993049217683854, -23.73608199190889 ], [ -45.993318458371846, -23.736293048840583 ], [ -45.993328921768267, -23.736301471398924 ], [ -45.993339090853475, -23.736309895847434 ], [ -45.993348866154093, -23.736318142191564 ], [ -45.993358150250558, -23.736326301374223 ], [ -45.993367140035723, -23.736334462447267 ], [ -45.993375637931742, -23.736342446046557 ], [ -45.993391552527115, -23.736358149239926 ], [ -45.993405795931757, -23.736373411585433 ], [ -45.99341846761844, -23.736388413077854 ], [ -45.993429468113007, -23.736402973723269 ], [ -45.993438896203791, -23.736417183203976 ], [ -45.993447145676527, -23.736431219623647 ], [ -45.993454512897806, -23.736445352028877 ], [ -45.993460997182595, -23.736459490107087 ], [ -45.993466796108692, -23.736473813222659 ], [ -45.993471614678349, -23.736488232954287 ], [ -45.993475746519245, -23.73650265709864 ], [ -45.993477469759902, -23.736509961689578 ], [ -45.993478996792199, -23.736517267541263 ], [ -45.993480327616126, -23.736524574653753 ], [ -45.993481364127312, -23.736531883657481 ], [ -45.993486145694654, -23.736593178066784 ], [ -45.99348429383376, -23.736659482527582 ], [ -45.993475370741884, -23.736737754249635 ], [ -45.993459134135165, -23.736834858868487 ], [ -45.99344861911019, -23.73688432974609 ], [ -45.993436867931955, -23.736926041318011 ], [ -45.993423783866085, -23.73696017483929 ], [ -45.993409465018225, -23.736986729679067 ], [ -45.993393152573134, -23.73700914275285 ], [ -45.993373893558939, -23.737031123173395 ], [ -45.993351883498839, -23.737052579366441 ], [ -45.993326927551763, -23.737073693216519 ], [ -45.993299800283864, -23.737093104993022 ], [ -45.993271475210896, -23.737109814955375 ], [ -45.993241950964993, -23.737123642477769 ], [ -45.993211032022749, -23.737134679132559 ], [ -45.993177938339862, -23.737143562147747 ], [ -45.993141399347635, -23.737150931901681 ], [ -45.9931016105716, -23.73715669681901 ], [ -45.993058375803209, -23.73716085815775 ], [ -45.992965991222491, -23.737165425482083 ], [ -45.992868079230064, -23.737165602723209 ], [ -45.992819513941008, -23.737165463019373 ], [ -45.992774494110328, -23.737167106870363 ], [ -45.992733118525408, -23.737170623961759 ], [ -45.992695189606792, -23.737175834931691 ], [ -45.992614344151455, -23.737188366153802 ], [ -45.992516039442144, -23.737201461003625 ], [ -45.992410193636189, -23.737216320218764 ], [ -45.992306627471272, -23.737234235503418 ], [ -45.992256949185837, -23.737242592551588 ], [ -45.992210292309821, -23.737248311004404 ], [ -45.992166559425883, -23.737251481806545 ], [ -45.992125847957574, -23.737252014018203 ], [ -45.992116035419023, -23.737251806036863 ], [ -45.992106124091897, -23.737251508371948 ], [ -45.99209601587107, -23.737251121652953 ], [ -45.992086005755212, -23.737250734303899 ], [ -45.992065493631536, -23.737249782126447 ], [ -45.992044685141856, -23.737248560897303 ], [ -45.99202358097039, -23.737247160928849 ], [ -45.992002082328284, -23.737245492538161 ], [ -45.991980189899621, -23.737243646037289 ], [ -45.991958001105509, -23.737241530484351 ], [ -45.991935713523375, -23.737239325245078 ], [ -45.99191362420293, -23.737237389681184 ], [ -45.991891536250328, -23.737235634739047 ], [ -45.991869645875411, -23.737234059159892 ], [ -45.991847854973088, -23.737232663573181 ], [ -45.991836959863939, -23.7372320109349 ], [ -45.991826163543358, -23.737231447978957 ], [ -45.991815367222806, -23.737230885022235 ], [ -45.991804571585995, -23.737230412377276 ], [ -45.991793874737851, -23.737230029414615 ], [ -45.991783079784732, -23.73722964708065 ], [ -45.991706907344614, -23.73722444574776 ], [ -45.991675677187409, -23.737220310861986 ], [ -45.991649147178919, -23.737214971703018 ], [ -45.991637953655783, -23.73721377906357 ], [ -45.991628455256979, -23.737216188225425 ], [ -45.99162055319335, -23.737222109505712 ], [ -45.991614541779199, -23.737231541016989 ], [ -45.991610126699747, -23.737244484647135 ], [ -45.991607406060155, -23.737260939767069 ], [ -45.99160724499589, -23.737304473530475 ], [ -45.99160802674097, -23.737317022561026 ], [ -45.991608807119093, -23.737329390966593 ], [ -45.991609584763239, -23.73734139812219 ], [ -45.991610361040607, -23.737353224652772 ], [ -45.991611037162592, -23.737364780875161 ], [ -45.991611809339005, -23.737376065530778 ], [ -45.991613250802743, -23.73739800328384 ], [ -45.991614684748185, -23.737418947599544 ], [ -45.991616013070256, -23.737438899107154 ], [ -45.991617334557446, -23.737457947489844 ], [ -45.991618550421059, -23.737476003064405 ], [ -45.991619662711877, -23.737493336768299 ], [ -45.991620281059824, -23.737510222055942 ], [ -45.99162050425349, -23.737526748610701 ], [ -45.99162033160917, -23.737542826120023 ], [ -45.991619763810313, -23.737558544896316 ], [ -45.991618799489515, -23.737573724314689 ], [ -45.991618169487964, -23.737581224655329 ], [ -45.991617440697574, -23.737588635312722 ], [ -45.991616612434825, -23.737595865974285 ], [ -45.991615685383316, -23.737603006952746 ], [ -45.991610511067449, -23.737632302804805 ], [ -45.991602699529558, -23.737663150958387 ], [ -45.991579557199643, -23.737729501651479 ], [ -45.991564511833289, -23.737763828240233 ], [ -45.991547693729153, -23.737797263028547 ], [ -45.991529004097011, -23.737829716332815 ], [ -45.991508444303179, -23.737861368777182 ], [ -45.99146227241404, -23.737931208873228 ], [ -45.991409738280282, -23.738015992038481 ], [ -45.991356473223007, -23.738107914905978 ], [ -45.991308403589507, -23.73819926254108 ], [ -45.991285857952313, -23.738240772228973 ], [ -45.991263839436023, -23.738274150016331 ], [ -45.991242249939319, -23.738299396532156 ], [ -45.991221089466357, -23.738316511776631 ], [ -45.991198714138967, -23.738328667379918 ], [ -45.991173284548267, -23.738339126541572 ], [ -45.991144800011156, -23.73834779894743 ], [ -45.99111335863396, -23.738354683966996 ], [ -45.991080427904073, -23.738359230289525 ], [ -45.991047571366167, -23.738360615039234 ], [ -45.991014889177777, -23.738359108524595 ], [ -45.990982281186092, -23.738354440437003 ], [ -45.990805534213898, -23.738321885105282 ], [ -45.990751902931287, -23.738313558395351 ], [ -45.990702810468527, -23.73830863462193 ], [ -45.990658159398606, -23.738307204730567 ], [ -45.990618047140892, -23.73830917778432 ], [ -45.990539738523886, -23.738319975667491 ], [ -45.99045647565967, -23.738337308066868 ], [ -45.990371196927377, -23.738360523932943 ], [ -45.990286647227933, -23.738389334729359 ], [ -45.990195750646976, -23.738422160075139 ], [ -45.990090942783894, -23.738457693651299 ], [ -45.989981019025457, -23.738491363263542 ], [ -45.98987418683005, -23.738518690821842 ], [ -45.989824226521471, -23.738528764930546 ], [ -45.989779339054607, -23.738535013236206 ], [ -45.989739523069595, -23.738537255117809 ], [ -45.989704975464683, -23.738535579635716 ], [ -45.989673151629546, -23.738530815935025 ], [ -45.989642192329818, -23.738523608137331 ], [ -45.989611803249289, -23.738513958127289 ], [ -45.98958218060163, -23.738501864648967 ], [ -45.989553909612553, -23.738486872372579 ], [ -45.989527476720085, -23.738468436283757 ], [ -45.98950307745524, -23.738446464815059 ], [ -45.989480613713184, -23.738420958595256 ], [ -45.989461275041897, -23.7383935357159 ], [ -45.989446150835015, -23.73836554395923 ], [ -45.989435340560043, -23.738337163323873 ], [ -45.989428646638665, -23.738308214441528 ], [ -45.98942558399618, -23.738279422952413 ], [ -45.989425371194834, -23.738251245442356 ], [ -45.98942820580826, -23.738223861280925 ], [ -45.989433889577057, -23.738197000786105 ], [ -45.989442821060699, -23.738171474258916 ], [ -45.989455198514953, -23.7381475513806 ], [ -45.989471219513753, -23.73812541151975 ], [ -45.989490588374679, -23.738104875934024 ], [ -45.989606727993397, -23.73799791988289 ], [ -45.989642960594203, -23.737962915944763 ], [ -45.989678097642454, -23.737925751406245 ], [ -45.989712237925247, -23.737886515952596 ], [ -45.989745282654063, -23.737845119899905 ], [ -45.989774114290519, -23.737804473348593 ], [ -45.98979561734896, -23.737767757338389 ], [ -45.989809986683497, -23.737734789991162 ], [ -45.989817026772386, -23.737705662877161 ], [ -45.989818592751178, -23.737679190000442 ], [ -45.989816735280634, -23.737654093795442 ], [ -45.989811356257803, -23.737630374890042 ], [ -45.989802554471531, -23.737608122968265 ], [ -45.989789940914214, -23.737587792104438 ], [ -45.989773420892909, -23.737569834488522 ], [ -45.989753092513489, -23.737554249491009 ], [ -45.989728857671025, -23.737541037738502 ], [ -45.989672771956357, -23.737519449771131 ], [ -45.989609069531859, -23.737502607016619 ], [ -45.989575272935134, -23.737496410845569 ], [ -45.989541001504257, -23.737492294995015 ], [ -45.989506452812023, -23.737490438834008 ], [ -45.98947142928229, -23.737490662993039 ], [ -45.989389797632391, -23.737490101621574 ], [ -45.989285359219672, -23.737483544597676 ], [ -45.989230671022526, -23.737478114251324 ], [ -45.989182448221051, -23.737471378081651 ], [ -45.989140690816114, -23.737463336094628 ], [ -45.98910539880773, -23.737453988295574 ], [ -45.98907156065426, -23.737442282947441 ], [ -45.989034065347809, -23.737426988311078 ], [ -45.98894849435046, -23.737385448026718 ], [ -45.988855915687303, -23.73733835286648 ], [ -45.988763556472577, -23.737294327020393 ], [ -45.988719854047766, -23.737275549643059 ], [ -45.988681191790363, -23.737261617135132 ], [ -45.98864747158968, -23.737252530127947 ], [ -45.988618694803762, -23.737248469250162 ], [ -45.98855235471931, -23.737246093627039 ], [ -45.988458462129145, -23.737245881107853 ], [ -45.988407558593011, -23.737247922574067 ], [ -45.988362858150772, -23.737252904826615 ], [ -45.988324264058072, -23.737261009123113 ], [ -45.988291677527144, -23.73727214578274 ], [ -45.988113855953706, -23.737344000554213 ], [ -45.988058381586839, -23.73736440545753 ], [ -45.988011008380319, -23.737379249236895 ], [ -45.987971736343113, -23.737388531899434 ], [ -45.9879405648012, -23.737392163138505 ], [ -45.987911424863142, -23.737391988078208 ], [ -45.987878443163922, -23.737389760271032 ], [ -45.987800856384126, -23.737379147032328 ], [ -45.987719293667332, -23.737361695068454 ], [ -45.987681341364301, -23.737350828548639 ], [ -45.987645340956519, -23.737338594795901 ], [ -45.987536255851673, -23.737301268190901 ], [ -45.987349490887993, -23.737240955211533 ], [ -45.987290149247812, -23.737203852642924 ], [ -45.987239464694319, -23.737169855863062 ], [ -45.987197241007678, -23.73713896613371 ], [ -45.987163575603311, -23.737111092523143 ], [ -45.987099552505981, -23.737051621164678 ], [ -45.987024733987056, -23.736978671154812 ], [ -45.986951546595975, -23.736900833577479 ], [ -45.986920262493662, -23.736863461427738 ], [ -45.986892419556931, -23.736827060791541 ], [ -45.986839621619552, -23.73675993103765 ], [ -45.986785320721253, -23.736701661918872 ], [ -45.986757268564091, -23.736676552211655 ], [ -45.986727966903636, -23.73665488251827 ], [ -45.986697513842714, -23.736636652211995 ], [ -45.986665811274648, -23.736621861918305 ], [ -45.986593985490316, -23.736594502653137 ], [ -45.986507817434962, -23.736564705993889 ], [ -45.986418974078447, -23.73653140399237 ], [ -45.986378023227559, -23.736513150281365 ], [ -45.986339320632183, -23.736493798412479 ], [ -45.986301680201024, -23.736472181833118 ], [ -45.986263718955755, -23.736447044928561 ], [ -45.986225436899815, -23.736418387698588 ], [ -45.986186833356712, -23.736386119830176 ], [ -45.986149090340632, -23.736350866002223 ], [ -45.986113584713053, -23.736313069018617 ], [ -45.986080217010368, -23.736272548881036 ], [ -45.986048988592309, -23.736229486216281 ], [ -45.985996265884452, -23.736146188930999 ], [ -45.98597557680921, -23.7361086586887 ], [ -45.985958538667788, -23.736073904987339 ], [ -45.985950476020264, -23.736058512198781 ], [ -45.985941256512312, -23.736045836296711 ], [ -45.985930976888774, -23.736035696030015 ], [ -45.985919638508413, -23.736028272023653 ], [ -45.985907240011485, -23.736023383652221 ], [ -45.98589368465236, -23.736021212166275 ], [ -45.98587906985486, -23.73602166662754 ], [ -45.98586339561799, -23.736024747035522 ], [ -45.985795721851055, -23.736040622746767 ], [ -45.985722430310901, -23.736053102199921 ], [ -45.985647377636006, -23.736066225065098 ], [ -45.985574224249433, -23.736084032270544 ], [ -45.985507087803796, -23.736106136304493 ], [ -45.985449886351823, -23.736131699348974 ], [ -45.98532382836185, -23.736198524495013 ], [ -45.985285141379542, -23.73622035680582 ], [ -45.985242857121555, -23.736246547246914 ], [ -45.985147495394202, -23.736311821882992 ], [ -45.985049511231423, -23.736380635533592 ], [ -45.984960868955973, -23.736439274105784 ], [ -45.984920356551605, -23.736466266026525 ], [ -45.984882691876749, -23.736493601064293 ], [ -45.984847874933031, -23.736521279221058 ], [ -45.984815906400847, -23.736549390811589 ], [ -45.984786008912046, -23.736578934276022 ], [ -45.984757700089467, -23.736610996491951 ], [ -45.984730783723343, -23.736645578710188 ], [ -45.984705260492284, -23.736682771243927 ], [ -45.984659340545541, -23.73676046537862 ], [ -45.98462050037859, -23.736840282020168 ], [ -45.984586095922651, -23.736922870231165 ], [ -45.984553877558191, -23.737009147510388 ], [ -45.984523933890884, -23.737097848856745 ], [ -45.9844963535283, -23.737187709269193 ], [ -45.984468575562794, -23.737277390301038 ], [ -45.984438038401613, -23.737365463191164 ], [ -45.984421667238124, -23.737406390718196 ], [ -45.984404078087799, -23.737441906978898 ], [ -45.984385566624567, -23.737472190724262 ], [ -45.98436593528217, -23.737497062577997 ], [ -45.984320744866771, -23.737541334682259 ], [ -45.984265643744962, -23.737585398919453 ], [ -45.984126531756445, -23.737690961914584 ], [ -45.983995253060989, -23.737794487958119 ], [ -45.983946800516627, -23.737835529308054 ], [ -45.983934488010433, -23.737847294651331 ], [ -45.983898374046085, -23.737881959109817 ], [ -45.983863617914473, -23.737915898929586 ], [ -45.983811283783282, -23.737962654912149 ], [ -45.983752934876023, -23.738018480851704 ], [ -45.983692420352448, -23.738086423028371 ], [ -45.983633771810673, -23.738154624261188 ], [ -45.983580823310263, -23.738211047997627 ], [ -45.98356973552297, -23.738223943554395 ], [ -45.98356120255405, -23.738237364758621 ], [ -45.983555419259744, -23.738251129736895 ], [ -45.983552190785232, -23.73826542036344 ], [ -45.983551713343054, -23.738280235389841 ], [ -45.98355398557829, -23.73829539419075 ], [ -45.983558812635849, -23.738311078639789 ], [ -45.983566390728868, -23.738327287488321 ], [ -45.983584185610695, -23.738358333641084 ], [ -45.983602149591341, -23.738385766035403 ], [ -45.983620381453242, -23.738409674359847 ], [ -45.983638782411134, -23.738429968925878 ], [ -45.983658244232473, -23.738447818180557 ], [ -45.983679756792412, -23.738464389945999 ], [ -45.983703220628506, -23.738479504220322 ], [ -45.983728735203179, -23.738493341003704 ], [ -45.983795175158704, -23.73852200029355 ], [ -45.983888923224889, -23.738555091928166 ], [ -45.983977269395567, -23.738587405033737 ], [ -45.984007296900359, -23.738601213045595 ], [ -45.984027894690975, -23.738613545684196 ], [ -45.984042602047083, -23.738625373912217 ], [ -45.984055157175952, -23.738638028691181 ], [ -45.984065461292637, -23.738651420333721 ], [ -45.984073611824506, -23.738665457902805 ], [ -45.984079526267664, -23.738682219215086 ], [ -45.984083316295575, -23.738703509899509 ], [ -45.984084981229316, -23.738729239643789 ], [ -45.984084326212169, -23.7387595903221 ], [ -45.984080549432818, -23.738792309113709 ], [ -45.984072261798033, -23.738825327569948 ], [ -45.984059660195243, -23.738858734753705 ], [ -45.984042547729906, -23.738892441600601 ], [ -45.984022973778302, -23.73892498999259 ], [ -45.984002497187902, -23.738954924934848 ], [ -45.983981216065636, -23.7389822458026 ], [ -45.983959032305755, -23.739006953219974 ], [ -45.983935548735097, -23.739028417495486 ], [ -45.983909975755147, -23.739046011434951 ], [ -45.983882313367168, -23.739059735037358 ], [ -45.983852757107634, -23.739069496740139 ], [ -45.98382200118445, -23.739076285611198 ], [ -45.983791128839982, -23.739080636658283 ], [ -45.983760141432334, -23.739082730506667 ], [ -45.983729037606878, -23.739082386530843 ], [ -45.983654955001697, -23.739081232217096 ], [ -45.98355774367387, -23.739083476430771 ], [ -45.983450750165112, -23.739089576126986 ], [ -45.983347517907468, -23.739100077357733 ], [ -45.983245113863525, -23.739116353540432 ], [ -45.98314040945467, -23.739139869645399 ], [ -45.983048287043225, -23.73916655708522 ], [ -45.983012574372921, -23.739179609189712 ], [ -45.982983826585652, -23.739192526682992 ], [ -45.982935957638816, -23.739219926152273 ], [ -45.982894199063971, -23.739250989755252 ], [ -45.982850689455439, -23.7392840514539 ], [ -45.982797767002694, -23.739317895517754 ], [ -45.982641761252296, -23.739408301057974 ], [ -45.982596440219631, -23.739435322961846 ], [ -45.982558854026237, -23.739460218400747 ], [ -45.982528903217364, -23.739482807378046 ], [ -45.982506784689377, -23.739503178963826 ], [ -45.982489667572302, -23.739523247809871 ], [ -45.982475210849664, -23.739544835135678 ], [ -45.982463414522378, -23.739567940942003 ], [ -45.98245408305494, -23.73959265678927 ], [ -45.982446919418656, -23.739618623297186 ], [ -45.982441628616279, -23.7396457520239 ], [ -45.982436076199036, -23.739703409562438 ], [ -45.982437523241607, -23.739765538469069 ], [ -45.982445674755851, -23.739832050300642 ], [ -45.982452305026612, -23.739865786725197 ], [ -45.982460691747249, -23.739898247548378 ], [ -45.982471030455933, -23.739929341210242 ], [ -45.982483125616348, -23.73995915927004 ], [ -45.98251479106942, -23.7400212767532 ], [ -45.982557602284686, -23.740091271283706 ], [ -45.982606946210808, -23.740168901222109 ], [ -45.982658012218529, -23.740253745555883 ], [ -45.982767083782157, -23.740432963649376 ], [ -45.982870402242597, -23.740590722788401 ], [ -45.982891258279864, -23.740624368738043 ], [ -45.982907895697338, -23.740658041507647 ], [ -45.982920217739334, -23.74069192234812 ], [ -45.982928223047345, -23.740725830635014 ], [ -45.982934117578523, -23.740779170495262 ], [ -45.982940008511399, -23.740871256365285 ], [ -45.98295148393791, -23.741171487374558 ], [ -45.982962331646021, -23.74147957993894 ], [ -45.982972229788949, -23.741648048480855 ], [ -45.982979480937587, -23.741751415310127 ], [ -45.982982680668599, -23.741864020232143 ], [ -45.982980318712151, -23.741980724783282 ], [ -45.982971079653709, -23.742096208626801 ], [ -45.982948440100259, -23.742308687791891 ], [ -45.982942454543718, -23.742400126627476 ], [ -45.982942469257097, -23.742441311072159 ], [ -45.982944325000496, -23.742479413032701 ], [ -45.982956810330528, -23.742678843820826 ], [ -45.982958533058778, -23.742738442063658 ], [ -45.982957065461669, -23.742791286821067 ], [ -45.982952504966647, -23.742837287156693 ], [ -45.98294465467464, -23.742876354005556 ], [ -45.982924816378812, -23.742939160129389 ], [ -45.982914211394935, -23.742964155047023 ], [ -45.982902985220278, -23.742984818699629 ], [ -45.982889872598626, -23.743002513886964 ], [ -45.982873217189614, -23.743018786528918 ], [ -45.982853215211591, -23.743033635376619 ], [ -45.9828296704449, -23.743047061676581 ], [ -45.982804246684822, -23.74305851294671 ], [ -45.982778117179855, -23.743067439824831 ], [ -45.98275128260935, -23.743073932623151 ], [ -45.982723939193491, -23.74307799009383 ], [ -45.98266449838092, -23.7430801743232 ], [ -45.982596764198512, -23.743075456842544 ], [ -45.982560912900396, -23.743070175402277 ], [ -45.982525045345902, -23.743062726449619 ], [ -45.98248906207273, -23.743052929982785 ], [ -45.982453062546774, -23.743040966003473 ], [ -45.982375321686, -23.743010210420316 ], [ -45.982285936217075, -23.742970497098444 ], [ -45.982206164168915, -23.742930542003656 ], [ -45.982177780664827, -23.742913652447463 ], [ -45.982157065275914, -23.742898791453971 ], [ -45.982142087638586, -23.74289021618976 ], [ -45.982136001470849, -23.742889803275094 ], [ -45.982130817925572, -23.742892003817573 ], [ -45.982126537679832, -23.742896908129914 ], [ -45.982123159379128, -23.742904335586953 ], [ -45.98211920807654, -23.742926939937032 ], [ -45.982116387003998, -23.742995598765138 ], [ -45.982116112197865, -23.743089801119091 ], [ -45.982114256208789, -23.743195574091303 ], [ -45.982106297781101, -23.743298766642848 ], [ -45.982099976657523, -23.743384788564935 ], [ -45.982100307714028, -23.743415855500615 ], [ -45.982102835705192, -23.743438960584019 ], [ -45.982108181795013, -23.74345843508296 ], [ -45.98211687039236, -23.743478791513823 ], [ -45.982128704602324, -23.743499940810175 ], [ -45.982143880646248, -23.74352188172449 ], [ -45.982160445132315, -23.743545800788112 ], [ -45.98217624844844, -23.743572885780463 ], [ -45.98220576576167, -23.743636281366562 ], [ -45.982218188753563, -23.743670522874062 ], [ -45.982227461396008, -23.74370333932772 ], [ -45.982233387466636, -23.743734731975167 ], [ -45.982236066427049, -23.743764880818645 ], [ -45.982241477180516, -23.743832222892916 ], [ -45.982253391076391, -23.743916322596206 ], [ -45.98227172685602, -23.744006342406841 ], [ -45.982296107570392, -23.744091266047938 ], [ -45.982325870840263, -23.744174349136834 ], [ -45.982360456461763, -23.744259388542783 ], [ -45.98240074134354, -23.744345565836362 ], [ -45.982447606460298, -23.744432604462101 ], [ -45.982472543158586, -23.744473901442579 ], [ -45.982497444643926, -23.744510502160523 ], [ -45.982522114014827, -23.744542317550952 ], [ -45.982546748166946, -23.744569436679253 ], [ -45.982571553481826, -23.744593212988093 ], [ -45.982596930531095, -23.744614727734167 ], [ -45.982623076889887, -23.744634160295224 ], [ -45.982649794980787, -23.744651331293209 ], [ -45.982806092495046, -23.744742822114006 ], [ -45.982854387705643, -23.744771958346409 ], [ -45.982896786123185, -23.7447997773072 ], [ -45.982933485320025, -23.744826458378835 ], [ -45.982964485291838, -23.744852001565356 ], [ -45.983023791040033, -23.744910149774963 ], [ -45.983089695539974, -23.744984693672428 ], [ -45.983121293246867, -23.745024503099476 ], [ -45.983146978552156, -23.745060918083151 ], [ -45.98316655658283, -23.745094120500237 ], [ -45.983180222198861, -23.745123928479707 ], [ -45.983190363281309, -23.74515475236371 ], [ -45.983199268248001, -23.745190822492116 ], [ -45.983206935743119, -23.745231958239668 ], [ -45.983213367122772, -23.745278340231774 ], [ -45.983218247034813, -23.74532717064973 ], [ -45.983221065937606, -23.745375923860891 ], [ -45.983221921262086, -23.745424508928682 ], [ -45.983220715572969, -23.745473016790015 ], [ -45.983212738966706, -23.745573680591015 ], [ -45.983197362833771, -23.745681978082679 ], [ -45.983187459114539, -23.745735057118676 ], [ -45.983176431414172, -23.74578218238635 ], [ -45.98316457406704, -23.745823352013435 ], [ -45.983151690850903, -23.745858567247943 ], [ -45.983091098615027, -23.746008156223393 ], [ -45.983057327801511, -23.746097152560367 ], [ -45.983023613209554, -23.746193644837387 ], [ -45.982994887364313, -23.746288118406483 ], [ -45.982976081456528, -23.746370877997368 ], [ -45.982961556207883, -23.746474925155471 ], [ -45.98294547405483, -23.746632991732454 ], [ -45.982921201452299, -23.746810980116745 ], [ -45.982899077759654, -23.746935396895914 ], [ -45.982875251882461, -23.747029116743715 ], [ -45.98284587405832, -23.747115194955732 ], [ -45.982812014030152, -23.74719236028983 ], [ -45.982793828449722, -23.747227067310753 ], [ -45.982774838981541, -23.747259250567684 ], [ -45.982754948868831, -23.747289091309526 ], [ -45.982734061354741, -23.747316770784799 ], [ -45.9827120790046, -23.747342379929723 ], [ -45.98268919804427, -23.74736591749619 ], [ -45.982664638993853, -23.747388110975045 ], [ -45.982637721162838, -23.747409777545585 ], [ -45.982577004703735, -23.747451438396979 ], [ -45.982544178393162, -23.747470252373763 ], [ -45.982510741713348, -23.747486180082529 ], [ -45.982476890891924, -23.747499220275404 ], [ -45.982442429705252, -23.747509374199435 ], [ -45.982407456268263, -23.747516641230515 ], [ -45.982371577454202, -23.74752093355016 ], [ -45.982334990846162, -23.747522430535721 ], [ -45.982297498865663, -23.747520952808415 ], [ -45.982259889127938, -23.747516856629559 ], [ -45.98222265694114, -23.747510771069638 ], [ -45.982185898387542, -23.747502424567688 ], [ -45.98214951603358, -23.747491908059864 ], [ -45.982112915785599, -23.747478502786262 ], [ -45.98207540340637, -23.747461219671749 ], [ -45.98203697957662, -23.747440149028282 ], [ -45.981997643623203, -23.747415200542232 ], [ -45.981932137829631, -23.7473677487644 ], [ -45.981909721999635, -23.747348653671814 ], [ -45.981894393992455, -23.747332674638923 ], [ -45.98184333650309, -23.747275467116712 ], [ -45.981836427311563, -23.747270001675947 ], [ -45.981829149368657, -23.74726769967014 ], [ -45.981821600786745, -23.747268560476044 ], [ -45.98181368345233, -23.747272584716807 ], [ -45.981805496154642, -23.747279862081822 ], [ -45.981796939426303, -23.747290212569048 ], [ -45.98177891660827, -23.747320492913826 ], [ -45.981709069719699, -23.747453070267699 ], [ -45.981675260954887, -23.747510997536736 ], [ -45.981638979705693, -23.747566321311631 ], [ -45.981619937098181, -23.747591460050707 ], [ -45.981600375486266, -23.74761280877259 ], [ -45.98158029487152, -23.747630367476965 ], [ -45.981559695255278, -23.747644136163856 ], [ -45.981536912103287, -23.747654576988751 ], [ -45.98151037967029, -23.747662241795862 ], [ -45.981480097957203, -23.74766713058326 ], [ -45.98144606628879, -23.747669153035957 ], [ -45.98141044044521, -23.747667934194595 ], [ -45.981375474320529, -23.747663098478409 ], [ -45.981341069804678, -23.74765464651054 ], [ -45.981307226223663, -23.747642487978776 ], [ -45.981275131763546, -23.747628060410435 ], [ -45.98124577567566, -23.747612441329235 ], [ -45.981219159313163, -23.747595811361933 ], [ -45.981195281999234, -23.747578080197282 ], [ -45.98114588991956, -23.747533596556867 ], [ -45.981087941761643, -23.747473361747453 ], [ -45.981023403197277, -23.747397814865824 ], [ -45.98095424260454, -23.747307756261566 ], [ -45.980817869755512, -23.747125729929216 ], [ -45.980756502276073, -23.747041221421242 ], [ -45.980702301145442, -23.746957209315148 ], [ -45.980680709106068, -23.746917064957586 ], [ -45.980666502563139, -23.746880486413808 ], [ -45.980659681509437, -23.746847473685815 ], [ -45.980660147149997, -23.746817937084877 ], [ -45.98067065348836, -23.746766570387312 ], [ -45.980684950982358, -23.746723579110977 ], [ -45.980702031455493, -23.746685356973749 ], [ -45.980720692536075, -23.746648569876452 ], [ -45.98072367111731, -23.746640151498784 ], [ -45.980723030366889, -23.746633201158438 ], [ -45.980718671496746, -23.746627629165314 ], [ -45.980710594507144, -23.746623435519179 ], [ -45.980698897510592, -23.746620619596911 ], [ -45.980683482394419, -23.746619182020122 ], [ -45.980641497801898, -23.746620441898425 ], [ -45.98054529366128, -23.746626922872242 ], [ -45.980453972808036, -23.746630392348752 ], [ -45.980409329035254, -23.746630314278374 ], [ -45.980364376727593, -23.746628341495931 ], [ -45.98031911588712, -23.746624474000864 ], [ -45.9802735458398, -23.74661862148027 ], [ -45.980230123449374, -23.746611310253734 ], [ -45.980191501802736, -23.746603065399167 ], [ -45.980157483999683, -23.746593797851855 ], [ -45.980128266264593, -23.746583506370651 ], [ -45.980101390384924, -23.746571484010726 ], [ -45.980074395445662, -23.746556662574648 ], [ -45.980047380912538, -23.746539222065635 ], [ -45.980020346111466, -23.746519072170948 ], [ -45.979964840790672, -23.746470472307525 ], [ -45.979906897702953, -23.746410778889803 ], [ -45.979852448186016, -23.746345915232371 ], [ -45.979807914791934, -23.746281891861798 ], [ -45.979790015445609, -23.746250033119374 ], [ -45.979775842335158, -23.746217879802234 ], [ -45.979765396809512, -23.74618561253719 ], [ -45.979758776302106, -23.746153140390224 ], [ -45.979741252356, -23.746014072997209 ], [ -45.979734530374955, -23.745981149906424 ], [ -45.979729133023355, -23.745967907522079 ], [ -45.979722573195353, -23.745956659479873 ], [ -45.979714556555564, -23.745947407645346 ], [ -45.979705378790563, -23.745940330778247 ], [ -45.979694744889059, -23.745935340431124 ], [ -45.979682948510444, -23.745932344425317 ], [ -45.979654449492493, -23.74592629319168 ], [ -45.979619147666114, -23.745915859537071 ], [ -45.979528332508345, -23.745881934013997 ], [ -45.979426855819952, -23.745839315248247 ], [ -45.979331269270915, -23.745797110677881 ], [ -45.979288040911058, -23.745776340714897 ], [ -45.979250802775461, -23.745756255323371 ], [ -45.979219651621989, -23.745736673260776 ], [ -45.979194588123093, -23.745717684843665 ], [ -45.979173840190313, -23.745698488448408 ], [ -45.9791558326353, -23.745678371519713 ], [ -45.979140565457094, -23.745657334058599 ], [ -45.979127939193035, -23.745635196061968 ], [ -45.979117956542645, -23.745612318781376 ], [ -45.979110224383817, -23.745588614390691 ], [ -45.979104939613435, -23.745564171959987 ], [ -45.979102003443693, -23.745538901798334 ], [ -45.979101802242546, -23.745511988605358 ], [ -45.979104720351877, -23.745482346142325 ], [ -45.97911075912004, -23.745450155034629 ], [ -45.979120016655465, -23.745415414660268 ], [ -45.979144553846588, -23.745337767229994 ], [ -45.979175486677548, -23.745249421872103 ], [ -45.979212371839026, -23.74515670358215 ], [ -45.979254568455083, -23.745065757972853 ], [ -45.979276828107693, -23.745024703339539 ], [ -45.979298754052813, -23.744991508397046 ], [ -45.979320150747654, -23.744966264701752 ], [ -45.979341213742991, -23.744948880697478 ], [ -45.979394739500705, -23.744916569323411 ], [ -45.979471534591198, -23.74487327243645 ], [ -45.979515221326736, -23.744850416339371 ], [ -45.979557652868685, -23.74483027769519 ], [ -45.979598928682194, -23.744813036508486 ], [ -45.979638950659634, -23.74479869340189 ], [ -45.979723299304837, -23.744768354166848 ], [ -45.979818571461919, -23.744729275209359 ], [ -45.97986609319149, -23.744707568825891 ], [ -45.979908122051683, -23.744686077885575 ], [ -45.979944658721188, -23.744664892705408 ], [ -45.979975702527398, -23.744643922976465 ], [ -45.980003502587174, -23.744622160954915 ], [ -45.980030308014591, -23.744598598895003 ], [ -45.980055921912147, -23.744573147728843 ], [ -45.98008054117647, -23.74454589652537 ], [ -45.980102899830406, -23.744518117750538 ], [ -45.980121827305766, -23.744490721998019 ], [ -45.980137227521865, -23.74446398082921 ], [ -45.980149296026426, -23.744437802688058 ], [ -45.980170351717689, -23.744380137239961 ], [ -45.980164229096552, -23.744361751397705 ], [ -45.980145357738436, -23.744317977003956 ], [ -45.980131514920785, -23.744290608415053 ], [ -45.980115329622599, -23.744264880384229 ], [ -45.980096703734112, -23.744240793532928 ], [ -45.980075736042387, -23.744218437550963 ], [ -45.980026202254031, -23.744167903149282 ], [ -45.979966156634944, -23.744102442752599 ], [ -45.979937144749044, -23.744067132101009 ], [ -45.979915311147899, -23.744033943544011 ], [ -45.979900655149223, -23.744002786772331 ], [ -45.979893178774262, -23.74397393272632 ], [ -45.979889002619025, -23.743914079024094 ], [ -45.979891732832741, -23.743846233642145 ], [ -45.979896466185174, -23.743810076831299 ], [ -45.979904238246256, -23.743773539488366 ], [ -45.979915146447787, -23.743736530678188 ], [ -45.979929289572596, -23.743699140091017 ], [ -45.97994619125744, -23.743663267403111 ], [ -45.979965667443089, -23.743630539486862 ], [ -45.979987718804658, -23.743601046653989 ], [ -45.980012247907631, -23.743574879838345 ], [ -45.980060202424006, -23.74353239774781 ], [ -45.980100607058382, -23.743503691700401 ], [ -45.980142228191276, -23.743480216315461 ], [ -45.980194031107644, -23.743453786209809 ], [ -45.980215906336483, -23.743440099939377 ], [ -45.980221939132633, -23.743433378223894 ], [ -45.980224833088982, -23.743426766730266 ], [ -45.98022439266223, -23.743420357015687 ], [ -45.980220714610986, -23.743413967832385 ], [ -45.980213800287444, -23.743407779805661 ], [ -45.980203649016069, -23.74340170262235 ], [ -45.980160387541183, -23.743376417239315 ], [ -45.98012446944923, -23.743349098306357 ], [ -45.980108251718271, -23.743332131224488 ], [ -45.980091697087957, -23.743309476305111 ], [ -45.980074805560683, -23.743281133548052 ], [ -45.980057676600246, -23.743247282956478 ], [ -45.980039791955072, -23.743204224818303 ], [ -45.98002073486532, -23.743148710363052 ], [ -45.980000701557756, -23.743080738345494 ], [ -45.979979495821176, -23.74300031000886 ], [ -45.979959110123531, -23.742924572953935 ], [ -45.979941538267688, -23.742870855409397 ], [ -45.97992687834995, -23.742839156755029 ], [ -45.979920640026613, -23.742831519355761 ], [ -45.979915031574876, -23.742829387301516 ], [ -45.97984085260741, -23.74284186969652 ], [ -45.979779729609803, -23.742855262788641 ], [ -45.97970305786, -23.742875528182775 ], [ -45.979659381427417, -23.742886552724791 ], [ -45.979613042522622, -23.742895787787322 ], [ -45.979563944388119, -23.742903414615274 ], [ -45.97951198688974, -23.742909162889369 ], [ -45.979421176679573, -23.74291497669569 ], [ -45.979387521074422, -23.74291464803871 ], [ -45.979361699372078, -23.742912282765641 ], [ -45.979339678956052, -23.742906551674466 ], [ -45.979317523294277, -23.742895854000277 ], [ -45.979295135630501, -23.742880370989962 ], [ -45.9792724178578, -23.742860103264849 ], [ -45.979251444455898, -23.7428369343403 ], [ -45.979234095708343, -23.742813019914351 ], [ -45.979220370263285, -23.742788179362762 ], [ -45.979210269469235, -23.742762593312001 ], [ -45.979203302102334, -23.742736174557596 ], [ -45.979198685986944, -23.742709289322978 ], [ -45.979196615989792, -23.742681755740065 ], [ -45.97919689724116, -23.742653755677317 ], [ -45.979204211728863, -23.74259536453674 ], [ -45.979219548210715, -23.742533851798513 ], [ -45.979230791355278, -23.742502259928951 ], [ -45.979245077228981, -23.742470829417034 ], [ -45.979262305694832, -23.742439289945196 ], [ -45.979282478776241, -23.742407912451078 ], [ -45.979304822401936, -23.742378146909886 ], [ -45.979328465743528, -23.742351624544629 ], [ -45.979353310017665, -23.742328255663541 ], [ -45.979379552118665, -23.742308129335559 ], [ -45.97940660001742, -23.742290797725921 ], [ -45.97943405587673, -23.742275540818579 ], [ -45.979462018481925, -23.742262448304512 ], [ -45.979490487159183, -23.742251429870532 ], [ -45.97955782742617, -23.742229778649975 ], [ -45.979645056093545, -23.742204298360626 ], [ -45.979690869759246, -23.742190460454406 ], [ -45.979731089855214, -23.742176477353389 ], [ -45.97976561759878, -23.742162259370801 ], [ -45.979794551100753, -23.742147805888557 ], [ -45.979805483902446, -23.742140330594399 ], [ -45.979812390185245, -23.742132338919909 ], [ -45.979815073056372, -23.742123741796387 ], [ -45.979813730085553, -23.742114718605873 ], [ -45.979808262489129, -23.742105179657305 ], [ -45.979798670268259, -23.742095124950239 ], [ -45.979785050857153, -23.742084463549286 ], [ -45.979767209390424, -23.742073377322477 ], [ -45.979729259830236, -23.742049864472854 ], [ -45.979694832068652, -23.742024974537539 ], [ -45.979663924754014, -23.741998526893525 ], [ -45.979636635994169, -23.741970520920972 ], [ -45.979613076053965, -23.741942581629903 ], [ -45.979593842363549, -23.741915879357474 ], [ -45.979578837486478, -23.741890505039862 ], [ -45.979568159528661, -23.741866458056791 ], [ -45.979557608048943, -23.741846203586952 ], [ -45.979543474502407, -23.741832384324766 ], [ -45.979525561320003, -23.741824820887221 ], [ -45.979504065392234, -23.741823602342507 ], [ -45.979438626911808, -23.741824016980917 ], [ -45.979336248253496, -23.741817801532907 ], [ -45.97922853730244, -23.741807013626183 ], [ -45.979147593827058, -23.741793888486381 ], [ -45.979113682885718, -23.741785613479198 ], [ -45.979079656963961, -23.741775081266486 ], [ -45.97904551673841, -23.74176238216095 ], [ -45.979011260860872, -23.741747335536754 ], [ -45.978976613906504, -23.741732472015613 ], [ -45.9789415940986, -23.741720230042148 ], [ -45.978906004542964, -23.741710520545997 ], [ -45.978869943346233, -23.74170334290562 ], [ -45.978834197399728, -23.741698963089153 ], [ -45.978799748462016, -23.741697465197465 ], [ -45.978766400988164, -23.741698940786836 ], [ -45.978734253084745, -23.741703389236676 ], [ -45.978703104483792, -23.741710269913501 ], [ -45.978672755592854, -23.741719132496314 ], [ -45.978643304519395, -23.741729976364446 ], [ -45.978614555719616, -23.741742893073518 ], [ -45.978583751355423, -23.741756455009671 ], [ -45.97854754831004, -23.741769689846979 ], [ -45.97850624090799, -23.741782595718814 ], [ -45.97845953347268, -23.741794993858399 ], [ -45.978413002682608, -23.741804771671251 ], [ -45.978371633196382, -23.741809368730934 ], [ -45.978335622586094, -23.741808964425374 ], [ -45.97830477328953, -23.741803379374208 ], [ -45.978241036316163, -23.741782016324642 ], [ -45.978162502810044, -23.741749999147917 ], [ -45.97811395046822, -23.741725559494956 ], [ -45.97805432299085, -23.741689538998397 ], [ -45.977983522294274, -23.741641938265261 ], [ -45.977901646517893, -23.741582756658332 ], [ -45.977860828002683, -23.741556010070408 ], [ -45.977825412212781, -23.741530132466469 ], [ -45.977795398470171, -23.741505033537535 ], [ -45.97777078811967, -23.741480893912733 ], [ -45.977731399859429, -23.741435442607134 ], [ -45.977700481304126, -23.741394272941609 ], [ -45.97765933358275, -23.741336549621185 ], [ -45.977612338491859, -23.741284101658987 ], [ -45.977577940683169, -23.74124999870191 ], [ -45.977540006277067, -23.741215285881303 ], [ -45.977462380337833, -23.741147045442922 ], [ -45.977426216656703, -23.741112953615378 ], [ -45.97739415938667, -23.741076939156208 ], [ -45.977365029880474, -23.741038828885941 ], [ -45.977337942468957, -23.740998267137385 ], [ -45.977310058755371, -23.740956175027272 ], [ -45.97727854236723, -23.740913744608559 ], [ -45.977248295340303, -23.740870493304417 ], [ -45.977224218357094, -23.740825757915754 ], [ -45.977205610508797, -23.740777646217516 ], [ -45.9771917668456, -23.740723724106346 ], [ -45.977188037819246, -23.740710471065803 ], [ -45.977182950778207, -23.740699303902669 ], [ -45.977176308833101, -23.740690133544401 ], [ -45.97716821076542, -23.74068304968344 ], [ -45.977158655901533, -23.740677962006679 ], [ -45.977147545459438, -23.740674780821131 ], [ -45.977134979567587, -23.740673776445039 ], [ -45.977120858096583, -23.74067467855949 ], [ -45.977067717982301, -23.740679620614021 ], [ -45.977026996476006, -23.740678974818994 ], [ -45.977007934583412, -23.740675211658679 ], [ -45.976985212390368, -23.740667407359741 ], [ -45.97695892733379, -23.740655470987459 ], [ -45.976928884548592, -23.740639584405606 ], [ -45.976870349867582, -23.740605272544332 ], [ -45.97682194591161, -23.740574328695125 ], [ -45.976753097640788, -23.740525269952755 ], [ -45.97670867171729, -23.740488340002184 ], [ -45.976698330675944, -23.740483076628951 ], [ -45.976686669321339, -23.740484956648174 ], [ -45.976673685631496, -23.740493709121111 ], [ -45.976659184735325, -23.740509515912802 ], [ -45.976626409246556, -23.740548198067476 ], [ -45.976588730367261, -23.740587182143702 ], [ -45.976569553937772, -23.740607534319899 ], [ -45.976552252323906, -23.740629319724036 ], [ -45.97653682619908, -23.740652628669505 ], [ -45.976523176782763, -23.740677371463757 ], [ -45.97650187396377, -23.740728354563725 ], [ -45.97649431261226, -23.740753781434773 ], [ -45.97648871409055, -23.740779286223724 ], [ -45.976471983322298, -23.740877656919579 ], [ -45.97646587239597, -23.740926557074737 ], [ -45.976462727598538, -23.740978509274932 ], [ -45.976464502344847, -23.741032327058821 ], [ -45.976473150053231, -23.741086823964352 ], [ -45.97649276104557, -23.741190564753278 ], [ -45.976495298764611, -23.741215114974452 ], [ -45.976495682141241, -23.741240220706924 ], [ -45.976493715630852, -23.741265973503076 ], [ -45.976489397212298, -23.741292102424339 ], [ -45.976482130828323, -23.741317617747807 ], [ -45.976471218273652, -23.741340988492553 ], [ -45.976456759001863, -23.741362394663984 ], [ -45.976438653556706, -23.741381656255214 ], [ -45.976417772795898, -23.74139714205635 ], [ -45.976395182449906, -23.741407038992765 ], [ -45.976370882520804, -23.741411347063725 ], [ -45.976344774903126, -23.741410066887884 ], [ -45.976318638341652, -23.741404903255013 ], [ -45.97629395725415, -23.741397562814893 ], [ -45.976270929204773, -23.741388224954711 ], [ -45.976249454739687, -23.741376709668966 ], [ -45.976229437770343, -23.741363288516609 ], [ -45.976210684772546, -23.741348323988561 ], [ -45.976193096965105, -23.741331726392012 ], [ -45.976176772456867, -23.741313495107804 ], [ -45.976118416606489, -23.741237365017028 ], [ -45.976092714485539, -23.741198329685492 ], [ -45.976069943515299, -23.741157650133363 ], [ -45.976028585279906, -23.741071568112112 ], [ -45.975987760573368, -23.740978076705595 ], [ -45.975970031412487, -23.740929327080547 ], [ -45.975958588582948, -23.740881531253137 ], [ -45.97595146453412, -23.74083397910989 ], [ -45.975946594956454, -23.740786141781346 ], [ -45.975939755149774, -23.740737233085543 ], [ -45.975926424751179, -23.740686288071313 ], [ -45.975917599532032, -23.740661379575002 ], [ -45.975900147870739, -23.740616268000398 ], [ -45.975887219639162, -23.740586283571222 ], [ -45.975874780560723, -23.740562789328632 ], [ -45.975860486184473, -23.740540480919304 ], [ -45.975844336511067, -23.740519358342777 ], [ -45.975826330868138, -23.740499331285523 ], [ -45.975787590745433, -23.740461732951481 ], [ -45.975747299756861, -23.740426673275437 ], [ -45.975704177792394, -23.740393528115888 ], [ -45.975656943398526, -23.740361492704199 ], [ -45.975607881974803, -23.740334436249636 ], [ -45.97558337447429, -23.740324023810814 ], [ -45.975558882446713, -23.740315688564191 ], [ -45.97549479789383, -23.740300197153772 ], [ -45.975400185070058, -23.74028264041393 ], [ -45.975304123516196, -23.740268163538065 ], [ -45.975235692748775, -23.740261911786735 ], [ -45.975181414358786, -23.740258912463212 ], [ -45.975127904697054, -23.740253740660147 ], [ -45.975074966879028, -23.740246307303014 ], [ -45.975022795778017, -23.740236430528928 ], [ -45.974994678523061, -23.740228750276529 ], [ -45.974961918623109, -23.740216854393509 ], [ -45.974924614862282, -23.740200832571119 ], [ -45.974882864681177, -23.740180593874239 ], [ -45.974812532272722, -23.740142923559812 ], [ -45.974790650249567, -23.740129333336451 ], [ -45.97477762478897, -23.74011929995001 ], [ -45.97477000061992, -23.740109955041575 ], [ -45.974764126931255, -23.740098521800725 ], [ -45.97476019926544, -23.740084908677492 ], [ -45.974758022751317, -23.740069297535175 ], [ -45.974758481699709, -23.740051863431987 ], [ -45.97476256121616, -23.7400331420593 ], [ -45.974770163191579, -23.740013134035536 ], [ -45.974781189516598, -23.739991839978909 ], [ -45.974794765959032, -23.739970439524182 ], [ -45.974809726653227, -23.739950475413799 ], [ -45.974826169034387, -23.739931856716044 ], [ -45.974844093102426, -23.73991458343027 ], [ -45.974877987142229, -23.739881132981402 ], [ -45.974905107055001, -23.739847093025727 ], [ -45.974912060557294, -23.739832237162283 ], [ -45.974911625113613, -23.73982645961102 ], [ -45.974908745052595, -23.73982178128221 ], [ -45.974903322939284, -23.739818293107295 ], [ -45.974895456209076, -23.739815904154472 ], [ -45.974871898360377, -23.739814427006827 ], [ -45.974842675154832, -23.73981632731563 ], [ -45.974811995123531, -23.739820223782555 ], [ -45.974746071050184, -23.739834367676451 ], [ -45.974638829658204, -23.739860061682897 ], [ -45.974618344709739, -23.739862810029301 ], [ -45.974595293516003, -23.739863497257055 ], [ -45.974569675406215, -23.739862033052095 ], [ -45.974541589832704, -23.739858597420429 ], [ -45.97448755286571, -23.739848461271077 ], [ -45.97444321106552, -23.739835915744571 ], [ -45.974402165288936, -23.739818020717657 ], [ -45.974358014383611, -23.739791565120836 ], [ -45.974315092543996, -23.739758869880621 ], [ -45.97427783206458, -23.739722255310628 ], [ -45.974246037401493, -23.739681812964204 ], [ -45.974219904767097, -23.739637541608428 ], [ -45.974199330678225, -23.739588719360992 ], [ -45.97418421299443, -23.739534804964848 ], [ -45.974179196882673, -23.739506747936698 ], [ -45.974176245051346, -23.73947921980297 ], [ -45.974175455605732, -23.739452219945758 ], [ -45.974176730437911, -23.739425748983219 ], [ -45.974184292287958, -23.739373949596189 ], [ -45.974197358867499, -23.739323560594286 ], [ -45.974216610874173, -23.739273764832287 ], [ -45.974242438042218, -23.739224198583216 ], [ -45.974275627905335, -23.739175218149573 ], [ -45.974316968668333, -23.739127270144877 ], [ -45.974362177210416, -23.739084897416586 ], [ -45.974384614140625, -23.73906759574049 ], [ -45.974407069201476, -23.739052732510363 ], [ -45.974459061800815, -23.739025490278387 ], [ -45.974525473375124, -23.738997795867927 ], [ -45.974592986936877, -23.738973165265996 ], [ -45.974648090647129, -23.738955296343686 ], [ -45.974697418816213, -23.738939179842237 ], [ -45.974747506963226, -23.738919716798609 ], [ -45.974799825339083, -23.738896717307092 ], [ -45.974855451767034, -23.738869993934824 ], [ -45.974911379211925, -23.738844171816414 ], [ -45.974964205534839, -23.738823517313563 ], [ -45.975125831202362, -23.738762527339581 ], [ -45.975281754437987, -23.738699947465683 ], [ -45.975373694115589, -23.738661705178338 ], [ -45.975420165560593, -23.738644071082685 ], [ -45.975467436637416, -23.738628418905293 ], [ -45.975515704905767, -23.738614928032867 ], [ -45.975564970367593, -23.738603598464522 ], [ -45.975590546538683, -23.738599463112372 ], [ -45.97561731343513, -23.738597126584729 ], [ -45.975674418063896, -23.738597669374286 ], [ -45.975786112878716, -23.738603647886364 ], [ -45.975910351187459, -23.73860765047581 ], [ -45.975977087733852, -23.73861048059598 ], [ -45.976032848480315, -23.738615005690974 ], [ -45.976082348589976, -23.738622008856609 ], [ -45.976130500112532, -23.738632362255455 ], [ -45.976228014104038, -23.73865757721736 ], [ -45.97627989369262, -23.738667907027374 ], [ -45.976334672732825, -23.738672347894848 ], [ -45.976442722204496, -23.738676271657514 ], [ -45.976550492844183, -23.738682274399789 ], [ -45.976608028300426, -23.738687962198117 ], [ -45.976668636703351, -23.738697875466393 ], [ -45.976731040656055, -23.738711751319958 ], [ -45.9767942570804, -23.738729325016624 ], [ -45.976851405736411, -23.738748924004319 ], [ -45.97689619703641, -23.738769142960241 ], [ -45.976916380918553, -23.738778679348343 ], [ -45.976938516157524, -23.738786758328562 ], [ -45.976962602079347, -23.738793289587324 ], [ -45.976988443143973, -23.738798364676427 ], [ -45.977043632864678, -23.738805241257332 ], [ -45.97710134372138, -23.738808127930707 ], [ -45.977157261045036, -23.738807322917069 ], [ -45.977206676393997, -23.738802946297938 ], [ -45.977301827285885, -23.738787532808768 ], [ -45.977353444495343, -23.738775826537452 ], [ -45.977410421164137, -23.738759209240754 ], [ -45.977467069807119, -23.738738078141758 ], [ -45.977517605510805, -23.738712921404897 ], [ -45.97761248402746, -23.738661021336661 ], [ -45.977655005954865, -23.738640069819223 ], [ -45.977687772502506, -23.738626585987927 ], [ -45.977776207854568, -23.738592157771144 ], [ -45.977877615118267, -23.738547441620582 ], [ -45.97793419819704, -23.738517550009686 ], [ -45.978021932851618, -23.73846813344845 ], [ -45.978041344739104, -23.738453108320453 ], [ -45.978057983354446, -23.738434578368111 ], [ -45.978071948152191, -23.7384127235972 ], [ -45.978083041572098, -23.73838736462432 ], [ -45.978091374531736, -23.738360216773092 ], [ -45.978097055252313, -23.738332634115885 ], [ -45.978099887523427, -23.738304617894261 ], [ -45.978100068233083, -23.738276257179759 ], [ -45.978095833504213, -23.738221551805285 ], [ -45.978088298911267, -23.738171654114023 ], [ -45.97807386962149, -23.738078718780894 ], [ -45.978072226105937, -23.738055698315911 ], [ -45.978072641465822, -23.738032484191088 ], [ -45.978075113677534, -23.738008805468105 ], [ -45.978079644762474, -23.737984933085183 ], [ -45.978086237416576, -23.737961228293862 ], [ -45.978094604737819, -23.737938686396898 ], [ -45.978104745376903, -23.737917126768568 ], [ -45.978116855544975, -23.73789654816709 ], [ -45.97813123023257, -23.737877039042768 ], [ -45.978148360642024, -23.737858686604358 ], [ -45.978168442984064, -23.737841489609458 ], [ -45.978191280372194, -23.737825358985621 ], [ -45.978216196855143, -23.737811744082361 ], [ -45.97824231892308, -23.73780191486539 ], [ -45.978269746032161, -23.737796051338872 ], [ -45.978298476161683, -23.737793882563626 ], [ -45.978328315800162, -23.737795771031795 ], [ -45.97835916617035, -23.737801627050654 ], [ -45.978391027275045, -23.737811450619478 ], [ -45.978423801686276, -23.737825332671168 ], [ -45.978484855877213, -23.737855563762277 ], [ -45.978534309334478, -23.737882616839325 ], [ -45.978576888662758, -23.737908810240377 ], [ -45.978616731164948, -23.737936375709904 ], [ -45.978694247096691, -23.737990075274165 ], [ -45.978728273066999, -23.73801388421672 ], [ -45.978752267963756, -23.738034505241838 ], [ -45.978757299699325, -23.738038266704397 ], [ -45.978762904552177, -23.738039947245248 ], [ -45.978768886310419, -23.738039548106485 ], [ -45.978775441185455, -23.738037068045852 ], [ -45.978790171503995, -23.738025775467012 ], [ -45.978806803211022, -23.738006342310086 ], [ -45.978842731927877, -23.73795653074724 ], [ -45.978879408351219, -23.737901747001931 ], [ -45.978947394988147, -23.737796187418322 ], [ -45.978981095509695, -23.737750183252121 ], [ -45.979020130152705, -23.737709022423537 ], [ -45.97922730021498, -23.737506935471412 ], [ -45.979368730589364, -23.737369751115136 ], [ -45.9794624779963, -23.737284891374443 ], [ -45.97952626477975, -23.737234451582314 ], [ -45.979553691903341, -23.73721549185392 ], [ -45.979578206923783, -23.737200705158319 ], [ -45.979624527142356, -23.73717611636615 ], [ -45.979671842576046, -23.737153417913124 ], [ -45.979720057822426, -23.737132971671169 ], [ -45.979769275040901, -23.737115318894372 ], [ -45.979820741233901, -23.737096658361214 ], [ -45.979875901633662, -23.737073458543158 ], [ -45.979928984919987, -23.737048013944094 ], [ -45.979974612200856, -23.73702261658806 ], [ -45.980016094057554, -23.736993903764073 ], [ -45.980056545530275, -23.736958604313905 ], [ -45.980136322638643, -23.736881780641546 ], [ -45.980156691447824, -23.736863588093115 ], [ -45.980177958059635, -23.736847376825974 ], [ -45.980200123150247, -23.736833237152577 ], [ -45.980223284149659, -23.736821078137716 ], [ -45.980247148095224, -23.736811082272563 ], [ -45.980271812417143, -23.736803158621935 ], [ -45.980297080906766, -23.736797308429566 ], [ -45.980323151126385, -23.736793711076515 ], [ -45.98037715217427, -23.736786052973606 ], [ -45.980433862305823, -23.736773319915738 ], [ -45.980480171284597, -23.736760381848683 ], [ -45.980502968210395, -23.736752018419061 ], [ -45.980504897190123, -23.736747580648693 ], [ -45.980499741670343, -23.736740387978337 ], [ -45.980487404223567, -23.736730531342442 ], [ -45.980467883500509, -23.736717830113324 ], [ -45.980327365709236, -23.736635810092189 ], [ -45.98024442096316, -23.736590816194823 ], [ -45.980184272232279, -23.73656356051259 ], [ -45.980137128743429, -23.736543628360725 ], [ -45.98009319975359, -23.736520605035473 ], [ -45.980047853403804, -23.736491720070923 ], [ -45.979996461896107, -23.736454744872361 ], [ -45.979898213391188, -23.736383655828593 ], [ -45.979852373230933, -23.736354322348099 ], [ -45.979802323375509, -23.736326189653933 ], [ -45.979699988258481, -23.736272738210065 ], [ -45.979651815955989, -23.736246399909749 ], [ -45.979607954867205, -23.736219311740996 ], [ -45.979506198616349, -23.736151405759411 ], [ -45.979402351224493, -23.736079358367302 ], [ -45.979319385087791, -23.736018287642473 ], [ -45.97928079612506, -23.735987733931516 ], [ -45.979242977840315, -23.735955278669881 ], [ -45.979188219873883, -23.735907789537613 ], [ -45.979150461568899, -23.735876566181897 ], [ -45.97912825651688, -23.735859094968315 ], [ -45.979083484381938, -23.735828219093701 ], [ -45.978995153188237, -23.735771246429657 ], [ -45.978971380532613, -23.735754056069663 ], [ -45.978954414179306, -23.735741790051723 ], [ -45.978914414139894, -23.735706187419712 ], [ -45.978835752499883, -23.735630277158226 ], [ -45.978749602666362, -23.735550079034944 ], [ -45.978702199072593, -23.735508381646486 ], [ -45.978654030239149, -23.735469308282841 ], [ -45.97856749464767, -23.735403111647493 ], [ -45.978484104535674, -23.735337707908446 ], [ -45.978395460382472, -23.735265021681645 ], [ -45.978354126298264, -23.735234665730243 ], [ -45.978334912448936, -23.735223587984535 ], [ -45.9783167979732, -23.735215212794195 ], [ -45.978273226081789, -23.735200495844616 ], [ -45.978213261437212, -23.735184618157383 ], [ -45.978144962035017, -23.735169335078481 ], [ -45.978076680175199, -23.73515640010363 ], [ -45.978007015438585, -23.735142209405588 ], [ -45.977934661473917, -23.735122616656433 ], [ -45.977867489501186, -23.735100642853212 ], [ -45.977812877514864, -23.735078950857229 ], [ -45.97776639399671, -23.735055310777767 ], [ -45.977723016790748, -23.735027225500293 ], [ -45.977702879657976, -23.735010734483129 ], [ -45.977684193868583, -23.734991524771175 ], [ -45.977666958749325, -23.734969506052163 ], [ -45.977651175648326, -23.734944858952183 ], [ -45.977624497122079, -23.734893185596576 ], [ -45.977604890154382, -23.734842551329066 ], [ -45.977592739739165, -23.734791960230005 ], [ -45.977588236010355, -23.734740598244613 ], [ -45.977589517016355, -23.734688748097962 ], [ -45.977594918362357, -23.734636871899291 ], [ -45.977609439534824, -23.73453183154934 ], [ -45.977618654766275, -23.734478305525954 ], [ -45.977631791422972, -23.734424393438445 ], [ -45.9776471072269, -23.734373267402894 ], [ -45.977663151518243, -23.734327736423381 ], [ -45.977677936631046, -23.734284381016021 ], [ -45.977689669759002, -23.734239599831284 ], [ -45.977697670248254, -23.734194210027997 ], [ -45.977701059219115, -23.734148759067189 ], [ -45.977703795159776, -23.734107828093506 ], [ -45.977709834532163, -23.734075727312636 ], [ -45.977710574207734, -23.73406967138569 ], [ -45.9777091677486, -23.734065254738319 ], [ -45.977705418948837, -23.734062478611222 ], [ -45.977699426585538, -23.734061432696784 ], [ -45.977680611042182, -23.734064261186351 ], [ -45.977652721788985, -23.73407383051676 ], [ -45.977589258493161, -23.734101778515246 ], [ -45.977527987794488, -23.734134318801701 ], [ -45.977471735812202, -23.734168904631943 ], [ -45.977423131119764, -23.734202809879882 ], [ -45.977340019536598, -23.734266647581936 ], [ -45.97730258236043, -23.734298314591136 ], [ -45.977266539489904, -23.734332772611115 ], [ -45.977231800903013, -23.734371106017672 ], [ -45.977198474130326, -23.734414578572309 ], [ -45.977164853026089, -23.734458052980372 ], [ -45.977129723310611, -23.734496569471318 ], [ -45.977110816541597, -23.734513487947858 ], [ -45.977090129766459, -23.734528521010354 ], [ -45.977067563535613, -23.734541488652084 ], [ -45.977043119196146, -23.734552571498249 ], [ -45.977017774414584, -23.734561311784024 ], [ -45.976992214568767, -23.734567524544058 ], [ -45.976966635866468, -23.734571208538345 ], [ -45.976940840755915, -23.734572184380635 ], [ -45.976915607332103, -23.734569543983106 ], [ -45.976891318584237, -23.734562020485537 ], [ -45.976867973841458, -23.734549523575481 ], [ -45.976845573779606, -23.734532143566149 ], [ -45.976825508004637, -23.734512039290962 ], [ -45.976808771687303, -23.734491101124146 ], [ -45.976795464276137, -23.734469509073072 ], [ -45.976785585096465, -23.734447172825657 ], [ -45.976772488339535, -23.734401193804462 ], [ -45.976765760892128, -23.734354181056087 ], [ -45.976763931200949, -23.734306143877735 ], [ -45.976765527714221, -23.734257091565777 ], [ -45.976772608572723, -23.734206740166904 ], [ -45.976787430138785, -23.734155075426109 ], [ -45.976822208251868, -23.734056229358302 ], [ -45.976828404514357, -23.734031985209267 ], [ -45.976830759950708, -23.734005778347022 ], [ -45.976829470768855, -23.733977607532182 ], [ -45.976824536298082, -23.733947382451689 ], [ -45.976815771107127, -23.73391654935131 ], [ -45.976803185297015, -23.733886462924151 ], [ -45.976786876299713, -23.733857032236742 ], [ -45.97676684479076, -23.733828347600546 ], [ -45.976721611974241, -23.733774984932538 ], [ -45.976673879682302, -23.733728502144089 ], [ -45.976626502983329, -23.73369023595755 ], [ -45.976582633940204, -23.733661882491802 ], [ -45.976495270977395, -23.733616011214611 ], [ -45.976448023578946, -23.733595085054084 ], [ -45.976396772158438, -23.733576622727188 ], [ -45.976343477420038, -23.733560431215039 ], [ -45.976289706311292, -23.733546139353031 ], [ -45.976171747765392, -23.733515273086418 ], [ -45.976108818174453, -23.733496342486038 ], [ -45.976048122087484, -23.733474326975685 ], [ -45.975990647931972, -23.733450213808407 ], [ -45.97593728468474, -23.733424810231277 ], [ -45.975911967423315, -23.733410880542035 ], [ -45.975887323433177, -23.733395140255222 ], [ -45.975840053924188, -23.733358047263774 ], [ -45.975798540876191, -23.733316673020486 ], [ -45.975781116144667, -23.733295468123703 ], [ -45.975765748878658, -23.73327388897216 ], [ -45.975753129156232, -23.733252382797609 ], [ -45.975743849625104, -23.733231487764211 ], [ -45.975737713406076, -23.733211114797914 ], [ -45.975735014804833, -23.733191262041672 ], [ -45.97573318306258, -23.733182422514428 ], [ -45.97572900964186, -23.733175313790891 ], [ -45.975722299010982, -23.733170027421991 ], [ -45.975713247374465, -23.733166562169256 ], [ -45.975701854731952, -23.733164918032223 ], [ -45.975687924206248, -23.73316500593565 ], [ -45.975652843928678, -23.733170646323657 ], [ -45.975610522903708, -23.733178861271963 ], [ -45.975563475480946, -23.733184757781611 ], [ -45.975511702334714, -23.733188426161188 ], [ -45.975455203466751, -23.733189866405827 ], [ -45.975370298537037, -23.733170983811441 ], [ -45.975336179735073, -23.733160812550508 ], [ -45.975307746838233, -23.733150063514142 ], [ -45.975280272115896, -23.733136237643429 ], [ -45.975249225390087, -23.733117015264181 ], [ -45.975214605994132, -23.733092306061103 ], [ -45.97517641326241, -23.733062019718485 ], [ -45.975139487140346, -23.733030551254068 ], [ -45.97510915605924, -23.733002021658333 ], [ -45.975085125706229, -23.732976432791268 ], [ -45.975067592280375, -23.732953783418871 ], [ -45.975041472227225, -23.732911047449843 ], [ -45.975020544882717, -23.732867375559842 ], [ -45.97499666777091, -23.732809632779333 ], [ -45.974994687587667, -23.732807206700411 ], [ -45.97499154429056, -23.732806684617227 ], [ -45.974981476063753, -23.732811625232245 ], [ -45.97496675806628, -23.732824543081058 ], [ -45.974947095315812, -23.732845349704892 ], [ -45.974904564004795, -23.732891228067547 ], [ -45.974865020082753, -23.732929862206376 ], [ -45.974825428437974, -23.732962084113328 ], [ -45.97478275328254, -23.732988635464274 ], [ -45.974735529132786, -23.733010338350077 ], [ -45.97468228714483, -23.733027563294328 ], [ -45.974653686972324, -23.733033885145865 ], [ -45.974624183726192, -23.733037503167534 ], [ -45.974593680649093, -23.733038598603127 ], [ -45.974562274502013, -23.733036990207644 ], [ -45.974499909737865, -23.733027990274234 ], [ -45.974440538469466, -23.733012558926973 ], [ -45.974412011599384, -23.733002352218456 ], [ -45.974384452996681, -23.732990423375366 ], [ -45.974357665786421, -23.732976683321734 ], [ -45.974331749414617, -23.732961312065715 ], [ -45.974285094616981, -23.732927646762406 ], [ -45.974246765095941, -23.732892122644614 ], [ -45.974213890372695, -23.732851325748964 ], [ -45.97418350187175, -23.732801842726726 ], [ -45.974169758348545, -23.732774292238826 ], [ -45.974157771940092, -23.732745556555223 ], [ -45.974147443201005, -23.732715455668455 ], [ -45.974138773473072, -23.732684170205005 ], [ -45.974127520378303, -23.732622102836121 ], [ -45.974125142610966, -23.732592584077363 ], [ -45.974124734938592, -23.732564136714078 ], [ -45.974129125035191, -23.73250802204884 ], [ -45.974139204362338, -23.732451781224309 ], [ -45.97415955306937, -23.732351671838128 ], [ -45.97416045553922, -23.732341099034876 ], [ -45.974159304586301, -23.732331442340691 ], [ -45.97415609886864, -23.732322521129419 ], [ -45.97415093715933, -23.732314425096035 ], [ -45.974143820130053, -23.732307244553269 ], [ -45.974134648336758, -23.732300799492915 ], [ -45.97411024191625, -23.732290566764735 ], [ -45.974051849357082, -23.732274767822123 ], [ -45.97399043982378, -23.732262239281702 ], [ -45.973931774463018, -23.732249332163281 ], [ -45.973881912758095, -23.732232937519733 ], [ -45.973859366944161, -23.732222241446234 ], [ -45.97383699250571, -23.73220820255159 ], [ -45.973815085091481, -23.732190999608626 ], [ -45.973793349055981, -23.732170453844628 ], [ -45.973754854685545, -23.732125898904719 ], [ -45.973739087431298, -23.732103238247813 ], [ -45.973725575175969, -23.732080382754493 ], [ -45.973712362598206, -23.732058247910725 ], [ -45.973697493035637, -23.732037568575763 ], [ -45.973680869729023, -23.732018525992995 ], [ -45.973662590109093, -23.732001029230979 ], [ -45.973641869363817, -23.73198508323091 ], [ -45.973618216315117, -23.731970600767191 ], [ -45.973591730406483, -23.731957761846864 ], [ -45.973562115320505, -23.731946297382358 ], [ -45.973453051807873, -23.731910766795004 ], [ -45.973358075880149, -23.731883095371046 ], [ -45.97325967381984, -23.731856438942032 ], [ -45.973206186615073, -23.73184060879634 ], [ -45.973146579582796, -23.73181975937915 ], [ -45.973115678516756, -23.731806857843804 ], [ -45.973085153097372, -23.731791696006525 ], [ -45.973055198187595, -23.731774092006415 ], [ -45.973025814459405, -23.731754136157132 ], [ -45.972973616463442, -23.731713731517964 ], [ -45.972933611886113, -23.731677133782874 ], [ -45.972914544919988, -23.731659280612604 ], [ -45.972891450444848, -23.731640730241477 ], [ -45.972832685787914, -23.731601179722521 ], [ -45.972801450275981, -23.731582861189374 ], [ -45.972774664185017, -23.731569211157151 ], [ -45.97275232751052, -23.731560229628496 ], [ -45.972734538350437, -23.731555915988277 ], [ -45.972697839796346, -23.731554972717273 ], [ -45.972649807084757, -23.73156024230622 ], [ -45.972600396930673, -23.731564978640343 ], [ -45.972578713217075, -23.731564663438448 ], [ -45.97255917432539, -23.731562528397987 ], [ -45.972550733602056, -23.731562039582172 ], [ -45.972544074785141, -23.731563707173549 ], [ -45.972539197204135, -23.731567440859298 ], [ -45.972536101529052, -23.7315733309526 ], [ -45.97253515712643, -23.731591490666176 ], [ -45.972541338340832, -23.7316180050714 ], [ -45.972552661705954, -23.731649996488848 ], [ -45.972567338616294, -23.731684405379372 ], [ -45.972607046721016, -23.731760383410876 ], [ -45.972618917973705, -23.731783083520416 ], [ -45.972638197505759, -23.731819949660053 ], [ -45.972646356435085, -23.73183555108071 ], [ -45.972660632272863, -23.731868788358565 ], [ -45.972671356357331, -23.731899338458092 ], [ -45.97267892176135, -23.731927289225016 ], [ -45.972684018544328, -23.731953087905403 ], [ -45.972686450501477, -23.731976735733792 ], [ -45.972686217631207, -23.731998232710353 ], [ -45.972680214634217, -23.73203539087206 ], [ -45.972674838252686, -23.732051230214761 ], [ -45.972667879509274, -23.732065363482644 ], [ -45.97264834743779, -23.732090594547202 ], [ -45.972620951144386, -23.732113707461171 ], [ -45.972588333337114, -23.732133872742896 ], [ -45.972553334271389, -23.732150440304007 ], [ -45.972532489561331, -23.732157435520687 ], [ -45.972505849480243, -23.732163473693404 ], [ -45.972435673711573, -23.732172675809931 ], [ -45.972417055172926, -23.732175592733601 ], [ -45.972402179239033, -23.732180473099334 ], [ -45.972390851046455, -23.732187498768212 ], [ -45.972383069925407, -23.732196579428063 ], [ -45.972379032749416, -23.732207804158424 ], [ -45.972378541976035, -23.732220993567427 ], [ -45.972381795149602, -23.732236327047218 ], [ -45.972388497296684, -23.732253716135297 ], [ -45.972420764754311, -23.732318541655879 ], [ -45.972448781956714, -23.732365872346676 ], [ -45.972503779107434, -23.732452953583252 ], [ -45.972517303928967, -23.732477525136101 ], [ -45.972528283468243, -23.732502835234282 ], [ -45.97253671772409, -23.732528883878548 ], [ -45.972542802899106, -23.732555669835129 ], [ -45.972549587702552, -23.732610630379774 ], [ -45.97255089153456, -23.732667341425284 ], [ -45.972546496736207, -23.732722914188539 ], [ -45.972535990784671, -23.732774641745713 ], [ -45.972510261912049, -23.732877042717593 ], [ -45.972499654482831, -23.732928319323896 ], [ -45.972492170232776, -23.732977408672056 ], [ -45.972489207395761, -23.733027643707562 ], [ -45.972492263650288, -23.733082537384213 ], [ -45.972502033093527, -23.733143078825922 ], [ -45.97251901094014, -23.733209897137037 ], [ -45.972536653404191, -23.733273730795407 ], [ -45.972548517465491, -23.733325678917176 ], [ -45.972555054507566, -23.733373686584105 ], [ -45.972556518372642, -23.733425519485237 ], [ -45.972555814299412, -23.733528937178129 ], [ -45.972557671623811, -23.733633783834943 ], [ -45.972563889047137, -23.733744473687032 ], [ -45.972575445838849, -23.733847543302634 ], [ -45.972592455962548, -23.733958345896827 ], [ -45.972602078502447, -23.734011611925521 ], [ -45.972606306384392, -23.734035015552355 ], [ -45.972616396780914, -23.734090871348343 ], [ -45.97262796105553, -23.734155285122522 ], [ -45.972634940868858, -23.734210063787874 ], [ -45.972642348609732, -23.734309275847874 ], [ -45.972642254067907, -23.734336190983196 ], [ -45.972639251286679, -23.734367820910006 ], [ -45.972633339593287, -23.734404075315183 ], [ -45.972624518984937, -23.734444954198381 ], [ -45.972604486402517, -23.734521759557083 ], [ -45.972585682455133, -23.734579048658972 ], [ -45.972565028839547, -23.734625059737326 ], [ -45.972539252377572, -23.734668212883928 ], [ -45.972478265374043, -23.734752410888273 ], [ -45.972445108970831, -23.734792629967803 ], [ -45.972411527962336, -23.734828516483002 ], [ -45.972393302549484, -23.734844797893192 ], [ -45.972372814045954, -23.734860190361459 ], [ -45.972349866244052, -23.734874695120695 ], [ -45.972324655350612, -23.734888310935901 ], [ -45.972298155030778, -23.734900038193537 ], [ -45.972271635942612, -23.734909236681801 ], [ -45.972244998643561, -23.734915726391336 ], [ -45.972218244475627, -23.734919687948217 ], [ -45.972111260227933, -23.734926682835027 ], [ -45.972054870689043, -23.734929746880407 ], [ -45.971992219926577, -23.734935198515455 ], [ -45.971960757436143, -23.734939279944211 ], [ -45.971931760264788, -23.734945061897218 ], [ -45.971905325845654, -23.734952453446052 ], [ -45.971881454848265, -23.734961544905143 ], [ -45.971859557309905, -23.734972159349407 ], [ -45.971838948513486, -23.734984572035394 ], [ -45.971819626449076, -23.734998512024518 ], [ -45.971801691229707, -23.735014249639619 ], [ -45.97176869726853, -23.735049951695991 ], [ -45.971739079675842, -23.735091141878311 ], [ -45.971706084017477, -23.735139849617845 ], [ -45.971663346923151, -23.735197921248147 ], [ -45.971639725989142, -23.735227513117454 ], [ -45.971616077587591, -23.735253402148238 ], [ -45.971592697371577, -23.735275767117226 ], [ -45.971569387795803, -23.735294428631288 ], [ -45.97154615421934, -23.735310109194913 ], [ -45.971522903896613, -23.735323531928913 ], [ -45.971499636828959, -23.735334696833149 ], [ -45.971476451121532, -23.735343603291376 ], [ -45.971451972649142, -23.735350169620009 ], [ -45.971425022155493, -23.735354132275823 ], [ -45.97139579585015, -23.735355490024805 ], [ -45.971364097526532, -23.73535424409835 ], [ -45.971226486012313, -23.73534571559339 ], [ -45.971190752706413, -23.735342778949516 ], [ -45.971155395083926, -23.735337582005922 ], [ -45.971120512589223, -23.735330304772894 ], [ -45.97108600578121, -23.735320767240491 ], [ -45.971019444780183, -23.73530167674901 ], [ -45.970956743315782, -23.735287077854391 ], [ -45.970898664129287, -23.735273985301852 ], [ -45.970846166175512, -23.735259412605402 ], [ -45.97074820300989, -23.735226068408036 ], [ -45.970700562786028, -23.735205052634896 ], [ -45.970653859461372, -23.735178070024613 ], [ -45.970642139598823, -23.735172002025756 ], [ -45.970630341034422, -23.735168553721078 ], [ -45.970618465105481, -23.73516790573672 ], [ -45.970606413038297, -23.735169968375498 ], [ -45.970594282936034, -23.735174741021659 ], [ -45.970581976025237, -23.735182133977716 ], [ -45.970569591746646, -23.735192327254296 ], [ -45.97055703132699, -23.735205231153849 ], [ -45.970510020366412, -23.735255923290271 ], [ -45.970469683565966, -23.735293748467605 ], [ -45.970428411633954, -23.735324534756362 ], [ -45.970378302288324, -23.735354292692591 ], [ -45.97032453364028, -23.735380099617931 ], [ -45.970271992173281, -23.735399395979606 ], [ -45.970160183276136, -23.735430624837345 ], [ -45.970131303399853, -23.735439024922343 ], [ -45.970104591172486, -23.735448675843305 ], [ -45.970080146035187, -23.73545975761197 ], [ -45.970057771779409, -23.73547227146042 ], [ -45.97001726513615, -23.735500433639896 ], [ -45.969980316301822, -23.735532095862958 ], [ -45.969941560963086, -23.735571536696913 ], [ -45.969895437249562, -23.73562285530879 ], [ -45.969870618526116, -23.735649744913953 ], [ -45.969846165470948, -23.735673019530022 ], [ -45.969821979313153, -23.735692589459596 ], [ -45.9697981594962, -23.735708634713433 ], [ -45.969774023301973, -23.735721701477754 ], [ -45.969748986116258, -23.735732335322773 ], [ -45.969723049945181, -23.735740807187405 ], [ -45.969696212784918, -23.735746846131889 ], [ -45.969669162035771, -23.735750538161785 ], [ -45.969642683202942, -23.735751968667984 ], [ -45.969616872387164, -23.735750866096296 ], [ -45.969591633490495, -23.735747502001455 ], [ -45.969566965177592, -23.735741695757422 ], [ -45.96954276867708, -23.735733357666572 ], [ -45.969518946554309, -23.73572257865743 ], [ -45.969495695019269, -23.735709357499676 ], [ -45.969474585079311, -23.735693864977438 ], [ -45.969457289186543, -23.735676722825655 ], [ -45.969443903439867, -23.735657659491341 ], [ -45.969434429842863, -23.735636945914862 ], [ -45.96942766441471, -23.735610976954057 ], [ -45.969422700161857, -23.735576506873837 ], [ -45.969419439647702, -23.735533626602223 ], [ -45.969417979639637, -23.735482154898087 ], [ -45.969419634324716, -23.735361029028713 ], [ -45.969417913534485, -23.735327351466115 ], [ -45.969414559837915, -23.735311657283823 ], [ -45.969408924474408, -23.735305821992689 ], [ -45.969400554892196, -23.735301719873103 ], [ -45.969389451091395, -23.735299350924802 ], [ -45.969375613739665, -23.73529880546004 ], [ -45.969358378156187, -23.735303068116469 ], [ -45.969337077653655, -23.735314852591557 ], [ -45.969311714231601, -23.735334429823165 ], [ -45.969282286547511, -23.735361619183188 ], [ -45.969225124299108, -23.735419419330814 ], [ -45.969179082419956, -23.735468569607551 ], [ -45.969158734283731, -23.73548974108845 ], [ -45.969138168557045, -23.735508023776923 ], [ -45.969117288472724, -23.735523598914224 ], [ -45.969096094031805, -23.735536466500132 ], [ -45.969051603536073, -23.735556615162825 ], [ -45.96900344242583, -23.735571277462682 ], [ -45.968952113916473, -23.735582166271165 ], [ -45.968898024453054, -23.735591175701405 ], [ -45.968840084205169, -23.735596867502714 ], [ -45.968777496990427, -23.735597711265275 ], [ -45.968711272569465, -23.735597584300795 ], [ -45.968642423366063, -23.735600725175445 ], [ -45.968488494365232, -23.735614514521654 ], [ -45.968448586592153, -23.735617564335637 ], [ -45.968412779174749, -23.73561787893744 ], [ -45.968380875239227, -23.735615369245519 ], [ -45.968353070996081, -23.735610034033378 ], [ -45.96832760390587, -23.735602335928547 ], [ -45.968302515887686, -23.735592829099129 ], [ -45.968277905046655, -23.735581512930789 ], [ -45.968253770716409, -23.735568297110735 ], [ -45.968164768787496, -23.735512857720533 ], [ -45.968142602571852, -23.735500442413944 ], [ -45.968117020727973, -23.735490487059032 ], [ -45.968088219463624, -23.735482990425535 ], [ -45.968056002569263, -23.73547795374008 ], [ -45.967992589193997, -23.735473202682201 ], [ -45.967937654151122, -23.735473998194539 ], [ -45.967826044200592, -23.735479122427481 ], [ -45.967714834659361, -23.735485327881879 ], [ -45.967663382610795, -23.735492784979161 ], [ -45.967609419860416, -23.735505676811869 ], [ -45.967555264224565, -23.735519021419829 ], [ -45.967502839777936, -23.735527658674744 ], [ -45.967449884792806, -23.735530880191845 ], [ -45.967394236313567, -23.735528067282754 ], [ -45.96728358608749, -23.735517018317996 ], [ -45.967174210566519, -23.735505870982273 ], [ -45.967061089101044, -23.735492308430498 ], [ -45.967032305219114, -23.73548715974059 ], [ -45.967003208364005, -23.735479484117374 ], [ -45.966973994746063, -23.735469280333248 ], [ -45.966944466825467, -23.735456368988789 ], [ -45.966916005394808, -23.735441734939489 ], [ -45.966889497391755, -23.73542591454331 ], [ -45.966865040920368, -23.735408907187772 ], [ -45.966842538542807, -23.73539080380057 ], [ -45.966801918508473, -23.735350505317296 ], [ -45.96676566987405, -23.735304308861537 ], [ -45.966748232295529, -23.735281206336218 ], [ -45.96673002987977, -23.735260818111211 ], [ -45.966710965854411, -23.735243325426275 ], [ -45.966691235094167, -23.735228546427798 ], [ -45.966648766339624, -23.73520361340897 ], [ -45.966602005006173, -23.735181958638666 ], [ -45.966550564671842, -23.735164397384775 ], [ -45.966494252456016, -23.735151382435276 ], [ -45.966439912989109, -23.735139800211595 ], [ -45.966394783321086, -23.735126534691947 ], [ -45.966385544224018, -23.735124244188142 ], [ -45.966378186421544, -23.735124290176461 ], [ -45.96637271057952, -23.735126762970324 ], [ -45.966369115365566, -23.735131481943647 ], [ -45.966367402777969, -23.735138718036062 ], [ -45.966367570818726, -23.735148200307997 ], [ -45.966373552783658, -23.735174445269667 ], [ -45.966408093901656, -23.73528179734345 ], [ -45.966420700630678, -23.735328322298503 ], [ -45.966428220604399, -23.735376866029274 ], [ -45.966430355508145, -23.735426888497074 ], [ -45.966426706257508, -23.735477489023452 ], [ -45.966422278536534, -23.735502353970773 ], [ -45.966415682526993, -23.7355258777107 ], [ -45.966406819457681, -23.735547970543038 ], [ -45.966395690659716, -23.735568813093906 ], [ -45.966390858711733, -23.735578778204186 ], [ -45.96638867358304, -23.735588455818554 ], [ -45.966389135274142, -23.735597845937111 ], [ -45.966392244451832, -23.735607038873049 ], [ -45.966397902346174, -23.735615944926181 ], [ -45.966406207061816, -23.735624563482975 ], [ -45.966430562082699, -23.735641119958558 ], [ -45.966486928286223, -23.735674726942687 ], [ -45.96653733146406, -23.735711261337826 ], [ -45.96655994661905, -23.735731351045011 ], [ -45.966580613681813, -23.735753349591743 ], [ -45.966599137109689, -23.735777348518692 ], [ -45.96661561434054, -23.735803256900056 ], [ -45.966643480043786, -23.735856821501784 ], [ -45.966665060412382, -23.735909522221846 ], [ -45.9667028033017, -23.736025253702525 ], [ -45.966719445017254, -23.73608674607334 ], [ -45.966730952649392, -23.73614384499416 ], [ -45.96673772993752, -23.736198083336699 ], [ -45.966740573708421, -23.736251081831281 ], [ -45.966739972482756, -23.73630256647181 ], [ -45.966736711095798, -23.736352532350761 ], [ -45.966729336690271, -23.736456714347607 ], [ -45.966729357410429, -23.736512710964629 ], [ -45.96673468913437, -23.736570480719003 ], [ -45.966745011565557, -23.736626503236973 ], [ -45.966760005071556, -23.736677348457437 ], [ -45.966769794640129, -23.736701040700371 ], [ -45.96678163842433, -23.736723907241313 ], [ -45.966795536424961, -23.736745948079545 ], [ -45.966811488642939, -23.736767163214612 ], [ -45.966846114717498, -23.736806144400727 ], [ -45.966881977526349, -23.736839879439032 ], [ -45.966920450540556, -23.736868359739077 ], [ -45.966962903232478, -23.736891034829835 ], [ -45.966985823098234, -23.736899200672099 ], [ -45.967010089779215, -23.736903745394077 ], [ -45.967035703273453, -23.736904668995276 ], [ -45.967062663578886, -23.736901971474833 ], [ -45.967090697042096, -23.73689845438107 ], [ -45.967119432573625, -23.736897010188855 ], [ -45.967148967613511, -23.736897547971012 ], [ -45.967179204724346, -23.736900158653857 ], [ -45.96720945917037, -23.736905117472674 ], [ -45.967238850672032, -23.73691279120375 ], [ -45.967267478669733, -23.736923359860043 ], [ -45.967295145621058, -23.736936644043411 ], [ -45.967320868473486, -23.7369523789528 ], [ -45.967343270418333, -23.73697012161718 ], [ -45.967362546999418, -23.736989780497193 ], [ -45.967378601444494, -23.737011536834196 ], [ -45.96740493079831, -23.737056259791899 ], [ -45.967425756260702, -23.737099662424907 ], [ -45.96744438266127, -23.73715084610421 ], [ -45.96746372175096, -23.737218824340712 ], [ -45.967480728334806, -23.737289797641374 ], [ -45.96749255141355, -23.737349694347877 ], [ -45.967510854612719, -23.737450102971582 ], [ -45.967533233601877, -23.737544434824404 ], [ -45.96756127535923, -23.737648304866457 ], [ -45.96757517341134, -23.737710175556877 ], [ -45.967587400282206, -23.737784881761407 ], [ -45.967592125869842, -23.737826940048677 ], [ -45.967595006788898, -23.737871629082438 ], [ -45.96759504240444, -23.737969442496745 ], [ -45.967586198094033, -23.738140197546926 ], [ -45.967578339964831, -23.73820536550036 ], [ -45.967565053964144, -23.738266232193702 ], [ -45.967555947961991, -23.738295281036443 ], [ -45.967544581507049, -23.73832380212184 ], [ -45.967530758385315, -23.738351796677268 ], [ -45.967514674807965, -23.738379263474414 ], [ -45.967496326772135, -23.738405660633642 ], [ -45.96747570827462, -23.73843017533612 ], [ -45.967452918088185, -23.738452897280222 ], [ -45.967427759999588, -23.738473827692754 ], [ -45.967401504725387, -23.738492326400031 ], [ -45.967375423650154, -23.738507843542198 ], [ -45.967349319895931, -23.738520290033804 ], [ -45.967323389677482, -23.738529664647089 ], [ -45.96727237751486, -23.738543712053868 ], [ -45.96722320536221, -23.73855449650943 ], [ -45.967178148343812, -23.738564532666363 ], [ -45.967139384807417, -23.738576516420018 ], [ -45.967124635380848, -23.738585369468041 ], [ -45.967119580505909, -23.738591723301241 ], [ -45.967116005896585, -23.738599241999175 ], [ -45.967113593128886, -23.738617952774266 ], [ -45.967117300307073, -23.738641683033503 ], [ -45.967129557896982, -23.738693990387414 ], [ -45.967139071176135, -23.738746676177026 ], [ -45.967144362072247, -23.738772293190763 ], [ -45.967151802651948, -23.738796722630905 ], [ -45.967161489022857, -23.738819692943977 ], [ -45.967173325079237, -23.73884147568269 ], [ -45.967205338284359, -23.738885259924157 ], [ -45.967249152339136, -23.738932763651256 ], [ -45.967295220883933, -23.738979982306763 ], [ -45.96733380132671, -23.739022912572082 ], [ -45.967401959859963, -23.739098713868653 ], [ -45.96744462618711, -23.739136922036607 ], [ -45.967505689911256, -23.739181969486744 ], [ -45.967570844158196, -23.739222927031825 ], [ -45.967599405936241, -23.739237740936566 ], [ -45.967625290812684, -23.739248778264944 ], [ -45.967649702752951, -23.739259644173917 ], [ -45.967673550736912, -23.739273855348468 ], [ -45.967697030980801, -23.73929141056054 ], [ -45.96772004537884, -23.739312310424516 ], [ -45.967761574610982, -23.739355944654491 ], [ -45.967795133836923, -23.739396467662125 ], [ -45.967856947888002, -23.739476643689926 ], [ -45.967926643964013, -23.739561286203521 ], [ -45.967965802086184, -23.73960267728738 ], [ -45.968008361958823, -23.739639711830694 ], [ -45.968054121359408, -23.739671578241353 ], [ -45.968102683183133, -23.739697646782794 ], [ -45.968199333026156, -23.739738768078556 ], [ -45.968249596755903, -23.73975615545536 ], [ -45.968307308654801, -23.73977241235562 ], [ -45.968366602303213, -23.739790285036463 ], [ -45.968421905606512, -23.739812517920122 ], [ -45.968475191401033, -23.739840543727528 ], [ -45.968528529298638, -23.739875613935769 ], [ -45.968577663289906, -23.73991269744392 ], [ -45.968618630340181, -23.739946580686009 ], [ -45.968655179230396, -23.739980040014355 ], [ -45.968691156856742, -23.740015851161807 ], [ -45.968708375842532, -23.740035793694439 ], [ -45.968724535684622, -23.740058452379632 ], [ -45.968739637051428, -23.740083917530818 ], [ -45.968753581835756, -23.740112189763064 ], [ -45.968777256129577, -23.740169212225602 ], [ -45.968794714923867, -23.740221577138449 ], [ -45.968837300487372, -23.740354889468072 ], [ -45.968864449468249, -23.740430676124717 ], [ -45.968889820431002, -23.740491571572878 ], [ -45.968947978652267, -23.740621173568837 ], [ -45.96900759057764, -23.740748327859819 ], [ -45.969021213779612, -23.740772899071032 ], [ -45.96903600092368, -23.740795656639726 ], [ -45.969051951341633, -23.740816510252529 ], [ -45.969069163141462, -23.740835459294068 ], [ -45.969108673686719, -23.740871338501243 ], [ -45.969156129019922, -23.740906896937226 ], [ -45.969203483597553, -23.740942094720491 ], [ -45.96924298953396, -23.740977341699303 ], [ -45.969277005433128, -23.741013164994339 ], [ -45.969307892575117, -23.741050452975568 ], [ -45.969342786272534, -23.741098824846116 ], [ -45.969389118859205, -23.741168259207949 ], [ -45.96941900107943, -23.741205722600185 ], [ -45.969426439694544, -23.741215048400729 ], [ -45.969428830629631, -23.741218045918455 ], [ -45.969462775938503, -23.741257572617634 ], [ -45.969490856664017, -23.74128683992517 ], [ -45.969513269680952, -23.741305936927024 ], [ -45.969595506018777, -23.741361327500549 ], [ -45.96964617718475, -23.741393885136493 ], [ -45.969705087496848, -23.741426120118973 ], [ -45.969758064514878, -23.74145207009472 ], [ -45.96981357766915, -23.741476017161599 ], [ -45.969870643196892, -23.741497606220598 ], [ -45.969928276664724, -23.741516391860564 ], [ -45.969985434317422, -23.741537167443045 ], [ -45.97004166039121, -23.741564632323673 ], [ -45.970067680150095, -23.741580545505343 ], [ -45.970090372911855, -23.741597653685158 ], [ -45.970109542458289, -23.741615958095849 ], [ -45.970125384337258, -23.741635367194302 ], [ -45.970150506857877, -23.741675852273918 ], [ -45.970169749551729, -23.741717277423451 ], [ -45.97020691964844, -23.741807993566269 ], [ -45.970227154842426, -23.741850947870212 ], [ -45.970246417429806, -23.741881805769715 ], [ -45.970251657342878, -23.741887191913179 ], [ -45.97025796240726, -23.741890674709289 ], [ -45.970265235851429, -23.741892435400068 ], [ -45.970273672555329, -23.741892292127471 ], [ -45.97029374408968, -23.741886656791259 ], [ -45.970318078897122, -23.741873769315152 ], [ -45.970371717933027, -23.741843356978926 ], [ -45.970427063601527, -23.741818172308808 ], [ -45.970454756165779, -23.741808244200055 ], [ -45.97048158782615, -23.741801301959189 ], [ -45.970507557915383, -23.741797255273489 ], [ -45.970532764544231, -23.741796103527292 ], [ -45.970581850448788, -23.741800040243778 ], [ -45.970629807901332, -23.741810577186019 ], [ -45.970678199959252, -23.741826801367683 ], [ -45.970728589679204, -23.741847799800713 ], [ -45.970777642701989, -23.741873774057275 ], [ -45.970822221553014, -23.741905014794519 ], [ -45.970864281721212, -23.741940606562736 ], [ -45.970905877473868, -23.7419797236062 ], [ -45.970948066591987, -23.742019469130941 ], [ -45.970991615873466, -23.74205739975568 ], [ -45.97107999796539, -23.74213433670872 ], [ -45.971160515354704, -23.742209155406268 ], [ -45.971235913744216, -23.742281657975294 ], [ -45.971254797926825, -23.742301138151845 ], [ -45.971272320639279, -23.742322252589805 ], [ -45.971288481881636, -23.742345001289667 ], [ -45.971303280314395, -23.742369203625838 ], [ -45.971327176808735, -23.742416289355241 ], [ -45.971342294704954, -23.742457108041062 ], [ -45.971355327205089, -23.742507784402129 ], [ -45.971359687552351, -23.742513627618642 ], [ -45.971370220756761, -23.742518348238661 ], [ -45.971387123037672, -23.742521945027661 ], [ -45.971410198176052, -23.742524419216736 ], [ -45.971460469051166, -23.742529341688122 ], [ -45.971506244311421, -23.742536640644282 ], [ -45.971550869057744, -23.742547559505034 ], [ -45.971597295955867, -23.742563344152739 ], [ -45.971623480829351, -23.742575011115193 ], [ -45.971654803576619, -23.742591522904501 ], [ -45.971732375517519, -23.742639535598393 ], [ -45.971776361506059, -23.742670147551355 ], [ -45.97182047041661, -23.742704100453512 ], [ -45.97186499591178, -23.742741302141301 ], [ -45.971909645006342, -23.742781935090644 ], [ -45.971990196104421, -23.742861178655932 ], [ -45.972052519255435, -23.742930060013091 ], [ -45.972147715876609, -23.743039287004841 ], [ -45.972240488302965, -23.743139136195506 ], [ -45.972327523565355, -23.74323269921371 ], [ -45.972362947953656, -23.743273028779427 ], [ -45.972396718574196, -23.743315265399918 ], [ -45.972429528231586, -23.743360217572278 ], [ -45.972461873512096, -23.743408695027195 ], [ -45.972523847908924, -23.74350982159201 ], [ -45.972581680315095, -23.743608084041416 ], [ -45.972634950108954, -23.743699691707025 ], [ -45.97265853556695, -23.743744430915132 ], [ -45.972678794008985, -23.743790365177905 ], [ -45.97269464085246, -23.743836778784697 ], [ -45.972704989500784, -23.743882685086447 ], [ -45.972710944649997, -23.743931509183753 ], [ -45.972714002769457, -23.743986583394154 ], [ -45.972717130161854, -23.74403777353109 ], [ -45.972723194351268, -23.744074855712604 ], [ -45.972729002141165, -23.744090624662586 ], [ -45.972739041431282, -23.74410808300836 ], [ -45.972753212771586, -23.744127050740456 ], [ -45.972771614274805, -23.74414752724018 ], [ -45.972847843842509, -23.744225984651933 ], [ -45.972885257714516, -23.744269914245073 ], [ -45.972926914361587, -23.744330254840229 ], [ -45.97296779152871, -23.744391322866335 ], [ -45.973002473817843, -23.744437346916431 ], [ -45.973031709713794, -23.744476631459364 ], [ -45.973056443262976, -23.744517389414003 ], [ -45.973101622380668, -23.744602815941615 ], [ -45.973149593626509, -23.744694276121663 ], [ -45.97317614559671, -23.744742067340741 ], [ -45.973205740372052, -23.744790020030131 ], [ -45.973237769156249, -23.744835428507624 ], [ -45.973271523695679, -23.744875407083843 ], [ -45.973342917013504, -23.744949920724814 ], [ -45.973379803119464, -23.744988795749371 ], [ -45.973416712740558, -23.745030831715233 ], [ -45.973453852842503, -23.745077472392673 ], [ -45.973491332281633, -23.745130162169474 ], [ -45.973524894010311, -23.745183779782945 ], [ -45.973550280296969, -23.745233113661456 ], [ -45.973571564721233, -23.74528500225103 ], [ -45.973592625322105, -23.745346375543125 ], [ -45.973627598628745, -23.745457877503739 ], [ -45.973636109989975, -23.745480945067527 ], [ -45.973647670199206, -23.745504986913147 ], [ -45.973662181146807, -23.745530003657755 ], [ -45.97367974094643, -23.745555994682444 ], [ -45.973716991493845, -23.745604260299217 ], [ -45.973752113903075, -23.745643417286132 ], [ -45.973821995281419, -23.745712430862451 ], [ -45.973895351613393, -23.745786931851896 ], [ -45.973931363848159, -23.74582698635863 ], [ -45.973963642481394, -23.7458663418467 ], [ -45.974022112838028, -23.745944549257029 ], [ -45.97404909617017, -23.745984299363901 ], [ -45.974074321564096, -23.746025144349368 ], [ -45.974097797751639, -23.746068258281621 ], [ -45.974119728345634, -23.746114633366073 ], [ -45.974161776507565, -23.746214259049381 ], [ -45.974177030179554, -23.746246767375691 ], [ -45.974201804070866, -23.746292853573379 ], [ -45.97427981515002, -23.746425850491018 ], [ -45.974416329553804, -23.746654575907971 ], [ -45.974434843230306, -23.746690044114615 ], [ -45.974451117130037, -23.746727784366758 ], [ -45.974465151252076, -23.746767796665409 ], [ -45.974476847482464, -23.746810081629601 ], [ -45.974510191707054, -23.746953023952464 ], [ -45.97453238002597, -23.747060361363708 ], [ -45.974550763480032, -23.74715742661515 ], [ -45.97456439923625, -23.747249373726966 ], [ -45.974572269216594, -23.747357614265681 ], [ -45.974573295436691, -23.747416404205005 ], [ -45.974571136337936, -23.747469072669279 ], [ -45.97456534302173, -23.747521222147284 ], [ -45.974556057955652, -23.747578812666468 ], [ -45.974534872337649, -23.747685339756501 ], [ -45.974516130100675, -23.747777400706468 ], [ -45.974507684333737, -23.747829115320783 ], [ -45.974517677116495, -23.747840251627668 ], [ -45.97454698345382, -23.747862465466135 ], [ -45.974633022238855, -23.747926951193897 ], [ -45.974655237563006, -23.747945597045618 ], [ -45.974674511507999, -23.747964532394938 ], [ -45.974690844072505, -23.747983757243038 ], [ -45.974704431482429, -23.74800327035334 ], [ -45.974762973861601, -23.748090960261855 ], [ -45.974823280347977, -23.748178368066938 ], [ -45.974847331081619, -23.748219491257839 ], [ -45.97486787730616, -23.748264339549245 ], [ -45.974884412987606, -23.748310838842517 ], [ -45.974896529530994, -23.748356824107219 ], [ -45.974905014530776, -23.748402651644511 ], [ -45.974910558141254, -23.74844876868676 ], [ -45.974911618106312, -23.748498887962121 ], [ -45.974906555397823, -23.748556903443017 ], [ -45.974896007721277, -23.7486162179617 ], [ -45.974880709553297, -23.748670053105808 ], [ -45.974861055362666, -23.748718677336939 ], [ -45.97483744029185, -23.748762449429304 ], [ -45.974811247348107, -23.748802625096495 ], [ -45.974783272872607, -23.748840734704256 ], [ -45.974752930869585, -23.748877143215871 ], [ -45.974719438442051, -23.748912126518661 ], [ -45.97470101789505, -23.748928770715281 ], [ -45.974680624304895, -23.748943982280654 ], [ -45.974658455916241, -23.748958030914718 ], [ -45.974634315828787, -23.748970827541417 ], [ -45.974584045124942, -23.748992640020504 ], [ -45.974533152111903, -23.749009940555265 ], [ -45.974481333714941, -23.749021556934355 ], [ -45.974428485777601, -23.749026676960057 ], [ -45.974317421834229, -23.749027557826736 ], [ -45.97420907216074, -23.749023995967981 ], [ -45.97418003102527, -23.749024269349079 ], [ -45.974143457938048, -23.749027660980985 ], [ -45.974099549124325, -23.749034169621286 ], [ -45.974048206465262, -23.749043795882606 ], [ -45.974005781374295, -23.749078293433154 ], [ -45.973969530071678, -23.749111758576756 ], [ -45.973939649463631, -23.749144280393661 ], [ -45.973916040097812, -23.7491756788801 ], [ -45.973880888106343, -23.749225032878396 ], [ -45.973867461164943, -23.749240290755168 ], [ -45.973856930635229, -23.749249208185155 ], [ -45.973846274451262, -23.749254423406793 ], [ -45.97383246920252, -23.749258394032179 ], [ -45.973795215281783, -23.749262602727104 ], [ -45.973772933237605, -23.749261388370478 ], [ -45.973749932156103, -23.749255843322263 ], [ -45.973726212711163, -23.749246057894815 ], [ -45.973701578676568, -23.749232033324073 ], [ -45.973678001744169, -23.749215021626096 ], [ -45.973657453603813, -23.749196274818186 ], [ -45.973639739369602, -23.749175974763645 ], [ -45.973625053254949, -23.749153849288561 ], [ -45.973601057182101, -23.749106854953112 ], [ -45.973582341838714, -23.74905747910277 ], [ -45.973553166216611, -23.748960481732478 ], [ -45.973539611265416, -23.748918930952268 ], [ -45.973525145682586, -23.748886869199008 ], [ -45.973505699787125, -23.748857999913163 ], [ -45.973477009019952, -23.748826208394306 ], [ -45.973462166357443, -23.748809412594262 ], [ -45.973450657562672, -23.748792324842249 ], [ -45.973442678191233, -23.748774853590263 ], [ -45.973438228241946, -23.748756998838896 ], [ -45.973434573465902, -23.748714121249694 ], [ -45.973434839989629, -23.748657581083506 ], [ -45.973438818058938, -23.748598759612339 ], [ -45.973446103034419, -23.748549219970283 ], [ -45.973451838996098, -23.748502489913772 ], [ -45.973451465043318, -23.748452185658532 ], [ -45.973448339017551, -23.74842763910393 ], [ -45.973442291063535, -23.748406001099685 ], [ -45.973433518081087, -23.74838736072239 ], [ -45.973421823843175, -23.748371719207508 ], [ -45.973391590911575, -23.748343640380931 ], [ -45.973353710494074, -23.748316332248919 ], [ -45.973313858420653, -23.748287772085071 ], [ -45.973278104316286, -23.748256115322562 ], [ -45.973198962210546, -23.748182192426082 ], [ -45.973152671081756, -23.748145363593061 ], [ -45.973128810815993, -23.748129798659328 ], [ -45.973104474752638, -23.748116223693305 ], [ -45.973051792064894, -23.748090724707723 ], [ -45.972991942412072, -23.748064638604685 ], [ -45.972925630710385, -23.74804039949959 ], [ -45.972853071973638, -23.748020534909266 ], [ -45.972719008344228, -23.74798949681151 ], [ -45.972662698758882, -23.747977658397978 ], [ -45.97261013761797, -23.747968505886902 ], [ -45.972555156513145, -23.747963794123979 ], [ -45.972491486907927, -23.747965007624249 ], [ -45.972424485466263, -23.747966783964774 ], [ -45.972359803873928, -23.747963849191652 ], [ -45.972298722306839, -23.747956827473494 ], [ -45.972242813938387, -23.747946160503737 ], [ -45.972188435835186, -23.747930155178281 ], [ -45.972146013066656, -23.747913080878085 ], [ -45.972129886430423, -23.747906433949684 ], [ -45.972018502090229, -23.747851744983333 ], [ -45.971913182506533, -23.747793610894679 ], [ -45.971814439958131, -23.747735886960974 ], [ -45.971764783758609, -23.747708291200603 ], [ -45.971713178716989, -23.747682514018816 ], [ -45.971607853086347, -23.747636753196691 ], [ -45.971581190689527, -23.747626985927081 ], [ -45.971553854904514, -23.747619029228254 ], [ -45.97152594384351, -23.747612882483061 ], [ -45.971497358052297, -23.747608365682186 ], [ -45.971430063393946, -23.747597047447442 ], [ -45.971343768585527, -23.747577178154 ], [ -45.971298343821204, -23.747564457970398 ], [ -45.971257913460697, -23.747550441947034 ], [ -45.971222576286742, -23.747535219784396 ], [ -45.971192134732838, -23.74751861209295 ], [ -45.97116639391146, -23.747500800734752 ], [ -45.971144666359642, -23.747481699714655 ], [ -45.971127050859174, -23.747461398730739 ], [ -45.97111364552201, -23.747439897168093 ], [ -45.971093676658406, -23.747393328682133 ], [ -45.971079561107558, -23.747342207559626 ], [ -45.971072990218374, -23.74731614719424 ], [ -45.971064563221141, -23.747291182295896 ], [ -45.97105428078622, -23.7472674031774 ], [ -45.971042142244819, -23.747244719525195 ], [ -45.971028150275998, -23.747223492590727 ], [ -45.971012502445518, -23.747203901766404 ], [ -45.970995198083699, -23.747185856738831 ], [ -45.970976237860249, -23.747169447820347 ], [ -45.970894053155277, -23.747108367829743 ], [ -45.970850842701061, -23.747076666999352 ], [ -45.970806722472155, -23.747041359185161 ], [ -45.970786656272622, -23.747021344503363 ], [ -45.970770985070992, -23.746998592699352 ], [ -45.970759708866055, -23.746973103774465 ], [ -45.970752827656007, -23.746944877729817 ], [ -45.970737162431412, -23.746830273350472 ], [ -45.970724497517431, -23.746723327080389 ], [ -45.970720503768753, -23.746700772877723 ], [ -45.970714989088805, -23.746684821378842 ], [ -45.970707856033805, -23.746675563512699 ], [ -45.970699201377023, -23.746672818037268 ], [ -45.970675971460949, -23.746676034714451 ], [ -45.970643840075539, -23.746682919976973 ], [ -45.970603891809596, -23.746694189545483 ], [ -45.970557210580637, -23.74671046882743 ], [ -45.9704551689344, -23.746750216901127 ], [ -45.970429350856328, -23.746761668653278 ], [ -45.970403743052479, -23.746775015741083 ], [ -45.970353648826375, -23.746807392844403 ], [ -45.97030966901211, -23.74684397645181 ], [ -45.970291849554954, -23.746862332386389 ], [ -45.970276778587461, -23.746880851698847 ], [ -45.970194471969805, -23.746988665159826 ], [ -45.9701437040044, -23.747049315695541 ], [ -45.970121600312631, -23.747072124043807 ], [ -45.97010161897002, -23.747090041941615 ], [ -45.970082492539767, -23.747104161150492 ], [ -45.970062563139521, -23.747115846833935 ], [ -45.970042125777702, -23.747125187457037 ], [ -45.970020885447539, -23.747132094553915 ], [ -45.969998450367363, -23.74713666090036 ], [ -45.969973938859731, -23.747139072663465 ], [ -45.969947449038649, -23.7471393292264 ], [ -45.969918882123444, -23.747137340890877 ], [ -45.969889219914066, -23.747133191811717 ], [ -45.969859051758043, -23.74712696860713 ], [ -45.969828475101181, -23.747118580348175 ], [ -45.96979748994498, -23.747108027034521 ], [ -45.969767474553272, -23.747095932237986 ], [ -45.969739905301637, -23.747082918915833 ], [ -45.969714682739323, -23.747068807058969 ], [ -45.969691906316982, -23.747053776679117 ], [ -45.969651042843296, -23.747020976973626 ], [ -45.969614765282969, -23.746984716434714 ], [ -45.969550033836285, -23.746908714198099 ], [ -45.969524673593767, -23.746875997836462 ], [ -45.969509788863817, -23.746853421598622 ], [ -45.969506720625468, -23.74684982815868 ], [ -45.969502191394, -23.746847688957828 ], [ -45.969488848732411, -23.746847862970384 ], [ -45.969469762214658, -23.746854124260892 ], [ -45.969444929831219, -23.746866201888523 ], [ -45.969390673806402, -23.746893095443898 ], [ -45.969338524098127, -23.746912931031336 ], [ -45.96928584102897, -23.746926989647729 ], [ -45.969229593803419, -23.746936735373403 ], [ -45.969170361745718, -23.74694090013119 ], [ -45.969108431181567, -23.746938398316185 ], [ -45.969048429460663, -23.746931368523942 ], [ -45.968994787702385, -23.746921950587947 ], [ -45.968944859536386, -23.746910522373888 ], [ -45.968895506691688, -23.746897284193267 ], [ -45.968839145757144, -23.746878399945135 ], [ -45.968767897659269, -23.746849854734997 ], [ -45.968701441749957, -23.746819202160374 ], [ -45.968677305265203, -23.746805986494198 ], [ -45.96865936057371, -23.746794177092976 ], [ -45.96864464558837, -23.746781263642021 ], [ -45.968630296337125, -23.74676473521027 ], [ -45.968616214040324, -23.746744502099492 ], [ -45.968602596260425, -23.746720743705957 ], [ -45.968578964832446, -23.746669681958405 ], [ -45.968562303424129, -23.74661911843063 ], [ -45.968550761915409, -23.746570961380222 ], [ -45.96854249152473, -23.746527299689298 ], [ -45.968536278305272, -23.746509726773187 ], [ -45.968530932808619, -23.746503347750277 ], [ -45.968524029535047, -23.746498604198305 ], [ -45.968515763373681, -23.746495314261377 ], [ -45.968505939434969, -23.746493659794801 ], [ -45.96848191189428, -23.746495165114283 ], [ -45.968385173036992, -23.746509047889855 ], [ -45.968332111536405, -23.746511728585279 ], [ -45.968258613251415, -23.746510563337708 ], [ -45.968179198170887, -23.746505370845409 ], [ -45.968108289507256, -23.746496151073988 ], [ -45.968042946561404, -23.746483283722288 ], [ -45.967980228633273, -23.746467148483362 ], [ -45.967921813651088, -23.746449089610195 ], [ -45.967869476984404, -23.746430360430843 ], [ -45.967821933158504, -23.7464096142429 ], [ -45.967778290485612, -23.7463856825105 ], [ -45.967700351222753, -23.746341192545145 ], [ -45.967668546141397, -23.746325857115899 ], [ -45.967645427005287, -23.746317512042157 ], [ -45.967641304283511, -23.746317266901617 ], [ -45.967638471035833, -23.74631891034927 ], [ -45.967636476737717, -23.746327864238129 ], [ -45.967639346666452, -23.746344464636188 ], [ -45.96764727638228, -23.746368620001473 ], [ -45.967668664820756, -23.746421592608932 ], [ -45.967691578365802, -23.746468504411265 ], [ -45.967742682896329, -23.746559495126522 ], [ -45.967795933296443, -23.746648756358336 ], [ -45.967845648376901, -23.74673758812138 ], [ -45.967894580626954, -23.746826695719697 ], [ -45.967920004542755, -23.746868082411872 ], [ -45.967946981591957, -23.746907201442621 ], [ -45.968008043925416, -23.746991355902885 ], [ -45.968039099066132, -23.74703794570037 ], [ -45.968065647710205, -23.74708546688958 ], [ -45.968088271854938, -23.747133012655389 ], [ -45.968107353266028, -23.747179135533301 ], [ -45.968145827195919, -23.747286913887265 ], [ -45.968168622298336, -23.747344303140618 ], [ -45.968194879386218, -23.747392187397946 ], [ -45.968225213845805, -23.747434175489893 ], [ -45.96826004350406, -23.747473696849415 ], [ -45.968297203861333, -23.747509952179726 ], [ -45.96833443363677, -23.74754232342687 ], [ -45.968353595166519, -23.747559453952086 ], [ -45.968373863329113, -23.747580280545378 ], [ -45.968417428561054, -23.747633475342884 ], [ -45.968454327462076, -23.747687434436845 ], [ -45.968466264036955, -23.747709397029919 ], [ -45.968473858245076, -23.747727954780196 ], [ -45.968481470559993, -23.747762227604564 ], [ -45.968482319061629, -23.747797355667938 ], [ -45.968478821111489, -23.747815260387664 ], [ -45.968470615048737, -23.747833375244241 ], [ -45.968457897766491, -23.747851789320563 ], [ -45.968440571149024, -23.747870503230192 ], [ -45.968420287762996, -23.747887429321683 ], [ -45.968398507289606, -23.747900932738609 ], [ -45.968375227726547, -23.747910742541322 ], [ -45.968350449743163, -23.747916949042153 ], [ -45.968324965595642, -23.747920540765371 ], [ -45.968299466087196, -23.747922055285702 ], [ -45.968273952554505, -23.747921673229005 ], [ -45.968248424998926, -23.747919394595176 ], [ -45.968219244539057, -23.747914068057721 ], [ -45.968182869741433, -23.747904451359066 ], [ -45.968088442379056, -23.747872799636031 ], [ -45.968012973642431, -23.747830823268725 ], [ -45.967982905495411, -23.74781159339965 ], [ -45.967958045381913, -23.747793414712806 ], [ -45.967914607106195, -23.747757379253194 ], [ -45.967873609007526, -23.747719612472558 ], [ -45.96779107425845, -23.747637579411176 ], [ -45.967739584785292, -23.747587504833135 ], [ -45.967701452764487, -23.7475525198901 ], [ -45.9676709268727, -23.7475244417382 ], [ -45.96761049157508, -23.747466012033534 ], [ -45.96760975499371, -23.747465305699397 ], [ -45.967607284145529, -23.747462882604434 ], [ -45.96758561384123, -23.747438181045418 ], [ -45.967570645270627, -23.74741750180128 ], [ -45.967543699607496, -23.747369350791249 ], [ -45.967508647999139, -23.747299755026432 ], [ -45.967438785862015, -23.747153336583221 ], [ -45.967386951846649, -23.747043293411338 ], [ -45.967345268193121, -23.746952514570243 ], [ -45.967303571925036, -23.746860019767379 ], [ -45.967263412169103, -23.746762999474317 ], [ -45.967246659140635, -23.746713249220559 ], [ -45.967234243092946, -23.74666618133946 ], [ -45.967226443016877, -23.746619716790363 ], [ -45.967223142118456, -23.746571327423361 ], [ -45.967223175048517, -23.746522646241136 ], [ -45.967225375125622, -23.746475125620382 ], [ -45.967232890011751, -23.746416553039417 ], [ -45.967247200447787, -23.746340453478421 ], [ -45.967248655793377, -23.746332640003573 ], [ -45.967250173563784, -23.746325585762641 ], [ -45.967225336223642, -23.746230727488076 ], [ -45.967165331493007, -23.746182462431264 ], [ -45.967155059398422, -23.746174177098442 ], [ -45.967092047608105, -23.746118213437676 ], [ -45.967072275107633, -23.746098015780394 ], [ -45.967055438644053, -23.746076806260607 ], [ -45.967041537549505, -23.746054494566433 ], [ -45.96703057315662, -23.746031261324834 ], [ -45.967022152348562, -23.746007018678593 ], [ -45.967015884676137, -23.745982040022845 ], [ -45.967011867583516, -23.745956234430924 ], [ -45.967010101069583, -23.745929601903054 ], [ -45.967010883470223, -23.745902682476157 ], [ -45.967014512454242, -23.745875925873893 ], [ -45.967020988686983, -23.745849422409268 ], [ -45.967030310832889, -23.745822991455835 ], [ -45.967056589843054, -23.74576764321376 ], [ -45.967092150119264, -23.745706908178857 ], [ -45.967109885190709, -23.745677082843876 ], [ -45.967123136451711, -23.74565125952072 ], [ -45.967131804460053, -23.745629258198282 ], [ -45.967135987997871, -23.745611168576463 ], [ -45.967136752292262, -23.74559508732855 ], [ -45.967135555683413, -23.745579198984927 ], [ -45.967132201948779, -23.74556350477328 ], [ -45.967126887312382, -23.745548003465693 ], [ -45.967116954753422, -23.745531627880542 ], [ -45.967099549695234, -23.745513131436866 ], [ -45.967074867698521, -23.745492422591138 ], [ -45.967042910768363, -23.74546977227903 ], [ -45.966930312378082, -23.745395332789847 ], [ -45.966840385135164, -23.745335021524241 ], [ -45.96679676777358, -23.745301154443506 ], [ -45.966778586564786, -23.745283836939972 ], [ -45.966762955596216, -23.745266413165698 ], [ -45.966754853111709, -23.74525869656259 ], [ -45.966744706284032, -23.745253160359404 ], [ -45.966732710669234, -23.745249713015166 ], [ -45.966718670710399, -23.745248446069905 ], [ -45.966702782630037, -23.745249358295762 ], [ -45.966684947649149, -23.745252359992957 ], [ -45.966643438980945, -23.745264902737418 ], [ -45.966566509207127, -23.7452905823455 ], [ -45.966538497932611, -23.745297350669798 ], [ -45.966517522034948, -23.745300191354445 ], [ -45.966497895706361, -23.745299772176939 ], [ -45.966473932471438, -23.745296670598002 ], [ -45.966412898511606, -23.745282601467281 ], [ -45.966349273012987, -23.745263039162918 ], [ -45.966297713928093, -23.74524322076153 ], [ -45.966250971655022, -23.745224636671939 ], [ -45.966201894038306, -23.745208686366443 ], [ -45.966172607482342, -23.745202185961585 ], [ -45.966135385883014, -23.745197360861123 ], [ -45.966090033016236, -23.745194212286023 ], [ -45.966036548214689, -23.745192649915975 ], [ -45.965837341735728, -23.745188475803587 ], [ -45.965758638928889, -23.745186619330184 ], [ -45.965690744379074, -23.745186862903083 ], [ -45.96557282689929, -23.745189315612429 ], [ -45.965544268435814, -23.745188410208883 ], [ -45.965514021436036, -23.745184715512924 ], [ -45.965482282124952, -23.745178230297618 ], [ -45.965448953059067, -23.745169045488044 ], [ -45.965383171953334, -23.745149857513727 ], [ -45.965322524618465, -23.745134972677015 ], [ -45.96526708985553, -23.745121771291327 ], [ -45.965217238142735, -23.745107270579147 ], [ -45.965193625481383, -23.745098476623099 ], [ -45.965170190410703, -23.745087152670969 ], [ -45.965146737374504, -23.745073390261293 ], [ -45.965123363820048, -23.745057098468074 ], [ -45.965078756547669, -23.745021972626542 ], [ -45.965038269980248, -23.744986821043398 ], [ -45.965018429797468, -23.744970687807207 ], [ -45.964997236687921, -23.744957362850332 ], [ -45.964974788761694, -23.744946845559703 ], [ -45.964951086017948, -23.744939135934775 ], [ -45.964901656128077, -23.744928606444223 ], [ -45.96485088062952, -23.744921878662666 ], [ -45.964739846102347, -23.744912998105629 ], [ -45.964568567857285, -23.744904041844364 ], [ -45.964453948458264, -23.744901325027115 ], [ -45.964333669852294, -23.744902888344804 ], [ -45.964229091726608, -23.74490471489446 ], [ -45.964161476337146, -23.744902878752551 ], [ -45.964058274147639, -23.744891690914649 ], [ -45.963990870671942, -23.744878654032572 ], [ -45.963897091599755, -23.744854672578295 ], [ -45.963734491052648, -23.744811611654093 ], [ -45.963681207706209, -23.744797402786499 ], [ -45.963632628399338, -23.744782442035035 ], [ -45.963576389774616, -23.74476662584382 ], [ -45.96350071581908, -23.744749666342006 ], [ -45.963329325357712, -23.744712078814054 ], [ -45.963244688130708, -23.74469038823079 ], [ -45.963162380362867, -23.744665251027072 ], [ -45.963088892012237, -23.744638613749327 ], [ -45.963030713027237, -23.744612422955587 ], [ -45.962930934589885, -23.744559757378809 ], [ -45.962838244799848, -23.744510389319196 ], [ -45.962747168007496, -23.744466881780564 ], [ -45.96263954554896, -23.744414897087207 ], [ -45.962583397212647, -23.74438462919333 ], [ -45.962535108405611, -23.74435575741245 ], [ -45.962441274644533, -23.744297545131953 ], [ -45.962347634533486, -23.744238970316911 ], [ -45.962260685290374, -23.744182972991595 ], [ -45.96221433628655, -23.744151018240743 ], [ -45.962161741301195, -23.744110251256973 ], [ -45.96210527093308, -23.744062824893618 ], [ -45.962047295111752, -23.744010801694326 ], [ -45.961992195062017, -23.74396291517137 ], [ -45.961944252549955, -23.743927718828189 ], [ -45.961854115060852, -23.743865057620411 ], [ -45.961804801061113, -23.743830140718096 ], [ -45.961748405877991, -23.743792919607731 ], [ -45.961637614950988, -23.743723522654395 ], [ -45.961536906999143, -23.743664359073083 ], [ -45.961489404892269, -23.743635662690799 ], [ -45.96144679905116, -23.743605671395375 ], [ -45.961366891358942, -23.743546468635731 ], [ -45.961323898435282, -23.743517202250928 ], [ -45.961274420299269, -23.743486621424307 ], [ -45.961225237180045, -23.743456129063883 ], [ -45.961182834304921, -23.743427039603382 ], [ -45.96109279297653, -23.743364016061747 ], [ -45.960970093018311, -23.743276087277497 ], [ -45.960906979103392, -23.743232404764409 ], [ -45.960881852330374, -23.743217748914791 ], [ -45.960861076864703, -23.743207762515429 ], [ -45.960808264465598, -23.743190749863345 ], [ -45.960724711783357, -23.743169593021797 ], [ -45.960633790925556, -23.743147127164821 ], [ -45.960558872655149, -23.743126006888978 ], [ -45.96049581845444, -23.743103819364745 ], [ -45.960440784142904, -23.743078149923345 ], [ -45.960388659384911, -23.743047856198356 ], [ -45.960334630829166, -23.743012155240308 ], [ -45.960239157052506, -23.742944107156923 ], [ -45.96019602078001, -23.742908609435805 ], [ -45.960147895615691, -23.742861762700514 ], [ -45.960101510647988, -23.742811382762667 ], [ -45.960063690406521, -23.742764923579816 ], [ -45.959998893057495, -23.742678892281276 ], [ -45.959964946169194, -23.742638821550479 ], [ -45.959925527655287, -23.742601855581469 ], [ -45.959882005098102, -23.742567173021229 ], [ -45.959835844850502, -23.742534042222147 ], [ -45.95974275278158, -23.742469591718827 ], [ -45.959700031736077, -23.742437162062807 ], [ -45.9596628970083, -23.742403884856536 ], [ -45.959593104263021, -23.742332335168236 ], [ -45.959517225690796, -23.742247004660531 ], [ -45.95947652227629, -23.742195324808449 ], [ -45.959435267488331, -23.742135339165902 ], [ -45.95936655750409, -23.742024042988234 ], [ -45.959341101519037, -23.741977777827248 ], [ -45.959318797618117, -23.741933209130373 ], [ -45.959300023683554, -23.741888347571212 ], [ -45.959287297449741, -23.741847797157007 ], [ -45.959284953975583, -23.741840194979847 ], [ -45.959270439461825, -23.741787465984039 ], [ -45.95926747766643, -23.741784955476348 ], [ -45.959260201049339, -23.741782742696589 ], [ -45.95923329531314, -23.741779658231859 ], [ -45.959191264224856, -23.741774409681913 ], [ -45.95913584928612, -23.74176364448466 ], [ -45.959071364005609, -23.7417468842761 ], [ -45.959001926997431, -23.741723832541151 ], [ -45.958917199127029, -23.741689405316954 ], [ -45.958806647714674, -23.741638881084402 ], [ -45.95873997664976, -23.741604973982469 ], [ -45.958663526723946, -23.741562095753785 ], [ -45.958577197870611, -23.741509976051258 ], [ -45.95848109021108, -23.741448885188866 ], [ -45.958319405865119, -23.741342500192253 ], [ -45.958238538354294, -23.741285830563399 ], [ -45.958199340732946, -23.741252114182767 ], [ -45.95816227113842, -23.741214229999386 ], [ -45.95812624377011, -23.741171281570182 ], [ -45.9580901721692, -23.741122282137798 ], [ -45.958055615512016, -23.741065776959587 ], [ -45.958024329851781, -23.74100040039194 ], [ -45.95799912827939, -23.740935166747384 ], [ -45.9579830194292, -23.7408789988108 ], [ -45.957972940786199, -23.740829025406295 ], [ -45.957965728432804, -23.740781924396344 ], [ -45.95795591616109, -23.740687874426801 ], [ -45.957953110116001, -23.740639571983024 ], [ -45.957953246664367, -23.740591160986607 ], [ -45.957955225409954, -23.74056658237976 ], [ -45.957959553471255, -23.740541266674715 ], [ -45.957966231507626, -23.740515304184953 ], [ -45.957975258196427, -23.740488514283427 ], [ -45.957999284939135, -23.740433362064682 ], [ -45.958029969810717, -23.740376362231139 ], [ -45.958063431407552, -23.740323409468278 ], [ -45.958095299118284, -23.740280582130829 ], [ -45.958169738826385, -23.740196306169711 ], [ -45.958249538045287, -23.740107029493196 ], [ -45.958347459365392, -23.739987022820888 ], [ -45.958431187569332, -23.739858162657395 ], [ -45.958445641766133, -23.739835674317607 ], [ -45.958457837497086, -23.739812929026705 ], [ -45.958467675994747, -23.739789837079929 ], [ -45.958475354136489, -23.739766487574467 ], [ -45.958480870601996, -23.739742699884122 ], [ -45.958484324821654, -23.739718654027318 ], [ -45.958485813582527, -23.739694168769187 ], [ -45.958485239439213, -23.739669335031493 ], [ -45.958484584334762, -23.739620025767785 ], [ -45.958488845844158, -23.739572221416896 ], [ -45.958504375457743, -23.739482168953952 ], [ -45.958505187061142, -23.739472409637539 ], [ -45.95850326420895, -23.739464383306718 ], [ -45.958498411347456, -23.73945818149128 ], [ -45.958490726584387, -23.739453803582791 ], [ -45.958480209919543, -23.739451249580618 ], [ -45.958466958799413, -23.739450428562822 ], [ -45.958431960850859, -23.739454258241761 ], [ -45.958356632458539, -23.739470621108662 ], [ -45.958293491841893, -23.739489979183283 ], [ -45.958184268055192, -23.739526783184324 ], [ -45.958132785672653, -23.73954381099859 ], [ -45.958082297561866, -23.739562638983053 ], [ -45.957984101330041, -23.739604793549372 ], [ -45.957881829415463, -23.739653114895454 ], [ -45.957828830703761, -23.739677467719975 ], [ -45.957777961288784, -23.739697833366542 ], [ -45.957681268553678, -23.73973094668391 ], [ -45.957657764950788, -23.73973687260218 ], [ -45.957633849109037, -23.739740091546722 ], [ -45.95760942292204, -23.739740604125039 ], [ -45.957584583839107, -23.739738319415949 ], [ -45.957560213510995, -23.739733051322993 ], [ -45.957537291036317, -23.739724522829608 ], [ -45.957515620201121, -23.739712735151549 ], [ -45.957495397882312, -23.739697777387537 ], [ -45.957476726149167, -23.73968019081067 ], [ -45.957459610942536, -23.739660788241757 ], [ -45.957444150370584, -23.739639569073812 ], [ -45.957430344432801, -23.739616533307149 ], [ -45.957404653143037, -23.739564759875094 ], [ -45.95737978676199, -23.739505033392071 ], [ -45.957335915440517, -23.739382112049658 ], [ -45.957315396213353, -23.739326513236648 ], [ -45.957292481734086, -23.739278786872159 ], [ -45.957279281665443, -23.739258095591964 ], [ -45.957263647394299, -23.739239948272424 ], [ -45.957245677028169, -23.739224344305583 ], [ -45.957225271799473, -23.739211193984559 ], [ -45.95717968774737, -23.739189529081379 ], [ -45.957129326802743, -23.739172048342915 ], [ -45.957077036714118, -23.739159095404766 ], [ -45.957025958229934, -23.739150831456815 ], [ -45.95692480478121, -23.739137368092539 ], [ -45.95689906240537, -23.739132289019096 ], [ -45.956872516702973, -23.739124686024141 ], [ -45.956845070227978, -23.739114650027815 ], [ -45.9568168191105, -23.739101909482038 ], [ -45.956785913825186, -23.739088462817708 ], [ -45.956750698421878, -23.739075945996213 ], [ -45.956711074134056, -23.739064269308166 ], [ -45.956667237836015, -23.739053521849581 ], [ -45.956585190345102, -23.739036507962652 ], [ -45.95652310875689, -23.739026234627413 ], [ -45.956470053702056, -23.739015995738182 ], [ -45.956414987720372, -23.738999085777017 ], [ -45.956362040553657, -23.738976743638901 ], [ -45.956315735026898, -23.738950296110403 ], [ -45.95623131295266, -23.738890215276516 ], [ -45.956187295477548, -23.738854631488223 ], [ -45.956138315986358, -23.738811311070851 ], [ -45.95604112284488, -23.738722046242582 ], [ -45.955995701664442, -23.738682316471792 ], [ -45.955951098975937, -23.738647187818241 ], [ -45.955864881685343, -23.738583053585401 ], [ -45.95580093085406, -23.738531697044408 ], [ -45.955768213035107, -23.738498391523741 ], [ -45.955765057143942, -23.738496153096605 ], [ -45.955761034103652, -23.738496087650525 ], [ -45.955750485340921, -23.738502565408233 ], [ -45.955736566085292, -23.738517734482674 ], [ -45.955719178884912, -23.738541685792939 ], [ -45.955653023631413, -23.738645417978702 ], [ -45.955581907679317, -23.738768508747128 ], [ -45.955561066293363, -23.73880313885714 ], [ -45.955541941421103, -23.738830984541849 ], [ -45.955524435617853, -23.738852136721615 ], [ -45.955508646335637, -23.738866504477102 ], [ -45.95548586509441, -23.738877302744957 ], [ -45.9554477725449, -23.738887292463517 ], [ -45.955394370001173, -23.73889665424834 ], [ -45.955325559353007, -23.738905388690135 ], [ -45.955247696492194, -23.738910566334798 ], [ -45.955166943081132, -23.738909529891231 ], [ -45.955083397238596, -23.738902278748327 ], [ -45.954996960211233, -23.73888872319381 ], [ -45.954911961280487, -23.738843637893506 ], [ -45.954847612952854, -23.738805018179008 ], [ -45.954803720303595, -23.738773045915671 ], [ -45.954789591600722, -23.738759495229544 ], [ -45.954780576974507, -23.738747628990684 ], [ -45.954768833160813, -23.738724760868553 ], [ -45.954759435364195, -23.738700704129169 ], [ -45.954752481032408, -23.738675367853439 ], [ -45.954747872715664, -23.738648842961148 ], [ -45.954746302426713, -23.738621847718985 ], [ -45.954748366045294, -23.738595371940033 ], [ -45.954753867355436, -23.738569416835865 ], [ -45.954763002568917, -23.738543981194418 ], [ -45.954772526257564, -23.738518001248178 ], [ -45.954779194970143, -23.738490684170451 ], [ -45.95478310615691, -23.738461939042296 ], [ -45.954784064264175, -23.738431857389049 ], [ -45.954781985008815, -23.738402336399211 ], [ -45.954776393655216, -23.738375546625289 ], [ -45.954767485760449, -23.738351396541532 ], [ -45.954755163877145, -23.738329977066851 ], [ -45.954737351968696, -23.738309133400275 ], [ -45.954712168239936, -23.738286438587558 ], [ -45.954679613353754, -23.73826198293834 ], [ -45.954639686657366, -23.73823567613432 ], [ -45.954598971175066, -23.738208832284869 ], [ -45.954564145399104, -23.738182403646302 ], [ -45.954535111219172, -23.7381563908285 ], [ -45.954511967396201, -23.738130883542606 ], [ -45.954471722250524, -23.738074322284703 ], [ -45.954431388977895, -23.738005659008998 ], [ -45.954390498110655, -23.737927786774392 ], [ -45.954348578205185, -23.737843327698805 ], [ -45.954329469423129, -23.737806054193552 ], [ -45.954314773376595, -23.737781939808141 ], [ -45.954304588822843, -23.737771074251825 ], [ -45.954301053046841, -23.737770554171728 ], [ -45.954298620122529, -23.737773278715537 ], [ -45.954280618270282, -23.737820625907929 ], [ -45.954244264764313, -23.73793465039936 ], [ -45.954193732048225, -23.738109004196634 ], [ -45.954136106370278, -23.738306342407686 ], [ -45.954101928835186, -23.738409334696318 ], [ -45.954064646796184, -23.73850367565257 ], [ -45.95402513400883, -23.738588095437038 ], [ -45.953983972542765, -23.738661687280874 ], [ -45.953940682391107, -23.738725899225418 ], [ -45.953894491853873, -23.738782542381379 ], [ -45.953842871847741, -23.73883461282902 ], [ -45.9537832952537, -23.7388853775856 ], [ -45.953749917478149, -23.738909607972172 ], [ -45.953713487188601, -23.738932321784986 ], [ -45.953673807512558, -23.73895342991857 ], [ -45.953631172771701, -23.738972930555011 ], [ -45.953541651111827, -23.73900735182637 ], [ -45.953450318118669, -23.739035552307698 ], [ -45.953444121746863, -23.739037102822209 ], [ -45.953409528651989, -23.739045759026766 ], [ -45.953405170822393, -23.739046849482573 ], [ -45.953362163477308, -23.739055604556636 ], [ -45.953321100528896, -23.739061909054854 ], [ -45.953282178194712, -23.739065761768845 ], [ -45.95319939266583, -23.739068620484403 ], [ -45.953102839247613, -23.739067048159981 ], [ -45.953054073315663, -23.739066445626268 ], [ -45.953011015349553, -23.739068246464029 ], [ -45.952973567896706, -23.739072541596247 ], [ -45.952941828406345, -23.739079240109053 ], [ -45.952767152288352, -23.739128094720062 ], [ -45.952542330377305, -23.739188999403051 ], [ -45.952490318042813, -23.739200699883199 ], [ -45.952442494117342, -23.739208219934135 ], [ -45.952398661078327, -23.739211380141136 ], [ -45.952359016458509, -23.739210359925924 ], [ -45.952320820473496, -23.739206169662072 ], [ -45.952281923952057, -23.739200087035073 ], [ -45.952201341241647, -23.739182068292468 ], [ -45.952162797121261, -23.739170474093211 ], [ -45.952129542934081, -23.73915776349347 ], [ -45.952101578022862, -23.739143846183062 ], [ -45.952078804935958, -23.739128813082676 ], [ -45.952057776129216, -23.739110788757046 ], [ -45.952034651631834, -23.739087900185559 ], [ -45.951982506697661, -23.739027347256656 ], [ -45.951926335147078, -23.738952729561543 ], [ -45.951870298850515, -23.738869711476525 ], [ -45.951843026704061, -23.738829597754695 ], [ -45.951817081147709, -23.738796520630775 ], [ -45.951792462176293, -23.738770480105583 ], [ -45.951769170440848, -23.738751566493633 ], [ -45.95171260302417, -23.738716961836012 ], [ -45.951633614075853, -23.738675179451814 ], [ -45.951450283385306, -23.738586080582646 ], [ -45.951362642814736, -23.738541822407658 ], [ -45.951286374843932, -23.738496410391647 ], [ -45.95125089894681, -23.7384749524598 ], [ -45.951214760574267, -23.738456840346316 ], [ -45.951178057830489, -23.738442073447381 ], [ -45.95114079005738, -23.738430561448947 ], [ -45.951104132568403, -23.738422026167321 ], [ -45.951069260021683, -23.738416099106335 ], [ -45.951036171759633, -23.738412689953662 ], [ -45.951004869091086, -23.738411979337801 ], [ -45.950840491020756, -23.738419764233818 ], [ -45.95073583974375, -23.738424381818813 ], [ -45.950629098721194, -23.73842494789103 ], [ -45.950576200067758, -23.738422653946554 ], [ -45.950525636325004, -23.738417636100049 ], [ -45.950477209316389, -23.738409624619297 ], [ -45.950431117224497, -23.738398889240599 ], [ -45.950387459468772, -23.738385609990111 ], [ -45.95034673051655, -23.738370325735811 ], [ -45.95030873415498, -23.738353037686185 ], [ -45.950273666598591, -23.738333744637046 ], [ -45.950240941826657, -23.738312811462787 ], [ -45.950209974473481, -23.738290693350752 ], [ -45.950180764538921, -23.73826739030202 ], [ -45.950153312022906, -23.738242902317609 ], [ -45.950127418091803, -23.738216869349863 ], [ -45.95010268900846, -23.738189113184269 ], [ -45.950079222880092, -23.738159633218256 ], [ -45.95005701905189, -23.738128339138857 ], [ -45.950017206070839, -23.738063464794703 ], [ -45.949984153976175, -23.737997374765929 ], [ -45.949970469104819, -23.73796377038455 ], [ -45.949958938002347, -23.737929520544345 ], [ -45.94994966008327, -23.737894805270095 ], [ -45.949942535929814, -23.737859444537918 ], [ -45.949934472928717, -23.737789317290407 ], [ -45.949933342448645, -23.73775518417623 ], [ -45.949934276788589, -23.737721670598148 ], [ -45.949935334424147, -23.737651035720049 ], [ -45.949931031455449, -23.737571763287143 ], [ -45.949924485259821, -23.737507858632231 ], [ -45.949918908034157, -23.737482874918445 ], [ -45.949902157286346, -23.737472952582053 ], [ -45.949861894324059, -23.737454233256621 ], [ -45.949805373133778, -23.737425859499979 ], [ -45.949739752872283, -23.737387426044144 ], [ -45.949706630107016, -23.737365682332211 ], [ -45.949677530360354, -23.737344004218482 ], [ -45.949652453630335, -23.737322391705295 ], [ -45.949631399915162, -23.737300844794735 ], [ -45.949600823941253, -23.737264995865083 ], [ -45.949585556540178, -23.737243142454311 ], [ -45.949583088178123, -23.737240989991871 ], [ -45.949579758461759, -23.737241823301733 ], [ -45.949569828876641, -23.737252541769507 ], [ -45.949555866541722, -23.737275387568111 ], [ -45.949537968902924, -23.737310269780249 ], [ -45.949519718755838, -23.737350663530929 ], [ -45.949504991912939, -23.737389861511801 ], [ -45.949493690926211, -23.737427954639973 ], [ -45.94948591390505, -23.737464942313522 ], [ -45.949471376256469, -23.737543788569305 ], [ -45.949452118425292, -23.737634676056004 ], [ -45.94944078016448, -23.737681168948566 ], [ -45.949428139024327, -23.737723876500901 ], [ -45.949414291147733, -23.737762527169494 ], [ -45.949399140391549, -23.737797392497264 ], [ -45.949382306109655, -23.73783010053895 ], [ -45.949362918431021, -23.737862462987994 ], [ -45.949341075460417, -23.737894479241106 ], [ -45.949316875302777, -23.737926148694989 ], [ -45.949290987034843, -23.737955028664238 ], [ -45.949264473471189, -23.737978854681447 ], [ -45.949237433375302, -23.737997716457549 ], [ -45.949209570467183, -23.738011344858389 ], [ -45.94918109470337, -23.73802163526468 ], [ -45.949151820341328, -23.738030033898447 ], [ -45.94912174738198, -23.7380365407593 ], [ -45.949090875826599, -23.738041155846631 ], [ -45.949055276827963, -23.73804327105492 ], [ -45.949011022194234, -23.738042368588204 ], [ -45.948958012513259, -23.738038268413884 ], [ -45.94889624778925, -23.738030970522811 ], [ -45.948777496156467, -23.738012281051144 ], [ -45.948728170728785, -23.73800210690548 ], [ -45.94868551198519, -23.737991259611352 ], [ -45.948601870178464, -23.737970638517211 ], [ -45.948507852628609, -23.737953332469893 ], [ -45.948405917228584, -23.737940048913707 ], [ -45.948298326960533, -23.737931677128778 ], [ -45.948194901629414, -23.737929421324612 ], [ -45.948148310771707, -23.737931061832374 ], [ -45.948105068610005, -23.737934488142852 ], [ -45.948006261394411, -23.737946745033355 ], [ -45.947976261663342, -23.737949819152483 ], [ -45.947918584738417, -23.737951527568026 ], [ -45.94788217997241, -23.737950757281471 ], [ -45.947844578324926, -23.737947284794728 ], [ -45.947805682998251, -23.737941291335474 ], [ -45.94776559079488, -23.737932595674028 ], [ -45.947690969084825, -23.737911105926091 ], [ -45.947658604458681, -23.737899201748792 ], [ -45.947629569584855, -23.737886464295904 ], [ -45.947568405639792, -23.737853692607398 ], [ -45.947494291790015, -23.737807452609971 ], [ -45.94740500492837, -23.737752364107983 ], [ -45.947298028278539, -23.737693139013981 ], [ -45.947188133340873, -23.737637363793642 ], [ -45.947089895354033, -23.737592626156577 ], [ -45.946996278878046, -23.737549305229535 ], [ -45.946900052299149, -23.737497781321526 ], [ -45.946855118682642, -23.737470780581905 ], [ -45.94681784977881, -23.737445448924689 ], [ -45.946788147475516, -23.737421786956531 ], [ -45.94676610987397, -23.737399794081043 ], [ -45.946748583863709, -23.737377592939158 ], [ -45.946732613202613, -23.737353395281847 ], [ -45.94671800233052, -23.737327292624595 ], [ -45.946704749942263, -23.737299104340412 ], [ -45.946694241270897, -23.7372704476658 ], [ -45.946687567228714, -23.737242941639661 ], [ -45.946684628402018, -23.737216406235934 ], [ -45.946685524199623, -23.737191021481543 ], [ -45.946689954427875, -23.737165976355382 ], [ -45.946697328490366, -23.737141003520779 ], [ -45.946707742533896, -23.737115831435524 ], [ -45.946721296620332, -23.737090730439188 ], [ -45.94673730531072, -23.737065885363929 ], [ -45.946755379442699, -23.737041750180428 ], [ -45.946775520320514, -23.737018505515387 ], [ -45.946797726638245, -23.736995970740679 ], [ -45.946853489519469, -23.736946677056604 ], [ -45.946928019506679, -23.736887694735536 ], [ -45.94696920414129, -23.736857547330313 ], [ -45.947009237597456, -23.736831019673083 ], [ -45.947048119226245, -23.736808021450951 ], [ -45.947085653472584, -23.736788644180464 ], [ -45.94724454461084, -23.736714242493736 ], [ -45.947278556787047, -23.736696241521656 ], [ -45.947289096054057, -23.736688409626684 ], [ -45.947295520102223, -23.736681325486938 ], [ -45.947297732132554, -23.736675170331445 ], [ -45.947295632080994, -23.736669673820263 ], [ -45.947289320012636, -23.736665106293167 ], [ -45.947278793969033, -23.73666119680874 ], [ -45.947221894771189, -23.736648268720778 ], [ -45.947152840268039, -23.736636769842804 ], [ -45.947072286517766, -23.736622451208667 ], [ -45.946981280706837, -23.736600880819552 ], [ -45.946937038499634, -23.736588055735133 ], [ -45.946900447238193, -23.73657500314404 ], [ -45.946871408162401, -23.736561633339086 ], [ -45.946850018723111, -23.736547855409967 ], [ -45.946816930779342, -23.736517259711739 ], [ -45.946787529749862, -23.736480951413572 ], [ -45.946780502906542, -23.736472504581329 ], [ -45.946773004461555, -23.736466679849798 ], [ -45.946765035719686, -23.736463657846237 ], [ -45.946756791586353, -23.7364632567417 ], [ -45.94674797839717, -23.73646556865209 ], [ -45.946738889815428, -23.736470501461383 ], [ -45.946719300449075, -23.736488594635674 ], [ -45.94667515528127, -23.736543507149324 ], [ -45.946624260128026, -23.736614718164269 ], [ -45.946597740218884, -23.736651278566846 ], [ -45.946572353849, -23.736681780739872 ], [ -45.946548198475853, -23.7367061337692 ], [ -45.946525077891849, -23.736724338856806 ], [ -45.946501046947347, -23.736738756171182 ], [ -45.94647406107957, -23.736751565852909 ], [ -45.946444120288476, -23.736762767900579 ], [ -45.946411127773182, -23.736772543540372 ], [ -45.946339518730213, -23.736787703656496 ], [ -45.946262965892799, -23.736797565254083 ], [ -45.946070886058742, -23.736813914124802 ], [ -45.946016460117747, -23.736817408278849 ], [ -45.94596613962316, -23.73681879998756 ], [ -45.945919923925644, -23.736817998940825 ], [ -45.945877716225823, -23.736815186370116 ], [ -45.945793464445231, -23.736805044307886 ], [ -45.945701332915995, -23.736790615148557 ], [ -45.945522556019426, -23.736760639299753 ], [ -45.945434131061987, -23.736743206827011 ], [ -45.945334463415477, -23.736717714451849 ], [ -45.945283335008682, -23.736702311782416 ], [ -45.945235240726291, -23.736685897050869 ], [ -45.945190179917034, -23.736668379946387 ], [ -45.945148250686806, -23.736649759871678 ], [ -45.945109748003979, -23.736630125344188 ], [ -45.945075062988373, -23.736609293339928 ], [ -45.94504419759339, -23.736587534802933 ], [ -45.945017149863588, -23.736564578794191 ], [ -45.944993136906604, -23.7365407010541 ], [ -45.944971177664137, -23.736515907580376 ], [ -45.94495156710407, -23.73649028688871 ], [ -45.944934010908398, -23.736463840779059 ], [ -45.944903681615266, -23.736407577564833 ], [ -45.944878519379429, -23.73634676687924 ], [ -45.944871154710647, -23.736332270733733 ], [ -45.944860375236566, -23.7363204146708 ], [ -45.944846377819687, -23.736311287804316 ], [ -45.944828867492141, -23.736304801618317 ], [ -45.944808138569663, -23.73630095431308 ], [ -45.94478399484025, -23.736299747086342 ], [ -45.944756436302455, -23.73630117993666 ], [ -45.944725561711266, -23.736305342576383 ], [ -45.944573577319403, -23.736344475589913 ], [ -45.944486786637043, -23.736363159672258 ], [ -45.944457664901343, -23.736365505196353 ], [ -45.944424101071597, -23.736364084504686 ], [ -45.944386193256236, -23.736358896995004 ], [ -45.944343942110059, -23.736350032977704 ], [ -45.944300295360833, -23.73633810666967 ], [ -45.944258102629199, -23.736323732889829 ], [ -45.944217462673841, -23.736307001354003 ], [ -45.944178276739777, -23.736287822348832 ], [ -45.944159379301325, -23.736279447884435 ], [ -45.944141095228154, -23.736274501746085 ], [ -45.944123425169401, -23.736273074248047 ], [ -45.944106271018114, -23.73627516598944 ], [ -45.94408982898392, -23.736280775772453 ], [ -45.944073902204046, -23.73628981448163 ], [ -45.944058589433396, -23.736302371831894 ], [ -45.944043988776741, -23.736318447224477 ], [ -45.944011686464535, -23.736355945686419 ], [ -45.943972545369753, -23.73639745987732 ], [ -45.943926466725735, -23.736442900077339 ], [ -45.94387354862684, -23.736492265681807 ], [ -45.943722462487102, -23.736628935548826 ], [ -45.94370454241735, -23.736647289115769 ], [ -45.943689289413733, -23.736668155298513 ], [ -45.943676507264961, -23.736691535295211 ], [ -45.943666195971566, -23.736717429106466 ], [ -45.943654732121182, -23.73674676202608 ], [ -45.943638196028068, -23.736780190201664 ], [ -45.94361678519973, -23.736817893061623 ], [ -45.943590400873688, -23.736859780889198 ], [ -45.943562631989927, -23.736900141760895 ], [ -45.943537164953419, -23.7369331728428 ], [ -45.943513902964469, -23.73695905536233 ], [ -45.943492844077156, -23.736977518378875 ], [ -45.943472831183421, -23.736991368804766 ], [ -45.943452606465343, -23.737003052894856 ], [ -45.943432169273542, -23.73701248033527 ], [ -45.943411520259268, -23.737019741439859 ], [ -45.943388210672339, -23.737025393056921 ], [ -45.9433597917619, -23.737029992033285 ], [ -45.943287625970605, -23.737036032052295 ], [ -45.943218759370659, -23.737036994116167 ], [ -45.943194612259923, -23.737035335076214 ], [ -45.943177125313916, -23.73703210000042 ], [ -45.943161286668989, -23.737026145334688 ], [ -45.943141689437603, -23.737015968661815 ], [ -45.943091319933551, -23.736983309944375 ], [ -45.943062711852527, -23.736961627554628 ], [ -45.943034772322314, -23.736937412184339 ], [ -45.943007600750143, -23.736910843862958 ], [ -45.942980998975273, -23.736881652846392 ], [ -45.942861070861696, -23.736740133804499 ], [ -45.942818339397384, -23.736689288713844 ], [ -45.942803072013184, -23.736671122425872 ], [ -45.942761915488376, -23.736622151247555 ], [ -45.942691817164814, -23.736533705997729 ], [ -45.942655645991472, -23.736483529228309 ], [ -45.942624790746486, -23.736435848936399 ], [ -45.942608253759353, -23.736414634766536 ], [ -45.942587136347953, -23.736397693454727 ], [ -45.942561242300528, -23.736385026195418 ], [ -45.942530767827037, -23.736376631790076 ], [ -45.942497945318273, -23.736369154869941 ], [ -45.942465500294162, -23.736359598332999 ], [ -45.942433235245645, -23.736347782747757 ], [ -45.942401151473582, -23.736333888742067 ], [ -45.942344922708834, -23.736304968510041 ], [ -45.942303526098001, -23.736278486757012 ], [ -45.942285748233566, -23.736262066955025 ], [ -45.942266248022193, -23.736238070954926 ], [ -45.942245222978045, -23.736206678187447 ], [ -45.942222377490893, -23.736167709817813 ], [ -45.942201387578955, -23.73612755600519 ], [ -45.942185536830202, -23.736092609302467 ], [ -45.942174824589145, -23.73606277939783 ], [ -45.942169251500395, -23.736038156606295 ], [ -45.942167609123636, -23.736014413039221 ], [ -45.942168590265716, -23.735987131091473 ], [ -45.942172294329147, -23.735956490792834 ], [ -45.942178720012947, -23.735922311515573 ], [ -45.942187693184252, -23.735887665124832 ], [ -45.942199036464096, -23.73585517191696 ], [ -45.942212849255007, -23.735825011921108 ], [ -45.942229032801464, -23.735797095420779 ], [ -45.942269612782432, -23.735737328698253 ], [ -45.942321682098907, -23.73566538935907 ], [ -45.94242971553242, -23.735517422590231 ], [ -45.9424783204569, -23.735454897366655 ], [ -45.942501485594654, -23.735429196225603 ], [ -45.942523794414157, -23.735407203330322 ], [ -45.942547785302111, -23.735387187169032 ], [ -45.94257550741716, -23.735367599846196 ], [ -45.942607156967519, -23.735348440163882 ], [ -45.942642733951722, -23.735329708119554 ], [ -45.94280659495017, -23.735250493820192 ], [ -45.942887635281586, -23.735209898539988 ], [ -45.942952607182399, -23.735172291384885 ], [ -45.942976623958373, -23.735155887712207 ], [ -45.942991541688144, -23.735142971606244 ], [ -45.942997456530492, -23.735133271529993 ], [ -45.942996940658624, -23.735129752283171 ], [ -45.942994272332832, -23.735127059024148 ], [ -45.942974087424993, -23.73511697622191 ], [ -45.942944175857548, -23.735104965745801 ], [ -45.942923725238522, -23.735098858539267 ], [ -45.942897197330133, -23.735093510933897 ], [ -45.942825808941656, -23.735084733855722 ], [ -45.942737169733732, -23.735078229555633 ], [ -45.942638339341229, -23.735073413057169 ], [ -45.942540418531053, -23.735072293979439 ], [ -45.94245489788468, -23.735076518322192 ], [ -45.942383219085379, -23.7350819227009 ], [ -45.942327118790899, -23.735084432250268 ], [ -45.942284241844611, -23.735083971022533 ], [ -45.942252038177024, -23.73508064488712 ], [ -45.942193270264589, -23.735066913443099 ], [ -45.942158257980871, -23.735055024213047 ], [ -45.942117315267765, -23.735037029501239 ], [ -45.942078615986006, -23.735017214753057 ], [ -45.942050922615252, -23.734999861836069 ], [ -45.942008601988256, -23.734967605278751 ], [ -45.941981249764673, -23.73494311516448 ], [ -45.941939161810787, -23.734902276979021 ], [ -45.941916740160096, -23.734881279208746 ], [ -45.941898588947119, -23.734867480843842 ], [ -45.941884806920953, -23.734860971602192 ], [ -45.941879504731631, -23.734860371677218 ], [ -45.941875393429569, -23.734861661171202 ], [ -45.941848597825754, -23.734873656030814 ], [ -45.941797031746127, -23.734892756240164 ], [ -45.941727932192464, -23.734915756573084 ], [ -45.941648046948487, -23.734939635423675 ], [ -45.941568928988787, -23.734961070980606 ], [ -45.941501740832635, -23.734977014785748 ], [ -45.941414940813345, -23.734994342424258 ], [ -45.9413887838557, -23.734999649799811 ], [ -45.941361466509392, -23.735007312498801 ], [ -45.941334069221746, -23.735017504578199 ], [ -45.941307277426183, -23.735030041229535 ], [ -45.941281091770342, -23.735045012766928 ], [ -45.941255510306732, -23.735062148249174 ], [ -45.941229069897126, -23.735082630714842 ], [ -45.941200698523012, -23.735107460185485 ], [ -45.941182163063814, -23.735122114183387 ], [ -45.94115579673386, -23.735139254427306 ], [ -45.9410793745839, -23.735180904517101 ], [ -45.941036060742711, -23.73520157996985 ], [ -45.940998106981326, -23.735217255309461 ], [ -45.940965512008887, -23.73522774991201 ], [ -45.940938276479265, -23.735233154094693 ], [ -45.94088070644581, -23.735235943019266 ], [ -45.940806415138283, -23.735232782376485 ], [ -45.940765374891413, -23.735228516204369 ], [ -45.940725003225573, -23.735221717054689 ], [ -45.940685300143173, -23.735212384927998 ], [ -45.940646266294742, -23.735200610138406 ], [ -45.940608985373402, -23.735187018318403 ], [ -45.940574541719577, -23.735172325415402 ], [ -45.940542935981412, -23.735156621745126 ], [ -45.940514167510464, -23.735139816995463 ], [ -45.940461506010756, -23.735102023204405 ], [ -45.940412920864134, -23.735058062989353 ], [ -45.94036554888968, -23.735005424868685 ], [ -45.940317016789329, -23.734941504059829 ], [ -45.940291754480945, -23.734907427238923 ], [ -45.940265226547162, -23.734874712877371 ], [ -45.940237336179656, -23.734843542198959 ], [ -45.940208179538644, -23.734813643664683 ], [ -45.940146218286564, -23.734751339860523 ], [ -45.94007958787013, -23.734680935813817 ], [ -45.940046543029531, -23.734642390375235 ], [ -45.940016326391017, -23.734601479470882 ], [ -45.939988741097068, -23.73455811398145 ], [ -45.939963984003469, -23.734512383029315 ], [ -45.939922709047707, -23.734434328382534 ], [ -45.93990622874913, -23.734407242896701 ], [ -45.939892552381814, -23.734388088333901 ], [ -45.939878120335081, -23.734373002665905 ], [ -45.939859470458046, -23.734358032952613 ], [ -45.93983670085629, -23.734343178596365 ], [ -45.939809712779272, -23.734328349877426 ], [ -45.939778709561345, -23.734314539053933 ], [ -45.939743990049543, -23.734302376532238 ], [ -45.939705456139087, -23.734291862905796 ], [ -45.939663205933662, -23.734282997575818 ], [ -45.939469948835892, -23.734244251443979 ], [ -45.939420040709486, -23.734234619715465 ], [ -45.939374962352495, -23.734228119752611 ], [ -45.939334813159903, -23.734224931591552 ], [ -45.939299691232783, -23.734225054640305 ], [ -45.939269098926829, -23.734227498428986 ], [ -45.939242931663138, -23.734231360417297 ], [ -45.939221091337529, -23.734236641203243 ], [ -45.93920367605358, -23.734243340192805 ], [ -45.93918766270761, -23.734254004650204 ], [ -45.939169830690105, -23.734271002402295 ], [ -45.939150376206584, -23.734294332256656 ], [ -45.939129201796355, -23.73432408512264 ], [ -45.939106570052516, -23.734355833830037 ], [ -45.939082645467259, -23.734385151804378 ], [ -45.939057428040677, -23.734412039045043 ], [ -45.939030918420706, -23.734436585865584 ], [ -45.938977646638691, -23.734477823374025 ], [ -45.938951669314463, -23.734494509295775 ], [ -45.938926162444176, -23.734508392502956 ], [ -45.938898284885823, -23.734520032155636 ], [ -45.938865388468955, -23.734529534650239 ], [ -45.938827473193975, -23.734536899983645 ], [ -45.938784440957534, -23.734542128747819 ], [ -45.938631769409533, -23.734553803464056 ], [ -45.938558194343862, -23.734554701684683 ], [ -45.938461039937572, -23.734550956141483 ], [ -45.938409697055867, -23.734546480914624 ], [ -45.938365003286819, -23.734538894510404 ], [ -45.938326763717122, -23.73452837875324 ], [ -45.938295173910127, -23.734514842143213 ], [ -45.938269058553949, -23.734498562770142 ], [ -45.938247536648909, -23.734479816936375 ], [ -45.938230706945468, -23.734458694362623 ], [ -45.938218470691268, -23.734435105331649 ], [ -45.938209552528917, -23.734409057583377 ], [ -45.938202972060665, -23.734380647385116 ], [ -45.938198532430384, -23.734349785613791 ], [ -45.938196430491828, -23.734316561393072 ], [ -45.938197072886013, -23.734282959248659 ], [ -45.938201357420837, -23.734251051043874 ], [ -45.938209186636207, -23.734220927687623 ], [ -45.938220559236598, -23.734192408551561 ], [ -45.938234889182105, -23.734165858462738 ], [ -45.9382514923293, -23.734141642843017 ], [ -45.938270366737619, -23.734119490750153 ], [ -45.938291612451046, -23.734099672529652 ], [ -45.938315030027837, -23.734081737801546 ], [ -45.938340714985273, -23.734065324713836 ], [ -45.938368569866036, -23.734050524174684 ], [ -45.938398692127599, -23.734037245273452 ], [ -45.938552879717221, -23.73397706090612 ], [ -45.938597388291953, -23.733958817476346 ], [ -45.938639042783024, -23.733939326909869 ], [ -45.938677745086359, -23.73391858980472 ], [ -45.938713593306389, -23.733896605567317 ], [ -45.938746199557052, -23.733874008779761 ], [ -45.938775272762996, -23.733851252800502 ], [ -45.938800714175265, -23.73382824791323 ], [ -45.938822622546567, -23.733805083838021 ], [ -45.938896089794078, -23.733720732453587 ], [ -45.938924177116398, -23.733683621893984 ], [ -45.938934251129929, -23.733665587466113 ], [ -45.938941678928984, -23.733647930378137 ], [ -45.938950082327395, -23.733615816507658 ], [ -45.938950676256056, -23.733589169131793 ], [ -45.938943808483366, -23.733561754206391 ], [ -45.93892982419009, -23.733526976430078 ], [ -45.938916706267136, -23.733503573442196 ], [ -45.93889489311379, -23.733471552737033 ], [ -45.938825279265501, -23.733381657561097 ], [ -45.938746661757236, -23.733281159504692 ], [ -45.93868471829159, -23.733193746590381 ], [ -45.938659710953623, -23.733154068219875 ], [ -45.938638343157265, -23.733115722519347 ], [ -45.938620713002067, -23.73307870889489 ], [ -45.938606624277817, -23.73304302853894 ], [ -45.938595483186873, -23.733007962514083 ], [ -45.938586597182422, -23.732972702163824 ], [ -45.938579966909636, -23.732937337802579 ], [ -45.938575492969818, -23.732901689398417 ], [ -45.938570327135203, -23.732824228016522 ], [ -45.938568213283517, -23.732734555194895 ], [ -45.938568615400669, -23.732653718252756 ], [ -45.938570999412498, -23.732603035451714 ], [ -45.938570741111057, -23.732594366503108 ], [ -45.938568230970127, -23.732586343448038 ], [ -45.938563468990019, -23.73257896628645 ], [ -45.938556553274061, -23.732572234422477 ], [ -45.938535965032912, -23.732560527744933 ], [ -45.938506565644076, -23.732551403444315 ], [ -45.938440057494276, -23.732538891641177 ], [ -45.93837644219527, -23.732533045776876 ], [ -45.938361902525131, -23.732532770562841 ], [ -45.93831492068734, -23.732531883710674 ], [ -45.938206006428892, -23.732529744732837 ], [ -45.938149282265393, -23.732527198724288 ], [ -45.93808801433854, -23.732520345002268 ], [ -45.93808732697179, -23.732520258854446 ], [ -45.938020338053441, -23.73250910455425 ], [ -45.937948118019484, -23.732493556379215 ], [ -45.937907110225645, -23.73247998648257 ], [ -45.937849535844443, -23.732454595093344 ], [ -45.937779078346388, -23.732424856238218 ], [ -45.937699124293431, -23.732397884476296 ], [ -45.93760924573602, -23.73236871490333 ], [ -45.937514382316444, -23.732334174288155 ], [ -45.937446627645819, -23.732306207386287 ], [ -45.937418377190689, -23.732293101921726 ], [ -45.937383512514039, -23.732274256202576 ], [ -45.93735581257517, -23.732255818632524 ], [ -45.937332326538595, -23.73223672328827 ], [ -45.937310006759887, -23.732216085466227 ], [ -45.93728885194755, -23.732193724539218 ], [ -45.937268863393633, -23.732169821135397 ], [ -45.937263810422927, -23.732162897284411 ], [ -45.937225071859707, -23.732109934839134 ], [ -45.937171125359704, -23.732029336956259 ], [ -45.937114526930969, -23.731948303534057 ], [ -45.93708789971118, -23.731915227909585 ], [ -45.937062583999712, -23.731887202135482 ], [ -45.937010240361893, -23.731838657336215 ], [ -45.936952830306289, -23.73179502038424 ], [ -45.93688639035318, -23.731750805895096 ], [ -45.936806760188126, -23.73170043935032 ], [ -45.936764574856937, -23.731673057631699 ], [ -45.936724145701369, -23.731644310493845 ], [ -45.936685668925847, -23.731614196749387 ], [ -45.93664894832601, -23.731582717588363 ], [ -45.93661674173628, -23.731551391712433 ], [ -45.936591708239327, -23.731521648105574 ], [ -45.936574044033748, -23.731493485583176 ], [ -45.936563552909902, -23.731466905336337 ], [ -45.936558460634437, -23.731440743979409 ], [ -45.936557091078122, -23.731413837531591 ], [ -45.936559248034428, -23.731386187181599 ], [ -45.936565127705244, -23.731357791740738 ], [ -45.936574239577801, -23.731328654179809 ], [ -45.936586292570937, -23.73129922785073 ], [ -45.936601284746189, -23.731269241810917 ], [ -45.936619218037713, -23.73123896700163 ], [ -45.936664479789989, -23.731175199340719 ], [ -45.936722656088996, -23.731106476267769 ], [ -45.936754796024267, -23.73107358648214 ], [ -45.936773158227638, -23.73105782348825 ], [ -45.936817108144716, -23.73102493211692 ], [ -45.93681782120683, -23.731024432991727 ], [ -45.936848706462307, -23.731008169287229 ], [ -45.936879232874809, -23.730996604283003 ], [ -45.936909099040292, -23.730988746308341 ], [ -45.936938502456286, -23.730984774802554 ], [ -45.936967442479769, -23.730984599451943 ], [ -45.937122877661686, -23.730989528226313 ], [ -45.937219602133695, -23.730988400118402 ], [ -45.937313152465897, -23.730982414022247 ], [ -45.93741028927171, -23.730970354827878 ], [ -45.937517577600254, -23.730951098911543 ], [ -45.937572934009225, -23.73094082831873 ], [ -45.937626836328526, -23.730933005106984 ], [ -45.937679088357939, -23.730927630467217 ], [ -45.937729689454684, -23.730924614087051 ], [ -45.937834256179357, -23.730922625178255 ], [ -45.937948168413385, -23.730924192229956 ], [ -45.938051471442265, -23.730923836561569 ], [ -45.938095304800513, -23.730921041752183 ], [ -45.938133925837043, -23.730916472194028 ], [ -45.938256903152201, -23.73089612708981 ], [ -45.938268159628237, -23.730892536392247 ], [ -45.938276260039416, -23.730886616578218 ], [ -45.938281400589041, -23.730878366457826 ], [ -45.938283385074229, -23.730867787221747 ], [ -45.938282409698942, -23.730854877679651 ], [ -45.938278376362383, -23.730839638426676 ], [ -45.938261134518029, -23.730801990158813 ], [ -45.938214160930443, -23.730722434135664 ], [ -45.938187390990336, -23.73068312762646 ], [ -45.938167064898167, -23.730653175080466 ], [ -45.938143202637207, -23.730622611759209 ], [ -45.938118774404735, -23.730595212994185 ], [ -45.938093877654254, -23.730570887876187 ], [ -45.938068513677244, -23.730549817032909 ], [ -45.938060920436754, -23.730544353702548 ], [ -45.938012797443399, -23.730509782903617 ], [ -45.937948139800049, -23.730467815992821 ], [ -45.937900239564875, -23.730436946840467 ], [ -45.937857449022069, -23.730407220816115 ], [ -45.937819766874469, -23.730378457296037 ], [ -45.937787195056693, -23.730350927226436 ], [ -45.937726054227696, -23.730293133254616 ], [ -45.937662606726896, -23.730228308445518 ], [ -45.937532393823787, -23.730087389117472 ], [ -45.937472283246557, -23.730022724628789 ], [ -45.937463681919475, -23.730013474025522 ], [ -45.93738877099932, -23.729936977257253 ], [ -45.937312218286323, -23.729864103118231 ], [ -45.937302721469088, -23.729855939317719 ], [ -45.93727948910918, -23.729836166595359 ], [ -45.937238582270496, -23.729801236551957 ], [ -45.937163329626877, -23.729745514862582 ], [ -45.937081631450965, -23.729693896499725 ], [ -45.937041526859566, -23.729669302082414 ], [ -45.937005838754565, -23.729644951847721 ], [ -45.936974764626243, -23.729621025238188 ], [ -45.936948205079979, -23.729597342222899 ], [ -45.936925472116954, -23.729573726336856 ], [ -45.936905877739008, -23.729550001114116 ], [ -45.936889519399692, -23.729526075647502 ], [ -45.936876202187072, -23.729502131754845 ], [ -45.936854432138873, -23.729448524465727 ], [ -45.936835527017109, -23.729383971345442 ], [ -45.936820671129901, -23.729309458717655 ], [ -45.936811051362653, -23.729226334162586 ], [ -45.936809077036969, -23.729183445096844 ], [ -45.936810253544991, -23.729142162666715 ], [ -45.936814581529326, -23.729102577186399 ], [ -45.936822060987076, -23.729064688655527 ], [ -45.936832106541544, -23.729028952209955 ], [ -45.936844232208436, -23.728996003018807 ], [ -45.936858241140527, -23.728965751956181 ], [ -45.9368743301835, -23.728938288147084 ], [ -45.936892595500453, -23.728913340054646 ], [ -45.936913233291698, -23.728890906489198 ], [ -45.936936144811092, -23.728870897730246 ], [ -45.936961330058885, -23.728853313776746 ], [ -45.936988396634796, -23.728838157005136 ], [ -45.937016950847756, -23.728825249163901 ], [ -45.937046894598694, -23.728814590846682 ], [ -45.937078227888513, -23.728806182052598 ], [ -45.93711124501904, -23.728800020997433 ], [ -45.93714604473751, -23.728796197399589 ], [ -45.937182821954373, -23.728794529440641 ], [ -45.937221381116899, -23.728795108622432 ], [ -45.937259662770025, -23.72879803774299 ], [ -45.937295410612776, -23.728803330477842 ], [ -45.937328820847178, -23.728810985639441 ], [ -45.937359697274324, -23.728821004418428 ], [ -45.937426366130865, -23.728842547563193 ], [ -45.937507935252725, -23.728862464944559 ], [ -45.937550471413438, -23.728870426004978 ], [ -45.937589452714903, -23.728875157160324 ], [ -45.937624682953754, -23.728876659602808 ], [ -45.937656162773344, -23.728875023649167 ], [ -45.937717603093539, -23.728865077407974 ], [ -45.937782915716113, -23.728847882225867 ], [ -45.93785787690441, -23.728821777345093 ], [ -45.937948164163537, -23.728785012276767 ], [ -45.937985437538366, -23.728770425653558 ], [ -45.938020285548802, -23.728759647085951 ], [ -45.938052709490982, -23.72875285720357 ], [ -45.938082806822088, -23.728749965098668 ], [ -45.938148738472051, -23.728750739277768 ], [ -45.938231285235823, -23.728756470430714 ], [ -45.938322858504989, -23.72876232740688 ], [ -45.938415669578241, -23.728762938377709 ], [ -45.938512398832863, -23.728762712653065 ], [ -45.938616020959287, -23.728766057749034 ], [ -45.938717905746913, -23.728773387309904 ], [ -45.938809229373213, -23.728785477448799 ], [ -45.938849682184085, -23.72879019935278 ], [ -45.938884701971169, -23.728789715791841 ], [ -45.938914486224618, -23.728784206206488 ], [ -45.938938838741549, -23.728773671791146 ], [ -45.938961315707736, -23.728761523037264 ], [ -45.938985083498125, -23.72875153407259 ], [ -45.939010140819583, -23.728743524268481 ], [ -45.939036488967119, -23.728737674252248 ], [ -45.939086470807013, -23.728730506585638 ], [ -45.939127852193849, -23.728727907027235 ], [ -45.93914255166704, -23.728725650130649 ], [ -45.939147044854849, -23.728722913306864 ], [ -45.939149667023905, -23.728719194348329 ], [ -45.939149001417896, -23.728708450558646 ], [ -45.939140554851072, -23.728693418761701 ], [ -45.939112332989126, -23.728656830753792 ], [ -45.939076230147705, -23.72861568438292 ], [ -45.939053997841967, -23.728593510858865 ], [ -45.939027246477707, -23.72857046159228 ], [ -45.93899597670476, -23.728546626894584 ], [ -45.938960187232205, -23.728521826134948 ], [ -45.938924490697282, -23.728496302259106 ], [ -45.938893303534186, -23.728470299407821 ], [ -45.938866625093553, -23.72844372726999 ], [ -45.938844454726443, -23.728416495533992 ], [ -45.938826498131021, -23.728388605988496 ], [ -45.938812460358754, -23.72835997010753 ], [ -45.938802243307585, -23.728330588487779 ], [ -45.938795944428293, -23.728300370220712 ], [ -45.938792676939791, -23.728268778782276 ], [ -45.938791553415058, -23.728235187334398 ], [ -45.93879267195247, -23.728199595281591 ], [ -45.938795934450305, -23.728162003219524 ], [ -45.93880107571632, -23.728126477064471 ], [ -45.938807833146356, -23.728097443988897 ], [ -45.938816204799444, -23.728074633050653 ], [ -45.938826093870212, -23.728058225473049 ], [ -45.938830071317113, -23.728051969390403 ], [ -45.938831404604649, -23.728046361584919 ], [ -45.938829995633519, -23.728041402652376 ], [ -45.938825845051134, -23.728037182906604 ], [ -45.938809513311035, -23.728030688841262 ], [ -45.938782311932449, -23.728026970295002 ], [ -45.938681322261928, -23.728021261050912 ], [ -45.938433705978689, -23.728007229126707 ], [ -45.938336633198496, -23.728000502391168 ], [ -45.938257117650522, -23.727993307804699 ], [ -45.938195257433186, -23.727985644799247 ], [ -45.938151052545116, -23.727977513396048 ], [ -45.938118419522951, -23.727968769877318 ], [ -45.938091178744521, -23.727959542053171 ], [ -45.938069525761549, -23.727949738422534 ], [ -45.938053264374467, -23.727939360177661 ], [ -45.938040909517504, -23.727926519651529 ], [ -45.93803068247405, -23.727909421274777 ], [ -45.938022483852315, -23.727887885014777 ], [ -45.938016413690505, -23.727862181218892 ], [ -45.938013074156707, -23.727834202911897 ], [ -45.938013267494242, -23.727806383812574 ], [ -45.938016992408507, -23.727778543292885 ], [ -45.938024152090144, -23.72775086257559 ], [ -45.938046208362252, -23.727693647852998 ], [ -45.938076575904851, -23.727632589359903 ], [ -45.9381149739798, -23.727569585471549 ], [ -45.938161019872972, -23.727505993273162 ], [ -45.938269272493578, -23.727361460064166 ], [ -45.938298433911932, -23.727323801194661 ], [ -45.938327438552115, -23.727291652665755 ], [ -45.938356383870307, -23.7272649235682 ], [ -45.938385173064027, -23.727243795125247 ], [ -45.938484396716007, -23.72718105429534 ], [ -45.938504701704943, -23.727167022114656 ], [ -45.938524011474989, -23.727151008976147 ], [ -45.938542129181258, -23.727132925756869 ], [ -45.938559152922508, -23.72711277186179 ], [ -45.938593429371544, -23.72706334056468 ], [ -45.938630251636475, -23.726999533256592 ], [ -45.938647954076643, -23.726964563090551 ], [ -45.938662820699562, -23.72693087458547 ], [ -45.938674948313249, -23.726898286518612 ], [ -45.93868424011476, -23.726866980114011 ], [ -45.938693147278364, -23.726836759858774 ], [ -45.93870383056079, -23.726807973909761 ], [ -45.938716386766266, -23.726780441043093 ], [ -45.938730717795295, -23.726754161853954 ], [ -45.938762843683378, -23.726705827389775 ], [ -45.93879834370486, -23.72666289151428 ], [ -45.938871486542588, -23.726588567428333 ], [ -45.938884231351921, -23.726573677915802 ], [ -45.938886739864706, -23.726567792020951 ], [ -45.938886705581034, -23.726563005378061 ], [ -45.938884031049597, -23.726559408896804 ], [ -45.938878812428243, -23.726556731039302 ], [ -45.938860453795598, -23.72655485549322 ], [ -45.938820047601261, -23.726556545864167 ], [ -45.938792709191553, -23.726561047076046 ], [ -45.938749751351565, -23.726576300609313 ], [ -45.938662779839348, -23.726610065495048 ], [ -45.938570440670105, -23.72664774657942 ], [ -45.938511479326053, -23.726674928818973 ], [ -45.938466784736377, -23.726694257122119 ], [ -45.9384172470984, -23.726708556993991 ], [ -45.938391185214606, -23.72671323102616 ], [ -45.938364909676224, -23.726715467765693 ], [ -45.938338420484406, -23.72671526721231 ], [ -45.938311815739205, -23.726712628770866 ], [ -45.938284310653913, -23.726707557202399 ], [ -45.938255120441887, -23.726700057267443 ], [ -45.938191976355469, -23.726677409252382 ], [ -45.938127830622044, -23.726651877112218 ], [ -45.938068030975629, -23.726630473209667 ], [ -45.938009249169724, -23.726614211233684 ], [ -45.937948158895772, -23.726604375810332 ], [ -45.937750414778328, -23.726581279409316 ], [ -45.937698462550372, -23.726573465791446 ], [ -45.937652086435236, -23.726563450718224 ], [ -45.93761128643407, -23.726551234194638 ], [ -45.937576063839764, -23.726536996853255 ], [ -45.937494393471034, -23.726502719522117 ], [ -45.93737931673639, -23.726461238552314 ], [ -45.937189693626905, -23.726393926714682 ], [ -45.937140095819053, -23.726372370306773 ], [ -45.937121578441044, -23.726362005625099 ], [ -45.937107085678896, -23.726351977827029 ], [ -45.937094935011274, -23.726340219794938 ], [ -45.937083247721574, -23.72632466559925 ], [ -45.937071924421133, -23.726305135206058 ], [ -45.937061162598731, -23.726281808054935 ], [ -45.937051856114088, -23.726256214135784 ], [ -45.937045291218546, -23.726229881061471 ], [ -45.937041272359878, -23.726202900334965 ], [ -45.93703999573286, -23.72617527076806 ], [ -45.937041356136248, -23.726145999500275 ], [ -45.937045248368882, -23.726114093671235 ], [ -45.937060434053805, -23.726042650459586 ], [ -45.937081015760405, -23.725971264869987 ], [ -45.937102459057449, -23.725910621896965 ], [ -45.937115108458137, -23.725882366042381 ], [ -45.937131280985888, -23.725852914705442 ], [ -45.937150977283459, -23.725822358199409 ], [ -45.937174196056546, -23.725790515894616 ], [ -45.93721405847802, -23.7257402381803 ], [ -45.937233525661888, -23.725718805168722 ], [ -45.937277337884886, -23.725699572888857 ], [ -45.93739003657447, -23.725655537243579 ], [ -45.937525845560486, -23.725605671397723 ], [ -45.937639379893632, -23.725568765628957 ], [ -45.937730010341454, -23.725539133767946 ], [ -45.937766499989877, -23.7255248229201 ], [ -45.937797105062891, -23.725510728381177 ], [ -45.937862579148558, -23.725475197673454 ], [ -45.937948150159983, -23.725424010371679 ], [ -45.93797285188726, -23.725407513014108 ], [ -45.937995776220326, -23.725389400708629 ], [ -45.938017120646819, -23.72536985289435 ], [ -45.938036785776596, -23.725348689538727 ], [ -45.93807149057097, -23.725304313561569 ], [ -45.938100399836721, -23.725258888913714 ], [ -45.938127962723712, -23.72520353745043 ], [ -45.938158531562777, -23.725129562246781 ], [ -45.938192027629718, -23.725039673317809 ], [ -45.938203477131729, -23.724967168851144 ], [ -45.938205223197883, -23.724936992056421 ], [ -45.938200337434786, -23.724912274568801 ], [ -45.938195358246539, -23.724901918205518 ], [ -45.938188819845493, -23.724893016387622 ], [ -45.938180622841855, -23.724885389081873 ], [ -45.938170865979274, -23.724879126007178 ], [ -45.938148405464077, -23.724866075822124 ], [ -45.938123562185247, -23.724849066095477 ], [ -45.938067021640833, -23.724803166226874 ], [ -45.938006686887952, -23.724747986595297 ], [ -45.93794809725555, -23.724689906180206 ], [ -45.937879025399653, -23.724620147966437 ], [ -45.937838834387392, -23.724583270982709 ], [ -45.93780959094849, -23.724554546545274 ], [ -45.937693034901827, -23.724443168605006 ], [ -45.937682661271801, -23.724460391913755 ], [ -45.937672162501102, -23.724487550959189 ], [ -45.937639782817932, -23.724596399796813 ], [ -45.937629377603777, -23.724622926046333 ], [ -45.937609419594985, -23.724658000096447 ], [ -45.937579810682941, -23.724701622538351 ], [ -45.937540747046526, -23.724753792177655 ], [ -45.937468246671969, -23.724849336477199 ], [ -45.937426497577867, -23.724910102574928 ], [ -45.937392844644592, -23.724959911239697 ], [ -45.937360234623753, -23.725003090463442 ], [ -45.937341403242868, -23.725027941373998 ], [ -45.937322006257567, -23.725052719372837 ], [ -45.93730261562866, -23.725077580379327 ], [ -45.937298131607122, -23.725083307485917 ], [ -45.937175362542611, -23.725240111027013 ], [ -45.937153388785205, -23.725267700842313 ], [ -45.936967191672387, -23.725501036505261 ], [ -45.936918153867182, -23.725557782318379 ], [ -45.936871694305957, -23.725604667838017 ], [ -45.936827713612956, -23.725641513032276 ], [ -45.936786213090876, -23.72566849853121 ], [ -45.936746041391153, -23.725689244029695 ], [ -45.936705850963754, -23.725707370409705 ], [ -45.936665739908982, -23.725722877077043 ], [ -45.936625512678646, -23.725735855533983 ], [ -45.936536210027676, -23.7257591564567 ], [ -45.936429052235816, -23.725782384801381 ], [ -45.936374374249439, -23.725791205742617 ], [ -45.936326329498634, -23.725794748063137 ], [ -45.936284917990065, -23.72579301176895 ], [ -45.936250237826506, -23.725785996271291 ], [ -45.93621965262323, -23.72577543357561 ], [ -45.936190527283316, -23.725763236312982 ], [ -45.936162960550526, -23.725749494204475 ], [ -45.936136951780306, -23.72573411693682 ], [ -45.936001676592703, -23.725652746289743 ], [ -45.93596140047606, -23.725631404029237 ], [ -45.935925386422795, -23.725616177590798 ], [ -45.93589353697336, -23.725607157885261 ], [ -45.935865852122511, -23.725604344915418 ], [ -45.935804761059906, -23.725608056333698 ], [ -45.935723801267855, -23.725618210197926 ], [ -45.935531912694309, -23.725645563250733 ], [ -45.935483001840566, -23.725651458815733 ], [ -45.935437117192023, -23.725655258747761 ], [ -45.935394454302688, -23.72565687154875 ], [ -45.935354816978915, -23.725656298407895 ], [ -45.935279920006046, -23.725649977495799 ], [ -45.935207432316631, -23.725637590671631 ], [ -45.935134506506827, -23.725618793882738 ], [ -45.93505809897929, -23.72559324425707 ], [ -45.934873359929448, -23.725522648531875 ], [ -45.934670305356391, -23.725442408919665 ], [ -45.934624547629717, -23.725422725154473 ], [ -45.934583690936385, -23.72540246985173 ], [ -45.934547832084959, -23.725381461794395 ], [ -45.934516972361195, -23.725359881614196 ], [ -45.93445530211504, -23.725309856766451 ], [ -45.934384028906173, -23.725247606655099 ], [ -45.934347307461074, -23.725215675277539 ], [ -45.934312973844762, -23.725188426004173 ], [ -45.934281028052034, -23.725165858836625 ], [ -45.934251666273134, -23.7251479725915 ], [ -45.934188160419815, -23.72511566105484 ], [ -45.934110513121418, -23.725081267267285 ], [ -45.934063493204057, -23.725063397313786 ], [ -45.934007446406881, -23.725045310904264 ], [ -45.933942175895133, -23.725026918899253 ], [ -45.933914978928875, -23.72502014016781 ], [ -45.933867879154306, -23.72500840073068 ], [ -45.933775951914143, -23.724966235321919 ], [ -45.933742763163281, -23.724948191445641 ], [ -45.933718026873429, -23.724932354485805 ], [ -45.933664081399961, -23.72489248861223 ], [ -45.933604632863933, -23.724851301166112 ], [ -45.933591142726897, -23.724844247469139 ], [ -45.933573933899297, -23.724838480670076 ], [ -45.933553005737586, -23.724833910453523 ], [ -45.933528358885084, -23.724830627132039 ], [ -45.933467811650161, -23.724828012073242 ], [ -45.933392388355877, -23.72483036394193 ], [ -45.933255199135992, -23.724838055975365 ], [ -45.933175266567574, -23.724840886537589 ], [ -45.933083817400004, -23.724838277135625 ], [ -45.932912370744546, -23.724829376372732 ], [ -45.93281679378709, -23.724825707893469 ], [ -45.932741655123905, -23.724826702957262 ], [ -45.932686955390913, -23.724832451908451 ], [ -45.932667269961634, -23.724837086520271 ], [ -45.932652596488467, -23.724842955360181 ], [ -45.932590654006873, -23.724878643233879 ], [ -45.932517835726479, -23.724930021683324 ], [ -45.932463571743163, -23.72496945657101 ], [ -45.932418304426776, -23.725004863207712 ], [ -45.932381641398941, -23.7250362439665 ], [ -45.932353384547774, -23.725063329093569 ], [ -45.932341416831655, -23.725077219902396 ], [ -45.932329863341124, -23.725094179027955 ], [ -45.932307800270614, -23.725136942155302 ], [ -45.932290091373041, -23.725185007799777 ], [ -45.932279437783116, -23.725231947097818 ], [ -45.932274284718744, -23.725279846738271 ], [ -45.932272883768917, -23.725331155848291 ], [ -45.932274441806925, -23.725384705073754 ], [ -45.93227806503814, -23.725438964394801 ], [ -45.932287213093979, -23.725538981674276 ], [ -45.932290890759312, -23.725587099036812 ], [ -45.932292943154934, -23.725641187188614 ], [ -45.932291184505729, -23.725697375628307 ], [ -45.932283333503989, -23.725752155702679 ], [ -45.932266011816267, -23.725854680803501 ], [ -45.932258410774253, -23.725903227422734 ], [ -45.93224884840663, -23.725951876181743 ], [ -45.932241371447866, -23.725976487764544 ], [ -45.932229778216616, -23.726001666066495 ], [ -45.932213872513763, -23.726027412269637 ], [ -45.932193654978988, -23.726053816686591 ], [ -45.932175981568037, -23.726079302586438 ], [ -45.93217057283983, -23.726091257170861 ], [ -45.932167514615465, -23.726102655679725 ], [ -45.932166610699127, -23.726113499295657 ], [ -45.932168057930028, -23.726123877150449 ], [ -45.932171756926117, -23.726133609206855 ], [ -45.932177807070474, -23.726142875501711 ], [ -45.932207038287203, -23.726183794033378 ], [ -45.932237910388039, -23.726234727973036 ], [ -45.932299089196057, -23.726339850689648 ], [ -45.932325430856103, -23.726388283013311 ], [ -45.932344894721126, -23.726435221387117 ], [ -45.932358781116136, -23.726484180379106 ], [ -45.932368391012069, -23.726538764870273 ], [ -45.932372980543079, -23.726590941038662 ], [ -45.932372393790665, -23.726632581200004 ], [ -45.932370953057102, -23.726678290821983 ], [ -45.932373568601896, -23.726742581509132 ], [ -45.932377921291376, -23.726775250403936 ], [ -45.932386236290824, -23.72679949583156 ], [ -45.932391989616612, -23.726808402633377 ], [ -45.932398709798257, -23.7268153166088 ], [ -45.932406395550743, -23.726820057129171 ], [ -45.932415145614947, -23.726822713917358 ], [ -45.932460555911334, -23.726834904025413 ], [ -45.932522330285323, -23.726858194889399 ], [ -45.932587851711823, -23.726884172674627 ], [ -45.932644502500089, -23.726904333252396 ], [ -45.932734007006189, -23.726936759561035 ], [ -45.932753299933438, -23.72694585564415 ], [ -45.932773891284612, -23.726958195343265 ], [ -45.932818966052807, -23.726992154016184 ], [ -45.932841086744872, -23.727012613105494 ], [ -45.93285967909582, -23.727033545064149 ], [ -45.932874842488815, -23.727055129930019 ], [ -45.932886576279543, -23.72707727739019 ], [ -45.932897971026875, -23.727106923291849 ], [ -45.932912214751227, -23.727150912575205 ], [ -45.932949347264227, -23.72728192069027 ], [ -45.933008813549627, -23.727504647498623 ], [ -45.933023966224155, -23.727566062664511 ], [ -45.933036350916943, -23.727624514032502 ], [ -45.933045663039159, -23.727678558352693 ], [ -45.933051992327883, -23.727727020949978 ], [ -45.933064263666552, -23.727824671023193 ], [ -45.933077923207087, -23.727924390032761 ], [ -45.933087929938779, -23.728020879629685 ], [ -45.93309524390029, -23.72812497218581 ], [ -45.933096925523238, -23.728182043032056 ], [ -45.933095789256306, -23.728242924237197 ], [ -45.933091902978298, -23.728303370444177 ], [ -45.93308513836805, -23.728359137480126 ], [ -45.933069064053782, -23.728457681110903 ], [ -45.933054938861176, -23.728554406619129 ], [ -45.933047840708895, -23.728604666265397 ], [ -45.933038370147351, -23.728652411320279 ], [ -45.933025358329978, -23.728698822969431 ], [ -45.933007438921933, -23.728744902953618 ], [ -45.93299622322963, -23.728768001714684 ], [ -45.932982555027372, -23.728791115270852 ], [ -45.932948254774537, -23.728837565027337 ], [ -45.932928396595663, -23.728859361151443 ], [ -45.932908025410228, -23.728877999236911 ], [ -45.932887141219382, -23.728893479283858 ], [ -45.932865645923982, -23.728905801883521 ], [ -45.932842761793331, -23.728915965225564 ], [ -45.932817808553139, -23.728924876592597 ], [ -45.932761204243356, -23.728938946356873 ], [ -45.93270181390718, -23.728947523504253 ], [ -45.932645324159829, -23.728950122146422 ], [ -45.932600090248563, -23.728949040168342 ], [ -45.932574269930129, -23.72894639601828 ], [ -45.932547510805996, -23.72893589985684 ], [ -45.932499855459874, -23.728911620717927 ], [ -45.932389150584221, -23.72885042036711 ], [ -45.932295183239162, -23.728797608926811 ], [ -45.932273920350511, -23.728787440854092 ], [ -45.932251694448574, -23.728779807488593 ], [ -45.932228504889792, -23.728774618515821 ], [ -45.932204352957683, -23.728772054563645 ], [ -45.932179727225076, -23.728771841732545 ], [ -45.932154823249057, -23.728773888525673 ], [ -45.932129837228636, -23.728778193760149 ], [ -45.932104572319808, -23.728784668304428 ], [ -45.932053682204213, -23.72880213545422 ], [ -45.932001839327931, -23.728823582323184 ], [ -45.931977497762787, -23.728835741318779 ], [ -45.931956597410007, -23.72884896338909 ], [ -45.931939235728329, -23.728863157630155 ], [ -45.931925413360602, -23.728878414357293 ], [ -45.931914350000099, -23.72889537049992 ], [ -45.931905463466272, -23.728914932747209 ], [ -45.931898754401907, -23.728937191413706 ], [ -45.931894123423227, -23.728961966462457 ], [ -45.931879852486787, -23.729065918201751 ], [ -45.931873740645578, -23.72911698472199 ], [ -45.931869777380996, -23.729166683524124 ], [ -45.931865317832205, -23.729215572454123 ], [ -45.931857815876988, -23.729264299080853 ], [ -45.931848993019244, -23.729306621086007 ], [ -45.931840967022296, -23.7293368356722 ], [ -45.931838121599505, -23.729350581159135 ], [ -45.931837361332434, -23.729367836484954 ], [ -45.931841800682982, -23.729412697797564 ], [ -45.931847081709307, -23.729437955024792 ], [ -45.931854804983594, -23.729461752446493 ], [ -45.931864774305254, -23.729484091244881 ], [ -45.931876989675111, -23.729504971419214 ], [ -45.931918013102376, -23.72956234711096 ], [ -45.931932118091389, -23.729586828614153 ], [ -45.931946229659104, -23.72962603191511 ], [ -45.931957470132211, -23.729675368136331 ], [ -45.931962863729659, -23.72973024899273 ], [ -45.931963870400921, -23.729789039962004 ], [ -45.931961659004649, -23.729850559865646 ], [ -45.931956415129143, -23.729940909494584 ], [ -45.931949543190406, -23.730023049993893 ], [ -45.931943142821503, -23.730074931112259 ], [ -45.93193474510305, -23.730121856775757 ], [ -45.931910701709533, -23.730217377504257 ], [ -45.931895348406641, -23.730265699852279 ], [ -45.931879169184249, -23.730308246822442 ], [ -45.931869695232841, -23.7303279932427 ], [ -45.93185796237708, -23.730347392002479 ], [ -45.931843773770808, -23.730366353969643 ], [ -45.931827326258258, -23.730384968275125 ], [ -45.931809203310614, -23.730402508858461 ], [ -45.931790086501437, -23.730418249067984 ], [ -45.93176987837154, -23.730432279808443 ], [ -45.931748577637265, -23.730444420451164 ], [ -45.931708002261047, -23.730463902665356 ], [ -45.931673564255227, -23.730477296584887 ], [ -45.931636449894853, -23.730486822945821 ], [ -45.931588044861982, -23.730495152864503 ], [ -45.931561082981673, -23.730497573239624 ], [ -45.931534099916824, -23.730497013242708 ], [ -45.931507293156372, -23.730493652320202 ], [ -45.931480563958672, -23.730487400748931 ], [ -45.931433366739491, -23.730472421292649 ], [ -45.931398538025981, -23.730458451142042 ], [ -45.931365729660278, -23.730438869097263 ], [ -45.931324497320624, -23.730407325481305 ], [ -45.931279380003346, -23.730367495991409 ], [ -45.931235113541128, -23.730323145461739 ], [ -45.931159579495628, -23.730241320578312 ], [ -45.931128815239596, -23.730205649561167 ], [ -45.93109980912503, -23.730168884134997 ], [ -45.931073725535143, -23.730129210929324 ], [ -45.931051825671226, -23.730084635355318 ], [ -45.931042825900988, -23.730060664941831 ], [ -45.931035683000495, -23.730035689849675 ], [ -45.931030494428413, -23.730009619174293 ], [ -45.931027064623095, -23.729982544411332 ], [ -45.931025593523309, -23.72992736894464 ], [ -45.93103079330109, -23.729872153314968 ], [ -45.931040712191432, -23.729818354361701 ], [ -45.931053593993553, -23.729767337428072 ], [ -45.931062438365991, -23.729741814490026 ], [ -45.931074510444084, -23.729714917347476 ], [ -45.931089908968126, -23.729686735723167 ], [ -45.931108437091993, -23.72965718048324 ], [ -45.931148170270916, -23.729602027872328 ], [ -45.931186804487609, -23.729557900670557 ], [ -45.931223508745354, -23.729518300983361 ], [ -45.931257650809627, -23.729477090992599 ], [ -45.93128629792578, -23.729435733450078 ], [ -45.931306616728655, -23.729395871146757 ], [ -45.931313928637529, -23.729375595870533 ], [ -45.931319464463613, -23.729353886201537 ], [ -45.931325598348351, -23.729305890379688 ], [ -45.931324649089206, -23.729255137355651 ], [ -45.931315854992384, -23.729204883165565 ], [ -45.93129441467115, -23.729114513601822 ], [ -45.931287244749775, -23.729071926661724 ], [ -45.931283184530443, -23.72902516636395 ], [ -45.931283709287939, -23.728960947071428 ], [ -45.931289804432126, -23.728866076414523 ], [ -45.931269572428086, -23.728821490816784 ], [ -45.931251174260254, -23.728786467886327 ], [ -45.931234608639585, -23.728760826995618 ], [ -45.931219876844473, -23.728744748773899 ], [ -45.931204396182551, -23.728733732870879 ], [ -45.931185683348197, -23.728723458972699 ], [ -45.931163738983493, -23.728714017392583 ], [ -45.931138463705039, -23.728705228091272 ], [ -45.93108469638026, -23.728690559020929 ], [ -45.931030760451485, -23.728679774623046 ], [ -45.930975381894342, -23.728673063203317 ], [ -45.930952517433433, -23.728672069107546 ], [ -45.930848042194768, -23.728670126728453 ], [ -45.930832716603312, -23.728670038305491 ], [ -45.930801829786979, -23.72867230152783 ], [ -45.93075772958202, -23.728678889219481 ], [ -45.93070588650837, -23.728686516996 ], [ -45.930651672990983, -23.72869190106891 ], [ -45.93058979418425, -23.728695434569666 ], [ -45.930514857141027, -23.728697511210875 ], [ -45.930448261820743, -23.728699989217652 ], [ -45.930411409464163, -23.728704907478374 ], [ -45.930329253353257, -23.728726536164839 ], [ -45.930271168349442, -23.728739349476903 ], [ -45.930217360007099, -23.728746537322507 ], [ -45.930114997779626, -23.728754830044561 ], [ -45.930067236392233, -23.728757013975073 ], [ -45.930024749990451, -23.728756005035432 ], [ -45.92998292273677, -23.728751108442985 ], [ -45.929936945798275, -23.728742082161126 ], [ -45.929832500527894, -23.728719498440288 ], [ -45.929778162022629, -23.728707270934393 ], [ -45.92972744234595, -23.728693486245717 ], [ -45.929681126301077, -23.728678139659721 ], [ -45.929639801848765, -23.728661137328032 ], [ -45.929556409910305, -23.72861918910554 ], [ -45.92953483373455, -23.728606312990284 ], [ -45.929514621358813, -23.728592073903524 ], [ -45.92949577150214, -23.728576291217347 ], [ -45.929478284164936, -23.728558964932049 ], [ -45.929444484144547, -23.728523944023028 ], [ -45.929409816610544, -23.728491095953611 ], [ -45.929340224434412, -23.728430639784158 ], [ -45.92930196502784, -23.728403142041131 ], [ -45.929256462881696, -23.728378036078929 ], [ -45.929205690882121, -23.728356845444779 ], [ -45.929151424430358, -23.728340914238004 ], [ -45.929095815959244, -23.728329416660941 ], [ -45.92904131028218, -23.728321254208257 ], [ -45.928936044027637, -23.728307345337477 ], [ -45.928819094294624, -23.728292151794225 ], [ -45.928780100603063, -23.728285612127074 ], [ -45.928728902842764, -23.728273546018421 ], [ -45.928589799616091, -23.728233196269851 ], [ -45.92845705185497, -23.72818982774065 ], [ -45.928385929230593, -23.728162527058114 ], [ -45.928283912687839, -23.728108767942846 ], [ -45.928225202133703, -23.728074799458227 ], [ -45.928172385272838, -23.728041879395395 ], [ -45.928148461322813, -23.728029920351723 ], [ -45.928137256840962, -23.728027007098348 ], [ -45.928126558845932, -23.728026348757204 ], [ -45.928116463518514, -23.728027673797111 ], [ -45.928106775937643, -23.728031164024035 ], [ -45.92809759356323, -23.728036728535173 ], [ -45.928089014494674, -23.728044366741802 ], [ -45.928054939810764, -23.728081330700146 ], [ -45.92801971668321, -23.728122365858173 ], [ -45.92798530838499, -23.728167641070343 ], [ -45.927953089591689, -23.728217328725133 ], [ -45.927924021482809, -23.728268623194889 ], [ -45.927898476002042, -23.728318632070046 ], [ -45.927857541363984, -23.728412085968444 ], [ -45.927811154964218, -23.728525352231308 ], [ -45.927779571636449, -23.728595538251017 ], [ -45.927742996027973, -23.72866728962158 ], [ -45.927675576670097, -23.728788991288955 ], [ -45.927640114879871, -23.728851794461534 ], [ -45.927629227674799, -23.728879858382804 ], [ -45.927611088722323, -23.728936777279642 ], [ -45.927594004902375, -23.729004166746446 ], [ -45.92758902352422, -23.729034995101923 ], [ -45.927586382496926, -23.729063822420958 ], [ -45.927579938278754, -23.729165197995247 ], [ -45.927574096080093, -23.729268466637546 ], [ -45.927574596846164, -23.729325364042808 ], [ -45.92758038802809, -23.729381236215801 ], [ -45.927598788896503, -23.729486075483941 ], [ -45.927616067221585, -23.729584779850139 ], [ -45.927622629182594, -23.7296386603971 ], [ -45.927627886768455, -23.729702303122899 ], [ -45.927633301976414, -23.729829799801017 ], [ -45.927634468464717, -23.729939168024892 ], [ -45.927635934038001, -23.730035348010485 ], [ -45.927639740625835, -23.730129617271775 ], [ -45.92764193702719, -23.730232024819486 ], [ -45.927638883175035, -23.730285692088554 ], [ -45.927630424786898, -23.730338127324178 ], [ -45.927620515625229, -23.730379642772082 ], [ -45.927612915814734, -23.730400913112909 ], [ -45.927607367489678, -23.730407088025434 ], [ -45.927597218615716, -23.730414735623761 ], [ -45.927563216678394, -23.730434357970783 ], [ -45.92752351141349, -23.730452117839377 ], [ -45.927506282594905, -23.73045745962677 ], [ -45.927490802987123, -23.730460442650227 ], [ -45.92745323261245, -23.730461029257814 ], [ -45.927398745935925, -23.730455665995091 ], [ -45.927342848137613, -23.730444982407366 ], [ -45.927320136176874, -23.730437983475749 ], [ -45.92730104567196, -23.730429788689239 ], [ -45.927283605005279, -23.730419055100239 ], [ -45.927266331151891, -23.730404165876156 ], [ -45.927249127289841, -23.730385302233916 ], [ -45.927231894680119, -23.730362374447267 ], [ -45.927201040707374, -23.730313877989904 ], [ -45.927176877466614, -23.730268141271036 ], [ -45.927163973490273, -23.730246903566329 ], [ -45.927145982296629, -23.730227683359473 ], [ -45.927123000710594, -23.730210299431818 ], [ -45.927094931270837, -23.730194842683474 ], [ -45.927064919612107, -23.730182197434917 ], [ -45.927035817063071, -23.730173249772843 ], [ -45.927007623621058, -23.730167999697876 ], [ -45.926980535486464, -23.730166446034556 ], [ -45.926927186186361, -23.730169294731965 ], [ -45.926874260585315, -23.73017656645894 ], [ -45.926821756761804, -23.730187990273187 ], [ -45.926769671518031, -23.730203114603928 ], [ -45.926743825732977, -23.730210765901312 ], [ -45.926717769692772, -23.730216431455897 ], [ -45.926691504037322, -23.730220201581943 ], [ -45.926665224970513, -23.730222075103494 ], [ -45.926611173602133, -23.730222760264898 ], [ -45.926554652456396, -23.730221021616419 ], [ -45.926480551352526, -23.730216588412059 ], [ -45.926469273511415, -23.730217197888344 ], [ -45.926451540123601, -23.730220555583031 ], [ -45.926397295309812, -23.730235512091376 ], [ -45.926335534327031, -23.730255842374323 ], [ -45.926284564494004, -23.730276107994861 ], [ -45.926245257241426, -23.730294678017557 ], [ -45.926218679566745, -23.730309830016147 ], [ -45.926208538274558, -23.730318561297256 ], [ -45.926198032657062, -23.730331268757077 ], [ -45.926176124644961, -23.730368611037953 ], [ -45.926166181646593, -23.730391521073805 ], [ -45.926158596913851, -23.730414958893753 ], [ -45.926153567289319, -23.730439013637206 ], [ -45.926150895294548, -23.730463505850963 ], [ -45.926149741595637, -23.730508491184636 ], [ -45.926151759518817, -23.730544154756515 ], [ -45.926169888756881, -23.73065233760126 ], [ -45.926195505235064, -23.730778810174819 ], [ -45.92619941437075, -23.730804437106091 ], [ -45.926200489401644, -23.730831616420136 ], [ -45.926198731602533, -23.730860528745549 ], [ -45.926193944767327, -23.730891175257458 ], [ -45.926186600895122, -23.730920933903288 ], [ -45.926176780215393, -23.730947275295009 ], [ -45.926164678931592, -23.730970198256994 ], [ -45.926150198941237, -23.730989703376359 ], [ -45.926115224085642, -23.731024414365102 ], [ -45.926072876873505, -23.731057092180844 ], [ -45.926049042057429, -23.731071685818133 ], [ -45.926023424805784, -23.731083941854969 ], [ -45.925996023842828, -23.731093679661619 ], [ -45.925966839808005, -23.731100989551631 ], [ -45.925911570161936, -23.73110981040325 ], [ -45.925865769843547, -23.731111981316136 ], [ -45.925822082473111, -23.731107726978522 ], [ -45.925773152946306, -23.731097452698318 ], [ -45.925721538944067, -23.731082136658173 ], [ -45.925669603217472, -23.731062938847156 ], [ -45.925623545341523, -23.731042531698968 ], [ -45.925589759812247, -23.731023405851403 ], [ -45.92555489070471, -23.731003654254877 ], [ -45.925505482088766, -23.730981099490737 ], [ -45.925450096277821, -23.730959573981476 ], [ -45.925396900614849, -23.730942551251744 ], [ -45.925278716679699, -23.730905686118458 ], [ -45.925165440459097, -23.730869152803521 ], [ -45.925114091592114, -23.730849680335698 ], [ -45.925054922561941, -23.730820319636774 ], [ -45.924945288882178, -23.730757752742729 ], [ -45.924902913841102, -23.730730910757035 ], [ -45.924868798496988, -23.730706728903243 ], [ -45.924837800757288, -23.730679457579328 ], [ -45.924804192477346, -23.7306437119558 ], [ -45.92478765907066, -23.730622495750662 ], [ -45.924772778106423, -23.730599102026069 ], [ -45.924759743876066, -23.730573258666315 ], [ -45.924748362087662, -23.730545237788011 ], [ -45.92473991762219, -23.730516386480087 ], [ -45.924735892836921, -23.730488231287158 ], [ -45.924736090888381, -23.730460683068443 ], [ -45.924740611149993, -23.730433921866215 ], [ -45.924750144154387, -23.73040848545952 ], [ -45.924765380434032, -23.73038491162696 ], [ -45.92478632189809, -23.730363471309794 ], [ -45.924812868531482, -23.730343894149716 ], [ -45.924868755143095, -23.730311316334291 ], [ -45.924918329496194, -23.730287898386326 ], [ -45.925019404544329, -23.730249902099025 ], [ -45.925046210428469, -23.730239264845409 ], [ -45.925072411762343, -23.730226373250073 ], [ -45.925097813616823, -23.730211409115899 ], [ -45.925122414716149, -23.730194191814427 ], [ -45.925209435453439, -23.730124848771048 ], [ -45.925341914928865, -23.730005016784016 ], [ -45.925462079316837, -23.72989176129477 ], [ -45.925533481807228, -23.729819711680992 ], [ -45.925567263990885, -23.72978284032596 ], [ -45.925599362490729, -23.729743721088052 ], [ -45.925628904601659, -23.729703804282078 ], [ -45.925655311286796, -23.729664448147478 ], [ -45.925681086613416, -23.729619044472553 ], [ -45.925708929567065, -23.72956080324089 ], [ -45.925756005484963, -23.729447623758958 ], [ -45.92576436037632, -23.729422104027737 ], [ -45.925771127150725, -23.72939397457742 ], [ -45.925780287479498, -23.72932970354163 ], [ -45.925783734988862, -23.729262215251939 ], [ -45.925781814385275, -23.729198642778229 ], [ -45.925776294678137, -23.729139427120625 ], [ -45.925768748671885, -23.729085010454231 ], [ -45.92575294587067, -23.728986658278252 ], [ -45.925747655055332, -23.728945956467122 ], [ -45.925746073698349, -23.728916522218157 ], [ -45.925741339092546, -23.728885119845792 ], [ -45.925726587264499, -23.728838333034194 ], [ -45.92571601192715, -23.728813378212013 ], [ -45.925704095080015, -23.728792947326415 ], [ -45.925690737346358, -23.728776860335714 ], [ -45.925676038101457, -23.728765297281235 ], [ -45.925659202973385, -23.728756908145016 ], [ -45.92563924394134, -23.728750705340723 ], [ -45.925616355929925, -23.728746507063942 ], [ -45.925590342737472, -23.728744314487983 ], [ -45.925533238729138, -23.728743301483171 ], [ -45.925472029807899, -23.728744480658381 ], [ -45.925356296815565, -23.728748785935789 ], [ -45.925279584832147, -23.728749606208652 ], [ -45.925249535499319, -23.728745450724539 ], [ -45.925207864418091, -23.72873486185733 ], [ -45.925180152925812, -23.728728344101018 ], [ -45.92514469405365, -23.72872223395953 ], [ -45.925050734196326, -23.728711777211164 ], [ -45.925001369933305, -23.728709272621867 ], [ -45.924962731757276, -23.728711400407573 ], [ -45.924934819664827, -23.72871816057641 ], [ -45.924924849111832, -23.728723278026401 ], [ -45.924917633654722, -23.728729553134169 ], [ -45.924888990962856, -23.728757903705148 ], [ -45.924850747158075, -23.728788118053288 ], [ -45.924824359440947, -23.728802365493785 ], [ -45.924788239378479, -23.728813780948425 ], [ -45.92474238696996, -23.72882236441048 ], [ -45.924686802853294, -23.728828206185725 ], [ -45.924629430623128, -23.728830897496334 ], [ -45.924577725284749, -23.728830303451492 ], [ -45.924531979869677, -23.728826241668504 ], [ -45.924491998817253, -23.728818803639918 ], [ -45.924420577200358, -23.728804689363198 ], [ -45.924386801968197, -23.728800826937668 ], [ -45.924354414156852, -23.728798943211544 ], [ -45.924294188734322, -23.72880047731547 ], [ -45.924266741612193, -23.728803621858969 ], [ -45.924240875559846, -23.728808382675485 ], [ -45.924190749991816, -23.728823133149024 ], [ -45.924139893096495, -23.728845474703366 ], [ -45.924042638347395, -23.728896453391847 ], [ -45.923966396207746, -23.728936107023753 ], [ -45.923925108525474, -23.728952069063222 ], [ -45.923861565994422, -23.728970151044837 ], [ -45.923825717816435, -23.728978403517093 ], [ -45.923792989121694, -23.728983837483227 ], [ -45.923763379912785, -23.728986452944927 ], [ -45.923736695263507, -23.728986431704666 ], [ -45.923672295412999, -23.728980313458123 ], [ -45.923650264225394, -23.728972406726719 ], [ -45.923612666953133, -23.72895519986951 ], [ -45.923589540756332, -23.72894504171467 ], [ -45.923565249446852, -23.728936606559913 ], [ -45.923539989225041, -23.728929893233026 ], [ -45.923513661353255, -23.728924812005044 ], [ -45.923458770299526, -23.72891764338361 ], [ -45.923401739489506, -23.728913106746536 ], [ -45.9232860362523, -23.728907746255597 ], [ -45.92317006225565, -23.728905729067286 ], [ -45.923140917471088, -23.728904638591388 ], [ -45.923111952986297, -23.728901289079072 ], [ -45.923082972601833, -23.728895681701324 ], [ -45.923054173156196, -23.728887905601436 ], [ -45.922999291835552, -23.728868182528803 ], [ -45.922949875544795, -23.728844362501569 ], [ -45.922855334639657, -23.728793174377891 ], [ -45.922807658777366, -23.728765731189647 ], [ -45.922760543561616, -23.728734310640053 ], [ -45.922713588329437, -23.728697740983339 ], [ -45.92266688546507, -23.7286552088046 ], [ -45.922620276917129, -23.728612134138935 ], [ -45.922573602083574, -23.728573575763782 ], [ -45.922475972314757, -23.728501632637236 ], [ -45.92241544698971, -23.728460537601119 ], [ -45.922356519269847, -23.728423407012837 ], [ -45.922330117819691, -23.728407849105714 ], [ -45.922300482245035, -23.728392762072833 ], [ -45.922231410625294, -23.728364001206749 ], [ -45.922149987304515, -23.728336578415902 ], [ -45.922056894541335, -23.728309857385259 ], [ -45.92194602916701, -23.728280893976688 ], [ -45.92187350928377, -23.728263985190612 ], [ -45.921842834070688, -23.728254503994535 ], [ -45.921821821469919, -23.728245374438064 ], [ -45.921778351094666, -23.728222554431191 ], [ -45.921744738269027, -23.728199904264038 ], [ -45.921690892367373, -23.72815994325952 ], [ -45.92166582761466, -23.728139138811528 ], [ -45.921609460989259, -23.728075529424419 ], [ -45.921586541131056, -23.728052815497783 ], [ -45.921563473338836, -23.728036966634328 ], [ -45.92154016077864, -23.728028164047622 ], [ -45.921516700911816, -23.728026316838594 ], [ -45.921479141313206, -23.728028347005047 ], [ -45.921460401039795, -23.72802800707592 ], [ -45.921383650022321, -23.728023225907837 ], [ -45.921223403220822, -23.728017135727242 ], [ -45.921072101297057, -23.728013521016926 ], [ -45.921042562410292, -23.728012161532344 ], [ -45.921012618432208, -23.72800899808998 ], [ -45.920982267460182, -23.728003759746027 ], [ -45.92095141203049, -23.727996537398802 ], [ -45.920840336980667, -23.727965587430752 ], [ -45.920717246842905, -23.727928025363859 ], [ -45.920611242649819, -23.727892709762884 ], [ -45.920573653675881, -23.727876585915983 ], [ -45.920524828680186, -23.727853032525253 ], [ -45.920472742305712, -23.727826066436553 ], [ -45.9204256622155, -23.727799522125579 ], [ -45.920380140326756, -23.727771342797887 ], [ -45.92033272665973, -23.72773920071101 ], [ -45.920275159914077, -23.727700164520705 ], [ -45.92020048090523, -23.727669087817095 ], [ -45.920134586061408, -23.727645545547155 ], [ -45.920068038140606, -23.72762679400158 ], [ -45.919989225237387, -23.727607754115439 ], [ -45.919904507358737, -23.727586039764645 ], [ -45.91983677723119, -23.727566572603678 ], [ -45.919779438084362, -23.727545959794579 ], [ -45.91972571153282, -23.727522886886373 ], [ -45.919669212229863, -23.727496127398602 ], [ -45.919568600852436, -23.727446328072741 ], [ -45.919524486870138, -23.727423017299337 ], [ -45.919478184937098, -23.727395474562403 ], [ -45.919454527009044, -23.727379357927457 ], [ -45.919431047548279, -23.727360711316095 ], [ -45.919407649723567, -23.727339715940541 ], [ -45.91938452846842, -23.727316190005375 ], [ -45.919311651463431, -23.727234252958425 ], [ -45.919254211623716, -23.727157281941473 ], [ -45.919181544163173, -23.727049241598902 ], [ -45.91914629650757, -23.726989208792709 ], [ -45.919133449187477, -23.726961828388323 ], [ -45.919123851812955, -23.726936235033861 ], [ -45.919118178466384, -23.726924617692067 ], [ -45.919108983680829, -23.726914466370239 ], [ -45.919096268089795, -23.726905871382193 ], [ -45.919080129792782, -23.726898832144201 ], [ -45.919060568156546, -23.72689325834056 ], [ -45.91903748508156, -23.726889150552971 ], [ -45.91898095271096, -23.726885602797118 ], [ -45.918919708415267, -23.726881631426043 ], [ -45.918890834327456, -23.726877106433214 ], [ -45.918863027937299, -23.726870949362208 ], [ -45.918836289245668, -23.726863160213615 ], [ -45.918810715719573, -23.726853648090589 ], [ -45.918786307359923, -23.726842412993737 ], [ -45.918762966701081, -23.726829545820852 ], [ -45.918627618309024, -23.726750418131854 ], [ -45.918605075132334, -23.726739352563147 ], [ -45.918581763621411, -23.72673063983023 ], [ -45.918557585675927, -23.726724280515377 ], [ -45.918532639394023, -23.726720274035554 ], [ -45.91851016710693, -23.726719323680804 ], [ -45.918493707341689, -23.726722401938286 ], [ -45.918483161998211, -23.726729509392804 ], [ -45.918478629175603, -23.726740645462844 ], [ -45.918471757088341, -23.726823959743072 ], [ -45.918466659036099, -23.726880438953426 ], [ -45.918458805974851, -23.726935760386827 ], [ -45.918443227059008, -23.727036557802169 ], [ -45.918433172695728, -23.727141748003678 ], [ -45.918427971457739, -23.72719750527769 ], [ -45.918420170272221, -23.727246233164394 ], [ -45.918398047754877, -23.727337224738616 ], [ -45.918369149374293, -23.727427263045008 ], [ -45.918341142104453, -23.727504470857323 ], [ -45.918324913181401, -23.727540513904188 ], [ -45.918300094496452, -23.727582749597619 ], [ -45.918284746584199, -23.727604517119353 ], [ -45.918267522749964, -23.727624579730634 ], [ -45.918248519827912, -23.727642756219339 ], [ -45.918227739083434, -23.72765922721387 ], [ -45.91820508368216, -23.727674173925063 ], [ -45.918180553624161, -23.727687596352002 ], [ -45.918154247642107, -23.727699584226031 ], [ -45.918125968903979, -23.727710048396386 ], [ -45.918069584841497, -23.727727724233986 ], [ -45.918016998827454, -23.727741403501369 ], [ -45.917965163446837, -23.727750201107693 ], [ -45.917911326216718, -23.727753320525984 ], [ -45.917857066860392, -23.727752197470991 ], [ -45.917804258134417, -23.727748085284219 ], [ -45.917734365487647, -23.727741997138523 ], [ -45.91759980405709, -23.72774731150739 ], [ -45.917502742919474, -23.727728107663292 ], [ -45.917465886561473, -23.7277184816211 ], [ -45.917436877565706, -23.727708718699301 ], [ -45.917370764833016, -23.727682015391455 ], [ -45.91730181305568, -23.727642142421487 ], [ -45.917250173650004, -23.72760885029502 ], [ -45.91720176397925, -23.727574455176342 ], [ -45.917157763767072, -23.727539311345279 ], [ -45.917119355262464, -23.727504134341316 ], [ -45.917085237258398, -23.727465228834056 ], [ -45.917054009189656, -23.727418719443772 ], [ -45.917028152613497, -23.727368746100051 ], [ -45.917010147183476, -23.727319177790243 ], [ -45.916998061226167, -23.727274361249954 ], [ -45.916990550403639, -23.727238459094412 ], [ -45.916986567376682, -23.727201994111194 ], [ -45.916985262904191, -23.727155758867674 ], [ -45.91698765967616, -23.727105708309033 ], [ -45.916994582918562, -23.727057617914383 ], [ -45.917005041523979, -23.727010048466934 ], [ -45.917017844397073, -23.726961020025517 ], [ -45.917033006066887, -23.726912609824826 ], [ -45.917050248028637, -23.7268670774735 ], [ -45.917089962766624, -23.726780497663384 ], [ -45.917130058318492, -23.726706289194933 ], [ -45.917151793035131, -23.726671929661833 ], [ -45.917179771326246, -23.726632565591469 ], [ -45.91719611168314, -23.726612418019119 ], [ -45.917214422863012, -23.726593523213303 ], [ -45.917234411832005, -23.726576063548155 ], [ -45.917256273524373, -23.726559857230004 ], [ -45.917296802601406, -23.726533605176456 ], [ -45.917327293196813, -23.726516805759299 ], [ -45.917395321686939, -23.726480907146932 ], [ -45.917438015208106, -23.726455545401599 ], [ -45.917481077720069, -23.726426839678112 ], [ -45.91751786883799, -23.726399164649784 ], [ -45.917541943752845, -23.726376803516999 ], [ -45.917561188425793, -23.726351129259928 ], [ -45.917583295137327, -23.726313877275771 ], [ -45.917604475958434, -23.726270489136439 ], [ -45.917620353743473, -23.726226319593437 ], [ -45.917637005034223, -23.726166520390535 ], [ -45.917659413152748, -23.726102261430942 ], [ -45.917691220482588, -23.726021328126802 ], [ -45.917694271123239, -23.726008665461169 ], [ -45.917693263583033, -23.726004878070189 ], [ -45.917690502913366, -23.72600290744781 ], [ -45.917680111418242, -23.72600396260767 ], [ -45.91766299916948, -23.726011921836012 ], [ -45.917568016519262, -23.72606523127499 ], [ -45.917516514498118, -23.726093535496297 ], [ -45.917470275649904, -23.726116931289646 ], [ -45.917424115289442, -23.726137526736071 ], [ -45.917372849989228, -23.726157610539325 ], [ -45.917319600578615, -23.726174544952706 ], [ -45.917267491684903, -23.726186234121247 ], [ -45.917241910033788, -23.7261895469819 ], [ -45.917217098004954, -23.726190687634254 ], [ -45.917192858770257, -23.726189566927754 ], [ -45.91716938916052, -23.726186274013461 ], [ -45.917146193628, -23.726180089284004 ], [ -45.917123170284469, -23.726170471433544 ], [ -45.91710022040111, -23.726157330729201 ], [ -45.917077344611663, -23.726140757485513 ], [ -45.917056123237714, -23.726122277743592 ], [ -45.917037941665072, -23.726103599337893 ], [ -45.917022897359637, -23.726084631373134 ], [ -45.917010991583439, -23.726065554479501 ], [ -45.917001436387409, -23.726045921738105 ], [ -45.916993738750477, -23.726025374799022 ], [ -45.916983721849064, -23.725981810436274 ], [ -45.916978876381179, -23.725934241404783 ], [ -45.916977532771831, -23.725882406648843 ], [ -45.916979868616913, -23.725795596882836 ], [ -45.916979222892941, -23.725759383059909 ], [ -45.916973429304477, -23.725716516201416 ], [ -45.916962407447848, -23.72566952569634 ], [ -45.916945979452933, -23.725621031829665 ], [ -45.916928015378545, -23.725577333939242 ], [ -45.9169121909732, -23.725545003471716 ], [ -45.916895545152578, -23.725507439408283 ], [ -45.916874823182354, -23.725448132787456 ], [ -45.916856811975769, -23.725383661948012 ], [ -45.916848006024267, -23.725330877921348 ], [ -45.916844117228401, -23.725307869797355 ], [ -45.916836409557227, -23.725285877812823 ], [ -45.916825079208721, -23.725264900804326 ], [ -45.916810028086125, -23.72524493935239 ], [ -45.916791162514052, -23.725226626239486 ], [ -45.916768585643858, -23.725210683399748 ], [ -45.916742100648101, -23.725197021679676 ], [ -45.916711708158019, -23.725185731392031 ], [ -45.916650764887166, -23.725168570837148 ], [ -45.916596829527251, -23.725157510374256 ], [ -45.916544573838543, -23.725148155987174 ], [ -45.916488863260469, -23.725135751230866 ], [ -45.916432464112518, -23.725123079579063 ], [ -45.916378046504519, -23.725113196034911 ], [ -45.916272184548717, -23.725097746555093 ], [ -45.916164946088323, -23.725081853564042 ], [ -45.916110134860226, -23.725071791619506 ], [ -45.916054720537424, -23.725059655905127 ], [ -45.915988085830406, -23.725042257839281 ], [ -45.915899121080827, -23.725016140780603 ], [ -45.91573681952427, -23.724968149260125 ], [ -45.915619446560918, -23.724933890943216 ], [ -45.915527327053113, -23.724905534383495 ], [ -45.915481379141674, -23.724886297592018 ], [ -45.915417568333176, -23.724851812389034 ], [ -45.915349380088543, -23.724808592183301 ], [ -45.915290004919541, -23.724763061832974 ], [ -45.915247266939346, -23.724725832617175 ], [ -45.915228597851304, -23.724707518142523 ], [ -45.915197010511989, -23.72467961603957 ], [ -45.915115030511529, -23.724614078375687 ], [ -45.915066608642817, -23.724577695601734 ], [ -45.915028471525119, -23.724553083674458 ], [ -45.915000717240133, -23.724540242021781 ], [ -45.91499069679093, -23.72453822397863 ], [ -45.914983149581992, -23.724539171810346 ], [ -45.914955292627184, -23.724553787544629 ], [ -45.914920935611256, -23.72457882833843 ], [ -45.914883687965947, -23.724611382649165 ], [ -45.914846962932693, -23.724648540097473 ], [ -45.914811212553367, -23.724684788588782 ], [ -45.914776986973543, -23.724714615448612 ], [ -45.914756485395415, -23.724728916689624 ], [ -45.914728444782106, -23.724745339838236 ], [ -45.914649350889817, -23.724784102588242 ], [ -45.914604849358376, -23.724803422928545 ], [ -45.914565221829896, -23.72481828883484 ], [ -45.914530763233856, -23.724828788885343 ], [ -45.91450137547713, -23.724834923663302 ], [ -45.914440617209685, -23.724844224418739 ], [ -45.914380893454783, -23.72486119609745 ], [ -45.914328228948342, -23.724877584111663 ], [ -45.914276166872028, -23.724895955551673 ], [ -45.914187128964173, -23.724929628703503 ], [ -45.914168748282314, -23.724938588547527 ], [ -45.9141504889974, -23.724950889452483 ], [ -45.91413235236756, -23.724966712047575 ], [ -45.914114533957466, -23.724985964858661 ], [ -45.914098686317352, -23.72500647047783 ], [ -45.914086756293017, -23.725026049758085 ], [ -45.914078743886591, -23.725044702700323 ], [ -45.914074649099902, -23.725062429305211 ], [ -45.914073930085117, -23.725100006004929 ], [ -45.914080514406116, -23.725143861828755 ], [ -45.914095993335117, -23.725225237533248 ], [ -45.914096802192248, -23.725242754520078 ], [ -45.914093692792179, -23.725261107529942 ], [ -45.914086761972143, -23.725280115353627 ], [ -45.914076009730152, -23.725299777990561 ], [ -45.914061328520454, -23.725318741299791 ], [ -45.914042806364236, -23.725335559665925 ], [ -45.914020247064528, -23.725350234247053 ], [ -45.913993944915646, -23.72536276330219 ], [ -45.913947960280417, -23.725380466492719 ], [ -45.913923485466057, -23.72538774627137 ], [ -45.913847033065643, -23.725397410492775 ], [ -45.913815659257672, -23.725400124779885 ], [ -45.913784269709915, -23.725400581193846 ], [ -45.913752963151566, -23.72539886946975 ], [ -45.913721543387915, -23.725394990766659 ], [ -45.913691767375894, -23.725387670247557 ], [ -45.913665293975413, -23.725375633656231 ], [ -45.913642025719533, -23.725358971888536 ], [ -45.913621962609824, -23.725337684945792 ], [ -45.913605908314359, -23.725314477633802 ], [ -45.913594472191235, -23.725292326861393 ], [ -45.913587654237737, -23.725271232629765 ], [ -45.913585453822037, -23.725251104625023 ], [ -45.913587081751324, -23.725231315280091 ], [ -45.913591454538938, -23.725211238766274 ], [ -45.913598767750294, -23.725190783609936 ], [ -45.913603217951419, -23.725181815801395 ], [ -45.913609022013418, -23.725170040125121 ], [ -45.913622220473975, -23.725149459884882 ], [ -45.913638562473672, -23.725129493302681 ], [ -45.913658244836867, -23.725110229533641 ], [ -45.913681070736743, -23.725091579420564 ], [ -45.913715094309445, -23.725067136075108 ], [ -45.913769437104072, -23.725031898824362 ], [ -45.913842524152024, -23.724989830226409 ], [ -45.913886761044836, -23.724960666960268 ], [ -45.913927421691035, -23.724925112208059 ], [ -45.913946114816923, -23.724904680109869 ], [ -45.913963418196495, -23.724881907943651 ], [ -45.913979233731709, -23.724856796289568 ], [ -45.913990691067347, -23.724834993421378 ], [ -45.913993659520528, -23.724829344568295 ], [ -45.914017709327382, -23.72477519204558 ], [ -45.914034933833712, -23.72472704086891 ], [ -45.914054906187452, -23.724664964418142 ], [ -45.914080973800495, -23.72460474862844 ], [ -45.914123550469498, -23.724520410569927 ], [ -45.914143902206376, -23.724484614518911 ], [ -45.914159917634755, -23.724460043576006 ], [ -45.914182501181799, -23.724434801581513 ], [ -45.914222265483851, -23.724397355367021 ], [ -45.914263100017379, -23.724358638359025 ], [ -45.914288500639252, -23.724329405688184 ], [ -45.914294293896276, -23.724316094638599 ], [ -45.914293890639634, -23.724300471939884 ], [ -45.914287290871435, -23.72428253759216 ], [ -45.914274494594693, -23.724262291594375 ], [ -45.91425728897935, -23.724242794206287 ], [ -45.914237167530757, -23.724227197742515 ], [ -45.914214130877653, -23.724215592516554 ], [ -45.914188275856517, -23.724207797317959 ], [ -45.914133766341799, -23.724198726377907 ], [ -45.914079587018833, -23.72419480161582 ], [ -45.914026912530659, -23.724195654817013 ], [ -45.913977214331496, -23.724201277288216 ], [ -45.913952218398883, -23.724204134544596 ], [ -45.913925735265096, -23.724204742624675 ], [ -45.91389776556079, -23.72420319184231 ], [ -45.91386830802854, -23.724199301567211 ], [ -45.913840011927491, -23.724193146464181 ], [ -45.913815818290139, -23.724184438202503 ], [ -45.913795826473759, -23.724173356834076 ], [ -45.91377974092736, -23.724159723469533 ], [ -45.913766779390286, -23.724143904005491 ], [ -45.913755765953695, -23.724126086026267 ], [ -45.913746602519971, -23.724106270111857 ], [ -45.913739387186091, -23.724084455683233 ], [ -45.913734195388109, -23.724057390832247 ], [ -45.913731201918466, -23.724022003700558 ], [ -45.913730308678964, -23.723978294867734 ], [ -45.913731104825551, -23.723948772817174 ], [ -45.91373171186229, -23.7239262631747 ], [ -45.913732038397633, -23.723860509443337 ], [ -45.913728314097305, -23.723804714667171 ], [ -45.913715401948657, -23.723701570397658 ], [ -45.913712315872047, -23.72367691830534 ], [ -45.913695464670411, -23.723595640960973 ], [ -45.913679280209109, -23.723539648830968 ], [ -45.913643366716123, -23.723439878487444 ], [ -45.913605781860156, -23.723339576094556 ], [ -45.913568266918688, -23.723249298621621 ], [ -45.91355008986681, -23.723202982313214 ], [ -45.913535738594305, -23.723156643406561 ], [ -45.91352462011308, -23.723109653175939 ], [ -45.913516242049624, -23.723061743574771 ], [ -45.913510596220448, -23.723011740512646 ], [ -45.913507676330163, -23.722958740842525 ], [ -45.913507577325809, -23.722902292411966 ], [ -45.913510590346696, -23.722841941909234 ], [ -45.91352057798909, -23.722726636610862 ], [ -45.913534000312943, -23.722625581336956 ], [ -45.913543559402406, -23.722575488471225 ], [ -45.913556228612855, -23.722521222588135 ], [ -45.913562211697396, -23.722492917582759 ], [ -45.913565543039731, -23.722464176646813 ], [ -45.913566419462974, -23.722435088936262 ], [ -45.913564643518207, -23.722405474980544 ], [ -45.913556792400271, -23.722348711058302 ], [ -45.913545055838952, -23.722297479507045 ], [ -45.913528213267483, -23.72224555556279 ], [ -45.913504651111069, -23.722186626462811 ], [ -45.91345604416319, -23.722081240948825 ], [ -45.913410336235323, -23.721997695358898 ], [ -45.913382756085255, -23.721953421549721 ], [ -45.913348063995919, -23.721902144890805 ], [ -45.913275855259386, -23.721802498413624 ], [ -45.913206432936391, -23.721708525510287 ], [ -45.913143208337523, -23.721617044901738 ], [ -45.913073750361605, -23.721517923990866 ], [ -45.913001543308894, -23.721418457997295 ], [ -45.912971606621682, -23.721373836740369 ], [ -45.912942627011716, -23.721325777727085 ], [ -45.912892434979483, -23.721232142759586 ], [ -45.91283945108809, -23.721132021319558 ], [ -45.912811023057252, -23.721078630233581 ], [ -45.91278813049383, -23.721031257813898 ], [ -45.912768781940223, -23.720985670846861 ], [ -45.912751181505939, -23.720937544644855 ], [ -45.912744438772272, -23.720913108128638 ], [ -45.912741426790532, -23.720889101190625 ], [ -45.912741851902858, -23.720865615882332 ], [ -45.912746007763161, -23.720842560152573 ], [ -45.912753103952554, -23.720819125799078 ], [ -45.912762741174504, -23.720794321674312 ], [ -45.912789639337923, -23.720740694424215 ], [ -45.91282027702588, -23.720688761153248 ], [ -45.912848622034524, -23.720645692615346 ], [ -45.912879147743453, -23.720605862667966 ], [ -45.912916130074457, -23.720563465693111 ], [ -45.912997755474976, -23.72047998128004 ], [ -45.913081003111941, -23.720404074000626 ], [ -45.913124414293151, -23.720369225780903 ], [ -45.913170589078142, -23.720336799833635 ], [ -45.913219734978043, -23.720308420663329 ], [ -45.91327225443743, -23.720285530986697 ], [ -45.913350931743445, -23.720257699969608 ], [ -45.913362752726407, -23.720250675651847 ], [ -45.913373548727179, -23.72023733509322 ], [ -45.913383417839349, -23.720217677714853 ], [ -45.913392163873013, -23.720191704675219 ], [ -45.91339863674763, -23.720163306459103 ], [ -45.913401587661191, -23.720136283815805 ], [ -45.9134010172451, -23.72011072706028 ], [ -45.913396826777898, -23.720086546456862 ], [ -45.913376161288888, -23.719992737280641 ], [ -45.913368675174539, -23.71994608683832 ], [ -45.913363350282587, -23.71989987522684 ], [ -45.913357187675587, -23.719803812769634 ], [ -45.913351400471456, -23.71970530949579 ], [ -45.913345726509384, -23.71962306287552 ], [ -45.913342103914729, -23.719609988086781 ], [ -45.913338154366699, -23.719606308348691 ], [ -45.913332844714191, -23.719604533328706 ], [ -45.913318146352843, -23.719606878071449 ], [ -45.913298007569566, -23.719616841684086 ], [ -45.913208351705663, -23.719674000661605 ], [ -45.913162353220009, -23.719703535385264 ], [ -45.9131117424078, -23.719732826365799 ], [ -45.913056408594755, -23.719760067882806 ], [ -45.912996438555417, -23.719783633686372 ], [ -45.912964819569687, -23.719793213420559 ], [ -45.912932397591909, -23.719800178651823 ], [ -45.912899270717851, -23.719804528800498 ], [ -45.912865340855568, -23.719806264444973 ], [ -45.912831295922636, -23.719805562162495 ], [ -45.91279753018366, -23.719802690581673 ], [ -45.912764238570936, -23.719797467915416 ], [ -45.91273132362101, -23.719789985057844 ], [ -45.91266490642434, -23.719775203423076 ], [ -45.91259665813908, -23.719765129122713 ], [ -45.912527750230545, -23.719758942377503 ], [ -45.91245984274984, -23.719755549573165 ], [ -45.912392943233755, -23.719756034488519 ], [ -45.912327059216494, -23.719761480902172 ], [ -45.912261803969571, -23.719772703962821 ], [ -45.91219620031319, -23.71979025134436 ], [ -45.91213512844206, -23.719810571850015 ], [ -45.912083372979993, -23.719830476127473 ], [ -45.912035924849192, -23.719849090533792 ], [ -45.911987581922716, -23.719865994149963 ], [ -45.911937451933071, -23.719879837457853 ], [ -45.911884153399839, -23.71988945445905 ], [ -45.911856700221506, -23.719891512977686 ], [ -45.911829321899276, -23.719890229266326 ], [ -45.91180201780756, -23.719885513009913 ], [ -45.911774789204266, -23.719877544838191 ], [ -45.911721282807193, -23.719857267588488 ], [ -45.911669530190217, -23.719835263932762 ], [ -45.911622006311084, -23.71981477075288 ], [ -45.911580892467256, -23.719799116983221 ], [ -45.911561735235452, -23.719795075222834 ], [ -45.911542223925487, -23.719796544974642 ], [ -45.911522259812898, -23.71980343650176 ], [ -45.911502039711486, -23.719815838962916 ], [ -45.911460090256213, -23.719849323345716 ], [ -45.911416422792428, -23.719889682045334 ], [ -45.911373472091313, -23.719934371798011 ], [ -45.91133377353578, -23.7199812100237 ], [ -45.911254515230709, -23.720080756330375 ], [ -45.911177846362733, -23.720171797406806 ], [ -45.911109801742825, -23.72024752382508 ], [ -45.911080031453437, -23.720283194336247 ], [ -45.911056036801561, -23.720317114774421 ], [ -45.911046642740899, -23.720334601571139 ], [ -45.911039714218568, -23.720353970534969 ], [ -45.911035252490485, -23.720375402295769 ], [ -45.911033059485966, -23.720398627064853 ], [ -45.91103123628799, -23.720503316938338 ], [ -45.911032623222766, -23.720561744835702 ], [ -45.91103718307631, -23.720625031244225 ], [ -45.911044480804399, -23.720687037068295 ], [ -45.911054081360199, -23.720741623212085 ], [ -45.911077390561282, -23.720849055248994 ], [ -45.911090924356238, -23.720904972999882 ], [ -45.911106313182408, -23.720959615363995 ], [ -45.911124446172948, -23.721013880288215 ], [ -45.911146214972597, -23.721069026978466 ], [ -45.911187759345118, -23.721174816164314 ], [ -45.911204210975775, -23.721227103973774 ], [ -45.911217648029314, -23.721283202915483 ], [ -45.911222458096802, -23.721311895857497 ], [ -45.911224809508361, -23.721339700097992 ], [ -45.911224800985245, -23.721366705374241 ], [ -45.91122243252601, -23.721392911686049 ], [ -45.911217118067782, -23.721418683759904 ], [ -45.911208567088785, -23.721444565217748 ], [ -45.911196680864052, -23.721470466321996 ], [ -45.911181556859248, -23.721496296179687 ], [ -45.911163876091805, -23.721521237911698 ], [ -45.91114451388831, -23.721544202539597 ], [ -45.911123372153149, -23.7215651906406 ], [ -45.911100549609429, -23.721584291950819 ], [ -45.911050188388089, -23.721621438516831 ], [ -45.910994051425043, -23.721660335134334 ], [ -45.910964748893207, -23.721678661722208 ], [ -45.910936014220155, -23.721694004450725 ], [ -45.910907649334526, -23.72170609353098 ], [ -45.910879754216317, -23.721715199329758 ], [ -45.91085164596312, -23.721721867779728 ], [ -45.910822251798905, -23.721727008382228 ], [ -45.910760289273043, -23.721732250425116 ], [ -45.910694558962341, -23.721731734243111 ], [ -45.910625755071159, -23.721726539566205 ], [ -45.910557539757711, -23.721721341393913 ], [ -45.910493478329272, -23.721720995939119 ], [ -45.910431808820896, -23.72172605548883 ], [ -45.910371164158029, -23.721737431276864 ], [ -45.910314773962696, -23.721754020476098 ], [ -45.910266062798875, -23.721774538479703 ], [ -45.91017047385543, -23.721825318051433 ], [ -45.910068826723823, -23.721879565311816 ], [ -45.909957293146732, -23.721936941496242 ], [ -45.909895820935745, -23.721970450001056 ], [ -45.909832712399705, -23.722008484031889 ], [ -45.909722920178297, -23.722076507391797 ], [ -45.909633902595253, -23.722127157673583 ], [ -45.909590006025923, -23.722148821296322 ], [ -45.90954481477246, -23.722167692646366 ], [ -45.909493915772323, -23.722183978307726 ], [ -45.909432993430364, -23.722197793966632 ], [ -45.909365173663225, -23.722207224545535 ], [ -45.909293190009898, -23.722210357277152 ], [ -45.909257376836443, -23.722209393662126 ], [ -45.909224001657755, -23.722206338382367 ], [ -45.909193065101583, -23.722201281754277 ], [ -45.909164566543069, -23.722194133464427 ], [ -45.909136935821302, -23.722184812424324 ], [ -45.909108407210589, -23.72217332901214 ], [ -45.909048848763533, -23.722143332027468 ], [ -45.90899170767738, -23.722108262976707 ], [ -45.908942405526581, -23.722071883381272 ], [ -45.90889681038523, -23.722032501476114 ], [ -45.908850595394561, -23.721988607272969 ], [ -45.908826176669386, -23.72196147455535 ], [ -45.90879934919397, -23.721926498274737 ], [ -45.908770111723129, -23.721883497799958 ], [ -45.908738465516805, -23.721832653758891 ], [ -45.90871124983871, -23.721727502252048 ], [ -45.908695227461365, -23.721652090094508 ], [ -45.908682048793906, -23.721590660599702 ], [ -45.908662971893008, -23.721527459381047 ], [ -45.90862303695063, -23.721412989441593 ], [ -45.90859205019391, -23.721315717767094 ], [ -45.908579825189818, -23.721264488650949 ], [ -45.908574978147684, -23.721237178770618 ], [ -45.908566129645941, -23.721179331666441 ], [ -45.908561509995451, -23.721141311437432 ], [ -45.908558236557184, -23.721079462471423 ], [ -45.908559302462272, -23.721020929803039 ], [ -45.908564525282593, -23.720967701511523 ], [ -45.908573500742996, -23.720918063919211 ], [ -45.908586215071551, -23.720870030098649 ], [ -45.908603459908399, -23.720824588903156 ], [ -45.908626612959523, -23.720782364468263 ], [ -45.908654582033911, -23.720741466518032 ], [ -45.908686274940514, -23.720700004776877 ], [ -45.9087214086573, -23.720659606638499 ], [ -45.908759306533007, -23.720621721172595 ], [ -45.908779787511804, -23.720604440328486 ], [ -45.908802049214209, -23.720589316664665 ], [ -45.908826189735329, -23.720576349604009 ], [ -45.908852110981009, -23.720565539721996 ], [ -45.908906328391886, -23.720546886502248 ], [ -45.908961541759609, -23.720530395056244 ], [ -45.90901684882482, -23.720513270810493 ], [ -45.909071056796698, -23.720493262811512 ], [ -45.909096577485606, -23.720481281102444 ], [ -45.909119728869392, -23.720467145669165 ], [ -45.909140313505922, -23.720450677036347 ], [ -45.909158430116094, -23.720431964943149 ], [ -45.909173101510888, -23.720411557044851 ], [ -45.909183547317902, -23.720390090158947 ], [ -45.909189766913045, -23.720367473971301 ], [ -45.909191760924479, -23.720343798797259 ], [ -45.909187987578264, -23.720294778014456 ], [ -45.90917773310963, -23.720244801820023 ], [ -45.909149933900579, -23.720140376347778 ], [ -45.909137208315506, -23.720087705116317 ], [ -45.909127246915894, -23.720037546556803 ], [ -45.90911257802825, -23.719930966578566 ], [ -45.909108653412083, -23.719874269603906 ], [ -45.909108860653085, -23.719819264398339 ], [ -45.909111222005066, -23.719791974323222 ], [ -45.909115932606746, -23.719763947893338 ], [ -45.909122894988521, -23.719735275999824 ], [ -45.909132207242926, -23.719705958065894 ], [ -45.909155851443728, -23.719649731295355 ], [ -45.909169797900219, -23.719623818227408 ], [ -45.909185030845116, -23.719599523330903 ], [ -45.909201651503224, -23.719577297603006 ], [ -45.909219271882243, -23.719557775553536 ], [ -45.909238089423084, -23.719541136658734 ], [ -45.909258004779971, -23.719527200865045 ], [ -45.909279605265091, -23.719515784082787 ], [ -45.909303378843816, -23.71950652216869 ], [ -45.90932952170467, -23.719499413968681 ], [ -45.909357740819395, -23.719494641840974 ], [ -45.909413098129846, -23.71948483296925 ], [ -45.909461361349614, -23.719470549858379 ], [ -45.909505189660997, -23.719453312295915 ], [ -45.909547339088533, -23.719434458858956 ], [ -45.909587009218527, -23.719411736292081 ], [ -45.90962320094259, -23.719382531234537 ], [ -45.909638778176777, -23.719365459753419 ], [ -45.909650812125768, -23.719346693054277 ], [ -45.909659400884223, -23.719326230561297 ], [ -45.909664544453648, -23.719304072274884 ], [ -45.909678038424246, -23.719212951844206 ], [ -45.909688294221084, -23.719164119527392 ], [ -45.9097056582183, -23.719107658652376 ], [ -45.909728995886127, -23.71904971754909 ], [ -45.909756977765937, -23.718996626330991 ], [ -45.909788139344592, -23.718949387112431 ], [ -45.909821017992705, -23.718909272953351 ], [ -45.90985628156902, -23.718873570368576 ], [ -45.909894597929245, -23.718839565872322 ], [ -45.909934850443641, -23.718801846918531 ], [ -45.90997621738412, -23.718755089546057 ], [ -45.91001709069495, -23.718707883474053 ], [ -45.910056158492957, -23.71866908763673 ], [ -45.91009662401887, -23.718633805989739 ], [ -45.910141789223289, -23.718597232223232 ], [ -45.910236164572133, -23.718527402637413 ], [ -45.910284502535546, -23.7184956873629 ], [ -45.910335503410067, -23.718466033729705 ], [ -45.910430095785465, -23.71841336327271 ], [ -45.910471805341295, -23.718387738292023 ], [ -45.910513102442067, -23.718359225535099 ], [ -45.910552513181393, -23.718327472403537 ], [ -45.91058876234883, -23.718292486405002 ], [ -45.910655162556225, -23.718220201999124 ], [ -45.910684039017696, -23.718183001416026 ], [ -45.910707594613001, -23.718142400047451 ], [ -45.91073143757324, -23.718100803479871 ], [ -45.910761564732162, -23.71806007309738 ], [ -45.910790619124498, -23.718020252210533 ], [ -45.910811438097461, -23.717981112034945 ], [ -45.910833614674686, -23.717939705900321 ], [ -45.910866841212723, -23.717893267182802 ], [ -45.910906892810615, -23.717840827248718 ], [ -45.910949347758752, -23.717781328307609 ], [ -45.910987982705045, -23.717722664716977 ], [ -45.911016770502258, -23.717672729684242 ], [ -45.911043530333771, -23.717627412834098 ], [ -45.911076081367312, -23.717582603785097 ], [ -45.91113984395863, -23.717497870756876 ], [ -45.911197968569375, -23.717420577030381 ], [ -45.911231262624554, -23.717383892241205 ], [ -45.911271038282713, -23.717348253088236 ], [ -45.911292994199798, -23.717331595466639 ], [ -45.911315845493512, -23.717316738938194 ], [ -45.911339690884333, -23.717303773239347 ], [ -45.911364431652963, -23.71729260863286 ], [ -45.9113901665201, -23.717283334855033 ], [ -45.911417387202988, -23.717276129645597 ], [ -45.911445800053805, -23.717271085052339 ], [ -45.91147560000271, -23.717268019289037 ], [ -45.911537186221992, -23.71726539846399 ], [ -45.911600165190237, -23.717265569281896 ], [ -45.911725831359462, -23.717266273834273 ], [ -45.911844423584085, -23.717265394246017 ], [ -45.911974016575613, -23.71726652704405 ], [ -45.912046009343591, -23.717265109129361 ], [ -45.912116007601483, -23.717259006377951 ], [ -45.9121493243983, -23.717253842424544 ], [ -45.912179979511514, -23.717246797469294 ], [ -45.912208170380779, -23.717238050986808 ], [ -45.912233797028897, -23.717227332612218 ], [ -45.912282497403162, -23.717205549631007 ], [ -45.912331117260713, -23.717186296027879 ], [ -45.912356271019945, -23.717178109340455 ], [ -45.912383006188065, -23.717171629374203 ], [ -45.912411322765678, -23.717166856128269 ], [ -45.912441220753799, -23.717163789601791 ], [ -45.912505757823617, -23.717162325129301 ], [ -45.912576319987714, -23.717166786110358 ], [ -45.912714226143677, -23.717178436517138 ], [ -45.912775932999736, -23.717179065954824 ], [ -45.912804953179496, -23.71717672708537 ], [ -45.912832686216468, -23.717172679753816 ], [ -45.912860011166849, -23.717166376862689 ], [ -45.912887612787934, -23.717157543416217 ], [ -45.912915489820676, -23.717145998784627 ], [ -45.912943839705065, -23.717131922439687 ], [ -45.912996798124503, -23.717101804807569 ], [ -45.91304211162872, -23.717072635461868 ], [ -45.913126195339174, -23.717018490003756 ], [ -45.913171440249712, -23.716993565995523 ], [ -45.91322189282036, -23.716969875692815 ], [ -45.91332574821066, -23.716923561443906 ], [ -45.913390269975672, -23.716891749681487 ], [ -45.913394342658989, -23.716884951748973 ], [ -45.913392886343303, -23.716873038305717 ], [ -45.91338590228834, -23.716856189981186 ], [ -45.913373389868134, -23.716834316459479 ], [ -45.913356941828425, -23.716810750120462 ], [ -45.913338250262463, -23.716789003394503 ], [ -45.913317313912813, -23.716768895651235 ], [ -45.913294133408378, -23.716750517204463 ], [ -45.913244849791177, -23.71671666774445 ], [ -45.913194208007717, -23.716684993928805 ], [ -45.913081103207233, -23.716614490534582 ], [ -45.913024040902506, -23.71657644194072 ], [ -45.912976228164673, -23.716542493391827 ], [ -45.912880180850181, -23.716470353766724 ], [ -45.9128319286758, -23.716429633875656 ], [ -45.912811477889527, -23.716408800646569 ], [ -45.912793280700512, -23.716387592844086 ], [ -45.912761204251701, -23.716345422712465 ], [ -45.912732273035914, -23.716304137202783 ], [ -45.912707345360467, -23.716260208831244 ], [ -45.912687082093861, -23.71620993064186 ], [ -45.912672187471273, -23.71615582740068 ], [ -45.912663659998493, -23.716100422137121 ], [ -45.912662093775658, -23.716072703591891 ], [ -45.912662984234899, -23.716045602783733 ], [ -45.912666037100884, -23.716019121448667 ], [ -45.912671546646003, -23.715993257850556 ], [ -45.912679809656531, -23.71596837151262 ], [ -45.912691123547162, -23.715944912272313 ], [ -45.912705781333003, -23.715922697763336 ], [ -45.912723490624849, -23.71590200066548 ], [ -45.912764914749992, -23.715863732180587 ], [ -45.912811762776336, -23.715829586335314 ], [ -45.91286138938753, -23.715800030325955 ], [ -45.912910660701932, -23.715775805189985 ], [ -45.912960350766369, -23.715755370945363 ], [ -45.91301084126092, -23.715737189924258 ], [ -45.913114280140597, -23.715701626193805 ], [ -45.913165449682587, -23.7156823572933 ], [ -45.913213861971457, -23.715661569236627 ], [ -45.913306835798764, -23.715616403070445 ], [ -45.913403964571387, -23.71556218046846 ], [ -45.913453858797276, -23.715528829316394 ], [ -45.91350057760625, -23.715490258424389 ], [ -45.913583418821432, -23.71541281789791 ], [ -45.913601139858287, -23.715393836685674 ], [ -45.913617083303322, -23.715373149916818 ], [ -45.913630954255531, -23.71535066901501 ], [ -45.913643047616738, -23.715326482557774 ], [ -45.913652878596359, -23.71530140627479 ], [ -45.91366025793473, -23.715276434787881 ], [ -45.91366528372405, -23.715251567518159 ], [ -45.913667955965515, -23.715226804465633 ], [ -45.91366711759278, -23.715176863280686 ], [ -45.913658917396447, -23.715126243022382 ], [ -45.913643848983348, -23.715075392366998 ], [ -45.913622407217566, -23.715024940619493 ], [ -45.913594784512817, -23.714974344729882 ], [ -45.913561174540519, -23.714923242276949 ], [ -45.913517919028585, -23.714867500205138 ], [ -45.9134614559214, -23.714802713929306 ], [ -45.913338080150801, -23.714693885938512 ], [ -45.913246413508446, -23.714616753116125 ], [ -45.913159675373926, -23.714543023251576 ], [ -45.913115675673652, -23.71450715552546 ], [ -45.913063510629371, -23.714467903869831 ], [ -45.912957543906579, -23.714393835768391 ], [ -45.912864297537752, -23.714329266303629 ], [ -45.912779196495698, -23.714265190637118 ], [ -45.91273707075554, -23.714230756838127 ], [ -45.912693447294252, -23.714192538483594 ], [ -45.912650299225533, -23.714152149666731 ], [ -45.912609404107535, -23.714111295955259 ], [ -45.912571254901188, -23.714070335717729 ], [ -45.912536346451027, -23.71402989826737 ], [ -45.912504775586953, -23.713989802398167 ], [ -45.912476934036206, -23.713949955483685 ], [ -45.912419016995777, -23.713859346267654 ], [ -45.912390026780599, -23.713809480750641 ], [ -45.91236614855341, -23.713761210816731 ], [ -45.912346097720793, -23.713713189265135 ], [ -45.912328588435876, -23.713663888264193 ], [ -45.912296543369912, -23.713569694330722 ], [ -45.912262764150249, -23.713480026540811 ], [ -45.912244325543007, -23.713438137128069 ], [ -45.912224857585642, -23.713403388947501 ], [ -45.912219218131462, -23.713396467668051 ], [ -45.912212412911927, -23.713391178995426 ], [ -45.912204246376561, -23.713387614400961 ], [ -45.912194914703619, -23.713385772727868 ], [ -45.912172559137019, -23.713387168986777 ], [ -45.912145247490912, -23.713395278033381 ], [ -45.912116201007173, -23.713407822911634 ], [ -45.912088736507179, -23.713422164829996 ], [ -45.912062952079459, -23.713438303210996 ], [ -45.912038749634611, -23.713456238633864 ], [ -45.911992333513986, -23.713495981443938 ], [ -45.9119471226944, -23.713539781471535 ], [ -45.911906029718033, -23.713583286260963 ], [ -45.911872163315181, -23.713622142203008 ], [ -45.911795462715276, -23.713708035584649 ], [ -45.911771694604745, -23.713732019751031 ], [ -45.911746443841601, -23.713754386916882 ], [ -45.911719809771157, -23.713775317133091 ], [ -45.911691889855476, -23.713794719506314 ], [ -45.911662870230465, -23.713811147841913 ], [ -45.911633230674873, -23.713823063896918 ], [ -45.911602971191421, -23.713830467670881 ], [ -45.911571994321136, -23.713833450056143 ], [ -45.911540986694725, -23.713832007006879 ], [ -45.911510732404736, -23.713826043585112 ], [ -45.911481036530169, -23.713815741576703 ], [ -45.911451995908386, -23.713800919774158 ], [ -45.911395375987503, -23.713769822447265 ], [ -45.91134017013492, -23.713744587476455 ], [ -45.911288118228519, -23.713721501554673 ], [ -45.911240959523894, -23.713696761061968 ], [ -45.911196422275893, -23.713668121417513 ], [ -45.911152037937526, -23.713633248877837 ], [ -45.911110282591238, -23.71359556096764 ], [ -45.911073537358845, -23.713558927366517 ], [ -45.91100653152013, -23.713487157370817 ], [ -45.910973206930727, -23.713448697231655 ], [ -45.910938863207157, -23.713404733651796 ], [ -45.91090725346394, -23.713358947595999 ], [ -45.910882229522535, -23.713315109770207 ], [ -45.910861121642185, -23.713270165063019 ], [ -45.910841356922802, -23.713220877153358 ], [ -45.910804857005466, -23.713120657756381 ], [ -45.910786773642336, -23.713073346949095 ], [ -45.91076734087541, -23.713029476188346 ], [ -45.910746166975045, -23.712989138098099 ], [ -45.910722765885303, -23.71295296776869 ], [ -45.910710223929364, -23.712940848581738 ], [ -45.910703831214065, -23.712938447607122 ], [ -45.910697260504989, -23.712938666918909 ], [ -45.91069050992062, -23.712941235572373 ], [ -45.910683678803842, -23.712946333619943 ], [ -45.910669675628199, -23.712963937845039 ], [ -45.910614932750718, -23.713047714410667 ], [ -45.910551389366333, -23.713135516766712 ], [ -45.910517088012334, -23.713182413335154 ], [ -45.910489030491739, -23.713224395950419 ], [ -45.910464206764445, -23.713265907938833 ], [ -45.910439801707483, -23.713311210840452 ], [ -45.910416778660583, -23.713357770066636 ], [ -45.91039659392073, -23.713403409402947 ], [ -45.910378882714589, -23.713452105014703 ], [ -45.910363476445035, -23.713507831912125 ], [ -45.910351014101217, -23.713563722123922 ], [ -45.910342332108399, -23.713613087153892 ], [ -45.910326659446703, -23.713715239367069 ], [ -45.910304631935979, -23.713834589497694 ], [ -45.910290352218155, -23.713897173971215 ], [ -45.91027380514101, -23.713958146048572 ], [ -45.91023791554003, -23.714073061794277 ], [ -45.910218458630453, -23.714124657851915 ], [ -45.910196505586569, -23.714169946291094 ], [ -45.910171108098083, -23.714213629255546 ], [ -45.910141317223754, -23.714260318573523 ], [ -45.910108880404316, -23.714307384724648 ], [ -45.910075643174956, -23.71435219761295 ], [ -45.910041110699645, -23.714394127918322 ], [ -45.910004984322548, -23.714432545166467 ], [ -45.909964627515627, -23.714469180915998 ], [ -45.90991769926957, -23.714505945621646 ], [ -45.909814505329649, -23.714576820343378 ], [ -45.909759598488307, -23.714608845035531 ], [ -45.909700932241805, -23.714636285565508 ], [ -45.909640458378149, -23.714657685356148 ], [ -45.90961039788958, -23.714665539170046 ], [ -45.90958042233477, -23.714671495788465 ], [ -45.909463149112703, -23.714692506874901 ], [ -45.909337646903587, -23.714715101654786 ], [ -45.909269933452009, -23.71472516371044 ], [ -45.909202689780798, -23.714732242462446 ], [ -45.909084246672272, -23.714740163943116 ], [ -45.908976768390374, -23.714744950081986 ], [ -45.908850068133148, -23.71475039097464 ], [ -45.908783071132355, -23.714750603882603 ], [ -45.908723687012696, -23.714745262613135 ], [ -45.908696574640203, -23.714739731782593 ], [ -45.908670817390181, -23.71473157374912 ], [ -45.908646217832022, -23.714720609035584 ], [ -45.908622973399098, -23.714707017120151 ], [ -45.908536850777793, -23.714650983432374 ], [ -45.908454655594689, -23.714595468545408 ], [ -45.908371248370237, -23.714534902886697 ], [ -45.908332804906344, -23.714507942688151 ], [ -45.908301187848643, -23.714489342034621 ], [ -45.908286349331092, -23.714485545446092 ], [ -45.908269890186403, -23.714488532265722 ], [ -45.908251811037346, -23.714498392807993 ], [ -45.908232209970983, -23.714515126496689 ], [ -45.908153320919176, -23.714597056962301 ], [ -45.908076024976019, -23.714682410146263 ], [ -45.907998848906473, -23.714770923741003 ], [ -45.907960695675307, -23.714814229627429 ], [ -45.907922229392256, -23.714854827783565 ], [ -45.907882272347301, -23.714892634801405 ], [ -45.907839941726813, -23.714927655860009 ], [ -45.907795920414742, -23.714959345038942 ], [ -45.90775147796559, -23.714986882020373 ], [ -45.907703192461533, -23.7150119126152 ], [ -45.907648129933598, -23.715035718492882 ], [ -45.907590385814061, -23.715054753195357 ], [ -45.907562179446884, -23.715061240960164 ], [ -45.907534253600595, -23.715065740064862 ], [ -45.9074773916252, -23.715070499209936 ], [ -45.907417361375209, -23.715071031941427 ], [ -45.907353765495245, -23.71506661803685 ], [ -45.907286009201165, -23.715056357793419 ], [ -45.907222152179948, -23.715042552229193 ], [ -45.907170056680634, -23.715027322895931 ], [ -45.907121271289483, -23.715008461392152 ], [ -45.907067539532171, -23.714983577524443 ], [ -45.907013189272043, -23.714954361969315 ], [ -45.90696274579706, -23.71492268488954 ], [ -45.906916404039819, -23.714888364508866 ], [ -45.906874360805354, -23.71485148999604 ], [ -45.906837401441265, -23.714812147070042 ], [ -45.906806214451912, -23.714770602655005 ], [ -45.906779228513265, -23.714726595008145 ], [ -45.906754971642229, -23.714680042439777 ], [ -45.906715201104973, -23.714588782741888 ], [ -45.906707096122901, -23.714565518396395 ], [ -45.906695844178124, -23.714530599221529 ], [ -45.906686514826433, -23.714497458075328 ], [ -45.90667637491201, -23.714449648619677 ], [ -45.906669768750298, -23.714402179729213 ], [ -45.906664113129203, -23.71430773957551 ], [ -45.90666426957916, -23.714259418186369 ], [ -45.906666664620857, -23.714208554756805 ], [ -45.906675092145932, -23.714107980723298 ], [ -45.906679517729252, -23.714052860417361 ], [ -45.906676371359332, -23.714051795031683 ], [ -45.906667371432015, -23.71405537019902 ], [ -45.906632003956133, -23.714075989463375 ], [ -45.906607573230538, -23.714089409461611 ], [ -45.906581260687304, -23.714100221242113 ], [ -45.906553163168887, -23.714108243598925 ], [ -45.906523085745242, -23.714113658310545 ], [ -45.906492302963471, -23.714116367589789 ], [ -45.906462092492305, -23.714116725225061 ], [ -45.90643225690485, -23.714114551736113 ], [ -45.906402894293088, -23.714109846548407 ], [ -45.906345902243032, -23.714095729433673 ], [ -45.90629123129002, -23.71407681181309 ], [ -45.906238197929511, -23.714053549285758 ], [ -45.906185923100338, -23.714026488913717 ], [ -45.906088455319093, -23.713975126519703 ], [ -45.905921464041427, -23.713898972246472 ], [ -45.905776966873113, -23.713813022006338 ], [ -45.90568536732863, -23.713759096072337 ], [ -45.905584529965971, -23.713702695228221 ], [ -45.905474843420187, -23.713643275269241 ], [ -45.905422290845955, -23.713618564540681 ], [ -45.905372920173434, -23.713600067162645 ], [ -45.905348551552621, -23.713594068086426 ], [ -45.905323420657588, -23.713591324938786 ], [ -45.905297527486638, -23.713591837719257 ], [ -45.905270774571335, -23.713595697316631 ], [ -45.905217213029367, -23.713609558493165 ], [ -45.905165163331588, -23.713629281520518 ], [ -45.905113827666874, -23.71365297437513 ], [ -45.90506290054465, -23.713679013109001 ], [ -45.905032976074537, -23.713692374678864 ], [ -45.904993828047836, -23.713705338600104 ], [ -45.904945653264328, -23.713717994033306 ], [ -45.904888254918923, -23.713730251802492 ], [ -45.904794743202267, -23.713683471688917 ], [ -45.904757515774975, -23.713662012902713 ], [ -45.904726574198314, -23.713641691494118 ], [ -45.904674320055761, -23.713603340641988 ], [ -45.904628259293979, -23.713566940571027 ], [ -45.904607432824854, -23.713548276051245 ], [ -45.904587967159209, -23.713527797198807 ], [ -45.904569862297372, -23.71350550401435 ], [ -45.904553216328914, -23.713481395924681 ], [ -45.904522035047712, -23.71342630318032 ], [ -45.904492943256592, -23.713361263158191 ], [ -45.904480234915766, -23.713324939017852 ], [ -45.90447005947032, -23.713286071146253 ], [ -45.904462418164137, -23.713244840174134 ], [ -45.904457407839196, -23.713201064898289 ], [ -45.904452399386507, -23.713157560567094 ], [ -45.904444761208474, -23.713116781168285 ], [ -45.904434494552554, -23.713078907331504 ], [ -45.90442169750947, -23.713043938482798 ], [ -45.904388650533313, -23.712974315300539 ], [ -45.904345566744382, -23.712900144520034 ], [ -45.904319612103414, -23.712863265552933 ], [ -45.904289753837496, -23.712829299593874 ], [ -45.904256088791243, -23.712798065437212 ], [ -45.904218519498876, -23.712769653968692 ], [ -45.904178620365045, -23.712744778534702 ], [ -45.904137770236595, -23.712724243944788 ], [ -45.904095870398514, -23.712707960456253 ], [ -45.904053019558233, -23.712696017810401 ], [ -45.903959711148971, -23.71267858955127 ], [ -45.903852892620257, -23.712665033542041 ], [ -45.903824827969189, -23.712663571745082 ], [ -45.90379756545434, -23.71266463418139 ], [ -45.903771007607268, -23.712668311739328 ], [ -45.903745253137799, -23.712674694161585 ], [ -45.903720302044391, -23.712683781448483 ], [ -45.90369605499243, -23.71269539354326 ], [ -45.903672611314036, -23.71270971050355 ], [ -45.90364987229686, -23.712726642587484 ], [ -45.90360615735932, -23.712760135174271 ], [ -45.903564361876839, -23.712787474867856 ], [ -45.903524290300098, -23.71280875313013 ], [ -45.903486138814067, -23.712823968816835 ], [ -45.903447563238103, -23.712834580716322 ], [ -45.903406024455137, -23.712842229390226 ], [ -45.90336171864562, -23.712846913690832 ], [ -45.903314547723191, -23.712848634188251 ], [ -45.90326598738114, -23.712848014496004 ], [ -45.903217413979384, -23.712845498171649 ], [ -45.903120524760013, -23.712835135169431 ], [ -45.903025499247214, -23.712824761228994 ], [ -45.902934250247377, -23.712821500370115 ], [ -45.90275310138037, -23.712825718547126 ], [ -45.902557290701431, -23.712837518493139 ], [ -45.902449041288975, -23.712844110937368 ], [ -45.902332240088654, -23.712848133935427 ], [ -45.902221389393674, -23.71284733525491 ], [ -45.902173596986763, -23.712844272135822 ], [ -45.90213099150558, -23.712839462703837 ], [ -45.9019532501516, -23.712811416288869 ], [ -45.901907575358472, -23.712802470024972 ], [ -45.901867974646066, -23.712792404518034 ], [ -45.90183454672411, -23.712781309516348 ], [ -45.901807290971121, -23.712769094708786 ], [ -45.90178326222938, -23.7127554159886 ], [ -45.901759512858689, -23.712739567986571 ], [ -45.901713150848536, -23.712701994628237 ], [ -45.901670871355755, -23.712658978339949 ], [ -45.901635243319681, -23.71261321371723 ], [ -45.90160408829319, -23.712561732940127 ], [ -45.90157483609962, -23.71250166078752 ], [ -45.901562555766908, -23.712470391737408 ], [ -45.901554016473575, -23.712441087900732 ], [ -45.901549119507365, -23.712413659534533 ], [ -45.901547962954353, -23.712388106067667 ], [ -45.901550338840934, -23.71236271265596 ], [ -45.901556233509133, -23.712335492366503 ], [ -45.901565452020428, -23.712306626972001 ], [ -45.901577993751559, -23.712276026157085 ], [ -45.901609332526903, -23.712211536599543 ], [ -45.901645949436393, -23.712144306716723 ], [ -45.901666129010863, -23.712111764693475 ], [ -45.90168731181074, -23.712082468296398 ], [ -45.901709400989809, -23.7120565987269 ], [ -45.901732494637777, -23.7120341554131 ], [ -45.901786727653381, -23.711989583159394 ], [ -45.901855240572452, -23.711938966619623 ], [ -45.901892029304967, -23.711911024334963 ], [ -45.901926643309579, -23.711880656112154 ], [ -45.90195918129546, -23.711847951696026 ], [ -45.901989545174217, -23.711812911659557 ], [ -45.902043217974963, -23.711743956523161 ], [ -45.902087325890065, -23.711682011676011 ], [ -45.90210566272566, -23.71165255117846 ], [ -45.902121444289911, -23.711622383026679 ], [ -45.90213467182641, -23.711591687851588 ], [ -45.902145246627768, -23.71156037591059 ], [ -45.902152988047028, -23.711530706225982 ], [ -45.902157715438037, -23.711504937820365 ], [ -45.902159428802889, -23.711483070693742 ], [ -45.902158030676226, -23.711465195733254 ], [ -45.902153306249403, -23.711448604628789 ], [ -45.90214484578037, -23.711430770844078 ], [ -45.902132650512797, -23.711411875008693 ], [ -45.902116719206731, -23.711391736491272 ], [ -45.902074420149539, -23.71134583021302 ], [ -45.902019110781907, -23.711290877572203 ], [ -45.901953759851104, -23.711230654636662 ], [ -45.901881825292058, -23.711168753988456 ], [ -45.90180401484136, -23.711108242331271 ], [ -45.901720936275879, -23.7110519159958 ], [ -45.901635399999421, -23.71099479106563 ], [ -45.901550118336374, -23.71093188420145 ], [ -45.901471591152486, -23.710866950924412 ], [ -45.901437335026138, -23.710835177648608 ], [ -45.901406416999698, -23.710803836512596 ], [ -45.901346309336191, -23.710735725026542 ], [ -45.901283277153333, -23.710655979427592 ], [ -45.901250296320015, -23.71060992831276 ], [ -45.901215799526199, -23.710557383067499 ], [ -45.901179785538353, -23.710498163060109 ], [ -45.901142353692315, -23.710432448348239 ], [ -45.90107056183831, -23.710305516944189 ], [ -45.901008238519722, -23.71020038751416 ], [ -45.900980939514575, -23.710153219424715 ], [ -45.900956483196254, -23.710105763822213 ], [ -45.90093506573583, -23.710058019565704 ], [ -45.900916589043305, -23.710009987227856 ], [ -45.900899107500059, -23.709964026425467 ], [ -45.900880674248292, -23.709922316144258 ], [ -45.900861191820304, -23.709884947270229 ], [ -45.900840757681614, -23.709851828916822 ], [ -45.900829375975846, -23.709837082894733 ], [ -45.900816041215883, -23.709823612704326 ], [ -45.900800851488739, -23.709811417774159 ], [ -45.900783610620657, -23.709800499245603 ], [ -45.900764515405562, -23.709790946291285 ], [ -45.900743467136259, -23.70978266916617 ], [ -45.900695610760607, -23.709770122460281 ], [ -45.900592360224522, -23.709747240524191 ], [ -45.900489266221292, -23.709718577204374 ], [ -45.900381507013059, -23.709681902586567 ], [ -45.900263867288572, -23.709634808394672 ], [ -45.900148842526512, -23.709582821684052 ], [ -45.900048925690463, -23.709531108287361 ], [ -45.900002634091408, -23.709503559339414 ], [ -45.899955925383189, -23.70947240005049 ], [ -45.899908995123795, -23.709437538964114 ], [ -45.899861647763593, -23.709399067535799 ], [ -45.899765079570251, -23.709320690425486 ], [ -45.899665010104506, -23.709246668910488 ], [ -45.899487760072951, -23.709117820858552 ], [ -45.899397477004939, -23.709054761171544 ], [ -45.899277290338951, -23.708979411214003 ], [ -45.899204232948733, -23.708939372923133 ], [ -45.899120102372898, -23.708900934355597 ], [ -45.899024799912205, -23.708864005747557 ], [ -45.898918525129289, -23.70882858706679 ], [ -45.898855136072619, -23.708811432278381 ], [ -45.898786772148782, -23.708797829940586 ], [ -45.898713330645165, -23.708787598858002 ], [ -45.898635008348137, -23.708780828199718 ], [ -45.898597429571836, -23.708779330362518 ], [ -45.898565554642467, -23.708779967048017 ], [ -45.898539383558656, -23.708782738259604 ], [ -45.898518916319567, -23.708787644000356 ], [ -45.898504152924872, -23.708794684272448 ], [ -45.898495191461244, -23.708803858508055 ], [ -45.898491835756928, -23.708815167847078 ], [ -45.898494176135245, -23.708828567267823 ], [ -45.898494183899402, -23.708828611720403 ], [ -45.898471471584514, -23.708892418374237 ], [ -45.898454411147739, -23.708950773079611 ], [ -45.89844290513058, -23.709003766723043 ], [ -45.89843714909567, -23.709051307851375 ], [ -45.898435204822597, -23.709096839834057 ], [ -45.898435330260916, -23.709143804901487 ], [ -45.898441596581897, -23.709242396689376 ], [ -45.898455124056099, -23.709355668287021 ], [ -45.898474598253195, -23.709492207612215 ], [ -45.898486570465167, -23.709564573801675 ], [ -45.89849979307931, -23.709633319975623 ], [ -45.898514462270079, -23.709698444994746 ], [ -45.898530479951233, -23.70975994942826 ], [ -45.898561392483856, -23.709876552171071 ], [ -45.89858745797725, -23.70998722200936 ], [ -45.898610192883048, -23.710098543413984 ], [ -45.898631113045667, -23.71021701053856 ], [ -45.898643580530226, -23.710275735687333 ], [ -45.898661313811907, -23.710329914311775 ], [ -45.898684116720197, -23.710379547549458 ], [ -45.898712184814393, -23.710424543943471 ], [ -45.898770133986481, -23.71050712004061 ], [ -45.898821567375187, -23.710583592282411 ], [ -45.898868966855794, -23.710658281561567 ], [ -45.898915008016679, -23.710735146366694 ], [ -45.898955940625029, -23.710810866690135 ], [ -45.898987815784068, -23.710881762407606 ], [ -45.899000514313052, -23.710916912966095 ], [ -45.899011263471017, -23.710953881225194 ], [ -45.899019865843371, -23.710992487694607 ], [ -45.899026518842163, -23.711032911865459 ], [ -45.899030913966456, -23.711073078197902 ], [ -45.899032842040029, -23.71111109121258 ], [ -45.899032204972862, -23.711146951479456 ], [ -45.899029002762497, -23.711180658998831 ], [ -45.899018552588757, -23.711244575109969 ], [ -45.899004947494177, -23.711306161261305 ], [ -45.898995840799927, -23.711337103201636 ], [ -45.898983800122288, -23.711369326650871 ], [ -45.898968826696475, -23.711403012238655 ], [ -45.898950821193765, -23.711437979903668 ], [ -45.898908458560129, -23.711511474560286 ], [ -45.898859258165146, -23.711589163592269 ], [ -45.898805049017874, -23.711665978516038 ], [ -45.898747661376419, -23.711737031480421 ], [ -45.898622544206326, -23.711887326102328 ], [ -45.898590048660971, -23.711926351906808 ], [ -45.898558406198653, -23.711961037448084 ], [ -45.898527813000172, -23.711991381587573 ], [ -45.898498072892167, -23.712017385464733 ], [ -45.89846693355031, -23.712039604071645 ], [ -45.898431553497495, -23.712058505500114 ], [ -45.898392128293388, -23.712073998293103 ], [ -45.898348658557943, -23.71208617276271 ], [ -45.898303787121996, -23.712094200692917 ], [ -45.89826035608835, -23.712097704307883 ], [ -45.898218265517635, -23.712096413232352 ], [ -45.898177615358314, -23.71209059784379 ], [ -45.897984474950405, -23.712048185197755 ], [ -45.897928261890016, -23.712032976586769 ], [ -45.897873098762766, -23.712013516878084 ], [ -45.897818887484945, -23.711989806641984 ], [ -45.897765724914017, -23.711961664679542 ], [ -45.897662706421457, -23.711901206849067 ], [ -45.897564691773979, -23.711840900558542 ], [ -45.897475909273979, -23.711782256712823 ], [ -45.897400391036463, -23.711726787363109 ], [ -45.897326795709567, -23.711665616737118 ], [ -45.89724348710002, -23.711589780429293 ], [ -45.897158598673435, -23.711512417813221 ], [ -45.897080068285263, -23.711446759734688 ], [ -45.897008140763781, -23.711385579278158 ], [ -45.896942963484811, -23.711321740411034 ], [ -45.896879945443025, -23.711258069636497 ], [ -45.896814300077025, -23.711197484902449 ], [ -45.896668938497228, -23.711069893927345 ], [ -45.89658992743739, -23.711005593152002 ], [ -45.8965500018355, -23.71097656118253 ], [ -45.8965096980955, -23.710949608726498 ], [ -45.896467742307436, -23.710924923802001 ], [ -45.896422661300463, -23.710902243985615 ], [ -45.896374260132632, -23.710881751041455 ], [ -45.896322734978504, -23.710863443830291 ], [ -45.896271995775017, -23.710845312686768 ], [ -45.896225855606183, -23.710825529149574 ], [ -45.896184412559663, -23.710804092654616 ], [ -45.896147567930143, -23.710780913458436 ], [ -45.896111681981616, -23.710754477222391 ], [ -45.896073017511455, -23.710723360487169 ], [ -45.895987153772317, -23.710646635069267 ], [ -45.895827230407676, -23.710497992962363 ], [ -45.895680356078302, -23.710364087441558 ], [ -45.895641850387733, -23.7103274602215 ], [ -45.895604608140417, -23.710289109620017 ], [ -45.895568726807703, -23.710248944754902 ], [ -45.895534108919129, -23.7102070565102 ], [ -45.895470363632533, -23.710122886946714 ], [ -45.895414879949058, -23.71004192102761 ], [ -45.895351177433767, -23.709949622462702 ], [ -45.895262778195082, -23.709831816191581 ], [ -45.895212828217673, -23.709771139924435 ], [ -45.895163725224045, -23.709719580947315 ], [ -45.89511556852203, -23.709677319324879 ], [ -45.895068259397092, -23.709644265310445 ], [ -45.894978612104701, -23.709587882926026 ], [ -45.894897604542777, -23.709532624668611 ], [ -45.894860057870041, -23.709507100916646 ], [ -45.894823811596972, -23.709485272710033 ], [ -45.894789061893611, -23.709467138915446 ], [ -45.894755808756543, -23.709452699534147 ], [ -45.894686059479859, -23.709422936310805 ], [ -45.894606831085056, -23.709384015328531 ], [ -45.894524122899242, -23.709338250183418 ], [ -45.89444354435382, -23.709288318013339 ], [ -45.894367752414212, -23.709235467929663 ], [ -45.894299206633583, -23.709180769552134 ], [ -45.894232783110787, -23.709120820381703 ], [ -45.89416296684508, -23.709052400807593 ], [ -45.894124528658146, -23.709011166529518 ], [ -45.894080726122262, -23.708960028154728 ], [ -45.893977324177598, -23.708828308339012 ], [ -45.893977299221255, -23.708828272392832 ], [ -45.89392729764198, -23.708756251883944 ], [ -45.8938822901764, -23.708686605029424 ], [ -45.893833855532527, -23.708603430117531 ], [ -45.893811052877631, -23.708566695207303 ], [ -45.893793597483921, -23.708541939874952 ], [ -45.893774901122207, -23.708516703190412 ], [ -45.893738916600299, -23.708475635273317 ], [ -45.893698627386662, -23.708436217948009 ], [ -45.89365364729067, -23.708399356630849 ], [ -45.893603495725415, -23.708366499195517 ], [ -45.893548171459862, -23.708337465006405 ], [ -45.893487772578226, -23.708312253491648 ], [ -45.893428859154263, -23.708289110712062 ], [ -45.893378480460591, -23.708266099275829 ], [ -45.893336343464689, -23.708243401521116 ], [ -45.893302741190276, -23.708220835125214 ], [ -45.893237950086451, -23.708169998286753 ], [ -45.893161896086092, -23.708107304325651 ], [ -45.893123610065572, -23.708073926649096 ], [ -45.893090831010085, -23.708042594516442 ], [ -45.893063361513057, -23.708013128432807 ], [ -45.893041398356104, -23.707985617584455 ], [ -45.893001811201465, -23.707934002957863 ], [ -45.892960477590833, -23.707885198284821 ], [ -45.892922489373007, -23.707837909718695 ], [ -45.89289284092041, -23.707790934299293 ], [ -45.892867384356705, -23.707740141291755 ], [ -45.892841776872778, -23.707681581720419 ], [ -45.892830285617357, -23.707650578300516 ], [ -45.892821443290956, -23.707619649915777 ], [ -45.892815054949814, -23.707588978329515 ], [ -45.892811315534033, -23.707558381779325 ], [ -45.8928083277426, -23.707494091923966 ], [ -45.892809119807048, -23.707423096658751 ], [ -45.89281726458745, -23.707279442535206 ], [ -45.892824974237605, -23.707215994150825 ], [ -45.892837471248988, -23.707164169290785 ], [ -45.892841522361223, -23.707139669481784 ], [ -45.892838882173137, -23.707112047113988 ], [ -45.892829748088459, -23.707081481685858 ], [ -45.892813922098519, -23.707047703381772 ], [ -45.892740967181062, -23.706906955725085 ], [ -45.892725031476125, -23.706871461982704 ], [ -45.892712034026545, -23.706835319056335 ], [ -45.8927020729151, -23.706798526381004 ], [ -45.892694951969588, -23.70676108508875 ], [ -45.892691064756065, -23.706723173547829 ], [ -45.892690510585453, -23.706684971823719 ], [ -45.892693290069438, -23.706646570231783 ], [ -45.892699500060957, -23.706607787575344 ], [ -45.892712154914847, -23.706535911001335 ], [ -45.892718807774862, -23.706475720194721 ], [ -45.892724682711972, -23.706416527383716 ], [ -45.892735200569234, -23.706347733978916 ], [ -45.892743666481465, -23.706308938306474 ], [ -45.892756519768582, -23.706266233608687 ], [ -45.89277376042525, -23.70621961988445 ], [ -45.892795290360901, -23.706169097698467 ], [ -45.892837939038401, -23.706079706836498 ], [ -45.892870793856694, -23.706021351873535 ], [ -45.89288644223555, -23.706000217272116 ], [ -45.892905526632404, -23.705979514439704 ], [ -45.892927949575785, -23.705959334256288 ], [ -45.892953611750976, -23.705939496655553 ], [ -45.892982322519956, -23.705920815606667 ], [ -45.893013693233115, -23.705903835264429 ], [ -45.893047823204199, -23.705888735691957 ], [ -45.893084514420977, -23.705875247073191 ], [ -45.893122889658905, -23.705864187339515 ], [ -45.893161576970677, -23.705855745045291 ], [ -45.893200773756227, -23.70585009968902 ], [ -45.893240381934042, -23.70584725183631 ], [ -45.893321400690468, -23.705846964834244 ], [ -45.893405105227991, -23.705852171741796 ], [ -45.893493166678304, -23.705863404820093 ], [ -45.893586962538613, -23.70588128834034 ], [ -45.893786355194884, -23.705921503002813 ], [ -45.893886510608553, -23.705937001318244 ], [ -45.893982302957212, -23.705945570212851 ], [ -45.894076289799926, -23.705948278746927 ], [ -45.8941714210359, -23.705946193707568 ], [ -45.894262209478477, -23.70594015967065 ], [ -45.894343462197376, -23.705931019523636 ], [ -45.894405087598336, -23.705920457345243 ], [ -45.894424669962504, -23.705915286311317 ], [ -45.894436799158058, -23.705910338988541 ], [ -45.894444787884872, -23.705902344750832 ], [ -45.894451950689181, -23.705888303917042 ], [ -45.894458385654097, -23.705868215920603 ], [ -45.894463895995408, -23.705841991579781 ], [ -45.894472189597103, -23.705777997834513 ], [ -45.89447638540436, -23.705702828223604 ], [ -45.894476300184884, -23.705618380503758 ], [ -45.894471359603934, -23.705526735329641 ], [ -45.894462257031954, -23.705428882201357 ], [ -45.894449588985779, -23.705325991816451 ], [ -45.894439376132155, -23.705223538834051 ], [ -45.894437376276493, -23.705174778159115 ], [ -45.89443754472763, -23.705127540374637 ], [ -45.894439893795493, -23.705083631788536 ], [ -45.894444436405998, -23.705044949024089 ], [ -45.894451269409764, -23.70501131088362 ], [ -45.894460197254276, -23.704982808815934 ], [ -45.894472185998779, -23.704957269582678 ], [ -45.894488104233474, -23.704932610827097 ], [ -45.894507852641574, -23.704908652484086 ], [ -45.894531433068337, -23.704885665498558 ], [ -45.894557868987967, -23.704864287745732 ], [ -45.894585892704328, -23.704845610379188 ], [ -45.894615797852921, -23.70482954138194 ], [ -45.8946472908004, -23.704816172769007 ], [ -45.894718932025945, -23.704792907926347 ], [ -45.894804317823777, -23.704771460283297 ], [ -45.894896795770542, -23.704754397213943 ], [ -45.894989714687256, -23.704744466736507 ], [ -45.895188748002688, -23.704732206401577 ], [ -45.89523795315683, -23.704727134881335 ], [ -45.89527977186772, -23.704717680445977 ], [ -45.895314400299739, -23.704703841966822 ], [ -45.895328859314624, -23.704695358660331 ], [ -45.895341642901514, -23.70468571089879 ], [ -45.89536317509959, -23.704664451699404 ], [ -45.895380674170127, -23.704641499770332 ], [ -45.895394238197845, -23.704616854545527 ], [ -45.895403671018116, -23.704590517160721 ], [ -45.895425511899504, -23.704528251368203 ], [ -45.895461074006882, -23.704450010050859 ], [ -45.895482084389798, -23.704409786877267 ], [ -45.895502543857916, -23.70437507634395 ], [ -45.89552235433127, -23.704345879018607 ], [ -45.895541711978481, -23.704322193766529 ], [ -45.895645655846245, -23.704203093829271 ], [ -45.895679142999271, -23.704165778951868 ], [ -45.895713923087506, -23.704131075833978 ], [ -45.895749800562811, -23.704099075925587 ], [ -45.895786872892828, -23.704069688342734 ], [ -45.895849695395881, -23.704019107391854 ], [ -45.895871619117948, -23.703997755539397 ], [ -45.89588728403718, -23.703979149481341 ], [ -45.895891832266173, -23.703970091259883 ], [ -45.895893138216437, -23.703960238936045 ], [ -45.895891103805923, -23.703949593077343 ], [ -45.89588582711842, -23.703938153116155 ], [ -45.89587711137262, -23.703925829872048 ], [ -45.895865153351899, -23.703912712524353 ], [ -45.89583131432434, -23.703884096650153 ], [ -45.89576840839343, -23.703836230428955 ], [ -45.895741377175668, -23.703813445863506 ], [ -45.895698671385205, -23.703764740150348 ], [ -45.895666209357771, -23.703722297470044 ], [ -45.895636243253342, -23.703671892271469 ], [ -45.895576005239441, -23.703555006850699 ], [ -45.895562254764869, -23.703523565102447 ], [ -45.895552032180099, -23.70349165134482 ], [ -45.895545631729668, -23.703459263875924 ], [ -45.895542759163916, -23.70342640439884 ], [ -45.895543218315822, -23.703393074049089 ], [ -45.895546125209798, -23.703359097303405 ], [ -45.895551774090613, -23.703324472459208 ], [ -45.895559870709505, -23.703289201218922 ], [ -45.895583109824607, -23.703216269673973 ], [ -45.895614761785666, -23.703140037961912 ], [ -45.895633345145271, -23.703103531888502 ], [ -45.895652845751115, -23.703072078366542 ], [ -45.895673459768624, -23.703045676260228 ], [ -45.895695187199202, -23.703024325569444 ], [ -45.895750609271914, -23.702981735557849 ], [ -45.895827938777309, -23.702929806197147 ], [ -45.895871406437386, -23.702903362107826 ], [ -45.895913231966873, -23.702880630589164 ], [ -45.895953612767087, -23.702861791137451 ], [ -45.895992449526993, -23.70284666369071 ], [ -45.896163182983685, -23.702784258342074 ], [ -45.896254547137993, -23.702747963008552 ], [ -45.896339237980143, -23.702711164355023 ], [ -45.896372463632559, -23.702693088784464 ], [ -45.896383291484007, -23.702684355456967 ], [ -45.89639039407944, -23.702675914660528 ], [ -45.896393672104132, -23.702667586332726 ], [ -45.89639312679239, -23.70265955110477 ], [ -45.896388757528321, -23.702651718661119 ], [ -45.896380564312359, -23.702644089001428 ], [ -45.896328728453106, -23.702608532574711 ], [ -45.896253471474495, -23.702561731566306 ], [ -45.896211228543152, -23.702537680374849 ], [ -45.896171369188671, -23.702517950679994 ], [ -45.896133990254249, -23.70250236128523 ], [ -45.896098896805562, -23.702491093958873 ], [ -45.89603080786997, -23.702474146911513 ], [ -45.895962048411228, -23.702459552007998 ], [ -45.895926797667805, -23.702453975646723 ], [ -45.895889992418951, -23.702450575930083 ], [ -45.895851632046444, -23.702449262541709 ], [ -45.895811815246482, -23.702450125228133 ], [ -45.89577268440015, -23.702450893615488 ], [ -45.895736480589214, -23.702449387079572 ], [ -45.895703301897356, -23.702445605054727 ], [ -45.895672951546373, -23.702439458362669 ], [ -45.895568865083014, -23.702393727030064 ], [ -45.895498586514712, -23.702357735113459 ], [ -45.89547297070137, -23.702341083988934 ], [ -45.895449203653094, -23.702322254508907 ], [ -45.895427383451796, -23.702301246107012 ], [ -45.895407510713845, -23.702278149099421 ], [ -45.8953740344596, -23.702230744662696 ], [ -45.895349104249064, -23.702185187480282 ], [ -45.895331106293966, -23.702149344642031 ], [ -45.895324073332624, -23.702139116349539 ], [ -45.895292514944956, -23.702119492709581 ], [ -45.895251185761737, -23.702108982751799 ], [ -45.89522269289175, -23.702101922035233 ], [ -45.89519467811018, -23.702093052168923 ], [ -45.895166945255575, -23.702082374287361 ], [ -45.895139591794475, -23.702069797508123 ], [ -45.895034362234746, -23.702014588920562 ], [ -45.894986297794993, -23.70198542286494 ], [ -45.894943807993116, -23.70195387626779 ], [ -45.89490511751282, -23.701918514294569 ], [ -45.894868154949549, -23.701877632863077 ], [ -45.894834303910805, -23.70183275939835 ], [ -45.894804555060183, -23.701785333278735 ], [ -45.894747101732975, -23.701688211227346 ], [ -45.89471746334295, -23.701642590829824 ], [ -45.894688357245222, -23.701603109039986 ], [ -45.894628133423986, -23.701531201950218 ], [ -45.894580954839853, -23.701473670477561 ], [ -45.894528335068749, -23.701409306191845 ], [ -45.894488378023986, -23.701360764852048 ], [ -45.894448079801698, -23.701276549469988 ], [ -45.894417069931166, -23.701216756850808 ], [ -45.894367679453964, -23.701122478255378 ], [ -45.894357019889753, -23.701098334356178 ], [ -45.894347918541065, -23.701072555710773 ], [ -45.894334389256876, -23.701015913551302 ], [ -45.894319353158735, -23.700910869111961 ], [ -45.894309270338553, -23.700813021570792 ], [ -45.894302535107244, -23.700760223868542 ], [ -45.894293642115265, -23.700707438632243 ], [ -45.894272573118563, -23.700609473920398 ], [ -45.894248796678411, -23.700517214942646 ], [ -45.894238161053366, -23.70046778157154 ], [ -45.894231610957277, -23.700413357051119 ], [ -45.894224639626806, -23.700354689970023 ], [ -45.894212740921311, -23.70029261923121 ], [ -45.894197403276806, -23.700229665166948 ], [ -45.894180113894578, -23.700168167479205 ], [ -45.894172059535094, -23.700137686181176 ], [ -45.894166164167054, -23.700107373048827 ], [ -45.894162329093739, -23.70007713833353 ], [ -45.894160651778506, -23.700046891153363 ], [ -45.89416123583689, -23.700017443781199 ], [ -45.894164181808385, -23.699989156912324 ], [ -45.894169392842258, -23.699962211743987 ], [ -45.894176965786393, -23.699936427078551 ], [ -45.894210992560815, -23.699834440983814 ], [ -45.894223262481965, -23.699792642716456 ], [ -45.894226839986381, -23.699770674528736 ], [ -45.894223461592652, -23.69976428139557 ], [ -45.894214488355097, -23.69975728835017 ], [ -45.894179265724055, -23.699741324720069 ], [ -45.894128847534958, -23.699726442366345 ], [ -45.894070908605599, -23.699716209705663 ], [ -45.894040266562278, -23.699710335315874 ], [ -45.89401018593184, -23.699700483640605 ], [ -45.893980667947019, -23.699686835310999 ], [ -45.893951711995193, -23.699669300011831 ], [ -45.893897992930171, -23.699630592422878 ], [ -45.893852125175641, -23.699592562028993 ], [ -45.893807110026792, -23.699550101065334 ], [ -45.893756049334129, -23.699498462453576 ], [ -45.893704890602393, -23.699446824389572 ], [ -45.893659388844064, -23.699404908103439 ], [ -45.893615884364237, -23.699368218776566 ], [ -45.893570818018119, -23.699332622281105 ], [ -45.893525744933449, -23.699296032301465 ], [ -45.893482613785402, -23.699256540889774 ], [ -45.893443893768982, -23.699216662728794 ], [ -45.893412052228527, -23.699178641557491 ], [ -45.893381694188243, -23.699142418197738 ], [ -45.893347424064061, -23.699107843151623 ], [ -45.893317625911337, -23.699081822598242 ], [ -45.89330078123826, -23.699071171842178 ], [ -45.89329392000321, -23.699071843670524 ], [ -45.893283555579181, -23.699076600071557 ], [ -45.893252613239106, -23.699098635836901 ], [ -45.893213797770791, -23.699131194035427 ], [ -45.893173246972154, -23.699168187870505 ], [ -45.893092852139816, -23.699245151960479 ], [ -45.893055159704026, -23.699284206612152 ], [ -45.893019447880569, -23.699326049718866 ], [ -45.892945008282176, -23.699413366068164 ], [ -45.89292465285002, -23.699434527826469 ], [ -45.89290320686429, -23.699453979811132 ], [ -45.892880768404872, -23.699471721455957 ], [ -45.892857240006983, -23.699487843641752 ], [ -45.892805850496515, -23.699517584059979 ], [ -45.892747877965753, -23.699545646366623 ], [ -45.892631981770705, -23.699594545111211 ], [ -45.892603698209214, -23.699603740114433 ], [ -45.892573329792363, -23.699609244053612 ], [ -45.892540975830272, -23.699611236992855 ], [ -45.892506538245804, -23.69960971949649 ], [ -45.892371896984585, -23.699599296196077 ], [ -45.892258478368923, -23.699594259909276 ], [ -45.89220882618487, -23.699591023665146 ], [ -45.89217060882887, -23.699585696216594 ], [ -45.892159050753847, -23.699584085034296 ], [ -45.892039430304514, -23.69956129147749 ], [ -45.891973512159815, -23.699545955821897 ], [ -45.891915518829265, -23.699527684265323 ], [ -45.891860937430749, -23.699506322180298 ], [ -45.891805351936597, -23.699481533736183 ], [ -45.891778186895621, -23.699467690785198 ], [ -45.891752679393093, -23.699452393175342 ], [ -45.891728928735809, -23.699435820973452 ], [ -45.891706738151598, -23.699417884994773 ], [ -45.891686305026198, -23.699398764741087 ], [ -45.89166772927981, -23.699378730594805 ], [ -45.891651010298105, -23.699357692240881 ], [ -45.891636050615041, -23.699335740560475 ], [ -45.891609852143382, -23.699290912571918 ], [ -45.891587381929639, -23.699246243742241 ], [ -45.891569715161168, -23.699201185966036 ], [ -45.891558025103116, -23.699155190573059 ], [ -45.891547717904551, -23.699096181268406 ], [ -45.891543761611459, -23.699091326825155 ], [ -45.891533350496744, -23.699089219130233 ], [ -45.891516386480987, -23.699089858747207 ], [ -45.891492968255442, -23.699093335424642 ], [ -45.891393813945555, -23.699108899407793 ], [ -45.891373060410849, -23.699114799337377 ], [ -45.891364268856293, -23.699120088468717 ], [ -45.89135656659878, -23.699126906751275 ], [ -45.891344528053438, -23.699145130205778 ], [ -45.891336944775048, -23.699169469701896 ], [ -45.891323273318072, -23.699221662527869 ], [ -45.891304467382547, -23.69926882704906 ], [ -45.891258564064081, -23.699355436384977 ], [ -45.891211462270185, -23.699438891440465 ], [ -45.891186643370183, -23.699481664932577 ], [ -45.891157524899086, -23.699526811469891 ], [ -45.891098567004228, -23.69961205081124 ], [ -45.89104281745837, -23.699693116985397 ], [ -45.890989220529391, -23.699772305864855 ], [ -45.890983289330869, -23.699781069139259 ], [ -45.89095121545936, -23.699824335950257 ], [ -45.890918419452369, -23.699862368405217 ], [ -45.890837669144247, -23.699945023506636 ], [ -45.890815080739564, -23.699969629971942 ], [ -45.890794859115346, -23.699996119514022 ], [ -45.890777004272238, -23.700024492133913 ], [ -45.890761712370946, -23.700054746703508 ], [ -45.890733863141037, -23.700113524039974 ], [ -45.89070694442885, -23.700164889853355 ], [ -45.890674347473137, -23.700217823759743 ], [ -45.890628874399773, -23.700281218440185 ], [ -45.890486408259818, -23.700476495060137 ], [ -45.890391749511465, -23.700562120162633 ], [ -45.890312472160069, -23.700630676753185 ], [ -45.890248379487119, -23.700682075666897 ], [ -45.890199472760685, -23.700716497552801 ], [ -45.890157256991593, -23.700739591061026 ], [ -45.890112847299029, -23.700757368349166 ], [ -45.89006614438194, -23.700769649348018 ], [ -45.890017443099516, -23.700776522679096 ], [ -45.889911548032849, -23.700781828128541 ], [ -45.889793646724634, -23.700781241465307 ], [ -45.889738700838606, -23.700778486464845 ], [ -45.889698514291588, -23.700768150126542 ], [ -45.88966411449799, -23.700757780517343 ], [ -45.889661333705277, -23.70078164073761 ], [ -45.889644348380159, -23.700808111534123 ], [ -45.88963020738354, -23.700834565981161 ], [ -45.889581783353051, -23.700882352126033 ], [ -45.889483758218873, -23.700977931136226 ], [ -45.889432132307071, -23.701030883823378 ], [ -45.889387502067009, -23.701074041836559 ], [ -45.889349770046849, -23.701107496060583 ], [ -45.889318935647935, -23.701131156184559 ], [ -45.889154105284426, -23.701239853800626 ], [ -45.889033391874243, -23.701316505539548 ], [ -45.888891859867798, -23.70140402471678 ], [ -45.888757178664321, -23.701489336773275 ], [ -45.888657214560773, -23.701559456428811 ], [ -45.888616702308603, -23.701587958892283 ], [ -45.888577919421941, -23.701611122591277 ], [ -45.888540866517616, -23.701629037842498 ], [ -45.8885055429894, -23.701641614331567 ], [ -45.888469996389865, -23.701650218053157 ], [ -45.888432371739334, -23.701656124121836 ], [ -45.888392572181345, -23.701659513730167 ], [ -45.88835079265769, -23.701660205119254 ], [ -45.888270836937949, -23.701657773782788 ], [ -45.888202243966823, -23.701653109543027 ], [ -45.888134503171223, -23.701643924428129 ], [ -45.888056910266847, -23.701628292834926 ], [ -45.888015741540578, -23.701617781060747 ], [ -45.88797465745818, -23.701605281769766 ], [ -45.887933853572981, -23.701590703520917 ], [ -45.887893036254212, -23.701574138318001 ], [ -45.887854761111626, -23.701556384373312 ], [ -45.8878209970988, -23.701538514224541 ], [ -45.887791939765201, -23.701520436433633 ], [ -45.887767393558015, -23.701502242444121 ], [ -45.88774192980658, -23.701478905524102 ], [ -45.887709534416636, -23.701445853890693 ], [ -45.887624729146197, -23.70134996975435 ], [ -45.887580609402946, -23.701294676506173 ], [ -45.887546724311726, -23.701244382428357 ], [ -45.88752317193758, -23.701199086965541 ], [ -45.887515282469955, -23.701178268488345 ], [ -45.887509853575708, -23.701158700369739 ], [ -45.88749650810518, -23.701099798509748 ], [ -45.887489273456389, -23.701074279682405 ], [ -45.887472564674326, -23.701054685917875 ], [ -45.887431089850196, -23.701013376918976 ], [ -45.887403456265993, -23.700988245996133 ], [ -45.88737456107765, -23.700965109321217 ], [ -45.88734440306289, -23.700943786262279 ], [ -45.887312885361844, -23.700924458012352 ], [ -45.887185051640103, -23.70084751632627 ], [ -45.88716930563163, -23.700839748813166 ], [ -45.887153785699574, -23.700836405639478 ], [ -45.887138688003567, -23.700837485681312 ], [ -45.887123816991313, -23.700843080378473 ], [ -45.887109172661312, -23.700853189731163 ], [ -45.887094950562997, -23.700867722299609 ], [ -45.887080954533815, -23.700886679208061 ], [ -45.887067283263654, -23.70091015021039 ], [ -45.887000630225778, -23.701032824271458 ], [ -45.886997764100599, -23.701044130585977 ], [ -45.88700148891791, -23.7010582893429 ], [ -45.887012002062669, -23.701075480048626 ], [ -45.88702920423642, -23.701095522632567 ], [ -45.887049269681633, -23.701118348698138 ], [ -45.887068275168012, -23.701143980728194 ], [ -45.887086415637299, -23.70117223696764 ], [ -45.887103496148967, -23.701203299172079 ], [ -45.887117932147675, -23.701234918445621 ], [ -45.887128240208654, -23.701265296908858 ], [ -45.887134419107596, -23.701294253931344 ], [ -45.887136470062643, -23.701321970144978 ], [ -45.887136926722732, -23.70147659385233 ], [ -45.887138188369015, -23.701561667226077 ], [ -45.887140806866597, -23.701615301771039 ], [ -45.887143686837589, -23.701635065149905 ], [ -45.88714883244532, -23.701656260648832 ], [ -45.887166115517275, -23.701702766249621 ], [ -45.887178436326174, -23.701726178598417 ], [ -45.887193385796913, -23.701746685667409 ], [ -45.88721086706957, -23.701764468649142 ], [ -45.887222385167973, -23.701773092885556 ], [ -45.887256721922384, -23.701794898358763 ], [ -45.887364323774712, -23.70185914657084 ], [ -45.88745512853658, -23.701913901249565 ], [ -45.887546948391133, -23.701973707921727 ], [ -45.887631710738283, -23.702034187244131 ], [ -45.887701147399618, -23.702091051332097 ], [ -45.887856442366413, -23.702225368283244 ], [ -45.887899962155558, -23.702264407440847 ], [ -45.887937099940608, -23.702302489687838 ], [ -45.887967855715225, -23.70233961502921 ], [ -45.887992326333048, -23.702375602274824 ], [ -45.888029757207924, -23.702442494605325 ], [ -45.888056928942589, -23.702500775156413 ], [ -45.888112963743424, -23.702649841406771 ], [ -45.888141327248533, -23.702739275184804 ], [ -45.888151212498641, -23.70277959109066 ], [ -45.888158233816633, -23.702817033219226 ], [ -45.888166579757687, -23.702890776016545 ], [ -45.888169455113641, -23.702967801692022 ], [ -45.888171468800287, -23.703033452107316 ], [ -45.888173978640467, -23.7030564690698 ], [ -45.888177622069968, -23.703073066872459 ], [ -45.888220169199613, -23.703185721556057 ], [ -45.888288826643155, -23.703359191747463 ], [ -45.888320433885312, -23.703449600371048 ], [ -45.888346298319789, -23.703546544921025 ], [ -45.888368901611429, -23.703639895420523 ], [ -45.888390726035077, -23.703719612206271 ], [ -45.888433877215071, -23.703877964792145 ], [ -45.888453421720186, -23.70396862325892 ], [ -45.888468525980791, -23.7040698745414 ], [ -45.888492279070604, -23.70426058235876 ], [ -45.88850052944003, -23.704349137992057 ], [ -45.888503540809353, -23.704446213691625 ], [ -45.888505443675449, -23.704553411487911 ], [ -45.88851036732521, -23.704672152779434 ], [ -45.888514487362059, -23.704788098791852 ], [ -45.888514173094478, -23.704886548363547 ], [ -45.888505735036702, -23.705060009384873 ], [ -45.8885023920297, -23.705145741355491 ], [ -45.888503782729011, -23.705235239548909 ], [ -45.88850468433828, -23.705281477725464 ], [ -45.888503534748082, -23.705328992144342 ], [ -45.888494981430391, -23.705427489010059 ], [ -45.888480303844098, -23.705534149747518 ], [ -45.888461585588431, -23.705652484836232 ], [ -45.888440871373398, -23.705765773513466 ], [ -45.888420109062899, -23.705857476212195 ], [ -45.888408515419179, -23.705898096016252 ], [ -45.88839437646682, -23.705939452982825 ], [ -45.888377592895857, -23.705981367043531 ], [ -45.888358262787918, -23.706023837634323 ], [ -45.888315093094548, -23.706109165969295 ], [ -45.888267801349215, -23.706194156675753 ], [ -45.888241892171649, -23.706235581185517 ], [ -45.888213517412311, -23.706275032822997 ], [ -45.88818257959678, -23.706312602465456 ], [ -45.888149274282206, -23.706348198669914 ], [ -45.888114380643913, -23.706381004092115 ], [ -45.888078972113405, -23.706410199699711 ], [ -45.888043048693341, -23.706435785492435 ], [ -45.888006610386093, -23.706457761469803 ], [ -45.887968390037855, -23.706477309049578 ], [ -45.887927319718173, -23.706496060100502 ], [ -45.887883398204146, -23.706513833989383 ], [ -45.887836527410762, -23.706530631276262 ], [ -45.88778848630885, -23.706548428772489 ], [ -45.887741051422843, -23.706568842028791 ], [ -45.887694321446332, -23.706591960798995 ], [ -45.887648198292013, -23.70661778564623 ], [ -45.887606305600819, -23.70664548291645 ], [ -45.887571973374541, -23.706674310962164 ], [ -45.887545299091556, -23.706704178910435 ], [ -45.887526380841379, -23.70673508620235 ], [ -45.887491997450539, -23.706799861505431 ], [ -45.887449593040024, -23.706867934283526 ], [ -45.8873998309789, -23.706935868602869 ], [ -45.887343373420578, -23.707000047897736 ], [ -45.887313462208361, -23.707029934367601 ], [ -45.887283239625802, -23.707057293683896 ], [ -45.887252803149153, -23.707082034968231 ], [ -45.887222055305266, -23.707104249098652 ], [ -45.88710752519566, -23.707182399410375 ], [ -45.887078810839427, -23.707200718137319 ], [ -45.887045683854865, -23.707219242790259 ], [ -45.886966291298663, -23.707257089931449 ], [ -45.886922955464208, -23.707274498922114 ], [ -45.886881556907184, -23.707288284036615 ], [ -45.886841801985909, -23.707298537278024 ], [ -45.886803984349989, -23.707305166645789 ], [ -45.886730074319068, -23.707312454410786 ], [ -45.886656424356808, -23.707314682783501 ], [ -45.886618451251955, -23.707312823005701 ], [ -45.886578003431644, -23.707307635591004 ], [ -45.886535080899328, -23.70729912053736 ], [ -45.886489585573152, -23.707287278404412 ], [ -45.886401421117, -23.707260868338111 ], [ -45.886323268116058, -23.707235394392132 ], [ -45.886285208406669, -23.707220709720907 ], [ -45.886243881996414, -23.707201618113821 ], [ -45.886199288280743, -23.707178029252212 ], [ -45.886151526571304, -23.707150123202567 ], [ -45.886062663254187, -23.707092827819505 ], [ -45.885993755230501, -23.707041921110967 ], [ -45.88596378302217, -23.707019241977854 ], [ -45.8859326508761, -23.706999098412982 ], [ -45.88590035879124, -23.706981490415533 ], [ -45.885866906765898, -23.706966417985047 ], [ -45.885802001634609, -23.706941771123695 ], [ -45.885743122400349, -23.706923412080716 ], [ -45.885712549627485, -23.706913471323876 ], [ -45.885696012505683, -23.706906659988977 ], [ -45.885676647339736, -23.70689868383192 ], [ -45.885635514847287, -23.706879229670719 ], [ -45.885588955376754, -23.706855019643005 ], [ -45.885499049523609, -23.706803058714929 ], [ -45.885426032044897, -23.706753620361678 ], [ -45.885397031707214, -23.70672958076727 ], [ -45.885374702380709, -23.706705683640156 ], [ -45.88535894658618, -23.706682019860089 ], [ -45.885349861795646, -23.706658498552503 ], [ -45.885345089090876, -23.706634410660882 ], [ -45.885342466334855, -23.706609136321401 ], [ -45.885341894832187, -23.706582585779685 ], [ -45.885343473275775, -23.706554848790457 ], [ -45.88535097329045, -23.706488872950992 ], [ -45.885363057050753, -23.706404445793932 ], [ -45.885386850750763, -23.706261857925618 ], [ -45.885395205279849, -23.706211791896582 ], [ -45.88541843102238, -23.706121430247933 ], [ -45.885438396860117, -23.706056737868384 ], [ -45.88545963659751, -23.706006398932821 ], [ -45.88548668341523, -23.705959007298599 ], [ -45.885515502437997, -23.705912599029499 ], [ -45.885542256792384, -23.705865480016602 ], [ -45.885597920861684, -23.705770868367395 ], [ -45.885629400272435, -23.705726251236122 ], [ -45.885664051276343, -23.705686493179439 ], [ -45.885701959765669, -23.705649787321892 ], [ -45.885743601529995, -23.705613963279891 ], [ -45.885829824466022, -23.705541846743408 ], [ -45.885870764938609, -23.705503859024301 ], [ -45.885907964167863, -23.70546381537153 ], [ -45.885975391885481, -23.705382774436035 ], [ -45.886009544347083, -23.705341845010778 ], [ -45.886048096539184, -23.705298813050216 ], [ -45.886088616483349, -23.705256673005081 ], [ -45.886128672817691, -23.705218509644197 ], [ -45.886204227931927, -23.705149976431152 ], [ -45.886238521044099, -23.705115368488077 ], [ -45.886269937988828, -23.705076080415669 ], [ -45.886298281377982, -23.705031932707882 ], [ -45.886323157046888, -23.704982656666417 ], [ -45.886335445918881, -23.704957748540082 ], [ -45.886349318766086, -23.704934998999413 ], [ -45.886364578811104, -23.704914318851912 ], [ -45.886381422221056, -23.704895706973694 ], [ -45.886399652828977, -23.704879164487746 ], [ -45.886419466802209, -23.704864690270092 ], [ -45.886440962224725, -23.704852283758239 ], [ -45.886463844846368, -23.704841946637046 ], [ -45.886565416431417, -23.704805959744938 ], [ -45.886608278181349, -23.704791082517676 ], [ -45.886628417490087, -23.704781212683635 ], [ -45.886630730609795, -23.704775148053475 ], [ -45.886628792574243, -23.704764140227706 ], [ -45.88661255659791, -23.704727473371946 ], [ -45.886598967824753, -23.704705152083982 ], [ -45.886583134729918, -23.704684559713886 ], [ -45.886564958620269, -23.704665606507273 ], [ -45.886544342022589, -23.704648383340686 ], [ -45.886470404207003, -23.704593260616765 ], [ -45.886453969976856, -23.704585316348169 ], [ -45.8864353255873, -23.704584158668244 ], [ -45.886414469815108, -23.704589606945106 ], [ -45.886391403267027, -23.704601751493595 ], [ -45.886367776276096, -23.704618053926694 ], [ -45.886345141704417, -23.704636066735457 ], [ -45.886323499551466, -23.704655789920285 ], [ -45.886302849816879, -23.704677223481774 ], [ -45.886265493797637, -23.704723048544764 ], [ -45.886233452563246, -23.704771552738102 ], [ -45.886206135786438, -23.704822468488096 ], [ -45.886182364638159, -23.704875531589508 ], [ -45.886140916893893, -23.704983609906272 ], [ -45.886120269124994, -23.705034397137606 ], [ -45.886097323332145, -23.705078965506139 ], [ -45.88604467428187, -23.705169676345424 ], [ -45.886014386784439, -23.705216454392215 ], [ -45.885981025734964, -23.705258372797783 ], [ -45.885945579900266, -23.705296600047973 ], [ -45.885909234825945, -23.705332393822488 ], [ -45.885833770218497, -23.705399842549088 ], [ -45.885792884563443, -23.705431417289166 ], [ -45.885747861677238, -23.705460396443609 ], [ -45.885699767073312, -23.705484786890807 ], [ -45.885650060434727, -23.705502864212125 ], [ -45.885608857233713, -23.705516467222704 ], [ -45.885586466673807, -23.705527072362585 ], [ -45.885579451549603, -23.705534067074719 ], [ -45.885570998686283, -23.705546037563568 ], [ -45.885550367022837, -23.705584721872004 ], [ -45.885507267529285, -23.705680706720063 ], [ -45.885483848063373, -23.705727806646721 ], [ -45.885452871212223, -23.705774227256068 ], [ -45.885435069264425, -23.705796186327532 ], [ -45.885416271231371, -23.705815893118498 ], [ -45.885396478332481, -23.705833528259713 ], [ -45.885375787433759, -23.705848910558657 ], [ -45.885332808849419, -23.705875619923816 ], [ -45.885288924332563, -23.705898902333999 ], [ -45.885240601018268, -23.705918507039481 ], [ -45.885184307867959, -23.705934454232324 ], [ -45.88515462544246, -23.705940133468477 ], [ -45.885125512634808, -23.705943009549316 ], [ -45.88509716561591, -23.705943081352988 ], [ -45.885069388827802, -23.705940440317448 ], [ -45.885017034274121, -23.705929540153228 ], [ -45.884969744790688, -23.705913372499811 ], [ -45.88487324865666, -23.705873100029557 ], [ -45.884848648986683, -23.705861589516079 ], [ -45.884826588552826, -23.705848438737164 ], [ -45.884806870577705, -23.70583355849957 ], [ -45.884789593754469, -23.705817038559076 ], [ -45.884721628198186, -23.705745713741745 ], [ -45.884684504923548, -23.705709798315986 ], [ -45.884644741918251, -23.705675162437384 ], [ -45.884625494318001, -23.705657298955913 ], [ -45.884608880993746, -23.705637343075075 ], [ -45.884595001247099, -23.705615474866502 ], [ -45.884583657691437, -23.705591514820739 ], [ -45.884566844684386, -23.705541935408107 ], [ -45.884555920392103, -23.705492864250587 ], [ -45.88453642767788, -23.705394979424419 ], [ -45.88453164908767, -23.705369988341634 ], [ -45.88452911912654, -23.705343900577553 ], [ -45.884528740318025, -23.705316807008611 ], [ -45.884530413359251, -23.705288527564022 ], [ -45.884538377908868, -23.705233206745859 ], [ -45.88455098405435, -23.705182555992348 ], [ -45.884580274376511, -23.705089630851131 ], [ -45.884610854360623, -23.704998865991616 ], [ -45.88462935400652, -23.704949446012755 ], [ -45.884652910761233, -23.704893584467914 ], [ -45.884679025586998, -23.704838882445518 ], [ -45.884705395622802, -23.704792939914352 ], [ -45.884759321167991, -23.704702312529598 ], [ -45.88478566009266, -23.704651763888197 ], [ -45.884809825327828, -23.704598879372444 ], [ -45.884822010284616, -23.704573068761857 ], [ -45.884835289988324, -23.704549600188653 ], [ -45.884849861214541, -23.704528562846519 ], [ -45.884865527187877, -23.704509867541034 ], [ -45.884938593352423, -23.704435839697858 ], [ -45.885021651747401, -23.704359948300358 ], [ -45.885114890598679, -23.704281018108084 ], [ -45.885216323238787, -23.704195357382304 ], [ -45.885307701932504, -23.704116979631777 ], [ -45.885348941864116, -23.704079803210028 ], [ -45.885391914361797, -23.704037739634057 ], [ -45.885438709021919, -23.703995202584643 ], [ -45.885491712130722, -23.703956965318561 ], [ -45.885591346568283, -23.703895610484626 ], [ -45.885634225770538, -23.703868811307427 ], [ -45.885675515514137, -23.703839040683643 ], [ -45.88571676927382, -23.703803941427573 ], [ -45.885759248100484, -23.703761428982837 ], [ -45.885800136847976, -23.703715854777446 ], [ -45.885836622207727, -23.703671841189408 ], [ -45.885867615521029, -23.703627949347016 ], [ -45.88589232237711, -23.703582738694788 ], [ -45.885909037044833, -23.703545070271915 ], [ -45.885915857022802, -23.703523715924423 ], [ -45.885913849642478, -23.703516953481358 ], [ -45.885905466891778, -23.703510227530309 ], [ -45.885890903717645, -23.703503356316237 ], [ -45.88587016134035, -23.703496520468608 ], [ -45.88584666472665, -23.703488526233674 ], [ -45.885823741370167, -23.703478270736262 ], [ -45.88580158743752, -23.703465752853941 ], [ -45.885780204148588, -23.703451153218246 ], [ -45.885739084872348, -23.703418963979622 ], [ -45.885700409755373, -23.703385586594109 ], [ -45.885681668013902, -23.703369978317355 ], [ -45.885663041426056, -23.703356898314489 ], [ -45.885644531209692, -23.703346527216993 ], [ -45.885626038671724, -23.703338775270392 ], [ -45.885608754819287, -23.703335712999671 ], [ -45.885600915532969, -23.703336841684884 ], [ -45.885593773794646, -23.703339592122649 ], [ -45.885581193678277, -23.703350412078926 ], [ -45.885571014469036, -23.703368172869016 ], [ -45.885554459970365, -23.703415052891653 ], [ -45.885540810799966, -23.703470948201389 ], [ -45.885516966041671, -23.703585789907503 ], [ -45.885502500488208, -23.703636993290356 ], [ -45.885493141864806, -23.703660078208465 ], [ -45.885482399719479, -23.703681635616508 ], [ -45.8854555068488, -23.703722704033552 ], [ -45.885420370738579, -23.703763187370516 ], [ -45.885379431875528, -23.703801355597893 ], [ -45.885334838330742, -23.703835751317705 ], [ -45.885289037912713, -23.703865728291753 ], [ -45.885244574688564, -23.703890368776168 ], [ -45.885198311838003, -23.703909961670394 ], [ -45.885147209403208, -23.703924614677568 ], [ -45.885089115654196, -23.703935243289237 ], [ -45.885022367447782, -23.703942489241363 ], [ -45.88495196458247, -23.703945962658551 ], [ -45.884883301627859, -23.703945632692946 ], [ -45.884760173391356, -23.703941278743702 ], [ -45.884704631635756, -23.703937622201188 ], [ -45.8846483801657, -23.703930537568358 ], [ -45.884597035893407, -23.703923876463588 ], [ -45.884556311372073, -23.703921128688904 ], [ -45.884540340285284, -23.703923658583587 ], [ -45.884527940362958, -23.703932129129551 ], [ -45.884519110995427, -23.703946450012342 ], [ -45.884513755317357, -23.703966802424112 ], [ -45.884509885344357, -23.704018396763658 ], [ -45.884512655115891, -23.704080068899049 ], [ -45.884516026173664, -23.704143634299136 ], [ -45.884514156822831, -23.704200997628075 ], [ -45.884510902277526, -23.704227479731909 ], [ -45.884505481377687, -23.704252709748591 ], [ -45.88449808967988, -23.704276596241161 ], [ -45.884488630317797, -23.704299320401336 ], [ -45.884465880857178, -23.704343977739462 ], [ -45.884439510820727, -23.704389920232337 ], [ -45.884408325551497, -23.704434535450176 ], [ -45.884371132219165, -23.704475481909043 ], [ -45.88435035853702, -23.704493122522312 ], [ -45.884328579669479, -23.704507156111365 ], [ -45.88430579561804, -23.704517582675884 ], [ -45.884281810217345, -23.704524403335945 ], [ -45.884256625903696, -23.704527979353795 ], [ -45.884229951471276, -23.704528763988073 ], [ -45.884201688838367, -23.704526757798213 ], [ -45.884172034173631, -23.704521959662728 ], [ -45.884142064571193, -23.704514092470365 ], [ -45.884112956425653, -23.704503059181441 ], [ -45.884084708522096, -23.704488679165131 ], [ -45.884057321470827, -23.704471042737442 ], [ -45.884031390466752, -23.704451140009521 ], [ -45.884007314536433, -23.704429962213247 ], [ -45.883985191154842, -23.704407418473863 ], [ -45.883965021538337, -23.704383689423327 ], [ -45.883945120627516, -23.704356165431467 ], [ -45.883924001357606, -23.704322506694105 ], [ -45.883878204623109, -23.704236603788004 ], [ -45.883854539461836, -23.704145335969187 ], [ -45.883842118313339, -23.704077848187264 ], [ -45.883837441333228, -23.704024225327093 ], [ -45.883837500323871, -23.703974730101429 ], [ -45.883843661736286, -23.703870105350788 ], [ -45.883844280026295, -23.703816271611412 ], [ -45.883838466210442, -23.703768616304824 ], [ -45.883827963888152, -23.703723877983993 ], [ -45.883814515439759, -23.70367861457078 ], [ -45.883781072123313, -23.70357728682345 ], [ -45.883749001409903, -23.703475860909709 ], [ -45.883735195353921, -23.703435747720263 ], [ -45.883721265516066, -23.70340638321478 ], [ -45.88371316496513, -23.703397849147745 ], [ -45.883708152413497, -23.703396342342359 ], [ -45.883702464839317, -23.703396555454816 ], [ -45.883689262003223, -23.703402320944193 ], [ -45.883673556454688, -23.703415145615232 ], [ -45.883657980609229, -23.703432666140088 ], [ -45.883645067586237, -23.703452339120204 ], [ -45.88363481860253, -23.703474345187562 ], [ -45.883627232442784, -23.703498503711337 ], [ -45.883612278173011, -23.70355007100223 ], [ -45.883592335050167, -23.703603653794282 ], [ -45.883580349137425, -23.703629914774194 ], [ -45.88356687616772, -23.703653835944642 ], [ -45.883551917357089, -23.703675597936659 ], [ -45.883535471489367, -23.703695020118566 ], [ -45.883498730186204, -23.703730273686173 ], [ -45.883457456378302, -23.703762482266573 ], [ -45.883413206623516, -23.703789740269421 ], [ -45.883367535660412, -23.703809871158743 ], [ -45.883326256529479, -23.703826725479978 ], [ -45.883294789937054, -23.70384415602371 ], [ -45.883282600693754, -23.703854792928972 ], [ -45.883272593589211, -23.703869030146144 ], [ -45.883264573065603, -23.703886959110594 ], [ -45.883258734681057, -23.703908488387484 ], [ -45.883252495024564, -23.703957838252414 ], [ -45.883252571584919, -23.704012932496944 ], [ -45.883251681115574, -23.704040936515035 ], [ -45.883245382701439, -23.704066984373938 ], [ -45.88323387250589, -23.704091074953762 ], [ -45.883216954360122, -23.704113209372846 ], [ -45.883196287166037, -23.70413211369479 ], [ -45.883173334876858, -23.704146695734366 ], [ -45.88314809567062, -23.704156684543797 ], [ -45.883120571372771, -23.70416235106876 ], [ -45.883091161611745, -23.704164776857642 ], [ -45.883060658955927, -23.704165131536097 ], [ -45.883028769157079, -23.704163416782375 ], [ -45.882995688991123, -23.704159721791964 ], [ -45.882963180310426, -23.704153494597907 ], [ -45.882933004968088, -23.704144183234437 ], [ -45.88290526165671, -23.70413187745908 ], [ -45.882879950377472, -23.704116577273069 ], [ -45.882834511660235, -23.704083779659008 ], [ -45.882794872020582, -23.7040527553368 ], [ -45.882717531372755, -23.703987263475319 ], [ -45.8826804425562, -23.703956314892825 ], [ -45.882650184662126, -23.70393472053745 ], [ -45.882634537219445, -23.703927042325329 ], [ -45.882614586882212, -23.703921285352234 ], [ -45.882590136269009, -23.70391727010368 ], [ -45.882561382760251, -23.703915176090415 ], [ -45.8825313687502, -23.70391525691927 ], [ -45.882503138455334, -23.703918037146426 ], [ -45.882476789349539, -23.703923425898154 ], [ -45.882452125872867, -23.703931514609344 ], [ -45.882403592076443, -23.703948951966396 ], [ -45.882352884650707, -23.703964053402228 ], [ -45.882242136689932, -23.703992051447443 ], [ -45.882195428169119, -23.704003788228146 ], [ -45.882173601782789, -23.704010776894137 ], [ -45.882171182490914, -23.704015667918878 ], [ -45.882173210938625, -23.704025591465349 ], [ -45.882191200164499, -23.704060623083848 ], [ -45.882256225801633, -23.704161861484401 ], [ -45.882322504155162, -23.704259750903372 ], [ -45.88234831247911, -23.704305214947425 ], [ -45.882369560094347, -23.704358020840093 ], [ -45.882377892917212, -23.704386514187242 ], [ -45.882383972255028, -23.704415381658222 ], [ -45.882387897404506, -23.704444803325465 ], [ -45.8823895696734, -23.704474689432843 ], [ -45.882392253124436, -23.704596604996574 ], [ -45.88239168951128, -23.704658657470752 ], [ -45.882386615874076, -23.704721006615308 ], [ -45.882378185525297, -23.704780123407506 ], [ -45.882367453697086, -23.704832479383747 ], [ -45.882352684637887, -23.704882510078292 ], [ -45.882331850162849, -23.704934923648846 ], [ -45.882306691481908, -23.704986097400443 ], [ -45.882278756071528, -23.705032771019798 ], [ -45.882251297095088, -23.705077364577978 ], [ -45.882227767529365, -23.705122838923661 ], [ -45.882218314392496, -23.705146556428605 ], [ -45.882211227411474, -23.705172066828311 ], [ -45.882206505980101, -23.705199279807108 ], [ -45.882204346875241, -23.705228284562843 ], [ -45.882204625862251, -23.705284371166439 ], [ -45.882209563702965, -23.705333115361256 ], [ -45.882221669222595, -23.705426707314633 ], [ -45.882235904968994, -23.705530764143425 ], [ -45.882254983306623, -23.705640212511764 ], [ -45.882273230536981, -23.705757342740839 ], [ -45.88228021027512, -23.705817997416037 ], [ -45.882284798342042, -23.705873065938125 ], [ -45.882289302572715, -23.705974017062399 ], [ -45.882287986142046, -23.70602622903192 ], [ -45.882281520414701, -23.706085786207616 ], [ -45.88227141826173, -23.706144280283947 ], [ -45.882259291857672, -23.706193483027853 ], [ -45.882228957766479, -23.706291923179894 ], [ -45.882207752558436, -23.706347590333454 ], [ -45.882178135714426, -23.706406827880041 ], [ -45.882160182493514, -23.706435561385938 ], [ -45.882140146408119, -23.706460874635169 ], [ -45.882118026851259, -23.706482677311186 ], [ -45.882093725738812, -23.706500969972197 ], [ -45.882068316541904, -23.706514933626362 ], [ -45.882042577264237, -23.706523570328564 ], [ -45.88201670407868, -23.706526878960322 ], [ -45.881990598903464, -23.706524860080634 ], [ -45.881965051885281, -23.706518322058365 ], [ -45.8819408525627, -23.706507982947631 ], [ -45.881917902245824, -23.706493752992142 ], [ -45.881896299628153, -23.706475721949118 ], [ -45.88185648064416, -23.706432685983597 ], [ -45.881820641892837, -23.706383485625565 ], [ -45.881753156628072, -23.706281267591979 ], [ -45.881690506751831, -23.706183357296442 ], [ -45.881664181134681, -23.706133922061142 ], [ -45.881643330073743, -23.706081746058565 ], [ -45.881626385423729, -23.706027018862482 ], [ -45.881612075722373, -23.705970289632145 ], [ -45.881600399753239, -23.705911377736946 ], [ -45.881591453170927, -23.705849921356016 ], [ -45.881585151843879, -23.70578799830972 ], [ -45.881581512151811, -23.705728047122307 ], [ -45.881575455907132, -23.705615002034545 ], [ -45.881572647015894, -23.705561910369102 ], [ -45.881572008116294, -23.705510612725579 ], [ -45.88157138135324, -23.705461121395771 ], [ -45.881568802009618, -23.705412995975433 ], [ -45.881561710798792, -23.705364896255162 ], [ -45.881548135122408, -23.705315207725338 ], [ -45.881533741014763, -23.70527509768684 ], [ -45.881527972657054, -23.705263298732746 ], [ -45.881503093483126, -23.705239325223964 ], [ -45.881485589022525, -23.705232650987082 ], [ -45.881474007420998, -23.705246174507074 ], [ -45.881449470427263, -23.705273139049694 ], [ -45.881412528917743, -23.705307941683433 ], [ -45.88136644918734, -23.705340357732734 ], [ -45.881278791823881, -23.705403719048427 ], [ -45.881235236740402, -23.70543232727865 ], [ -45.881192737516685, -23.705457497356765 ], [ -45.881171033176869, -23.705468097958896 ], [ -45.881147939279273, -23.70547626785207 ], [ -45.88112345521872, -23.705481916719776 ], [ -45.881097483518488, -23.705485135435605 ], [ -45.881071298668331, -23.705485826423896 ], [ -45.881045783428043, -23.705483984658965 ], [ -45.88102103588308, -23.705479609582795 ], [ -45.880997054822174, -23.70547252056426 ], [ -45.88094836367447, -23.705452024323719 ], [ -45.880896774138847, -23.705423506158358 ], [ -45.88084800299653, -23.705391088209726 ], [ -45.880808060056822, -23.705358710320397 ], [ -45.880739639770013, -23.705292353834473 ], [ -45.880709527722082, -23.705263261781198 ], [ -45.880684385960919, -23.705243986228759 ], [ -45.880678974365523, -23.70524148808634 ], [ -45.880674067738148, -23.705241154730384 ], [ -45.880669667290874, -23.705243166792673 ], [ -45.880665771204924, -23.705247253325865 ], [ -45.880659398275441, -23.705262282573571 ], [ -45.880654947737263, -23.705286061842351 ], [ -45.880652491004867, -23.705314616682109 ], [ -45.88065219757766, -23.705343972084489 ], [ -45.880653870682799, -23.70537403885001 ], [ -45.880657509715384, -23.705404726662877 ], [ -45.880677261794077, -23.705512455361326 ], [ -45.880697373512177, -23.705615304773211 ], [ -45.880714539095109, -23.705717629031028 ], [ -45.880733114868725, -23.705825454729194 ], [ -45.880755012337801, -23.705945906202562 ], [ -45.880772297926846, -23.706051481254651 ], [ -45.88078653261357, -23.706155538240658 ], [ -45.880797737609193, -23.706261238211514 ], [ -45.880802346687396, -23.706363362953692 ], [ -45.880802741759503, -23.706466053593125 ], [ -45.880798908871512, -23.706567232868807 ], [ -45.880790164449195, -23.706667356266987 ], [ -45.880782649871342, -23.706716893935091 ], [ -45.880770625188539, -23.706766728228594 ], [ -45.880754492436097, -23.706818301965097 ], [ -45.880734653649554, -23.70687305796185 ], [ -45.880690741384825, -23.706980065110383 ], [ -45.880670379993994, -23.707030037157729 ], [ -45.880653246314623, -23.707078636047431 ], [ -45.88063592312011, -23.707128229524407 ], [ -45.880615189348397, -23.70718118421582 ], [ -45.880591311973909, -23.707233434239139 ], [ -45.880564559792596, -23.707281184658846 ], [ -45.880535132005477, -23.707324885936153 ], [ -45.880503328324181, -23.70736534923655 ], [ -45.880483156719642, -23.707385153581701 ], [ -45.880455926576403, -23.707405539998309 ], [ -45.88042163849682, -23.707426598798492 ], [ -45.880380194391115, -23.707448330535481 ], [ -45.880277751777378, -23.707457403290071 ], [ -45.880237542084082, -23.707458444880285 ], [ -45.880204674277884, -23.707457277041271 ], [ -45.880095945011021, -23.707450398941106 ], [ -45.879983130073676, -23.707448601870134 ], [ -45.879871012638553, -23.707448426495962 ], [ -45.879819599365568, -23.707446280186506 ], [ -45.87976522172098, -23.707440899222217 ], [ -45.879736937909563, -23.707435821499597 ], [ -45.879708240563367, -23.707427584951642 ], [ -45.879678835427413, -23.707416191250644 ], [ -45.879649016760816, -23.707401638723507 ], [ -45.879592686509042, -23.707368360172921 ], [ -45.879543995462967, -23.707333322119375 ], [ -45.87950039702492, -23.707297080958277 ], [ -45.879459246513392, -23.70726019363865 ], [ -45.879419154384649, -23.707220229440843 ], [ -45.879378927876218, -23.707174846844797 ], [ -45.879340535361472, -23.707125028176581 ], [ -45.879306045716113, -23.707072116470108 ], [ -45.879277831145004, -23.707018807825087 ], [ -45.879258854779934, -23.706968156262231 ], [ -45.879246070516366, -23.706919366218848 ], [ -45.879237020162023, -23.706871548471106 ], [ -45.879223499221588, -23.706771370994328 ], [ -45.87921501561209, -23.706720298533408 ], [ -45.879202241074893, -23.706672953535669 ], [ -45.87918438185482, -23.706627985721617 ], [ -45.87916083976323, -23.706583953380544 ], [ -45.879132119148409, -23.70654293098621 ], [ -45.879098822440362, -23.706506992454997 ], [ -45.879012184648886, -23.706429990707115 ], [ -45.878966293197145, -23.70638816261479 ], [ -45.878930824186021, -23.706350068721701 ], [ -45.878899950062262, -23.706309690744973 ], [ -45.878868431794594, -23.706261007053442 ], [ -45.878838947925907, -23.706208518395524 ], [ -45.8788145693294, -23.706156723294079 ], [ -45.878795391059342, -23.706105169616116 ], [ -45.87878121210089, -23.706053135951301 ], [ -45.878761603712412, -23.705951999468613 ], [ -45.878751177404034, -23.705903737897668 ], [ -45.878735660988546, -23.705857040653633 ], [ -45.878724342658295, -23.705836692778721 ], [ -45.87870854691689, -23.705821518519386 ], [ -45.878688273764254, -23.705811517874459 ], [ -45.878663523803489, -23.705806781157861 ], [ -45.878607997677619, -23.705805560972276 ], [ -45.878549766304815, -23.705810497829937 ], [ -45.878419995485046, -23.705825143615147 ], [ -45.878385090685363, -23.705827328751816 ], [ -45.878350466837624, -23.705827525263484 ], [ -45.878316123338699, -23.705825642834476 ], [ -45.87828196150123, -23.705821591705789 ], [ -45.878215478468377, -23.70581004685074 ], [ -45.878152211081108, -23.705795322548017 ], [ -45.878090017801924, -23.705779869571106 ], [ -45.878026659004746, -23.705766139246382 ], [ -45.87790802788335, -23.705745135630426 ], [ -45.877854117859144, -23.705736228872361 ], [ -45.877801961278813, -23.705725505765365 ], [ -45.877746741733937, -23.705711458201396 ], [ -45.877684033346512, -23.705692304892342 ], [ -45.877659514888094, -23.705683983411646 ], [ -45.877658017934664, -23.70568347535065 ], [ -45.877622785370221, -23.705671517529833 ], [ -45.877572043924644, -23.70565238663146 ], [ -45.877479276698686, -23.705611998025198 ], [ -45.877428806599781, -23.705589433409521 ], [ -45.877416018538518, -23.705598628152977 ], [ -45.877383645948463, -23.705627442878789 ], [ -45.877363379051687, -23.705647698962878 ], [ -45.877344597304557, -23.705670023967365 ], [ -45.877327496875949, -23.705694416780702 ], [ -45.877311880993162, -23.705720788199685 ], [ -45.877250019192012, -23.705828257472898 ], [ -45.877220555900848, -23.705881441866499 ], [ -45.877196493280771, -23.705935498835668 ], [ -45.877186967651305, -23.705963190510897 ], [ -45.877179604107845, -23.705991502165581 ], [ -45.877174403859392, -23.706020614431381 ], [ -45.877171464388184, -23.706050436437046 ], [ -45.87716978739099, -23.706107708331569 ], [ -45.877172583655067, -23.706159174441243 ], [ -45.877172961927826, -23.706163391532829 ], [ -45.877173160565739, -23.706165606004244 ], [ -45.877182122531451, -23.706265516421674 ], [ -45.877190993548744, -23.706374662081142 ], [ -45.877192896800736, -23.706424597823315 ], [ -45.877189976376798, -23.706471941648882 ], [ -45.877180977090049, -23.706519681206551 ], [ -45.877164548684966, -23.706571256279116 ], [ -45.877153052851305, -23.706597694649243 ], [ -45.877138805194157, -23.706623335742528 ], [ -45.877121806919831, -23.706648360189639 ], [ -45.877101861252733, -23.706672678785861 ], [ -45.877080529706923, -23.706695108530401 ], [ -45.8770589820612, -23.706714558962485 ], [ -45.877037119627943, -23.706730940322149 ], [ -45.877015040493873, -23.706744252053301 ], [ -45.876991965410973, -23.706755311444741 ], [ -45.876967115130725, -23.706764935784996 ], [ -45.876940293482654, -23.70677312618459 ], [ -45.876911695430863, -23.7067797008994 ], [ -45.876882008176594, -23.706784746353808 ], [ -45.87685191469685, -23.706787716762083 ], [ -45.876821514888796, -23.706788882515678 ], [ -45.876790709461417, -23.706788063538454 ], [ -45.876759790861414, -23.706784987215606 ], [ -45.876728855365329, -23.706779382043894 ], [ -45.87669800106034, -23.706771247467774 ], [ -45.876667129259445, -23.706760493726861 ], [ -45.876637318902667, -23.706747114709398 ], [ -45.876609941978664, -23.706730922006027 ], [ -45.876584802317787, -23.706711916729063 ], [ -45.876562096091334, -23.706690097768522 ], [ -45.876522349073738, -23.706642905298619 ], [ -45.876489853148577, -23.706594587919657 ], [ -45.876462059301666, -23.706545340710715 ], [ -45.876436225368373, -23.706495811438849 ], [ -45.876414513441098, -23.706446620095587 ], [ -45.876398791353068, -23.70639838833981 ], [ -45.876384561061947, -23.706353218987999 ], [ -45.876367130169882, -23.706313486912951 ], [ -45.876355533587471, -23.706295488733904 ], [ -45.87633982588526, -23.706278778302767 ], [ -45.876332734408365, -23.706273223228106 ], [ -45.876321400110164, -23.706264344557777 ], [ -45.876283723696673, -23.706252880384678 ], [ -45.876133886330564, -23.706191124353154 ], [ -45.876100699500654, -23.706177446249097 ], [ -45.876076395803949, -23.706166648168267 ], [ -45.876027384927099, -23.706142268450993 ], [ -45.875972585856893, -23.706117740841485 ], [ -45.875917587622524, -23.706092762743086 ], [ -45.875867979249819, -23.706067031566675 ], [ -45.875820304861662, -23.70603713474361 ], [ -45.875770810717853, -23.705999119470434 ], [ -45.875678200432255, -23.705923414062788 ], [ -45.875597240177235, -23.705859022910523 ], [ -45.87556131498814, -23.705825898355599 ], [ -45.875530652638965, -23.705787686140141 ], [ -45.875505078050899, -23.705747548431678 ], [ -45.87548471039559, -23.705708645732745 ], [ -45.875475674429865, -23.705692168424278 ], [ -45.875466479054509, -23.70568120149176 ], [ -45.875457123063157, -23.705675564303476 ], [ -45.875447508972726, -23.705675347730136 ], [ -45.875409313251367, -23.705684144117502 ], [ -45.875374041985246, -23.705690214376276 ], [ -45.875341890141094, -23.705693376767186 ], [ -45.87531276084173, -23.705693812478636 ], [ -45.87528459612124, -23.705691804109094 ], [ -45.875255437302641, -23.705687814332904 ], [ -45.875194039292182, -23.705673891112095 ], [ -45.875133885673144, -23.705655354547513 ], [ -45.875080295901761, -23.705635606694514 ], [ -45.874977813620113, -23.705594458628056 ], [ -45.874924890614238, -23.705571726414441 ], [ -45.87487027730856, -23.705545571605136 ], [ -45.874816925272881, -23.705517332303248 ], [ -45.874767494829165, -23.705488799858511 ], [ -45.874667440136662, -23.705429212727275 ], [ -45.874616813482405, -23.705397796776225 ], [ -45.874569710061856, -23.705365186747603 ], [ -45.874525263367026, -23.705333826161624 ], [ -45.874482408913153, -23.705305888697975 ], [ -45.874460068550597, -23.705294725018632 ], [ -45.874435103389274, -23.705287098618307 ], [ -45.87442951166588, -23.705286303501858 ], [ -45.8706889726013, -23.729924944007099 ], [ -45.863616817006509, -23.729596178228498 ], [ -45.864555738424336, -23.710146383918008 ], [ -45.871671301226066, -23.710474887756632 ], [ -45.872497104550625, -23.705067002876572 ], [ -45.872484586927648, -23.705060205873654 ], [ -45.872439478846871, -23.705032551493275 ], [ -45.872356421678369, -23.704977021700646 ], [ -45.87227266718488, -23.704919870043806 ], [ -45.872182210636147, -23.704857878865504 ], [ -45.872137063069985, -23.704824263540353 ], [ -45.872094641469516, -23.70478756198381 ], [ -45.872054062480117, -23.704747688856081 ], [ -45.872015033051866, -23.704704826448427 ], [ -45.871941864660663, -23.704616996704271 ], [ -45.871909634894962, -23.704578882883599 ], [ -45.871882573912416, -23.704551036341012 ], [ -45.871868281557809, -23.704540549494272 ], [ -45.871850077256319, -23.704531800750523 ], [ -45.87182795980781, -23.704524609476394 ], [ -45.871801930411927, -23.704519156302204 ], [ -45.871744017800843, -23.704512979518125 ], [ -45.871682416408177, -23.704512603925505 ], [ -45.871621136261467, -23.704516290869229 ], [ -45.871564482843006, -23.704522480675198 ], [ -45.871509100908519, -23.704528121384683 ], [ -45.871451931868613, -23.704530520641015 ], [ -45.871423187927014, -23.704529869612525 ], [ -45.871395019293736, -23.704527228314021 ], [ -45.871367524053888, -23.70452259619357 ], [ -45.871340604125038, -23.704515973803751 ], [ -45.871289977051973, -23.704499098149416 ], [ -45.871244330675218, -23.70447894294394 ], [ -45.871201706319802, -23.704455970813843 ], [ -45.871160239796922, -23.704430101935415 ], [ -45.871119033966657, -23.704399173694892 ], [ -45.871077386660701, -23.704360841741103 ], [ -45.87105713443281, -23.704339098442308 ], [ -45.871038345672659, -23.704316172752726 ], [ -45.8710210191811, -23.704291884041105 ], [ -45.871005156156635, -23.70426641293971 ], [ -45.870976959935277, -23.704215270228381 ], [ -45.870952702661647, -23.704166453648163 ], [ -45.870932459036673, -23.704116440326104 ], [ -45.870916301365597, -23.704061346124735 ], [ -45.870891638965276, -23.703951475929827 ], [ -45.870883542146352, -23.703899045945438 ], [ -45.870879856684191, -23.703846229860591 ], [ -45.870880103545637, -23.703794746439108 ], [ -45.87088380249893, -23.703746133812199 ], [ -45.870896670277986, -23.703645445643208 ], [ -45.870902420576442, -23.703595557001364 ], [ -45.870904888193202, -23.703553544614937 ], [ -45.870902858374833, -23.703513725199713 ], [ -45.870894920203384, -23.703470416575009 ], [ -45.87088116637414, -23.703422805344054 ], [ -45.870861689583755, -23.703370078108982 ], [ -45.87084052382513, -23.703314108876807 ], [ -45.870821898649957, -23.703256680236695 ], [ -45.870803281882019, -23.703200516017475 ], [ -45.870781748417286, -23.70314825193757 ], [ -45.870732227260341, -23.703046650296336 ], [ -45.870706863834343, -23.702993685195132 ], [ -45.870683733559332, -23.702937275390518 ], [ -45.870665210788239, -23.702880478385488 ], [ -45.870653765553541, -23.702825989868582 ], [ -45.870647244225559, -23.702774454191729 ], [ -45.870643886706553, -23.702726694130885 ], [ -45.870639877365505, -23.70268417625978 ], [ -45.870631496261893, -23.702648005335849 ], [ -45.870624324085767, -23.702631426914817 ], [ -45.870612931973589, -23.702614510952905 ], [ -45.870597614173953, -23.702597255793727 ], [ -45.870578076441696, -23.702579663091399 ], [ -45.870532827798449, -23.702545415593033 ], [ -45.870482787524082, -23.702513362694184 ], [ -45.870457276385615, -23.702497248680501 ], [ -45.870433031337349, -23.702479772751467 ], [ -45.870410051780759, -23.702460844591883 ], [ -45.870388435798198, -23.702440463650646 ], [ -45.870349795149025, -23.702396876039916 ], [ -45.870317609381885, -23.702350452222436 ], [ -45.870261049748997, -23.702252322117793 ], [ -45.870232679668163, -23.702204431716012 ], [ -45.870203357533256, -23.702160881991425 ], [ -45.870174140087215, -23.702118325185289 ], [ -45.870146475205082, -23.702073230701867 ], [ -45.870121053652277, -23.702026226894386 ], [ -45.87009885924018, -23.701977759830669 ], [ -45.870077359800646, -23.70193055332777 ], [ -45.87005382879962, -23.701887603252391 ], [ -45.87002936669046, -23.701852154916043 ], [ -45.870017112943408, -23.70183840492712 ], [ -45.870004779677167, -23.701827455285269 ], [ -45.869990493757818, -23.701817871408533 ], [ -45.8699720908009, -23.701808671948523 ], [ -45.869922932579506, -23.70179124563996 ], [ -45.869893753209169, -23.701784003444008 ], [ -45.869863805948881, -23.701779294501183 ], [ -45.869832992715146, -23.70177711936201 ], [ -45.869801411588149, -23.701777477474952 ], [ -45.869737163849805, -23.701777206267799 ], [ -45.869672873020654, -23.701770432279318 ], [ -45.869641833106193, -23.701763652086282 ], [ -45.869613124416041, -23.701753426652267 ], [ -45.869586845033794, -23.701739755427422 ], [ -45.869562994960702, -23.701722638412981 ], [ -45.869518504003992, -23.701684231651743 ], [ -45.869475668494715, -23.701644009189646 ], [ -45.869434508177548, -23.701604951457373 ], [ -45.869394549991931, -23.70156968037622 ], [ -45.869317195171696, -23.701500839863076 ], [ -45.869279861322667, -23.701461941234832 ], [ -45.869244052535244, -23.701416350395927 ], [ -45.869181195983785, -23.701329906422924 ], [ -45.869151428249012, -23.701293042620051 ], [ -45.869118039893152, -23.701257463612528 ], [ -45.869045399287067, -23.70118949967674 ], [ -45.868962991304151, -23.701112919874721 ], [ -45.868873028198564, -23.701021118453898 ], [ -45.868828957538696, -23.700972051429641 ], [ -45.868786835382252, -23.70092098642797 ], [ -45.868747649116024, -23.700868911422205 ], [ -45.868712090685079, -23.700816635406071 ], [ -45.86868214023653, -23.700766947171555 ], [ -45.86865977611901, -23.70072236456377 ], [ -45.868642624653731, -23.700679920365857 ], [ -45.868628116005688, -23.700636648459987 ], [ -45.868600007168517, -23.700553983280336 ], [ -45.868595441655451, -23.700545880151125 ], [ -45.868589230285458, -23.700541037757031 ], [ -45.868581373655893, -23.700539546413708 ], [ -45.868571871168498, -23.700541315805044 ], [ -45.868560723420217, -23.700546436246825 ], [ -45.868547929812287, -23.700554817422478 ], [ -45.86851740620753, -23.700581542606447 ], [ -45.868459454449642, -23.70064328497709 ], [ -45.868437761678422, -23.700670502515422 ], [ -45.868420956812479, -23.700695254003225 ], [ -45.868367606236568, -23.700785330827479 ], [ -45.868340719821276, -23.700828112431658 ], [ -45.868309316279827, -23.700870106496318 ], [ -45.868291891210589, -23.700890074519968 ], [ -45.868273473374934, -23.700908241722001 ], [ -45.868253866610779, -23.700924609202477 ], [ -45.868233169597076, -23.700939266726785 ], [ -45.868210887148742, -23.700951494516669 ], [ -45.86818613474361, -23.700961026574365 ], [ -45.868159106752771, -23.700967590850073 ], [ -45.868129804969811, -23.70097145829104 ], [ -45.86806959147907, -23.700973060463525 ], [ -45.86801090726545, -23.700968602634742 ], [ -45.867952977243839, -23.700959534263241 ], [ -45.867894635196173, -23.700947487638654 ], [ -45.867836953450407, -23.700931463234586 ], [ -45.86778080757621, -23.700910372309384 ], [ -45.867728664535846, -23.700886459020946 ], [ -45.867682401604817, -23.700861790197067 ], [ -45.86758574325399, -23.700810488641469 ], [ -45.867560363111799, -23.700799250646043 ], [ -45.867537658623839, -23.700792152344565 ], [ -45.867517727868609, -23.70078919318852 ], [ -45.867500471569166, -23.700790193096509 ], [ -45.867483045372587, -23.70079516801033 ], [ -45.867462211407762, -23.700803955436932 ], [ -45.867410517518394, -23.700833147355866 ], [ -45.86730619541008, -23.700898581295274 ], [ -45.867282154578248, -23.700911902639362 ], [ -45.867256137197998, -23.700922977068114 ], [ -45.867228143866917, -23.700931894896506 ], [ -45.8671981745861, -23.700938656123629 ], [ -45.867167210765096, -23.700943345569517 ], [ -45.867136429976632, -23.700946046955909 ], [ -45.867105831625253, -23.7009466699669 ], [ -45.86707541690577, -23.700945395234783 ], [ -45.867016221437517, -23.700937778710692 ], [ -45.86696022328001, -23.700924183171843 ], [ -45.866932909580555, -23.700917200917157 ], [ -45.866905414635113, -23.700912477658921 ], [ -45.86687773844244, -23.700910013397252 ], [ -45.86684988219389, -23.700909988764156 ], [ -45.866796646181541, -23.700913628712435 ], [ -45.86674852947344, -23.700920130198845 ], [ -45.86670756910906, -23.700926049682678 ], [ -45.866675509081666, -23.700928125904301 ], [ -45.866669238445141, -23.700929154528612 ], [ -45.866664059225727, -23.700932073750288 ], [ -45.866660168778473, -23.7009370631034 ], [ -45.866657467829448, -23.700943942504917 ], [ -45.866655536941437, -23.700963462318729 ], [ -45.866658268352595, -23.700990904140138 ], [ -45.866678571376966, -23.70110965086382 ], [ -45.86669788289187, -23.701226777383795 ], [ -45.866706028540108, -23.701286884528439 ], [ -45.866711415985698, -23.701345200727456 ], [ -45.866711994993572, -23.701373467473566 ], [ -45.866709723672457, -23.701400846985425 ], [ -45.866704700698861, -23.701427429029852 ], [ -45.86669682798933, -23.701453214155912 ], [ -45.866676258073191, -23.701502011517707 ], [ -45.866651347500536, -23.701547039763899 ], [ -45.866622979600486, -23.701588384266195 ], [ -45.866591842136756, -23.701626221811075 ], [ -45.866553831776628, -23.701663013994757 ], [ -45.866505040747576, -23.701701130994543 ], [ -45.866453083047759, -23.701735020692023 ], [ -45.866405278447189, -23.701759132624463 ], [ -45.86637915439362, -23.701768943035059 ], [ -45.866346263284967, -23.701778881637502 ], [ -45.866260672689137, -23.701799501919766 ], [ -45.866213971416435, -23.701797595616458 ], [ -45.866172164700487, -23.701794216797662 ], [ -45.866135447514345, -23.701789183737141 ], [ -45.866103624886918, -23.701782678168385 ], [ -45.866046831066662, -23.701767461008725 ], [ -45.865993657943569, -23.70175095909806 ], [ -45.86594669020797, -23.701738396508301 ], [ -45.865926563173581, -23.701735438248242 ], [ -45.865908706323026, -23.701734634952469 ], [ -45.865892837327515, -23.701737794590269 ], [ -45.865878768960137, -23.701746273001518 ], [ -45.865866697979072, -23.70176015940573 ], [ -45.865856428815704, -23.701779545216574 ], [ -45.865838692185974, -23.701826700873823 ], [ -45.865822566563004, -23.701880169879438 ], [ -45.8658135303751, -23.701908038819639 ], [ -45.865801739546775, -23.701934658695684 ], [ -45.865787097186328, -23.701960210687634 ], [ -45.86576970137429, -23.701984694246377 ], [ -45.865730576247863, -23.702030976012754 ], [ -45.865688685731861, -23.702074383013713 ], [ -45.865602108874924, -23.702153716103354 ], [ -45.865523133483222, -23.702225600443608 ], [ -45.865503227161327, -23.702241246705032 ], [ -45.86547917815259, -23.702253393669544 ], [ -45.865450988244611, -23.702262312283732 ], [ -45.865418655651666, -23.702267731596962 ], [ -45.865384734087399, -23.702270179245204 ], [ -45.865351480040566, -23.702269732931324 ], [ -45.865318894109159, -23.702266482971687 ], [ -45.865287171864111, -23.702260337953884 ], [ -45.865257394593655, -23.702251653111666 ], [ -45.865231037105175, -23.702240962118459 ], [ -45.865207903234634, -23.702228266072783 ], [ -45.865188187955823, -23.70221338324707 ], [ -45.865170812959931, -23.702196409989618 ], [ -45.865155090481096, -23.702177169506403 ], [ -45.865140923032548, -23.702155752662538 ], [ -45.865128407505843, -23.702131978277801 ], [ -45.86511754985419, -23.702106749513888 ], [ -45.865108551599342, -23.702080878120228 ], [ -45.865101412740358, -23.702054364096977 ], [ -45.865096133276346, -23.702027207444573 ], [ -45.865076521202141, -23.701923810945065 ], [ -45.865046221068475, -23.701806023059063 ], [ -45.865027185479796, -23.701745434757722 ], [ -45.865009246804298, -23.701702452620594 ], [ -45.864998831542394, -23.701684808209254 ], [ -45.864985268737314, -23.701665826594756 ], [ -45.864948506126488, -23.701624123796936 ], [ -45.864907039187088, -23.701582989193675 ], [ -45.8648691442814, -23.701548066663456 ], [ -45.864793173840283, -23.701480570888911 ], [ -45.864759237370045, -23.701450955063137 ], [ -45.864736957260874, -23.701433828516809 ], [ -45.864733316934348, -23.701432132784234 ], [ -45.864730474947415, -23.701432509939504 ], [ -45.864727284073638, -23.701439482366062 ], [ -45.864727581397851, -23.701454835016975 ], [ -45.864731365731224, -23.701478387259968 ], [ -45.864744686219254, -23.701535033476024 ], [ -45.864762927469414, -23.701594181143793 ], [ -45.864776938239324, -23.701633692139634 ], [ -45.864791208360792, -23.701673934491087 ], [ -45.864800006135972, -23.701698744578792 ], [ -45.86481411062384, -23.701740393372404 ], [ -45.864823959511064, -23.701776285495473 ], [ -45.864829391147246, -23.701811660381704 ], [ -45.86482995082784, -23.701851939740997 ], [ -45.864827550673986, -23.701874713659599 ], [ -45.864822225914473, -23.701900213503333 ], [ -45.864803098006611, -23.701959569953011 ], [ -45.864776517035857, -23.702019148680396 ], [ -45.864761875058676, -23.702044790897343 ], [ -45.864746431161322, -23.702067818328523 ], [ -45.864717105523852, -23.702112780625214 ], [ -45.864693099511186, -23.702161235657805 ], [ -45.864674718680021, -23.702214897791333 ], [ -45.864662070638424, -23.702275211538215 ], [ -45.864649133694549, -23.70233633977314 ], [ -45.864629886147675, -23.702392445368755 ], [ -45.86461710647724, -23.702417896530243 ], [ -45.864601463967503, -23.702440563779078 ], [ -45.864582861725637, -23.702460628294439 ], [ -45.86456139664373, -23.702477908895315 ], [ -45.864537162044698, -23.702491682503364 ], [ -45.864510641797224, -23.702500952900515 ], [ -45.864481835308617, -23.702505629769256 ], [ -45.864450547606545, -23.702505894836314 ], [ -45.864419231944609, -23.702501915037764 ], [ -45.864390145411555, -23.702493858407458 ], [ -45.86436319111688, -23.702481906126589 ], [ -45.864338564632696, -23.702465966784608 ], [ -45.864315290489706, -23.702446858705169 ], [ -45.864292687465507, -23.702425398567932 ], [ -45.864270560585879, -23.702401768100962 ], [ -45.864249202909185, -23.702375785029044 ], [ -45.864230095781878, -23.702348976512368 ], [ -45.864215112877112, -23.702322867521161 ], [ -45.864204254192302, -23.702297458056975 ], [ -45.864197519724847, -23.7022727481205 ], [ -45.864181686579784, -23.7021770978712 ], [ -45.864169061624764, -23.702077094371433 ], [ -45.864160175828239, -23.702023584527776 ], [ -45.864146082176582, -23.701968658646901 ], [ -45.864136979498312, -23.701941794260225 ], [ -45.86412661602985, -23.701917104579291 ], [ -45.864114991771302, -23.701894589603942 ], [ -45.864102105533476, -23.701874068701503 ], [ -45.864071744030554, -23.701836213693614 ], [ -45.864035117194575, -23.701800200043881 ], [ -45.863993706365015, -23.701767554910255 ], [ -45.863949479719288, -23.701739260817618 ], [ -45.863857535962602, -23.701688833799011 ], [ -45.863812351142599, -23.701663977154055 ], [ -45.863769514358658, -23.701638204197224 ], [ -45.863747755064196, -23.701625680894491 ], [ -45.863724339082225, -23.701614792584213 ], [ -45.863699264629233, -23.701605268317195 ], [ -45.863672434811605, -23.70159728927225 ], [ -45.863618703253316, -23.701585305627322 ], [ -45.863567948030507, -23.701578453569351 ], [ -45.863516700620934, -23.70157133328204 ], [ -45.863461788539546, -23.701558814250912 ], [ -45.863407144570203, -23.701542319646453 ], [ -45.863356800168937, -23.701523362413457 ], [ -45.863257959515664, -23.701483089282515 ], [ -45.863150782572717, -23.701442952893821 ], [ -45.863097187888719, -23.701421936350794 ], [ -45.863049660029716, -23.701398718292964 ], [ -45.863006919182816, -23.701372583305591 ], [ -45.862967489373375, -23.701342817065534 ], [ -45.862930385629987, -23.701308792829824 ], [ -45.86289422768742, -23.70126943446061 ], [ -45.862859519613636, -23.701226816497339 ], [ -45.86282676428624, -23.701182832847408 ], [ -45.862770501850029, -23.701099149312466 ], [ -45.862722099056889, -23.701017408977304 ], [ -45.862673135275941, -23.700924923728131 ], [ -45.862625097766987, -23.70082412390256 ], [ -45.862602021199926, -23.700775299324068 ], [ -45.862578578442807, -23.700730450841224 ], [ -45.862556514773381, -23.700686497864453 ], [ -45.862537771631473, -23.700640358712082 ], [ -45.86252166304066, -23.700592127527283 ], [ -45.862507800829633, -23.700542438710531 ], [ -45.862491537799784, -23.700485628026698 ], [ -45.862486910188977, -23.700482944226113 ], [ -45.862476599223285, -23.700481104968688 ], [ -45.862438634170886, -23.700480142350045 ], [ -45.862413520693792, -23.700479559717007 ], [ -45.862387706407603, -23.700476813315529 ], [ -45.862361191313688, -23.700471903145456 ], [ -45.862333877926098, -23.700464920068772 ], [ -45.862281873237222, -23.700446965234502 ], [ -45.862236613007468, -23.700425450351226 ], [ -45.862195153623333, -23.70040021118227 ], [ -45.86215504306373, -23.700371261388025 ], [ -45.862115990054846, -23.700339054189349 ], [ -45.862077900670613, -23.700304222346865 ], [ -45.862041683740024, -23.700270734859458 ], [ -45.862007854577222, -23.700242382279754 ], [ -45.861989932692573, -23.700231643738892 ], [ -45.861968507186226, -23.700225079405225 ], [ -45.86194348056901, -23.700222780139654 ], [ -45.861915146487888, -23.700224653985984 ], [ -45.86188554447218, -23.700227618721531 ], [ -45.861857300759979, -23.700228317900123 ], [ -45.861830416538574, -23.700226932154635 ], [ -45.861804695054815, -23.700223372261913 ], [ -45.861779449744205, -23.700217642044706 ], [ -45.861753602905267, -23.700209928142172 ], [ -45.861700299623415, -23.700188367555324 ], [ -45.861648731573936, -23.700162190993563 ], [ -45.86160264657984, -23.700134538781153 ], [ -45.861515961461784, -23.700078029632611 ], [ -45.861472435513932, -23.700051717930283 ], [ -45.861428543934636, -23.700029472629847 ], [ -45.86138309434115, -23.700008952058113 ], [ -45.861372620794498, -23.700057060343177 ], [ -45.861367538124341, -23.700104596711455 ], [ -45.861370096266505, -23.700150645447533 ], [ -45.861373633440806, -23.700196417776482 ], [ -45.861371680462803, -23.700242581934816 ], [ -45.861367907780433, -23.70026554409467 ], [ -45.861361481579245, -23.700287708144636 ], [ -45.861352304962473, -23.700309255262709 ], [ -45.861340474824445, -23.700330004269997 ], [ -45.86132598464436, -23.700348961687329 ], [ -45.861309120366975, -23.700364861449074 ], [ -45.861289881992349, -23.700377703554466 ], [ -45.86126826952119, -23.700387488002686 ], [ -45.861244383998624, -23.700394665828217 ], [ -45.861218424550444, -23.700399687519869 ], [ -45.861190588524813, -23.700402732617651 ], [ -45.86116067857585, -23.700403621579348 ], [ -45.861129773595323, -23.700402348401713 ], [ -45.861098753350674, -23.700398456592065 ], [ -45.861067717109655, -23.700392126237094 ], [ -45.86103656679316, -23.700383357882508 ], [ -45.860977976658596, -23.70036327156792 ], [ -45.860926939956315, -23.700343323858334 ], [ -45.860879128683393, -23.700321642121217 ], [ -45.860830411003938, -23.700296352627518 ], [ -45.860775466271384, -23.700263781861917 ], [ -45.860709463071515, -23.700220072941423 ], [ -45.860650954918924, -23.700182554368237 ], [ -45.860631370512301, -23.700172547467464 ], [ -45.860618299117988, -23.700168555763284 ], [ -45.860608393550599, -23.700168701156581 ], [ -45.860598604421533, -23.700171645808265 ], [ -45.860588833057626, -23.700177299947505 ], [ -45.86057898137723, -23.700185664119541 ], [ -45.860568180272317, -23.700198820506362 ], [ -45.860555363879882, -23.700218762063681 ], [ -45.860523293489273, -23.700279093185607 ], [ -45.86050595609975, -23.700312607807117 ], [ -45.860489944465172, -23.700338889491615 ], [ -45.860475454750741, -23.700357937149203 ], [ -45.860462291981655, -23.700369932503051 ], [ -45.860447625430965, -23.700376968639116 ], [ -45.860428135741707, -23.700381412316915 ], [ -45.860404019076263, -23.700383262444351 ], [ -45.8603750792741, -23.700382520109489 ], [ -45.860344257581275, -23.700378988322512 ], [ -45.860314202185663, -23.700372652363836 ], [ -45.860284815007972, -23.700363512778786 ], [ -45.860256193539286, -23.70035147870643 ], [ -45.860229030858768, -23.700337539810647 ], [ -45.860204019452922, -23.700322595439527 ], [ -45.860181354891608, -23.70030655418778 ], [ -45.860160842196471, -23.700289597778948 ], [ -45.860125685101835, -23.700253123396223 ], [ -45.86009766898912, -23.700213719099683 ], [ -45.860052301579891, -23.70013087717231 ], [ -45.860030164442982, -23.70009053700096 ], [ -45.860005792767339, -23.700053460745494 ], [ -45.859991654197231, -23.700036288258858 ], [ -45.859974775880637, -23.700020124507326 ], [ -45.859955157226437, -23.700004879173925 ], [ -45.859932700154616, -23.699990552802273 ], [ -45.859843076951769, -23.699934600936217 ], [ -45.859801787110491, -23.699905205467573 ], [ -45.859762247356493, -23.699873451957707 ], [ -45.859729606981347, -23.699846808333621 ], [ -45.859709011716646, -23.699832200628641 ], [ -45.859708467232984, -23.699832731374062 ], [ -45.859709961880256, -23.699842491783741 ], [ -45.859724220376762, -23.699937880388998 ], [ -45.859738904348461, -23.700038324524499 ], [ -45.859751717710949, -23.7001376952119 ], [ -45.859760067761094, -23.700229503842987 ], [ -45.859764151241151, -23.700313839645876 ], [ -45.859763870060625, -23.700390703166075 ], [ -45.859759863496336, -23.700527740214003 ], [ -45.859757894023517, -23.700646340752126 ], [ -45.859755415932547, -23.700777137255546 ], [ -45.859750274055394, -23.700950489069722 ], [ -45.85973876613145, -23.701170210177416 ], [ -45.859716991926952, -23.701439844700577 ], [ -45.8596746901977, -23.701929882632975 ], [ -45.859647127416729, -23.702304139322155 ], [ -45.859642815704824, -23.702349684324922 ], [ -45.859635965677796, -23.702397049816135 ], [ -45.859626478658555, -23.702446146023963 ], [ -45.859614452726362, -23.702496972403249 ], [ -45.859599888469383, -23.702549619269895 ], [ -45.859582785292403, -23.702603996306735 ], [ -45.85954076658966, -23.702718032294054 ], [ -45.859519184686384, -23.702777492090799 ], [ -45.859501927872159, -23.702838372979578 ], [ -45.859488898069827, -23.702900675506225 ], [ -45.859479996610567, -23.702964309899905 ], [ -45.859475224683223, -23.703029456793914 ], [ -45.859474777276851, -23.703095934466358 ], [ -45.859478458823652, -23.70316383432268 ], [ -45.859486367413147, -23.703233155817735 ], [ -45.85950499483544, -23.703381537709106 ], [ -45.859520788057559, -23.70354646381023 ], [ -45.859533846343396, -23.703728114208936 ], [ -45.859544169097489, -23.703926398588646 ], [ -45.859563274726334, -23.704297505772697 ], [ -45.859573994301854, -23.704451531359922 ], [ -45.859585361327305, -23.704584599215984 ], [ -45.859599352989015, -23.7047140397097 ], [ -45.85961765223778, -23.704857184842005 ], [ -45.85962054098011, -23.70487714074094 ], [ -45.85962271212103, -23.70489213932947 ], [ -45.859640357179394, -23.705014034065147 ], [ -45.859667369753495, -23.70518458792062 ], [ -45.85972875933264, -23.705541821884712 ], [ -45.859796063973725, -23.705903538914455 ], [ -45.859833796235222, -23.70609327121289 ], [ -45.859877024519264, -23.706298417593565 ], [ -45.859925748277014, -23.706518887733239 ], [ -45.859979869470251, -23.70675468216918 ], [ -45.860034112637386, -23.706994088676577 ], [ -45.860083005493493, -23.707225305814838 ], [ -45.86012664608608, -23.707448333045683 ], [ -45.860165034970997, -23.707663260691593 ], [ -45.860230527598851, -23.708032483970332 ], [ -45.860258946455559, -23.708177920992711 ], [ -45.8602844472097, -23.708297181580136 ], [ -45.860307453792288, -23.708410043343747 ], [ -45.860328487648587, -23.708536193031307 ], [ -45.860347351421694, -23.708675451101289 ], [ -45.860357202152677, -23.708764414812293 ], [ -45.860364242470887, -23.708827997095351 ], [ -45.860388490331836, -23.709070279729559 ], [ -45.860343649339733, -23.709247735829887 ], [ -45.860316063660576, -23.709364040027413 ], [ -45.860265862073362, -23.709591653207422 ], [ -45.860200526072667, -23.709919695419735 ], [ -45.860090115445374, -23.710524365676086 ], [ -45.860040182886166, -23.710778169914647 ], [ -45.860009893000658, -23.710915985108361 ], [ -45.859951622403337, -23.711154842626431 ], [ -45.859871860150477, -23.711452165915219 ], [ -45.85982162342647, -23.711629742150325 ], [ -45.859696115661137, -23.712056656981176 ], [ -45.85961911496203, -23.712311514651592 ], [ -45.859483118060567, -23.712753455903606 ], [ -45.859550662110003, -23.712927783184842 ], [ -45.859613845141816, -23.713079078501323 ], [ -45.859679844539116, -23.713226022804974 ], [ -45.859773791180167, -23.71343133876773 ], [ -45.859823382170546, -23.713544233430991 ], [ -45.85989126610383, -23.713709231036255 ], [ -45.859924698537647, -23.713796293787528 ], [ -45.859972169310687, -23.713929883321974 ], [ -45.860014347997542, -23.714064224808624 ], [ -45.860032832035316, -23.714130506833726 ], [ -45.860049054071041, -23.714195898235396 ], [ -45.860075498037389, -23.714324185441566 ], [ -45.86009447407789, -23.714450527127696 ], [ -45.860103460735758, -23.7145344742198 ], [ -45.860107850278176, -23.71459053816967 ], [ -45.860113398274258, -23.714703587223983 ], [ -45.860114776841364, -23.714898850112863 ], [ -45.860105971219809, -23.715306239564985 ], [ -45.860103431623195, -23.715592114575873 ], [ -45.860099420387805, -23.715743331542658 ], [ -45.860090264140943, -23.715902796173953 ], [ -45.860082963997662, -23.715986291875595 ], [ -45.860073621668548, -23.716072508510891 ], [ -45.860050774660415, -23.716253454939398 ], [ -45.860019417114223, -23.716512845899338 ], [ -45.86000668475782, -23.716650563421467 ], [ -45.859998009736252, -23.716793677549628 ], [ -45.859995647707613, -23.716867300977086 ], [ -45.859994917202478, -23.716980294585053 ], [ -45.860000079399313, -23.717214012444977 ], [ -45.860010046596251, -23.717537210087279 ], [ -45.86001122262536, -23.717701584810325 ], [ -45.860006812042542, -23.717866713141596 ], [ -45.860001859522718, -23.717949202258694 ], [ -45.859990307521016, -23.718072462097251 ], [ -45.85998015066167, -23.71815416726869 ], [ -45.859954327634277, -23.718315169610396 ], [ -45.859939052060923, -23.71839419365061 ], [ -45.859904452929129, -23.7185482901745 ], [ -45.859865591828395, -23.718695726746088 ], [ -45.85983775847231, -23.71878954263105 ], [ -45.859779555189647, -23.718964363133814 ], [ -45.859746007345251, -23.719054417348801 ], [ -45.859679507599907, -23.719220703582991 ], [ -45.859596509304943, -23.719429170289576 ], [ -45.859559532213851, -23.719534868769117 ], [ -45.859526905006177, -23.719645691273964 ], [ -45.859512572530598, -23.719704026895332 ], [ -45.859493652988739, -23.719795896483209 ], [ -45.859482692434568, -23.719859813166593 ], [ -45.859464534449479, -23.719993044783902 ], [ -45.859457137278454, -23.720061818911702 ], [ -45.859445603164453, -23.72020287150627 ], [ -45.859437716929683, -23.720346703730943 ], [ -45.85943422910718, -23.720443184176251 ], [ -45.859430878274864, -23.720635402369886 ], [ -45.85943059404871, -23.720741709821979 ], [ -45.859433324178028, -23.720948706595845 ], [ -45.85943972161283, -23.721146470415437 ], [ -45.859445548575259, -23.721272162564944 ], [ -45.859460621549637, -23.721506367185128 ], [ -45.85947936171128, -23.721716345837581 ], [ -45.859490799462307, -23.721815001317996 ], [ -45.859511464235872, -23.721959397426918 ], [ -45.859537623688674, -23.722103943635187 ], [ -45.859553118071283, -23.722177919385324 ], [ -45.859608096925214, -23.722408831339344 ], [ -45.859659097398989, -23.722616462988121 ], [ -45.859682126308435, -23.722717402319741 ], [ -45.859709950829405, -23.722861487626218 ], [ -45.859719811788622, -23.72292908198753 ], [ -45.8597249040346, -23.722972587595187 ], [ -45.859731632013592, -23.723056095567859 ], [ -45.859734369208596, -23.72317430833812 ], [ -45.859732019476247, -23.723249828345534 ], [ -45.859728908812649, -23.723299069661639 ], [ -45.859719638737928, -23.723396395087281 ], [ -45.859696520676152, -23.723566143249123 ], [ -45.859674426151606, -23.723697500009763 ], [ -45.859608774144334, -23.724053271369758 ], [ -45.85956986254093, -23.724268086292909 ], [ -45.859550649179546, -23.724390033810423 ], [ -45.85952518506928, -23.724591045450904 ], [ -45.859512113184387, -23.724736983765219 ], [ -45.8595072198518, -23.724813601724716 ], [ -45.859502312292825, -23.724932940790897 ], [ -45.85950115440594, -23.725100489522632 ], [ -45.859503099799156, -23.7251877271521 ], [ -45.859509677782881, -23.725323169539511 ], [ -45.859521195708396, -23.725463913309536 ], [ -45.859528831901926, -23.725536306944679 ], [ -45.859548317904718, -23.725770125612865 ], [ -45.85955977176625, -23.725886122241597 ], [ -45.859578934756279, -23.726085621360422 ], [ -45.859590051984227, -23.726254998547965 ], [ -45.85961146672819, -23.726708101668812 ], [ -45.85962124087272, -23.726882092586592 ], [ -45.859629649440087, -23.726982480882242 ], [ -45.85965022067397, -23.727157314969897 ], [ -45.859684082863822, -23.727369196389006 ], [ -45.859707353015139, -23.727491810919165 ], [ -45.85974613066977, -23.727675304738298 ], [ -45.859769160667604, -23.727776243963898 ], [ -45.859808791558606, -23.727940224053256 ], [ -45.859880455816871, -23.728216654133238 ], [ -45.860009739303862, -23.728423037292004 ], [ -45.860094867866671, -23.728568429455517 ], [ -45.860120877004015, -23.728614979852349 ], [ -45.860133405589657, -23.728640470517767 ], [ -45.860179630271936, -23.728747693318297 ], [ -45.860189240710412, -23.728776993617529 ], [ -45.860190601389036, -23.72878999202025 ], [ -45.860189398065685, -23.728815920336277 ], [ -45.860179218551046, -23.728901643891547 ], [ -45.860199573263927, -23.729170457079608 ], [ -45.860029828322823, -23.72921204482639 ], [ -45.859866577589337, -23.72925657681505 ], [ -45.859800954922328, -23.729273108821999 ], [ -45.859711595558025, -23.729290404995414 ], [ -45.859657000988022, -23.729298114667074 ], [ -45.859558473028095, -23.729308597456765 ], [ -45.859435154105782, -23.729323643603365 ], [ -45.859383126159365, -23.729333777534901 ], [ -45.859336314224002, -23.729346411403874 ], [ -45.859276289802295, -23.729363905593782 ], [ -45.859244944910081, -23.729371395615352 ], [ -45.859199763985472, -23.729378420587608 ], [ -45.859175839958802, -23.729380540529313 ], [ -45.859138468168709, -23.729381561027211 ], [ -45.859079483007477, -23.729378004981623 ], [ -45.859018195317539, -23.729367416801637 ], [ -45.858976823068339, -23.729356808297716 ], [ -45.858949296912449, -23.72934820022077 ], [ -45.858895007534322, -23.729327638001983 ], [ -45.858836160475846, -23.729300236811405 ], [ -45.858760284292913, -23.729264169194192 ], [ -45.858722810163336, -23.7292495649268 ], [ -45.85870403292585, -23.729243617801661 ], [ -45.858666497980863, -23.729234703971624 ], [ -45.858628886828882, -23.72922913236814 ], [ -45.858603659677108, -23.729227014450846 ], [ -45.858553029284458, -23.729225850436293 ], [ -45.858475066724573, -23.729230708886572 ], [ -45.85843370174431, -23.729236177024148 ], [ -45.858366680608043, -23.729248922779934 ], [ -45.858146882525595, -23.729302708431351 ], [ -45.85809269089323, -23.729312041063906 ], [ -45.858068277524147, -23.729314344188236 ], [ -45.858033842311215, -23.729314354612843 ], [ -45.858001242078835, -23.729309929204764 ], [ -45.857985224742841, -23.729305953703314 ], [ -45.857969296642523, -23.729300622916057 ], [ -45.857937121899653, -23.729286260013566 ], [ -45.857905670300944, -23.729267381656779 ], [ -45.848905578055451, -23.741935807447796 ], [ -45.863137238568655, -23.742904588880055 ], [ -45.863552180368202, -23.734945569917276 ], [ -45.865638087158828, -23.735008733843575 ], [ -45.865631881365509, -23.734069311415446 ], [ -45.865638239164838, -23.734066385611015 ], [ -45.865648490180099, -23.734058741417368 ], [ -45.865655978713882, -23.734048764392444 ], [ -45.865659654238748, -23.73404079573455 ], [ -45.865664827266748, -23.734021890082207 ], [ -45.865668773163442, -23.733980592164095 ], [ -45.865668547040741, -23.733946362492819 ], [ -45.865661509434105, -23.733861230985038 ], [ -45.865651077512204, -23.733782079539168 ], [ -45.865619050744243, -23.733582472986637 ], [ -45.865555323785969, -23.733202947576846 ], [ -45.865528704495937, -23.733034741764719 ], [ -45.86551865561362, -23.732954143048339 ], [ -45.865512057126438, -23.732876053952292 ], [ -45.865510334427462, -23.732838039249167 ], [ -45.865509989376285, -23.732800649068395 ], [ -45.865512846564528, -23.732728197147772 ], [ -45.865515682031173, -23.732697021182805 ], [ -45.865524408530298, -23.732636819807869 ], [ -45.865533442777064, -23.732593506383861 ], [ -45.865551088454417, -23.732531990614508 ], [ -45.865573176869439, -23.732474694972368 ], [ -45.865622920885009, -23.732371181764822 ], [ -45.865656307657972, -23.732301449143868 ], [ -45.865679815060837, -23.732236197460924 ], [ -45.865690618098917, -23.732193325720626 ], [ -45.865696115464893, -23.732164121869651 ], [ -45.86570444167964, -23.732102748575688 ], [ -45.865712010682628, -23.732001006874857 ], [ -45.865712155174819, -23.731948620977573 ], [ -45.865708579456779, -23.731897430055977 ], [ -45.865705179141209, -23.731872791973011 ], [ -45.865695056688729, -23.731825611743133 ], [ -45.865669584839139, -23.731727125861802 ], [ -45.865659090547247, -23.73166820622389 ], [ -45.865655533681803, -23.73163471774112 ], [ -45.865652834046976, -23.73156762574537 ], [ -45.865653280962427, -23.731531314955756 ], [ -45.865656339375207, -23.731474487105455 ], [ -45.865666457637985, -23.73138736282624 ], [ -45.865683556779679, -23.731302547762745 ], [ -45.865694771255875, -23.731262563927626 ], [ -45.865707767703142, -23.731225008732149 ], [ -45.865717323682077, -23.731201291623091 ], [ -45.86573851549808, -23.731156826290185 ], [ -45.865774123446407, -23.731096655033809 ], [ -45.86579988289035, -23.731060473479481 ], [ -45.865853902659417, -23.730995412204589 ], [ -45.865908859011988, -23.730938474388484 ], [ -45.865936848275766, -23.730913118621231 ], [ -45.865979696168147, -23.730879641238683 ], [ -45.866024348097405, -23.730851934165383 ], [ -45.86604742594546, -23.730840515029591 ], [ -45.86607110315358, -23.730830718277893 ], [ -45.866119371527255, -23.7308158162392 ], [ -45.866167088274977, -23.730806517061183 ], [ -45.866197674499233, -23.730803003929775 ], [ -45.866253290856754, -23.730801427920596 ], [ -45.866271545280739, -23.730802409491464 ], [ -45.866303458186742, -23.730806656351685 ], [ -45.866329506373212, -23.730814187549729 ], [ -45.866343874268232, -23.730820880990017 ], [ -45.866352149594206, -23.730826073137209 ], [ -45.866365573471363, -23.730838371649636 ], [ -45.866371512821253, -23.730846376775879 ], [ -45.866379967449923, -23.730863851317171 ], [ -45.866384112686646, -23.73088243383156 ], [ -45.866384783102276, -23.730894803794861 ], [ -45.866381205020424, -23.730917493940467 ], [ -45.866371709075857, -23.730935430328195 ], [ -45.866364297378261, -23.730942155467535 ], [ -45.866349530890588, -23.7309493734071 ], [ -45.866329636742627, -23.730952646030808 ], [ -45.86631756999212, -23.730952713632096 ], [ -45.866273581942188, -23.730947269952875 ], [ -45.866176408794239, -23.730925324820372 ], [ -45.866140946225137, -23.730918388242745 ], [ -45.866124748380663, -23.730916853223274 ], [ -45.866101110774665, -23.730917798487532 ], [ -45.866076525553858, -23.730923806926342 ], [ -45.866063216879503, -23.730928939334202 ], [ -45.866023919456694, -23.730950384412342 ], [ -45.866002727638055, -23.730965134790488 ], [ -45.865970235751256, -23.730992051209238 ], [ -45.865938172069804, -23.731024384371182 ], [ -45.865922594221253, -23.731042445109033 ], [ -45.865907710851857, -23.731061676105366 ], [ -45.865880023374068, -23.73110301666307 ], [ -45.865863341058102, -23.731132102512891 ], [ -45.865835482750121, -23.731192140078331 ], [ -45.86582008147834, -23.731236934278634 ], [ -45.865814339635129, -23.731258823655569 ], [ -45.86580647146944, -23.731300414506755 ], [ -45.865802696816672, -23.731337918077383 ], [ -45.865801860165753, -23.731359779989692 ], [ -45.865803363437621, -23.731394273477999 ], [ -45.865808609832897, -23.731416191650233 ], [ -45.865815820949287, -23.731423647761989 ], [ -45.865823101530751, -23.731426768166489 ], [ -45.865845305262333, -23.731431521076022 ], [ -45.866029018217496, -23.731469600486811 ], [ -45.866176293471348, -23.73150165176504 ], [ -45.866259489705413, -23.7315166302939 ], [ -45.866344624157897, -23.731527985154045 ], [ -45.866373955584166, -23.731530388147014 ], [ -45.866470686543167, -23.731541910531956 ], [ -45.866504299650344, -23.73155102505115 ], [ -45.866558074864734, -23.731567703701987 ], [ -45.86656652495676, -23.731569643368584 ], [ -45.866581147845068, -23.731570374293831 ], [ -45.866599268441192, -23.731565937426712 ], [ -45.866608067353781, -23.731561281841412 ], [ -45.866620756388684, -23.731551456264953 ], [ -45.866639155923323, -23.731529857199604 ], [ -45.866697165171153, -23.731430181062098 ], [ -45.866743518185878, -23.731362994797802 ], [ -45.866759507032938, -23.731332919234589 ], [ -45.866762485537514, -23.731323419033203 ], [ -45.866765210492005, -23.731305249618451 ], [ -45.866764312171867, -23.731288094023089 ], [ -45.866756546725945, -23.731256164585165 ], [ -45.866743413195309, -23.731213607579992 ], [ -45.866739956414598, -23.731195292176004 ], [ -45.866740255055426, -23.731181110401828 ], [ -45.866742079009541, -23.731175048798161 ], [ -45.866747327637647, -23.731167613212378 ], [ -45.866756122934632, -23.731162415724722 ], [ -45.866761999008958, -23.731160847363679 ], [ -45.866785835247455, -23.731160262160572 ], [ -45.866826603880178, -23.731168433311652 ], [ -45.866848432507425, -23.731175807434305 ], [ -45.866876476923267, -23.731188475536193 ], [ -45.866889376913221, -23.731195719067369 ], [ -45.866906527031745, -23.731207725683525 ], [ -45.866925003284059, -23.731227401987201 ], [ -45.866931276427273, -23.731241366280081 ], [ -45.866932404558597, -23.731248766122132 ], [ -45.866930647523752, -23.731264943092604 ], [ -45.866926508513878, -23.731276978738055 ], [ -45.866910508361279, -23.731305338318041 ], [ -45.866881627780174, -23.731344247120518 ], [ -45.866836281109734, -23.731400408852245 ], [ -45.866815752607799, -23.731426445510603 ], [ -45.866795253367336, -23.731456907638414 ], [ -45.866788483450257, -23.731471667600754 ], [ -45.866783342332027, -23.731495360024425 ], [ -45.866784801064959, -23.73152307981319 ], [ -45.86678824412342, -23.731539317952567 ], [ -45.866793563107471, -23.731557351958454 ], [ -45.866809041036909, -23.731598360389924 ], [ -45.866829649663664, -23.73164376569455 ], [ -45.866879922421106, -23.731739041483785 ], [ -45.866933887967946, -23.731828967723715 ], [ -45.86696272429657, -23.731872339859297 ], [ -45.867009657740184, -23.731937377423826 ], [ -45.86706219513411, -23.732004189931811 ], [ -45.867175437262397, -23.732141472169257 ], [ -45.867249433853949, -23.732233905203689 ], [ -45.867285262703611, -23.732281302413551 ], [ -45.867337553285751, -23.732355251410585 ], [ -45.867404478733022, -23.732461362207257 ], [ -45.867436639501058, -23.732517811862518 ], [ -45.867482945212664, -23.732606516388017 ], [ -45.867522051064512, -23.73268948086978 ], [ -45.867540582576844, -23.732732278463541 ], [ -45.867566526336823, -23.732798065832242 ], [ -45.867600656403908, -23.732900025213066 ], [ -45.867627638004642, -23.733004011714211 ], [ -45.867641520306869, -23.73307067961488 ], [ -45.867659149649427, -23.733184653681786 ], [ -45.867662951692196, -23.733240268895624 ], [ -45.867662125516553, -23.733263666171215 ], [ -45.867657145989483, -23.733296931531193 ], [ -45.867640233440532, -23.733350495322174 ], [ -45.8675457075637, -23.733565714131373 ], [ -45.867521224610833, -23.733631694096765 ], [ -45.867508933149949, -23.733671955043409 ], [ -45.867491480835, -23.733747740337503 ], [ -45.867481180059634, -23.733821950083101 ], [ -45.867479947024783, -23.733857994308867 ], [ -45.867482334339535, -23.733892573118183 ], [ -45.867485093804788, -23.733909266664188 ], [ -45.867488928847997, -23.73392541226125 ], [ -45.86749933334638, -23.73395579141345 ], [ -45.867511877046809, -23.733983268352663 ], [ -45.867536401586044, -23.73402729677839 ], [ -45.867575695809506, -23.734094183370846 ], [ -45.867648897582612, -23.73419971688212 ], [ -45.867689211879437, -23.734257656130627 ], [ -45.867718572464447, -23.734291180373937 ], [ -45.867780089715119, -23.734350806987358 ], [ -45.867818775217707, -23.73438500142802 ], [ -45.867883188489863, -23.734437476538169 ], [ -45.867951611607722, -23.734488032410638 ], [ -45.86808604062584, -23.734579674131165 ], [ -45.868201925296894, -23.734656246258631 ], [ -45.868256088472975, -23.734686831231652 ], [ -45.868310309084293, -23.734711274167463 ], [ -45.868345713580389, -23.734724081281129 ], [ -45.868411369582567, -23.734741956987527 ], [ -45.868449576684938, -23.734748335684099 ], [ -45.868467050407176, -23.734749863281117 ], [ -45.868491773232343, -23.734749724415398 ], [ -45.868526173875651, -23.73474429267943 ], [ -45.868555042242193, -23.734733111594281 ], [ -45.868568818377668, -23.734724453898998 ], [ -45.868588222422787, -23.734706371407103 ], [ -45.868605910161008, -23.734680982712355 ], [ -45.868614046329235, -23.734665131173511 ], [ -45.868621578890128, -23.734647025049217 ], [ -45.868630059459903, -23.734599107738955 ], [ -45.869605910273535, -23.734668450348913 ], [ -45.867003017746327, -23.749503124167624 ], [ -45.865571704058951, -23.758529371598886 ], [ -45.865597201917147, -23.758542329876882 ], [ -45.865861734882365, -23.758613463926178 ], [ -45.866106068911513, -23.758597914374803 ], [ -45.866170723873907, -23.758601600005857 ], [ -45.866672900208812, -23.758662144974036 ], [ -45.866806089059359, -23.758712667502955 ], [ -45.867198161466789, -23.758794373489419 ], [ -45.867696524564799, -23.75883429619639 ], [ -45.868109473675069, -23.758897367250086 ], [ -45.868570923828173, -23.758979041154017 ], [ -45.869019485185071, -23.759040735398273 ], [ -45.869290247624029, -23.759044721632794 ], [ -45.869852042956843, -23.759134949243936 ], [ -45.87001402539731, -23.759086529515802 ], [ -45.870025002830069, -23.759066248309246 ], [ -45.870263921156379, -23.759095047553679 ], [ -45.870346882314273, -23.759116898560926 ], [ -45.870566736925433, -23.759286271961244 ], [ -45.8709676933209, -23.759345790130801 ], [ -45.871259325438459, -23.759300702500724 ], [ -45.871398024813899, -23.759336770305982 ], [ -45.871856073227015, -23.759452323006013 ], [ -45.872352774616949, -23.759522135458269 ], [ -45.872723326194887, -23.759539551561435 ], [ -45.873097592651376, -23.759540146504619 ], [ -45.873262794588832, -23.759621402818322 ], [ -45.873569375047538, -23.759640081641319 ], [ -45.873790786428856, -23.759689137052035 ], [ -45.874103750784272, -23.759811464528628 ], [ -45.874462009236211, -23.759898130077506 ], [ -45.874865684490352, -23.759923482198172 ], [ -45.875057951276695, -23.759888205819959 ], [ -45.875055951795936, -23.759887009355303 ], [ -45.875184231919135, -23.759544727639692 ], [ -45.874873522708128, -23.759502042442268 ], [ -45.875101306741477, -23.758491216556994 ], [ -45.875134141156487, -23.758243408561228 ], [ -45.875447704959498, -23.758082351009577 ], [ -45.87568411044883, -23.757960924044241 ], [ -45.876213085964444, -23.757634111689836 ], [ -45.876761987114342, -23.757192897446981 ], [ -45.877329408035266, -23.756427762811885 ], [ -45.876394113640742, -23.75582353949989 ], [ -45.877133806121947, -23.755032031226293 ], [ -45.877334056861869, -23.755145201731466 ], [ -45.878127230823637, -23.755593454682728 ], [ -45.878156042939963, -23.755979358795013 ], [ -45.877880011037043, -23.756191238473999 ], [ -45.877577684274229, -23.756538467056235 ], [ -45.877332508700512, -23.756898911050396 ], [ -45.876828860200682, -23.75763934081473 ], [ -45.876284839802189, -23.758021719392477 ], [ -45.877330662449033, -23.758991437147571 ], [ -45.877565010978515, -23.759208729028465 ], [ -45.877571648350887, -23.759262907500347 ], [ -45.875845699425753, -23.760136721958869 ], [ -45.875473455687747, -23.760138831812839 ], [ -45.875979662141667, -23.760806323051188 ], [ -45.876040362568439, -23.762201724294883 ], [ -45.876279015153727, -23.762324179462826 ], [ -45.87649458201313, -23.762364232141334 ], [ -45.876679472993935, -23.762380795131836 ], [ -45.876940535939823, -23.762400718898533 ], [ -45.877118981754634, -23.762363397752075 ], [ -45.877197863022708, -23.762375684781119 ], [ -45.877306760454601, -23.76231301752474 ], [ -45.877422103445561, -23.762157917675815 ], [ -45.87750011122418, -23.762127759781187 ], [ -45.877612263396863, -23.762140760797763 ], [ -45.877904821749787, -23.762247842076871 ], [ -45.878239877319238, -23.762341223729649 ], [ -45.878303393094832, -23.762432716607446 ], [ -45.878436436557969, -23.762692619501991 ], [ -45.878454330172573, -23.762785365229107 ], [ -45.87844180531544, -23.762834569746815 ], [ -45.878629084038337, -23.762899708184666 ], [ -45.878772298192473, -23.762949652590432 ], [ -45.878929441539469, -23.762984163456018 ], [ -45.879099921828143, -23.763075769901725 ], [ -45.879211226724109, -23.763123185918445 ], [ -45.879362602710493, -23.763160980626918 ], [ -45.87939367412811, -23.7631263923879 ], [ -45.879479646079197, -23.763010927456996 ], [ -45.879556485456369, -23.763025934446588 ], [ -45.87964327926057, -23.763076560536334 ], [ -45.879795010772895, -23.763108843364463 ], [ -45.880095742231831, -23.763175772411916 ], [ -45.880324018534665, -23.763222972752342 ], [ -45.880425198311315, -23.763282277305517 ], [ -45.880492974009179, -23.763248202204984 ], [ -45.880480293321042, -23.763172045651196 ], [ -45.880328916757499, -23.763061274682691 ], [ -45.880251017669146, -23.763005450144977 ], [ -45.880232887873355, -23.762950730105242 ], [ -45.880307414466159, -23.762957440594139 ], [ -45.880425856202741, -23.762942495277326 ], [ -45.880495727089702, -23.762971902158554 ], [ -45.880585561232273, -23.762963893662189 ], [ -45.880698317848378, -23.763037402373705 ], [ -45.880809605957332, -23.763026623330557 ], [ -45.880817532956172, -23.763025855541379 ], [ -45.880841986222819, -23.763023487056717 ], [ -45.880929719083284, -23.76296572483972 ], [ -45.880885817309412, -23.76288730775866 ], [ -45.880735929230468, -23.76283731306188 ], [ -45.880599447278932, -23.762767100766208 ], [ -45.880569841976367, -23.762713259048216 ], [ -45.880606291999165, -23.7626613890762 ], [ -45.88072894517741, -23.762601531220984 ], [ -45.880801030737082, -23.762566347599012 ], [ -45.881088896395667, -23.762515211470379 ], [ -45.881227389780854, -23.762490667739311 ], [ -45.881367290103583, -23.76239819633572 ], [ -45.881602352219737, -23.762272938060043 ], [ -45.881810075662976, -23.762197330033356 ], [ -45.882149581441773, -23.762149871191681 ], [ -45.882350472460736, -23.76210889345046 ], [ -45.882722907804393, -23.762142531919725 ], [ -45.883170981870848, -23.762216831994426 ], [ -45.883607498744034, -23.762279816732924 ], [ -45.884133122259627, -23.762328832826217 ], [ -45.884632653279866, -23.762408343542592 ], [ -45.884812297462481, -23.762432513565852 ], [ -45.884965399023848, -23.762478692498849 ], [ -45.885208505669233, -23.762571230832243 ], [ -45.885530283274349, -23.762644802547335 ], [ -45.88573280068303, -23.762641202927082 ], [ -45.886127287550337, -23.762626928239403 ], [ -45.886585682429534, -23.762732228651657 ], [ -45.886782732528964, -23.762805158731755 ], [ -45.886922114560029, -23.762897386525356 ], [ -45.887102304303468, -23.763030836004287 ], [ -45.88718346477161, -23.763075167847063 ], [ -45.887442808285428, -23.763058233751863 ], [ -45.887619836022303, -23.763029217964565 ], [ -45.887690758562236, -23.762953033294814 ], [ -45.887826678301629, -23.762910886366139 ], [ -45.888005236678239, -23.762977327893594 ], [ -45.888149140469409, -23.763027169232515 ], [ -45.888493695342518, -23.76310195852205 ], [ -45.888839334939135, -23.763206365220523 ], [ -45.889328355933564, -23.763370188103316 ], [ -45.889649311989928, -23.763437794842957 ], [ -45.889968723814668, -23.763480301299754 ], [ -45.890206830747793, -23.763442982632508 ], [ -45.890396319198025, -23.76345697371227 ], [ -45.890476875026515, -23.76358530333944 ], [ -45.890502300337197, -23.763745291205112 ], [ -45.890588469928183, -23.763790043931433 ], [ -45.890937748672911, -23.763938409889992 ], [ -45.891215130121793, -23.764005090491271 ], [ -45.891589773347327, -23.764030475678009 ], [ -45.891890239968944, -23.764028650839602 ], [ -45.892112283005901, -23.764010027547201 ], [ -45.892367392567714, -23.764034023802026 ], [ -45.892525175670947, -23.763801987677283 ], [ -45.892610616817727, -23.763682449771583 ], [ -45.892623837499393, -23.763663953126422 ], [ -45.892781632945088, -23.763635223199493 ], [ -45.892976921918127, -23.763708245747942 ], [ -45.893042999308634, -23.763785266547529 ], [ -45.893100351834164, -23.763964216804482 ], [ -45.893228042850446, -23.764168681673635 ], [ -45.893342493614426, -23.764302323133538 ], [ -45.893555495375082, -23.764439820051741 ], [ -45.893777326236048, -23.764505010950451 ], [ -45.893913297672739, -23.764571059683714 ], [ -45.894068084570328, -23.764604575130022 ], [ -45.894224764956554, -23.764584881993486 ], [ -45.894391348770192, -23.764535326328073 ], [ -45.894493394381598, -23.764461848603009 ], [ -45.894702359807795, -23.764525486930751 ], [ -45.894944433773816, -23.764637705018192 ], [ -45.895105864760254, -23.764681296567257 ], [ -45.895239243899503, -23.764769938696535 ], [ -45.895347976553332, -23.764813293483041 ], [ -45.895548809096013, -23.764792530214411 ], [ -45.895617682783026, -23.764847676623649 ], [ -45.895806068345792, -23.764915226113935 ], [ -45.895990802949257, -23.764936824561143 ], [ -45.896088038620093, -23.76487755366373 ], [ -45.896458130838809, -23.76479682942713 ], [ -45.896504581839288, -23.764758897140137 ], [ -45.896470028529855, -23.764628407185807 ], [ -45.895956337967192, -23.764102574180193 ], [ -45.89587406149024, -23.763881410369656 ], [ -45.895773819087118, -23.763587373529596 ], [ -45.895686132125491, -23.76347886783909 ], [ -45.89568778684766, -23.763218831958476 ], [ -45.895777695855863, -23.76300687556277 ], [ -45.895749716275752, -23.762704020009732 ], [ -45.895570928213218, -23.762461106939849 ], [ -45.895471599980489, -23.762314734898695 ], [ -45.895474299387736, -23.761920479945765 ], [ -45.895498609728669, -23.761617582055379 ], [ -45.8955105621462, -23.761468658931367 ], [ -45.895511010228134, -23.761463075975001 ], [ -45.895531658650263, -23.761081903408023 ], [ -45.895501212820214, -23.760705271958837 ], [ -45.895448599025784, -23.760473368573603 ], [ -45.895415831243014, -23.760230602257398 ], [ -45.895416561192619, -23.759921348142441 ], [ -45.895457073425462, -23.759603644475831 ], [ -45.895465120456279, -23.759579377393909 ], [ -45.895552737066687, -23.759315155200419 ], [ -45.895631014112823, -23.759052778331821 ], [ -45.89570893915932, -23.758796364472119 ], [ -45.895703269091847, -23.758627411771002 ], [ -45.895499054694, -23.758338944686514 ], [ -45.895239280625908, -23.758047457461053 ], [ -45.895002768492795, -23.75777100849297 ], [ -45.894867754498989, -23.757643086893182 ], [ -45.894529079141122, -23.757493674514897 ], [ -45.894124953710325, -23.757301106693635 ], [ -45.893820088956893, -23.757188256624563 ], [ -45.893609695545514, -23.75710051000344 ], [ -45.893447060231821, -23.756936529179434 ], [ -45.893358602813443, -23.756757307085557 ], [ -45.89327044707629, -23.756478462009813 ], [ -45.893265223552412, -23.75640443451525 ], [ -45.893241442547421, -23.75606741007336 ], [ -45.893216239780607, -23.75571016589171 ], [ -45.893243585040558, -23.755360385303323 ], [ -45.89336160508519, -23.754796025870295 ], [ -45.893437399426212, -23.754342098939706 ], [ -45.893478982174734, -23.754195295839729 ], [ -45.893480983552827, -23.75419291003254 ] ] ] } },
{ "type": "Feature", "properties": { "gid": 3, "nome": "Área 3", "ato_legal": 0.0, "area": 2644.83 }, "geometry": { "type": "Polygon", "coordinates": [ [ [ -46.048766757940719, -23.742166598218258 ], [ -46.048704605941992, -23.742172980729887 ], [ -46.04863720438717, -23.74217316704441 ], [ -46.048560431353309, -23.742167004484166 ], [ -46.048469870599853, -23.742154342357956 ], [ -46.048274760876339, -23.742121977864791 ], [ -46.048226925049413, -23.742115077000776 ], [ -46.048180972768435, -23.742110601874273 ], [ -46.048136905476049, -23.742108733108871 ], [ -46.04809472172424, -23.742109290084517 ], [ -46.048009602601901, -23.742114563621058 ], [ -46.047919110716606, -23.742122763638044 ], [ -46.047798036943313, -23.742134602902276 ], [ -46.047785595437674, -23.742136945129907 ], [ -46.047775921872336, -23.742141887750957 ], [ -46.047769212460786, -23.742149429435951 ], [ -46.047765369096425, -23.742159570850273 ], [ -46.047739490354566, -23.742272821568459 ], [ -46.047716961521786, -23.742375572950465 ], [ -46.047719275050568, -23.742382692212672 ], [ -46.047727884043248, -23.742391846065807 ], [ -46.047763692661597, -23.742416078912647 ], [ -46.04786866576768, -23.742476511087951 ], [ -46.047894300044192, -23.742492142564181 ], [ -46.047914432381653, -23.742506817862349 ], [ -46.04792906277801, -23.742520536984653 ], [ -46.04793819050861, -23.742533209622053 ], [ -46.04795136680324, -23.74256138911737 ], [ -46.047965385765252, -23.742596788156806 ], [ -46.047970260936388, -23.742605244783444 ], [ -46.047977565665619, -23.742610794834668 ], [ -46.047987300675075, -23.742613528621106 ], [ -46.047999466686896, -23.742613536453089 ], [ -46.048014161084978, -23.742610727353984 ], [ -46.048031286483514, -23.742605192299273 ], [ -46.048072925492932, -23.742585582411035 ], [ -46.048118176386915, -23.742563690127717 ], [ -46.048161023730209, -23.742547955599459 ], [ -46.048201272760949, -23.742538560780133 ], [ -46.04823902159275, -23.742535505006259 ], [ -46.048276509348312, -23.742536605517131 ], [ -46.048316170639119, -23.742539587908382 ], [ -46.048401918617976, -23.742551560233803 ], [ -46.048445550463832, -23.742560295867602 ], [ -46.048486347329266, -23.742570315138831 ], [ -46.048524309214919, -23.742581618049698 ], [ -46.048559535674215, -23.742594384558341 ], [ -46.048593008502301, -23.742608698322154 ], [ -46.048625712386354, -23.742625004240836 ], [ -46.048657743988826, -23.742643121027399 ], [ -46.048689005926633, -23.742663139658863 ], [ -46.048753062179195, -23.742710753025076 ], [ -46.048821918019804, -23.742769623260852 ], [ -46.048892116574841, -23.74283688371359 ], [ -46.048960004020344, -23.742909578757956 ], [ -46.049100311157979, -23.743069569132036 ], [ -46.04924282547988, -23.743235595534991 ], [ -46.049312237760333, -23.743314873104687 ], [ -46.049382396638705, -23.743389358839575 ], [ -46.049454976452466, -23.743459854212183 ], [ -46.049531652991682, -23.74352734131336 ], [ -46.049612826649245, -23.743592810890643 ], [ -46.049698897097187, -23.74365716337967 ], [ -46.04978632232018, -23.743719158408872 ], [ -46.049871951277197, -23.743777372327841 ], [ -46.049956996005136, -23.743836132059382 ], [ -46.050042864046631, -23.743899672879319 ], [ -46.050214513131699, -23.744028109693453 ], [ -46.050297037776659, -23.744090679607858 ], [ -46.050373576448109, -23.744153109522401 ], [ -46.050445120360955, -23.744216657129318 ], [ -46.050512855502745, -23.744282398162902 ], [ -46.050542944840551, -23.744315158873736 ], [ -46.050567430424785, -23.744346512615792 ], [ -46.050586312975121, -23.744376549702626 ], [ -46.050599689871092, -23.744405179158807 ], [ -46.050608858251856, -23.744435101638953 ], [ -46.050615312199803, -23.744469106773508 ], [ -46.050619245757218, -23.744506922296896 ], [ -46.050620464878563, -23.744548820475362 ], [ -46.050623980871009, -23.744632428874439 ], [ -46.050628608442807, -23.744671142835809 ], [ -46.050634985310843, -23.744707767645945 ], [ -46.050644472681832, -23.744740758685939 ], [ -46.050658135263177, -23.744768302404545 ], [ -46.050675973780201, -23.744790489111516 ], [ -46.050697987507995, -23.744807228494736 ], [ -46.050753944397883, -23.74483565879202 ], [ -46.050825111069074, -23.744864346925393 ], [ -46.050912719186186, -23.744900058172806 ], [ -46.051017701762404, -23.744949017940367 ], [ -46.051072772900078, -23.744977092878461 ], [ -46.051124217656806, -23.745005644036119 ], [ -46.051172034581469, -23.745034490795536 ], [ -46.051216225121706, -23.74506381378162 ], [ -46.051299731985814, -23.745126376439707 ], [ -46.051381134181028, -23.745195636723572 ], [ -46.051476547478998, -23.74528692897497 ], [ -46.051602379902612, -23.745415314554364 ], [ -46.051622896925842, -23.745465571079183 ], [ -46.051639661883627, -23.745512872714194 ], [ -46.051652868813498, -23.74555694719378 ], [ -46.051662323667991, -23.745598066786151 ], [ -46.051691609807008, -23.745762874157563 ], [ -46.051697545805318, -23.745805643371078 ], [ -46.051701125730169, -23.745848247984828 ], [ -46.051702545072921, -23.745890596353249 ], [ -46.051701706447311, -23.745932779454588 ], [ -46.051699858360529, -23.746020307865809 ], [ -46.051702084988264, -23.746114311273868 ], [ -46.051709108845962, -23.746207017618506 ], [ -46.051721749108125, -23.746290473550385 ], [ -46.051730805804979, -23.746330873317078 ], [ -46.051742427870245, -23.746373061938129 ], [ -46.051773371019507, -23.746463166982682 ], [ -46.051791686349496, -23.74650801951805 ], [ -46.051810259755506, -23.746548354513777 ], [ -46.051829093411882, -23.746584442901899 ], [ -46.051848185865957, -23.746616104061072 ], [ -46.051889432526757, -23.74668193437013 ], [ -46.051935695728375, -23.746761548810451 ], [ -46.052035090582521, -23.746933013811216 ], [ -46.052079708582099, -23.747015439183336 ], [ -46.052097782895423, -23.747054693747558 ], [ -46.052112805639652, -23.747092704664308 ], [ -46.052140417259587, -23.74717109126674 ], [ -46.052168282458553, -23.747256611068387 ], [ -46.052182853879508, -23.747299502090794 ], [ -46.052198379567869, -23.747339044937718 ], [ -46.052215056470054, -23.747375328583463 ], [ -46.052232686912973, -23.747408173742389 ], [ -46.052273322142753, -23.747471117993605 ], [ -46.052322403643124, -23.747535088509835 ], [ -46.052436039865249, -23.747671594418879 ], [ -46.052464998154143, -23.747709961973953 ], [ -46.052491735476792, -23.747752770111536 ], [ -46.05251635139669, -23.747800198785797 ], [ -46.05253874635163, -23.747852068044558 ], [ -46.05259765508854, -23.747930151080627 ], [ -46.052658557439443, -23.74799991147945 ], [ -46.052718598735012, -23.748060194581402 ], [ -46.052775121973163, -23.748110025016295 ], [ -46.052931282086291, -23.748239105914024 ], [ -46.052980987148992, -23.748282931577236 ], [ -46.053028753985039, -23.748329750843482 ], [ -46.053074682159647, -23.748379743667055 ], [ -46.053118672110458, -23.748432730097001 ], [ -46.053123350654054, -23.748489867967972 ], [ -46.05312243557497, -23.748510285520926 ], [ -46.053119418029389, -23.74852547909811 ], [ -46.053096237878762, -23.748607824215576 ], [ -46.05308307398294, -23.748654607062143 ], [ -46.053073168948949, -23.748679601650995 ], [ -46.053065380241762, -23.748699343515973 ], [ -46.053058761544143, -23.748730366853483 ], [ -46.053054668987819, -23.748770494849474 ], [ -46.053054654930556, -23.748817549352765 ], [ -46.053056717325795, -23.748842191447871 ], [ -46.053061028301968, -23.748865824749874 ], [ -46.053067487569621, -23.748888178995212 ], [ -46.053076195420005, -23.748909524446919 ], [ -46.053131878007761, -23.749025561763805 ], [ -46.053133002940598, -23.74904343657829 ], [ -46.053130218653429, -23.749063234658816 ], [ -46.053123720641679, -23.749084864357439 ], [ -46.053113314132034, -23.749108507632162 ], [ -46.053088839003664, -23.749151845249663 ], [ -46.053064664067769, -23.749183710742344 ], [ -46.053040723174867, -23.749208078445406 ], [ -46.053016559903725, -23.74922919630011 ], [ -46.053005461563707, -23.74924001947285 ], [ -46.052996640132626, -23.749253355966406 ], [ -46.05298989793409, -23.749269026496766 ], [ -46.052985432645102, -23.74928721034858 ], [ -46.052973751742094, -23.749372005929754 ], [ -46.052964286080432, -23.749439445829285 ], [ -46.052957556215247, -23.749456651638756 ], [ -46.052952498683773, -23.749462195346847 ], [ -46.052946345941322, -23.749465759574697 ], [ -46.052933419828967, -23.749468918373758 ], [ -46.052921542449077, -23.749468276773129 ], [ -46.052906516039826, -23.749466482524152 ], [ -46.052884142838565, -23.749466183376342 ], [ -46.052856590025897, -23.749468448348829 ], [ -46.052825830008729, -23.749474528419295 ], [ -46.052809073887353, -23.749477261722529 ], [ -46.05279112081395, -23.749477564658097 ], [ -46.052771774565443, -23.749475438562047 ], [ -46.052751229914868, -23.749470701476103 ], [ -46.052712177013134, -23.749458233010571 ], [ -46.052679587903164, -23.749444275456941 ], [ -46.052667285405946, -23.749439572532157 ], [ -46.052659831061568, -23.749439894254508 ], [ -46.052657029370955, -23.749445332272007 ], [ -46.052659077284716, -23.749455975558874 ], [ -46.05267489473308, -23.749507347686968 ], [ -46.052677614091195, -23.749528282373682 ], [ -46.052675905428622, -23.749535428941837 ], [ -46.052672118984518, -23.74954042208962 ], [ -46.052637591996699, -23.749566126259207 ], [ -46.052609278113849, -23.749583569386466 ], [ -46.05257467705303, -23.749600061859734 ], [ -46.052555696995285, -23.74960687448371 ], [ -46.05253650183645, -23.749611340365689 ], [ -46.052516994191045, -23.749613550484522 ], [ -46.052497368832803, -23.749613322882379 ], [ -46.052420892189744, -23.749607973197428 ], [ -46.05238573896272, -23.74960459996505 ], [ -46.052354007327523, -23.749599668060441 ], [ -46.052338275251728, -23.749595530356999 ], [ -46.052321246669393, -23.749588782328882 ], [ -46.052283005653166, -23.749567457300735 ], [ -46.052249060540653, -23.749543483860993 ], [ -46.052229284965605, -23.749524561924485 ], [ -46.05221081329816, -23.749496960812607 ], [ -46.052190205952513, -23.749447788817509 ], [ -46.052185822253307, -23.749439509631301 ], [ -46.052180475575568, -23.749433494890571 ], [ -46.052174068532665, -23.749429835573817 ], [ -46.052166699236452, -23.749428531013159 ], [ -46.052158170736568, -23.749429492233489 ], [ -46.052148679256867, -23.749432717898969 ], [ -46.052126613308495, -23.749446234832043 ], [ -46.052082168042411, -23.749483115219782 ], [ -46.052045876949364, -23.749521294818923 ], [ -46.052012413676323, -23.749557287586256 ], [ -46.051976648092598, -23.74958760613778 ], [ -46.051938288040617, -23.749612523407212 ], [ -46.051897135847803, -23.749631860106902 ], [ -46.05185857536226, -23.749644044225274 ], [ -46.051842211643944, -23.749646774754041 ], [ -46.051827791309385, -23.749647143848989 ], [ -46.051815808548334, -23.749645599725149 ], [ -46.051806461036612, -23.749642321668748 ], [ -46.051799847612216, -23.749637399323216 ], [ -46.051795968275229, -23.749630832688862 ], [ -46.051791399429753, -23.749611716881919 ], [ -46.051788037129576, -23.749584012883275 ], [ -46.051784641095821, -23.74952767907584 ], [ -46.051780638621871, -23.749493567027478 ], [ -46.051769809283996, -23.749440173907118 ], [ -46.05175240952844, -23.749374994160384 ], [ -46.051728602041088, -23.749306064764035 ], [ -46.051715416228703, -23.749276892250613 ], [ -46.051702722970077, -23.749260179934186 ], [ -46.051696609559073, -23.749256428283125 ], [ -46.051690620373144, -23.749255927147519 ], [ -46.051684753960991, -23.749258495905988 ], [ -46.051679010322225, -23.74926413455853 ], [ -46.051621045239827, -23.749340213467867 ], [ -46.05160190210637, -23.749363374205515 ], [ -46.051579904285703, -23.749385380263217 ], [ -46.051555053952846, -23.749406502571599 ], [ -46.051527349656183, -23.749426560508176 ], [ -46.051497379342919, -23.749445459755343 ], [ -46.051465630672929, -23.74946283573161 ], [ -46.051432301321341, -23.749478867722008 ], [ -46.051397194338975, -23.749493466749996 ], [ -46.051324194051368, -23.749517806696016 ], [ -46.051249177836063, -23.749535476967843 ], [ -46.051210759883936, -23.749540976602486 ], [ -46.05117162759214, -23.74954304909404 ], [ -46.051131682851533, -23.749541695109265 ], [ -46.051091121889868, -23.749536913312919 ], [ -46.051017123024351, -23.749522424202581 ], [ -46.050985953302295, -23.749514146516383 ], [ -46.050958800387001, -23.749505118982572 ], [ -46.050912637157317, -23.7494869182133 ], [ -46.050874825075049, -23.749470105691977 ], [ -46.05084407563146, -23.749453064505531 ], [ -46.050818906994635, -23.74943454031601 ], [ -46.05078559387799, -23.749403698262764 ], [ -46.050768833190816, -23.749381413955629 ], [ -46.050740617135425, -23.749337712419955 ], [ -46.050724385712982, -23.749308018629602 ], [ -46.050709682060344, -23.749273076145041 ], [ -46.050696408790706, -23.749232975944597 ], [ -46.050684565904589, -23.749187718028352 ], [ -46.05065727406523, -23.749063538986796 ], [ -46.050644629937061, -23.749004016647095 ], [ -46.050633065486792, -23.74895676988832 ], [ -46.050630084451946, -23.748952093742677 ], [ -46.05062490481356, -23.748954657792321 ], [ -46.050617722794293, -23.748964460702936 ], [ -46.050608537667983, -23.748981412163747 ], [ -46.050596637288834, -23.749002355969356 ], [ -46.050581406898246, -23.749024044936277 ], [ -46.050562846494309, -23.749046479063743 ], [ -46.050540956074968, -23.749069658350617 ], [ -46.050463898404921, -23.749150833988054 ], [ -46.050437922746163, -23.7491784664942 ], [ -46.050419887214822, -23.749192949264213 ], [ -46.05041019948073, -23.749196176157547 ], [ -46.0503953983293, -23.749197992755622 ], [ -46.050349866379214, -23.749197308749874 ], [ -46.050319811500003, -23.74919344881339 ], [ -46.050285307535347, -23.749185374273754 ], [ -46.050246551437816, -23.749173174105074 ], [ -46.050203444375697, -23.749156758659947 ], [ -46.050056946757238, -23.749094533194011 ], [ -46.050029857337776, -23.749081169911019 ], [ -46.050004424964115, -23.749066440630497 ], [ -46.049980648912317, -23.749050255042448 ], [ -46.04995862874275, -23.749032793102469 ], [ -46.049923473524878, -23.749004672836783 ], [ -46.049902677056053, -23.748992982774578 ], [ -46.049895328801753, -23.748994297114109 ], [ -46.049886754331254, -23.7490017612459 ], [ -46.049877149867058, -23.74901537383662 ], [ -46.049866319183742, -23.749035136219295 ], [ -46.049844822533956, -23.749082968900627 ], [ -46.049825911535955, -23.749135119164333 ], [ -46.049814566016863, -23.749164097234228 ], [ -46.049798247912733, -23.749196992653697 ], [ -46.04977685838211, -23.749233715776988 ], [ -46.049750398143061, -23.749274356912942 ], [ -46.049696556960235, -23.749350949013508 ], [ -46.049650822487727, -23.749410687329775 ], [ -46.04962860382463, -23.749441906812361 ], [ -46.049603628213539, -23.749484163522361 ], [ -46.049575992310544, -23.749537276170713 ], [ -46.049545697553775, -23.749601425377719 ], [ -46.049493799819622, -23.749712414464664 ], [ -46.049464899222201, -23.749766890417224 ], [ -46.04944906685202, -23.749786957685192 ], [ -46.049442535295974, -23.749792240345815 ], [ -46.049436763305991, -23.749794356801292 ], [ -46.049428385381212, -23.749789626965523 ], [ -46.049413934291202, -23.749773919863948 ], [ -46.049366522647617, -23.749710117717413 ], [ -46.049339012578443, -23.749668759328717 ], [ -46.049316331021821, -23.749629987302253 ], [ -46.049298477972137, -23.749593801640582 ], [ -46.049285453424282, -23.74956020234546 ], [ -46.049275569201036, -23.74952667204284 ], [ -46.049267134956949, -23.749490422425747 ], [ -46.049254619298004, -23.74941012649164 ], [ -46.0492513300158, -23.749366977953255 ], [ -46.049250879475849, -23.74932299730029 ], [ -46.049253267675489, -23.749278184532912 ], [ -46.049258494611671, -23.74923253965121 ], [ -46.049277707848901, -23.749083388409925 ], [ -46.049279996170476, -23.749026112761999 ], [ -46.04927492465184, -23.748968706452377 ], [ -46.04926963467917, -23.748945260303813 ], [ -46.049262762199433, -23.748932482144113 ], [ -46.049258621962203, -23.748930071731834 ], [ -46.049254110987469, -23.748930373305527 ], [ -46.049243779153123, -23.748938933121597 ], [ -46.049213330946962, -23.748983936396122 ], [ -46.049167070225401, -23.749063728218232 ], [ -46.04908754947963, -23.749204979812209 ], [ -46.049071355054785, -23.749228842757006 ], [ -46.049047826815723, -23.74925582621475 ], [ -46.049016966926644, -23.749286201114426 ], [ -46.048978872045232, -23.749319786164488 ], [ -46.048940171831646, -23.749351298054567 ], [ -46.04890739856954, -23.749375544456971 ], [ -46.048880648933, -23.74939234408787 ], [ -46.048860021764696, -23.749401786594944 ], [ -46.048839841751175, -23.749405807126454 ], [ -46.048814630524021, -23.749406429806189 ], [ -46.048784388085132, -23.749403654631642 ], [ -46.04874901560148, -23.74939739195484 ], [ -46.04871283869393, -23.749388696206392 ], [ -46.048679984587338, -23.749378352220127 ], [ -46.048650258504253, -23.749366541950966 ], [ -46.048623855946147, -23.749353173758745 ], [ -46.04859652048146, -23.749333580112356 ], [ -46.048564287852159, -23.749302820548316 ], [ -46.048527158793171, -23.749260985373702 ], [ -46.048485035206937, -23.749208075250152 ], [ -46.048415441041406, -23.749118683323111 ], [ -46.048385042990553, -23.749084208330803 ], [ -46.04837885181135, -23.749082985911151 ], [ -46.04837132466303, -23.749086468968031 ], [ -46.048362364155693, -23.749094748477315 ], [ -46.048352066231082, -23.749107552841149 ], [ -46.048339237636569, -23.749122903209383 ], [ -46.048322976563405, -23.749138457491807 ], [ -46.0483030860631, -23.74915412670768 ], [ -46.048279664969321, -23.749170000500847 ], [ -46.048257707598395, -23.749184870890108 ], [ -46.048242014214239, -23.74919780215987 ], [ -46.048232780320809, -23.749208702670227 ], [ -46.048229907084959, -23.749217482777091 ], [ -46.048242541896961, -23.749300487475818 ], [ -46.048247142239717, -23.749335860006806 ], [ -46.048249318698957, -23.749374861604661 ], [ -46.048248776936099, -23.749417494265835 ], [ -46.048245809839464, -23.749463575372424 ], [ -46.04823931133609, -23.749546529216488 ], [ -46.048237214445884, -23.749603261666138 ], [ -46.048239275955652, -23.749627903854591 ], [ -46.048245208676583, -23.749658119354667 ], [ -46.048255111447915, -23.749693997810859 ], [ -46.048268983551175, -23.749735448911387 ], [ -46.048302262578687, -23.749823371238644 ], [ -46.048339065030923, -23.749910185867055 ], [ -46.048368298168398, -23.749982962593954 ], [ -46.048375963704963, -23.750009011811684 ], [ -46.04837896299194, -23.750028228695964 ], [ -46.048378513149423, -23.750045572350384 ], [ -46.048375733909374, -23.75006609285478 ], [ -46.048363283897942, -23.750116483125371 ], [ -46.048352616810398, -23.750144463021574 ], [ -46.04833752813385, -23.750171660071128 ], [ -46.048318116701743, -23.750198163918107 ], [ -46.04829428367561, -23.750223884915791 ], [ -46.048238264984519, -23.750273757876052 ], [ -46.048173990304385, -23.750321880502209 ], [ -46.048137378685688, -23.750344707733351 ], [ -46.048096243013397, -23.750366210904563 ], [ -46.048050387060485, -23.750386391343106 ], [ -46.048000007051989, -23.750405247713989 ], [ -46.047907036041849, -23.750435411392296 ], [ -46.047839183196473, -23.750453302406243 ], [ -46.047808318057726, -23.750458569361914 ], [ -46.047770774001357, -23.750462978439096 ], [ -46.047676135365052, -23.750468677746888 ], [ -46.047569294569477, -23.75046994393098 ], [ -46.047464378461413, -23.750466500581467 ], [ -46.047366993945374, -23.750460116014523 ], [ -46.047282358356178, -23.750452922462351 ], [ -46.04724946953116, -23.750450526190715 ], [ -46.047228673172732, -23.750451118698965 ], [ -46.047222896058734, -23.750452602898548 ], [ -46.047220166228186, -23.75045478897319 ], [ -46.047220385568238, -23.750457677587839 ], [ -46.047223751027452, -23.750461357723506 ], [ -46.047248019029702, -23.750477721033015 ], [ -46.047281806897814, -23.750494381085637 ], [ -46.047309397163296, -23.75052128880181 ], [ -46.047360097619723, -23.750567006172904 ], [ -46.04747771116125, -23.750661311385329 ], [ -46.047514479499533, -23.750694840208453 ], [ -46.047530119394828, -23.750711984481441 ], [ -46.047551338174969, -23.750739657865825 ], [ -46.04758028727165, -23.750789225545766 ], [ -46.047605265769853, -23.750845322863125 ], [ -46.047616909943336, -23.750878118820214 ], [ -46.047632170189146, -23.750933649803933 ], [ -46.047643568055769, -23.750996974115424 ], [ -46.047647476463347, -23.751031719141181 ], [ -46.047635122598777, -23.751069645147073 ], [ -46.047624406869588, -23.751091574177977 ], [ -46.047616270832776, -23.751104815418202 ], [ -46.04759791452399, -23.751128331610591 ], [ -46.047582632088293, -23.751143608239431 ], [ -46.047548885662664, -23.751168944752955 ], [ -46.047512346522893, -23.751188610304499 ], [ -46.047487216582034, -23.751199437894122 ], [ -46.047437420523529, -23.751217748238656 ], [ -46.047237809739656, -23.751286747515291 ], [ -46.047172518145125, -23.751305975627087 ], [ -46.047140878698983, -23.75131260243721 ], [ -46.047089807676819, -23.75131872869872 ], [ -46.047030751160243, -23.751320122319935 ], [ -46.046987470730571, -23.751318880194589 ], [ -46.046896371366749, -23.751313265606417 ], [ -46.046695292946893, -23.751296925839501 ], [ -46.046577388346137, -23.751288963782233 ], [ -46.046521506780721, -23.751282478243439 ], [ -46.046370648670546, -23.751253722865524 ], [ -46.04633670434287, -23.75124767086189 ], [ -46.046279593575854, -23.751239410084171 ], [ -46.046152727500292, -23.751227353854205 ], [ -46.046102569039725, -23.751224893623153 ], [ -46.046075877788873, -23.751224532412689 ], [ -46.046045427192404, -23.751220313071148 ], [ -46.045992380149123, -23.751212453416933 ], [ -46.046023055853247, -23.751244849735031 ], [ -46.046034424067734, -23.751255430032742 ], [ -46.046045923588032, -23.751270163961639 ], [ -46.046106410120473, -23.751361786176325 ], [ -46.046140950594761, -23.751411225967029 ], [ -46.046161979475492, -23.75143971367153 ], [ -46.04619837910429, -23.751488508651651 ], [ -46.046221813259685, -23.751523302159427 ], [ -46.046242717394186, -23.751560731946785 ], [ -46.046255195252833, -23.751587380901881 ], [ -46.04627674586424, -23.751644314489923 ], [ -46.046319693583186, -23.751788077176947 ], [ -46.046339548170437, -23.751841499926098 ], [ -46.046384262664382, -23.751948492152451 ], [ -46.046410890848257, -23.752014603530018 ], [ -46.046422536286023, -23.752047580200642 ], [ -46.04643796498636, -23.752099678169213 ], [ -46.046450881705319, -23.752156670191756 ], [ -46.046470051337536, -23.752271692831673 ], [ -46.046477453525029, -23.75233847628505 ], [ -46.046478783270565, -23.752369806810517 ], [ -46.046476608382669, -23.752416875992846 ], [ -46.04646876017182, -23.752466151170999 ], [ -46.046460589401946, -23.752499623294426 ], [ -46.04643835014253, -23.752565252744422 ], [ -46.046409791819272, -23.752625957621937 ], [ -46.046392945784746, -23.752654340496601 ], [ -46.046364227183979, -23.7526949963775 ], [ -46.046342653576346, -23.752721153368338 ], [ -46.046296953906349, -23.752773303993195 ], [ -46.04626343483914, -23.752814895517059 ], [ -46.046242872653046, -23.752844838903844 ], [ -46.046203938536095, -23.752908684729096 ], [ -46.046173817378495, -23.752958020374894 ], [ -46.046140845090036, -23.753006652792539 ], [ -46.046117840795453, -23.753037967431634 ], [ -46.04607198582913, -23.75309526703694 ], [ -46.046028312426962, -23.753143159033737 ], [ -46.046006595106505, -23.753163627067082 ], [ -46.045972563613077, -23.753190229601966 ], [ -46.045939557980262, -23.753210141827683 ], [ -46.045921570445209, -23.753218482305883 ], [ -46.045892511764201, -23.753228884662363 ], [ -46.045860386977395, -23.753236237033889 ], [ -46.045842843114904, -23.75323870398276 ], [ -46.045785758103733, -23.753241348228084 ], [ -46.04574620685591, -23.753240261165669 ], [ -46.045672773402679, -23.753235339177554 ], [ -46.045596014134659, -23.753231704078189 ], [ -46.045570711231491, -23.753233230026449 ], [ -46.045551415713945, -23.753237515108012 ], [ -46.045541342303544, -23.753241647472532 ], [ -46.045526613455003, -23.753252585010458 ], [ -46.045517699366613, -23.753266734567358 ], [ -46.045516008300247, -23.753276138837844 ], [ -46.04551792366933, -23.753294821219626 ], [ -46.045530268080164, -23.753329328592169 ], [ -46.045540629301044, -23.753348947298797 ], [ -46.045561276019747, -23.753378702078056 ], [ -46.045648828674459, -23.75346833497245 ], [ -46.045679455784551, -23.753506873130267 ], [ -46.045698716681272, -23.753535101900987 ], [ -46.045733137849311, -23.753594116023923 ], [ -46.045759812252093, -23.753653724460374 ], [ -46.045770071087759, -23.75368508487653 ], [ -46.045781275010008, -23.753736488969366 ], [ -46.045787526988839, -23.75379442930226 ], [ -46.045789125695116, -23.75383487989226 ], [ -46.045787106386641, -23.753913739118641 ], [ -46.045770310546509, -23.754071272962872 ], [ -46.045767845380475, -23.754131168919361 ], [ -46.045767845371749, -23.75425399819467 ], [ -46.04576694212443, -23.754325173034076 ], [ -46.045764755434277, -23.754358514305444 ], [ -46.045757603059016, -23.754408958840358 ], [ -46.045745074492537, -23.754461968598154 ], [ -46.045714690922004, -23.754564501848236 ], [ -46.045700042002885, -23.754622312681068 ], [ -46.045695758060866, -23.754651062046523 ], [ -46.045693199800084, -23.754699307911324 ], [ -46.045695625987818, -23.75475736444773 ], [ -46.045699296676155, -23.754799246062042 ], [ -46.045709865804049, -23.754881723026251 ], [ -46.045725801051063, -23.754984936267682 ], [ -46.045730092922319, -23.75503087787909 ], [ -46.045730022217107, -23.755071159130711 ], [ -46.045728316718353, -23.755091040112877 ], [ -46.045723744193118, -23.75512051395587 ], [ -46.045711820130364, -23.755163223635062 ], [ -46.04569320609086, -23.755203720698418 ], [ -46.045677029813746, -23.755230021707295 ], [ -46.045664610106506, -23.755247536675604 ], [ -46.045635455709871, -23.755282866757227 ], [ -46.045596631740523, -23.755323771522395 ], [ -46.045512689104797, -23.755403726990295 ], [ -46.045440345103145, -23.755473940164393 ], [ -46.045409321326268, -23.755508650644465 ], [ -46.045317237520685, -23.755625871135383 ], [ -46.045262358892693, -23.755683773459218 ], [ -46.045231191472368, -23.755712794991918 ], [ -46.045181090994333, -23.755754679097148 ], [ -46.04512860899402, -23.755793237617191 ], [ -46.045026995368012, -23.755859855331455 ], [ -46.044941276702104, -23.755914082557762 ], [ -46.044899270840716, -23.755937487440665 ], [ -46.044837581597811, -23.755965812147871 ], [ -46.044802948998502, -23.755978690530434 ], [ -46.044744900956296, -23.7559960623866 ], [ -46.044656054151005, -23.756014906878463 ], [ -46.044609402197949, -23.756021725018606 ], [ -46.044540956661734, -23.756027245429575 ], [ -46.044477566380479, -23.756026861119771 ], [ -46.0443600421154, -23.756017901448264 ], [ -46.044188151498631, -23.756008135007185 ], [ -46.044152402213264, -23.756004041449497 ], [ -46.044083940963048, -23.755995291890709 ], [ -46.044034067831696, -23.755991925955421 ], [ -46.043984729945294, -23.755994155958167 ], [ -46.043952482477238, -23.755998528364778 ], [ -46.043890775150437, -23.756012312001193 ], [ -46.04376822892759, -23.756050349951273 ], [ -46.043733449107414, -23.756057087626907 ], [ -46.043715311794145, -23.756059016460011 ], [ -46.04368627192985, -23.756059573886194 ], [ -46.043636485375856, -23.756054762187535 ], [ -46.043577023562975, -23.75604251962104 ], [ -46.04344082360646, -23.756004874688163 ], [ -46.043303435518972, -23.755965882920311 ], [ -46.043238644488433, -23.755949792632336 ], [ -46.0431976575967, -23.755941037801328 ], [ -46.043118146116377, -23.755924685586439 ], [ -46.043057481809058, -23.755909289886318 ], [ -46.042993532872408, -23.75588804581524 ], [ -46.042949239067454, -23.755870642934735 ], [ -46.04285883429808, -23.755829436986016 ], [ -46.042790848508986, -23.75579413082869 ], [ -46.042663204768182, -23.75572192685642 ], [ -46.042555154800681, -23.755658170557499 ], [ -46.042506427459493, -23.755626166318844 ], [ -46.042474944707841, -23.755603348233027 ], [ -46.042415213503752, -23.755557238642172 ], [ -46.0423748319335, -23.755525900579833 ], [ -46.042305923426007, -23.755473259810675 ], [ -46.042273785170444, -23.755442046743486 ], [ -46.04224049286352, -23.755401448620781 ], [ -46.042171305840249, -23.755301484238736 ], [ -46.042101480616992, -23.755195292342229 ], [ -46.04206857261228, -23.755141324861729 ], [ -46.04203821207517, -23.755086888614422 ], [ -46.041986362549423, -23.754983104267794 ], [ -46.041959285574492, -23.754922052811903 ], [ -46.041948064337177, -23.754892956507057 ], [ -46.041933783161355, -23.754849249689972 ], [ -46.041922826455689, -23.754804075402234 ], [ -46.041913818071833, -23.754744798724236 ], [ -46.041911929422788, -23.754717084535788 ], [ -46.041912545798766, -23.754683573249935 ], [ -46.04191428709693, -23.754668117521181 ], [ -46.041918918695416, -23.754645958939918 ], [ -46.041930539914993, -23.754614360392001 ], [ -46.041941562728383, -23.754593874711183 ], [ -46.041967727792233, -23.754552694937015 ], [ -46.04198670411941, -23.754520595207683 ], [ -46.042001743566956, -23.754486986658005 ], [ -46.042009311443998, -23.754463905115763 ], [ -46.042018852410465, -23.754417508812949 ], [ -46.042020967101145, -23.754387329103437 ], [ -46.042020362222203, -23.75437297298393 ], [ -46.042016669017173, -23.75435276716971 ], [ -46.042009067701272, -23.754334664971751 ], [ -46.042003607336575, -23.75432666369576 ], [ -46.041997073445842, -23.754319392184655 ], [ -46.041981078715907, -23.754306946160913 ], [ -46.041963241347375, -23.754297222032417 ], [ -46.041929579974045, -23.754284172608646 ], [ -46.041911776394755, -23.754278693084849 ], [ -46.041879341299378, -23.754271776849865 ], [ -46.041824787681712, -23.754259681114895 ], [ -46.041793499802822, -23.754248963866289 ], [ -46.041767389801855, -23.754235411914291 ], [ -46.041755347774057, -23.754226461529804 ], [ -46.041739317145058, -23.754209499935776 ], [ -46.041725990650633, -23.754187101165876 ], [ -46.041720486472215, -23.754173590915382 ], [ -46.041715949801045, -23.754158358143265 ], [ -46.041709294867594, -23.754123541139521 ], [ -46.041705063373392, -23.754085004852673 ], [ -46.041701580590477, -23.754004918284416 ], [ -46.041697674499211, -23.753896294799521 ], [ -46.041691267609259, -23.753843322659975 ], [ -46.041679941284734, -23.75378866768493 ], [ -46.041654184505788, -23.753696177381606 ], [ -46.041637300111994, -23.753645895024619 ], [ -46.041627699542417, -23.753635483117908 ], [ -46.041621306936896, -23.753633629580207 ], [ -46.041614150963028, -23.753634490659948 ], [ -46.041600572529539, -23.753642078396503 ], [ -46.041574599115847, -23.753670341669963 ], [ -46.041542730128235, -23.753697560889584 ], [ -46.041521755245014, -23.753712784996587 ], [ -46.041485914907319, -23.75373416045068 ], [ -46.04144679866161, -23.753750771242267 ], [ -46.041419683109325, -23.753758811464412 ], [ -46.041401366359743, -23.753762818489538 ], [ -46.041364706995253, -23.753767581341183 ], [ -46.041328797354083, -23.753767913660614 ], [ -46.041311417938324, -23.75376640509845 ], [ -46.04128616340418, -23.75376169823733 ], [ -46.041250935253778, -23.753749020480154 ], [ -46.04121967670158, -23.753729632601349 ], [ -46.041201203366477, -23.753713951827031 ], [ -46.041170411422073, -23.753679207118005 ], [ -46.041130834491469, -23.753625555288576 ], [ -46.041100583438613, -23.753597129021639 ], [ -46.041056582570377, -23.753567079386642 ], [ -46.041022574699113, -23.753547439041316 ], [ -46.04095558322777, -23.75351357037167 ], [ -46.040902996362384, -23.753489629686491 ], [ -46.040881614098673, -23.753478303622721 ], [ -46.040869671033946, -23.753469442813774 ], [ -46.040763767456468, -23.753305058961804 ], [ -46.040751955070775, -23.753275605271313 ], [ -46.040712577780376, -23.753160627582421 ], [ -46.040684657777661, -23.753079802389028 ], [ -46.040668708081377, -23.753048299291844 ], [ -46.040650049932275, -23.753021691483717 ], [ -46.040639055773838, -23.75300876005533 ], [ -46.040620559639777, -23.7529901892546 ], [ -46.040588658834004, -23.75296403188182 ], [ -46.040564686210352, -23.752947755847295 ], [ -46.040511717011974, -23.752912708754888 ], [ -46.040468758452477, -23.752877955501397 ], [ -46.040428981731992, -23.752836136182047 ], [ -46.040408464500388, -23.752810173069566 ], [ -46.040376989560173, -23.752763511104085 ], [ -46.040341342861183, -23.752710464798394 ], [ -46.040290289993678, -23.752657251253524 ], [ -46.040288211709047, -23.75270441007558 ], [ -46.040288956709986, -23.752761123361857 ], [ -46.040286929177753, -23.752802321001084 ], [ -46.040280646098616, -23.752838941185065 ], [ -46.040272581745469, -23.752910706193209 ], [ -46.040268269442777, -23.752985426361647 ], [ -46.040267657854884, -23.753031943097589 ], [ -46.040269434632627, -23.753119718058279 ], [ -46.040275238542336, -23.753292310463852 ], [ -46.040269400885485, -23.753473575437283 ], [ -46.040267850808114, -23.753500770916123 ], [ -46.04025934822981, -23.753579131919512 ], [ -46.040253662419921, -23.753616831868264 ], [ -46.040242922867222, -23.753672990253555 ], [ -46.040229239834026, -23.753729168453386 ], [ -46.040218930370436, -23.753765364159168 ], [ -46.040197565774847, -23.753830354696198 ], [ -46.040169792245244, -23.753903787738615 ], [ -46.040160531890727, -23.753936183116469 ], [ -46.040155603701272, -23.753970445962441 ], [ -46.04015472247125, -23.753995379043001 ], [ -46.040158510475564, -23.754052252469389 ], [ -46.040181508519659, -23.754205182855721 ], [ -46.040186505512843, -23.754266022033796 ], [ -46.040185955952154, -23.754295649299845 ], [ -46.040180639793469, -23.754342829909426 ], [ -46.040169289220096, -23.754396192611939 ], [ -46.040158995481328, -23.75443437515327 ], [ -46.040134012844, -23.754513298661159 ], [ -46.04011308988774, -23.754572144741207 ], [ -46.040066842313507, -23.754691582520625 ], [ -46.039988664789277, -23.754880055800967 ], [ -46.039938348301796, -23.754993740722337 ], [ -46.039916496222595, -23.755046812822279 ], [ -46.039867763446345, -23.755186949577201 ], [ -46.039854293956644, -23.755220637683934 ], [ -46.039845802431408, -23.75523866766456 ], [ -46.039830012395846, -23.755264333284657 ], [ -46.039819008400073, -23.755274883965107 ], [ -46.039811285141049, -23.755278458254111 ], [ -46.039792163102483, -23.755279941673351 ], [ -46.039773305286005, -23.755277630050671 ], [ -46.039735066791351, -23.755268946108202 ], [ -46.039718527200897, -23.75526201277594 ], [ -46.039713097058183, -23.755257804475146 ], [ -46.039707633920422, -23.755249441871776 ], [ -46.039704405953366, -23.755238354755242 ], [ -46.039703230179825, -23.755224929859185 ], [ -46.039589429989533, -23.755526994938368 ], [ -46.039581190036465, -23.755551527514356 ], [ -46.037308036517068, -23.76231897495823 ], [ -46.03735073312474, -23.762317201714282 ], [ -46.036497063431526, -23.765261837258691 ], [ -46.036706995605023, -23.766126482969163 ], [ -46.037235366556551, -23.767055328771423 ], [ -46.043470893050198, -23.771650287707075 ], [ -46.048421883465494, -23.775220000145005 ], [ -46.045570569450852, -23.784014199316683 ], [ -46.050517103013298, -23.785383398381292 ], [ -46.052274234066402, -23.777958181120283 ], [ -46.053050517585234, -23.774670184161437 ], [ -46.053114089351986, -23.774697668315181 ], [ -46.053129507774273, -23.774714082433277 ], [ -46.053143111425356, -23.774731733844852 ], [ -46.053154900302097, -23.7747506225531 ], [ -46.053164874406967, -23.774770748558403 ], [ -46.053173033739455, -23.774792111858417 ], [ -46.053179378296001, -23.774814712453438 ], [ -46.053200344405049, -23.774909400833753 ], [ -46.053219745375877, -23.775007712023232 ], [ -46.053227752836627, -23.775057214903995 ], [ -46.053233156823197, -23.775105600955026 ], [ -46.053235957329406, -23.775152870176786 ], [ -46.053236154355382, -23.775199022566735 ], [ -46.053236716281319, -23.775244788629493 ], [ -46.053240611494886, -23.775290898869354 ], [ -46.053247839999521, -23.775337353285924 ], [ -46.053258401798907, -23.775384151878548 ], [ -46.053285693704751, -23.775476730472224 ], [ -46.053318655630946, -23.775566583529098 ], [ -46.053328512741764, -23.775588053592152 ], [ -46.053340185609372, -23.775608218643022 ], [ -46.053353674231161, -23.775627078678475 ], [ -46.053368978607566, -23.775644633700864 ], [ -46.053386098741683, -23.775660883704052 ], [ -46.053405034630707, -23.775675828692997 ], [ -46.053425786277664, -23.775689468666997 ], [ -46.053448353679393, -23.775701803619928 ], [ -46.053495707678167, -23.775723475178136 ], [ -46.05354386855582, -23.7757417600649 ], [ -46.053592836305768, -23.775756658279654 ], [ -46.05364261092754, -23.775768169824531 ], [ -46.053691459469903, -23.775780452522714 ], [ -46.053737648993376, -23.77579766420498 ], [ -46.053781179499303, -23.775819804873574 ], [ -46.053822050994505, -23.775846874527744 ], [ -46.053839743222042, -23.77586199022921 ], [ -46.053853277913134, -23.775877803188216 ], [ -46.053862655069473, -23.775894313405896 ], [ -46.053867874686695, -23.775911520880374 ], [ -46.053868936766257, -23.77592942561202 ], [ -46.053865841303505, -23.77594802760656 ], [ -46.05385858829959, -23.775967326858268 ], [ -46.053847177746604, -23.775987323366618 ], [ -46.053832991649848, -23.776006640982537 ], [ -46.053817411998196, -23.776023903554606 ], [ -46.053800438794759, -23.776039111082365 ], [ -46.053782072039816, -23.776052263565276 ], [ -46.053762311736726, -23.776063361000201 ], [ -46.053741157880083, -23.776072403391996 ], [ -46.053718610473481, -23.776079390734662 ], [ -46.053694669517789, -23.776084323030251 ], [ -46.053645133130232, -23.776094005576237 ], [ -46.053595074875545, -23.776107434121187 ], [ -46.053544494752309, -23.776124608667374 ], [ -46.053493392752955, -23.776145529211725 ], [ -46.053293012072395, -23.776232739983033 ], [ -46.053269722102996, -23.776243876988875 ], [ -46.053248679598127, -23.776256476168708 ], [ -46.053229884560864, -23.77627053752342 ], [ -46.053213336988279, -23.776286061051074 ], [ -46.053199036880734, -23.77630304675511 ], [ -46.053186984238664, -23.776321494636136 ], [ -46.053177179065585, -23.776341404691895 ], [ -46.053169621359345, -23.776362776925552 ], [ -46.053159672920209, -23.776407353135127 ], [ -46.053155563497057, -23.776452668479113 ], [ -46.05315567933571, -23.776455752940898 ], [ -46.053176900355353, -23.776456723759431 ], [ -46.05326776904738, -23.776460880784185 ], [ -46.053353504829118, -23.776631103894957 ], [ -46.053573216459689, -23.776676188869111 ], [ -46.053927403966412, -23.776658243717407 ], [ -46.054197356393765, -23.776656400879197 ], [ -46.054585412960087, -23.77665375097272 ], [ -46.054753381777068, -23.776559435715146 ], [ -46.054937470807957, -23.776371842194155 ], [ -46.055156806605375, -23.776370343506347 ], [ -46.055461254203742, -23.776461430687192 ], [ -46.055714208750551, -23.776444173407665 ], [ -46.056017528404332, -23.776395515292787 ], [ -46.056220619225797, -23.776471766130804 ], [ -46.056306735050946, -23.776688568851526 ], [ -46.05642609352487, -23.776843032127054 ], [ -46.056594813897348, -23.776841877669991 ], [ -46.05661800170617, -23.781921044859061 ], [ -46.064383468299965, -23.784135010939636 ], [ -46.064269606551029, -23.778418772012476 ], [ -46.064572560799867, -23.778526211204909 ], [ -46.064758660845591, -23.778587039745741 ], [ -46.064978631965296, -23.778663162381889 ], [ -46.065047891450945, -23.778880075976804 ], [ -46.06503316918598, -23.779144152725017 ], [ -46.065070455098443, -23.779578678163809 ], [ -46.06513971528382, -23.779795591669465 ], [ -46.06525782187795, -23.779794776809645 ], [ -46.065527147121799, -23.77971527855339 ], [ -46.065964182810319, -23.779510398420886 ], [ -46.066267631487307, -23.779477247140871 ], [ -46.066454113534007, -23.779584654769501 ], [ -46.066624863503051, -23.779831922359669 ], [ -46.066979943434369, -23.779922636508676 ], [ -46.067486241469503, -23.779934664632172 ], [ -46.067974272084257, -23.77977601010727 ], [ -46.068242834307661, -23.779603344796691 ], [ -46.068461413294159, -23.77950866464754 ], [ -46.068597153194325, -23.779600892844179 ], [ -46.068615548313815, -23.779787100790774 ], [ -46.068702448288789, -23.780097058050504 ], [ -46.068802413391381, -23.779941086671265 ], [ -46.069003612351864, -23.77978441432041 ], [ -46.06912006831449, -23.779581744751514 ], [ -46.069372264205384, -23.779471302604318 ], [ -46.069507496656577, -23.779501421753395 ], [ -46.069625983871767, -23.779547184729459 ], [ -46.069660744684043, -23.779671167386606 ], [ -46.069629413412791, -23.77996641522164 ], [ -46.069531100448003, -23.780324238813957 ], [ -46.069600241376016, -23.780525622964607 ], [ -46.069855487862576, -23.780787829253342 ], [ -46.070092083718443, -23.780832773317499 ], [ -46.070361916230844, -23.780815374863664 ], [ -46.07058011412839, -23.780674110565286 ], [ -46.070494861957677, -23.780566006201568 ], [ -46.070375865074908, -23.780458135742546 ], [ -46.070121634905917, -23.780320146731526 ], [ -46.070019002672787, -23.780150050816339 ], [ -46.070034985569158, -23.780041244510947 ], [ -46.070152583860555, -23.779978317690446 ], [ -46.070390195222309, -23.780147477758586 ], [ -46.070796531266616, -23.780315467301151 ], [ -46.071101124962709, -23.780422049921192 ], [ -46.07142233708916, -23.780497460740573 ], [ -46.0715055539982, -23.780357131859041 ], [ -46.071504408782978, -23.780217388457206 ], [ -46.071368157366457, -23.780063054737997 ], [ -46.071366376177579, -23.779845676093721 ], [ -46.07144882934832, -23.779612184966265 ], [ -46.071599534879951, -23.779471387664788 ], [ -46.071733876883464, -23.779392815528055 ], [ -46.071869873416027, -23.779516094858586 ], [ -46.071956271634775, -23.77976394185298 ], [ -46.07202668898509, -23.780120595233029 ], [ -46.072182869471014, -23.780647460147517 ], [ -46.072219415702726, -23.780988820671364 ], [ -46.072339433351388, -23.781220905939009 ], [ -46.072593030590738, -23.781281255949239 ], [ -46.072880118271868, -23.781310316956308 ], [ -46.073015990481792, -23.781418068101548 ], [ -46.073237245339669, -23.781649448932242 ], [ -46.073492118681145, -23.781865067734259 ], [ -46.073747502954149, -23.782142794197444 ], [ -46.073816778911613, -23.782359703173316 ], [ -46.07368256278145, -23.782453804187046 ], [ -46.073498238402792, -23.782610365202075 ], [ -46.073347658999459, -23.782766691387955 ], [ -46.073264825099045, -23.782953602294629 ], [ -46.073434444870642, -23.783061118362337 ], [ -46.073620045075984, -23.783059827691329 ], [ -46.074024608247356, -23.78301042982871 ], [ -46.074126482535853, -23.783087360597051 ], [ -46.074245357287687, -23.78317970090626 ], [ -46.074246633182796, -23.783334971153188 ], [ -46.07414641714432, -23.783459891801108 ], [ -46.073961581746246, -23.783554345279136 ], [ -46.07372625514288, -23.783664677653803 ], [ -46.073626293391634, -23.783820652039118 ], [ -46.073611078282319, -23.784022620732145 ], [ -46.073664119880206, -23.784317282172655 ], [ -46.073818399413483, -23.784611239372001 ], [ -46.07397089373513, -23.784687818059211 ], [ -46.074275117287527, -23.784747812831466 ], [ -46.074595703499469, -23.784745581456352 ], [ -46.07466396121869, -23.784838273725175 ], [ -46.074749985634945, -23.785039537614818 ], [ -46.074819775656223, -23.785318554016222 ], [ -46.075022252010733, -23.785317144057984 ], [ -46.075223834325087, -23.785207044724618 ], [ -46.07552652652732, -23.785080712787391 ], [ -46.075729258019891, -23.785110355942301 ], [ -46.075915883388816, -23.785233278506521 ], [ -46.076103020395585, -23.785418308874075 ], [ -46.076475633705456, -23.785586517748882 ], [ -46.076813862247839, -23.7856773260674 ], [ -46.077049701342119, -23.785629096999209 ], [ -46.077150044048373, -23.785519701546026 ], [ -46.077316599033104, -23.785254564963086 ], [ -46.077416557302335, -23.785098588335437 ], [ -46.077500538276716, -23.785051418458025 ], [ -46.077669140072615, -23.785034713590093 ], [ -46.077838894062374, -23.785157751563403 ], [ -46.077823685412838, -23.785359720408064 ], [ -46.077842734942145, -23.785623561623947 ], [ -46.077882882932343, -23.786399676014106 ], [ -46.077901804777838, -23.786647990178835 ], [ -46.078072201462859, -23.786848662777093 ], [ -46.078241958242195, -23.78697170017978 ], [ -46.07861380981015, -23.78704674162983 ], [ -46.078833930764134, -23.787138370628938 ], [ -46.079037435128093, -23.787261171242378 ], [ -46.079207962547343, -23.787477369469997 ], [ -46.079346795479495, -23.787942235299273 ], [ -46.079485244736382, -23.788360519977743 ], [ -46.079774786302174, -23.788684580251193 ], [ -46.080130155029153, -23.788806316816313 ], [ -46.080398846694017, -23.788649157444866 ], [ -46.080347199634765, -23.788525295906982 ], [ -46.080211185688135, -23.788402024814779 ], [ -46.08000806337801, -23.788325806826339 ], [ -46.07987230652963, -23.788233589384799 ], [ -46.079769783504979, -23.788079027793561 ], [ -46.079784091351243, -23.787768370014337 ], [ -46.079815144163227, -23.787442067195673 ], [ -46.079878019105799, -23.786882623447958 ], [ -46.079839526548817, -23.786308360930114 ], [ -46.079852294957924, -23.785811379199473 ], [ -46.079816624836802, -23.78557871040228 ], [ -46.079899963817596, -23.78545390428561 ], [ -46.080034049939918, -23.785344270960813 ], [ -46.080253142358202, -23.785311682104403 ], [ -46.080489877708956, -23.785372136768231 ], [ -46.080676507693958, -23.785495053396254 ], [ -46.080830033884311, -23.785695841005619 ], [ -46.08106831115164, -23.785942618561233 ], [ -46.081355795678718, -23.78601824429678 ], [ -46.081591633410071, -23.785970008328473 ], [ -46.081877961647166, -23.785905890254721 ], [ -46.082028148362561, -23.785702975107561 ], [ -46.082109814273807, -23.785376317133267 ], [ -46.082040651426816, -23.785174939499584 ], [ -46.081871150668071, -23.785082960256066 ], [ -46.081482301788874, -23.784992517729961 ], [ -46.081043219803867, -23.784949009662416 ], [ -46.080670602939158, -23.784780811948409 ], [ -46.080264754437422, -23.78467495741895 ], [ -46.079841905383653, -23.784553692835384 ], [ -46.079418800648099, -23.784401373071265 ], [ -46.079095652357964, -23.784093074473759 ], [ -46.079042086058237, -23.783736307333712 ], [ -46.079124928800596, -23.783518457927283 ], [ -46.079104313281093, -23.78340032768762 ], [ -46.079162518710021, -23.783317711501599 ], [ -46.079270693587091, -23.783225733429852 ], [ -46.079478156823797, -23.783152045597788 ], [ -46.079794708548043, -23.783094736568238 ], [ -46.079932687875861, -23.783048676444089 ], [ -46.080110754514749, -23.782983225096306 ], [ -46.08032750794311, -23.782845329836267 ], [ -46.080524594961986, -23.782706694603302 ], [ -46.080681308960813, -23.782551137735268 ], [ -46.080868916651355, -23.782448669484193 ], [ -46.081036260250855, -23.782393342039853 ], [ -46.081185281057785, -23.782374229212962 ], [ -46.081273459580657, -23.782355552965207 ], [ -46.081364866835607, -23.782609595401954 ], [ -46.081484808414551, -23.782755047414327 ], [ -46.081636697038874, -23.783081845540401 ], [ -46.081837737267676, -23.783418227707166 ], [ -46.082046895549368, -23.783671426656465 ], [ -46.082246342576937, -23.783816315982087 ], [ -46.082544567842589, -23.783914515367851 ], [ -46.082831873112646, -23.784003698401921 ], [ -46.083080731301322, -23.784074200173983 ], [ -46.083258962957338, -23.784146111527704 ], [ -46.08355746408369, -23.784281292196113 ], [ -46.083805927348209, -23.78441590788109 ], [ -46.0841242671342, -23.784578076850444 ], [ -46.084412836706662, -23.784703360576962 ], [ -46.08476018490348, -23.784810199807772 ], [ -46.084949134676322, -23.784863980087948 ], [ -46.085176882246905, -23.784880462785164 ], [ -46.085463458052089, -23.784878412249071 ], [ -46.085763430443599, -23.784838373689912 ], [ -46.086020265297357, -23.784800466702126 ], [ -46.086276777842343, -23.78472548603898 ], [ -46.086554185153943, -23.784686497333112 ], [ -46.086830568187935, -23.784639399598717 ], [ -46.087038610770335, -23.784637925045899 ], [ -46.08720764075526, -23.784663862941144 ], [ -46.087395692020259, -23.784735691782178 ], [ -46.087604809091431, -23.78486153517672 ], [ -46.087854657055061, -23.785042221228494 ], [ -46.088073611489207, -23.785177957670612 ], [ -46.088271601628165, -23.78526777399474 ], [ -46.088540231733795, -23.785347145665657 ], [ -46.088827506846812, -23.785427329845362 ], [ -46.089115621224863, -23.78549844887047 ], [ -46.089178622769715, -23.785518192620533 ], [ -46.089375856117819, -23.785579453318842 ], [ -46.089552501880981, -23.785631779091261 ], [ -46.089781001154648, -23.785730362570753 ], [ -46.08996034349596, -23.785811315255437 ], [ -46.090119069464379, -23.785901397089109 ], [ -46.090229085118864, -23.786028854021723 ], [ -46.09038868146876, -23.786219198714736 ], [ -46.090519354804435, -23.786354652357542 ], [ -46.090629459554656, -23.78649928072042 ], [ -46.090719125774598, -23.786653980062855 ], [ -46.090799861983044, -23.786799738294246 ], [ -46.090881218027249, -23.787026752131744 ], [ -46.090901637108338, -23.787117825240863 ], [ -46.09089346531227, -23.787318338724798 ], [ -46.090865261205863, -23.787464003664876 ], [ -46.090776963740282, -23.787583827791337 ], [ -46.090639428150098, -23.787685036710261 ], [ -46.090480792225179, -23.787731336411245 ], [ -46.090332533091114, -23.787723327280268 ], [ -46.090104391213394, -23.787670761367934 ], [ -46.089866194365392, -23.787590233656655 ], [ -46.089716602087421, -23.787536237578205 ], [ -46.089409396640526, -23.787420122214591 ], [ -46.089200651261038, -23.787339359243795 ], [ -46.089011489723653, -23.78725852855592 ], [ -46.088822305282129, -23.787159587875038 ], [ -46.088583410251985, -23.786996907100104 ], [ -46.088284231597775, -23.786780479451114 ], [ -46.088075792835795, -23.786618473014105 ], [ -46.087845708685776, -23.786446665796458 ], [ -46.087706653360399, -23.786365458692838 ], [ -46.087488383353097, -23.786320949923027 ], [ -46.087250683022845, -23.786295514096235 ], [ -46.087062836381826, -23.786369994587815 ], [ -46.086845793957615, -23.786471764820231 ], [ -46.086600083266845, -23.78666499803472 ], [ -46.08646283561783, -23.786802337215512 ], [ -46.08628608007642, -23.787023019425256 ], [ -46.086100566476254, -23.787260965453711 ], [ -46.085943240580939, -23.787462574150336 ], [ -46.085776996817557, -23.787646209182174 ], [ -46.085609600039952, -23.787820749848205 ], [ -46.085472399609174, -23.787960816436048 ], [ -46.085345083978623, -23.788108005119735 ], [ -46.085118715511975, -23.788273084629814 ], [ -46.084872323452316, -23.78839400147551 ], [ -46.084665310863521, -23.788513758814155 ], [ -46.084557219980042, -23.788614773829394 ], [ -46.084458897335494, -23.788715710254714 ], [ -46.084440165764128, -23.788825117048692 ], [ -46.084441115943825, -23.788934413678497 ], [ -46.084461482470367, -23.78902548678413 ], [ -46.084522088638749, -23.78911626313332 ], [ -46.084631862928397, -23.789215773463951 ], [ -46.084819798520769, -23.789269538622822 ], [ -46.084969115947509, -23.789286556098872 ], [ -46.085186728828511, -23.789257905278532 ], [ -46.085414137500557, -23.789219294076769 ], [ -46.085799079683852, -23.789125383565608 ], [ -46.086095755349994, -23.789041072674856 ], [ -46.08638293586565, -23.788993912334799 ], [ -46.086729138148606, -23.788964395119166 ], [ -46.087203814340356, -23.788923994499118 ], [ -46.087540247863174, -23.788894554233924 ], [ -46.087787515453243, -23.788892810793435 ], [ -46.088135113449219, -23.78890842831866 ], [ -46.088610282243366, -23.788923119287148 ], [ -46.088966660795563, -23.788939580632182 ], [ -46.089274056541882, -23.788964481754402 ], [ -46.089541260629709, -23.788989725719308 ], [ -46.089838993733572, -23.789033665139922 ], [ -46.090156496347987, -23.789094709578372 ], [ -46.090433964774938, -23.789174879494031 ], [ -46.090662263520123, -23.789246406168314 ], [ -46.090831661186208, -23.789318356885133 ], [ -46.090931708915846, -23.789426930028839 ], [ -46.090942299159302, -23.789527113363469 ], [ -46.090903987128847, -23.789636677939519 ], [ -46.090815703942219, -23.789755607891983 ], [ -46.090668439140885, -23.78998509287505 ], [ -46.090473366839852, -23.790250222483341 ], [ -46.090267044144916, -23.790461214707832 ], [ -46.090070607977225, -23.790682011469833 ], [ -46.089893818737103, -23.79090189178098 ], [ -46.08969702037308, -23.79107667143321 ], [ -46.089510650147282, -23.791205325824386 ], [ -46.089264474205258, -23.791344361747527 ], [ -46.088978025321531, -23.791482755667861 ], [ -46.088661882217835, -23.791585250282214 ], [ -46.088326020259849, -23.791678822032488 ], [ -46.087999926457982, -23.791772314359491 ], [ -46.08770213788015, -23.791839441789321 ], [ -46.087535588374408, -23.791995976705614 ], [ -46.08731932046642, -23.792188976516183 ], [ -46.087172062117503, -23.79241760868808 ], [ -46.0871054054072, -23.792663712389423 ], [ -46.087038882081067, -23.793038103935324 ], [ -46.086971309011943, -23.79330319757975 ], [ -46.086953891076867, -23.793567917310874 ], [ -46.08691782669451, -23.793951122076319 ], [ -46.08692000960923, -23.794214835758215 ], [ -46.086912598707748, -23.794507471494629 ], [ -46.086865179365525, -23.794817623047788 ], [ -46.08675855412077, -23.795101051271857 ], [ -46.086672224371263, -23.795338277455073 ], [ -46.086565020449292, -23.79555762109743 ], [ -46.086446387946559, -23.795677618444095 ], [ -46.086348710288767, -23.795741541702743 ], [ -46.086189737529565, -23.795742670595441 ], [ -46.086030869563302, -23.795643551094042 ], [ -46.085741494377139, -23.795426997154948 ], [ -46.085522102108413, -23.795246135116709 ], [ -46.0852540681433, -23.795120667367801 ], [ -46.085005241340617, -23.795058263424043 ], [ -46.084704855040272, -23.795051344367558 ], [ -46.084511678927392, -23.795079820880606 ], [ -46.084437822920428, -23.795162519102533 ], [ -46.084457178267215, -23.795724151871418 ], [ -46.084550045278256, -23.796147948248244 ], [ -46.084628445199144, -23.796612532799735 ], [ -46.084646402680669, -23.796996225662255 ], [ -46.084664072905305, -23.797351967669147 ], [ -46.084623433266472, -23.797776732458754 ], [ -46.084509345854201, -23.798338395199046 ], [ -46.084439475041592, -23.798914173309004 ], [ -46.08436776138538, -23.799256961988604 ], [ -46.084340793828275, -23.799558785964049 ], [ -46.084343990932553, -23.799941722519399 ], [ -46.084375826680535, -23.800229574407769 ], [ -46.084466756085277, -23.800420424007896 ], [ -46.084675724391573, -23.800528247735119 ], [ -46.084868756962436, -23.800486220418772 ], [ -46.085224842735393, -23.800346453166863 ], [ -46.085520790819857, -23.800166443955458 ], [ -46.085787133552699, -23.79997311711351 ], [ -46.08593407718525, -23.799821256818813 ], [ -46.08611054243535, -23.799559881840697 ], [ -46.086257347638274, -23.799271685088506 ], [ -46.08641663030145, -23.7988315997165 ], [ -46.08656237942666, -23.798420556527233 ], [ -46.086707068947213, -23.797995054664224 ], [ -46.086868256851204, -23.797665173144637 ], [ -46.087029189065319, -23.797308235411649 ], [ -46.087189252371907, -23.796964788330264 ], [ -46.087394718481455, -23.796648172350647 ], [ -46.087660250413862, -23.796359096619216 ], [ -46.087940317017292, -23.796041931708324 ], [ -46.08820630756324, -23.795807011010702 ], [ -46.088473082692332, -23.795668774109963 ], [ -46.088755092809343, -23.795584598778515 ], [ -46.089052327595653, -23.795568972264366 ], [ -46.089186039782291, -23.79559509973776 ], [ -46.08939500367952, -23.795702962378478 ], [ -46.089559791983049, -23.795811019737609 ], [ -46.08975491656377, -23.796015528269816 ], [ -46.090008966759889, -23.796232311703335 ], [ -46.090178902873262, -23.796368391161426 ], [ -46.09035786846831, -23.796407797481567 ], [ -46.090505998259367, -23.796393179006927 ], [ -46.090772978502685, -23.796282038366538 ], [ -46.090904877369582, -23.796089618208697 ], [ -46.09094807685748, -23.795856312125949 ], [ -46.090841969348872, -23.795610510537628 ], [ -46.090645676352338, -23.795256058475736 ], [ -46.090580207122748, -23.795173440226094 ], [ -46.090400590875923, -23.794940768642185 ], [ -46.090385071948013, -23.794911206088379 ], [ -46.090269941849968, -23.794692367287833 ], [ -46.090181009746708, -23.794267693389028 ], [ -46.090216917016043, -23.794101261511315 ], [ -46.090259164963122, -23.793986255751346 ], [ -46.090348953142701, -23.793928696862153 ], [ -46.090432445139626, -23.793936596072015 ], [ -46.090482560087821, -23.793941317984014 ], [ -46.090764301951836, -23.794066667179813 ], [ -46.090919063247156, -23.794145063217908 ], [ -46.091202357583853, -23.794334510436812 ], [ -46.091606222868812, -23.794509600350032 ], [ -46.091846930354897, -23.794639293548769 ], [ -46.092222143370051, -23.794841457039379 ], [ -46.092233255651664, -23.794847444274762 ], [ -46.092786400491249, -23.795145156606722 ], [ -46.093563089220275, -23.795537033746911 ], [ -46.094622844285787, -23.796090398125028 ], [ -46.096489786986751, -23.79703535326674 ], [ -46.097670875834098, -23.797657382327213 ], [ -46.098416824160722, -23.798007867783763 ], [ -46.09883425592804, -23.798155729519809 ], [ -46.099221545781766, -23.798220736825986 ], [ -46.099518785847188, -23.798205046507814 ], [ -46.099711464778636, -23.798121501532098 ], [ -46.099873936948143, -23.797955951723818 ], [ -46.099961195858128, -23.797708806298409 ], [ -46.099943382033473, -23.797339516040886 ], [ -46.099880970463147, -23.79703923267267 ], [ -46.099669083538743, -23.796588247327421 ], [ -46.099412947879557, -23.796124982864338 ], [ -46.099229393400073, -23.795537454623688 ], [ -46.09921048212599, -23.795044467609454 ], [ -46.099188820477792, -23.794332920528127 ], [ -46.099274114537636, -23.793852739150417 ], [ -46.099464205503111, -23.793468451613052 ], [ -46.099728045863422, -23.79297346590792 ], [ -46.100196697853427, -23.792372934631501 ], [ -46.100205743634447, -23.792361352893206 ], [ -46.100483378075822, -23.792111917520423 ], [ -46.100853542546368, -23.791889825490085 ], [ -46.101268324653695, -23.791736893122835 ], [ -46.101654183117056, -23.791637548334194 ], [ -46.101980908024437, -23.791621662392348 ], [ -46.102293204742296, -23.791647415865075 ], [ -46.102459066319426, -23.791878351465233 ], [ -46.102521118924216, -23.792138028592539 ], [ -46.102597062922811, -23.792412040154048 ], [ -46.102631892479117, -23.792932001109499 ], [ -46.102664244167933, -23.793390532494112 ], [ -46.10313499228419, -23.793855658043682 ], [ -46.103202987124064, -23.793922844068714 ], [ -46.103233196624963, -23.793952694187539 ], [ -46.103636174378572, -23.794350876052263 ], [ -46.104857536286026, -23.794982434532471 ], [ -46.105544181316269, -23.795160847975467 ], [ -46.105799140629479, -23.795251167668205 ], [ -46.106279346811476, -23.795746247091625 ], [ -46.106426278678462, -23.795926238078863 ], [ -46.106691973991545, -23.796251777556776 ], [ -46.106815806105864, -23.796390872376808 ], [ -46.107190001524366, -23.796650086044487 ], [ -46.107454452423312, -23.796929952485442 ], [ -46.107828476359991, -23.797168414610613 ], [ -46.108288031145833, -23.797306005890896 ], [ -46.109054241220754, -23.797380897673182 ], [ -46.109731954817583, -23.797436510384728 ], [ -46.110452456239202, -23.797331106620227 ], [ -46.111063552505712, -23.797165025476154 ], [ -46.111520794053369, -23.796920579399973 ], [ -46.11188834948333, -23.796515140654463 ], [ -46.11212539432497, -23.796111541319235 ], [ -46.112121613276486, -23.795668143345612 ], [ -46.112117169797166, -23.795145233456442 ], [ -46.112047159992215, -23.794642689693212 ], [ -46.111977980639956, -23.79412030477533 ], [ -46.111929974784822, -23.793677196097441 ], [ -46.111991287262597, -23.793153820106195 ], [ -46.11214132453533, -23.792790571918264 ], [ -46.112467039128113, -23.792547098528512 ], [ -46.112969191829059, -23.792502867572253 ], [ -46.113318763394368, -23.792520203902892 ], [ -46.113714032340219, -23.792718721831978 ], [ -46.113956354994578, -23.792938246885928 ], [ -46.114245961527679, -23.793519578265609 ], [ -46.114535421615827, -23.794202095339561 ], [ -46.114782567614157, -23.794985134988153 ], [ -46.114831009406963, -23.795487808241116 ], [ -46.114837033433169, -23.796192236333244 ], [ -46.114823840779167, -23.7971785295072 ], [ -46.114766009589296, -23.798104697710468 ], [ -46.114773190667378, -23.798949946939089 ], [ -46.1148025542836, -23.799855616939272 ], [ -46.114915926126855, -23.800377707816793 ], [ -46.115117516357948, -23.800879271243151 ], [ -46.115282755547689, -23.801150828241084 ], [ -46.115548710763683, -23.801491200823119 ], [ -46.115900209497489, -23.801729805129845 ], [ -46.116294999166676, -23.801867899537328 ], [ -46.116928514519159, -23.801802731921221 ], [ -46.117670486128937, -23.801676371463291 ], [ -46.11830417413546, -23.801632037831133 ], [ -46.118785430614899, -23.801668281218912 ], [ -46.119310946512741, -23.801826122651136 ], [ -46.119881629566187, -23.80210374164735 ], [ -46.12043111790846, -23.802421246550072 ], [ -46.120892502734087, -23.802659971512696 ], [ -46.12133270768377, -23.803058685512486 ], [ -46.121729931844456, -23.803478456203333 ], [ -46.122172168392424, -23.803999043261378 ], [ -46.122326672353601, -23.804158739732774 ], [ -46.122331634140508, -23.80416408851185 ], [ -46.122944044419334, -23.804837846638389 ], [ -46.123297592076469, -23.805198309952271 ], [ -46.123518245373297, -23.805518242942561 ], [ -46.1235663874238, -23.805981199862952 ], [ -46.12357017244161, -23.806423700406398 ], [ -46.12310044529778, -23.80738538836335 ], [ -46.122609595738801, -23.808089126559604 ], [ -46.122445716886212, -23.808324080093602 ], [ -46.122409076811273, -23.80837661092832 ], [ -46.121498970179267, -23.809389359237645 ], [ -46.12123420907065, -23.809637178519495 ], [ -46.120952487004061, -23.809900871943782 ], [ -46.12082705826473, -23.810018273445738 ], [ -46.120044173881276, -23.81052702478009 ], [ -46.119753789875659, -23.81100510580011 ], [ -46.119512061324585, -23.811659802677951 ], [ -46.119410310640944, -23.812280105437974 ], [ -46.119380088208054, -23.812867293184965 ], [ -46.119457444549944, -23.813649800059807 ], [ -46.119711404500563, -23.814300927718566 ], [ -46.120176399044816, -23.814721109513894 ], [ -46.120532678466965, -23.814947028024875 ], [ -46.120887867668145, -23.815042007688696 ], [ -46.121347963627471, -23.815006122711953 ], [ -46.121597787078294, -23.814880050806007 ], [ -46.121807360717952, -23.814774290233292 ], [ -46.122193952707036, -23.814412929579596 ], [ -46.122649859508435, -23.813887586741124 ], [ -46.122966037245241, -23.813559267180864 ], [ -46.123318708016761, -23.813360747832203 ], [ -46.123955876191232, -23.81325853809799 ], [ -46.124593936123347, -23.813253904523634 ], [ -46.125303467263741, -23.813346267572211 ], [ -46.125906722180048, -23.813406894890161 ], [ -46.126898811780357, -23.813367130808178 ], [ -46.128067711043172, -23.813228527508965 ], [ -46.128951135193162, -23.812993555762844 ], [ -46.12969444713476, -23.812792130209431 ], [ -46.130188139092738, -23.812560013615546 ], [ -46.130504611224843, -23.812264190738048 ], [ -46.130608212310584, -23.81187239653007 ], [ -46.13056880524308, -23.811513217460977 ], [ -46.130422929286489, -23.810992277837475 ], [ -46.130206824462164, -23.810635353937549 ], [ -46.130026463492037, -23.810212192514257 ], [ -46.130022818088449, -23.809788609324837 ], [ -46.130124564960816, -23.809298372577015 ], [ -46.130406275404695, -23.809067862013379 ], [ -46.130759758564793, -23.808967708856731 ], [ -46.131292592217136, -23.809061318328418 ], [ -46.131613005254835, -23.809222437101599 ], [ -46.131935167752658, -23.809578622740943 ], [ -46.132154206675267, -23.810392563148838 ], [ -46.132663322491723, -23.811823885119004 ], [ -46.132919611078286, -23.812735975707472 ], [ -46.133321759018486, -23.814168107118512 ], [ -46.13375554713442, -23.815176407652778 ], [ -46.134187118158437, -23.81592372477526 ], [ -46.134582859326009, -23.816507806232181 ], [ -46.13504665010035, -23.81689640359906 ], [ -46.135792698960053, -23.817119412764622 ], [ -46.136501721020252, -23.817146705271441 ], [ -46.137174904851193, -23.817010805779873 ], [ -46.138270482783774, -23.816676693849381 ], [ -46.139540848824616, -23.816015212734175 ], [ -46.14063444666742, -23.815452613780341 ], [ -46.141421885508805, -23.815143254656405 ], [ -46.141482656558324, -23.815119408932475 ], [ -46.142365702370071, -23.814851897091192 ], [ -46.143144645752336, -23.814683523068034 ], [ -46.143853338156568, -23.814678272081157 ], [ -46.144350005951175, -23.814674598525468 ], [ -46.144705800590117, -23.814834503781263 ], [ -46.145062439395048, -23.815092880047409 ], [ -46.145241993431988, -23.815418490686071 ], [ -46.145316362261141, -23.815841485471513 ], [ -46.145290785541107, -23.816950729977822 ], [ -46.145261736893438, -23.817668947475298 ], [ -46.144921407286688, -23.819270001129034 ], [ -46.144751320117905, -23.820021768170346 ], [ -46.144616138353889, -23.820838293481753 ], [ -46.144565567693427, -23.821342601185535 ], [ -46.144640240360651, -23.821799045073814 ], [ -46.144891198717339, -23.822090677765111 ], [ -46.145319395324996, -23.822446043198902 ], [ -46.145709356160218, -23.822476546929984 ], [ -46.146416702247187, -23.822307836779636 ], [ -46.147228420974209, -23.821844808080932 ], [ -46.147896624363369, -23.821252803621437 ], [ -46.14849334584445, -23.820562913651081 ], [ -46.149123356943669, -23.819645105348922 ], [ -46.149576556389555, -23.818826240009908 ], [ -46.149996409680725, -23.818235199220936 ], [ -46.15027606036319, -23.817776988767175 ], [ -46.150617550532331, -23.817329015865955 ], [ -46.150626399352007, -23.817317428670041 ], [ -46.151121044805933, -23.817085218448419 ], [ -46.151794460077838, -23.817080183543471 ], [ -46.152504557977025, -23.817238343303014 ], [ -46.153040931557882, -23.817614566318092 ], [ -46.153049864930395, -23.817620820946647 ], [ -46.153184625150125, -23.817983782476933 ], [ -46.153724708507347, -23.818892774207569 ], [ -46.154072060989165, -23.819596864673155 ], [ -46.154112794113537, -23.819866107160482 ], [ -46.154249002950642, -23.821358835434818 ], [ -46.154406011596933, -23.822421389280215 ], [ -46.155067448447177, -23.824883381176747 ], [ -46.155499085222338, -23.826396525599709 ], [ -46.155993706707733, -23.826687040098481 ], [ -46.156856138717288, -23.826838998092267 ], [ -46.157964781635833, -23.827011734450082 ], [ -46.158729618254476, -23.82725494488686 ], [ -46.159595275175512, -23.82776898299338 ], [ -46.160608343704929, -23.828259273697949 ], [ -46.1609287613962, -23.828324758369099 ], [ -46.165542633119749, -23.827045156012545 ], [ -46.16945481516138, -23.824344898438323 ], [ -46.17314118799888, -23.824646845026574 ], [ -46.173148936069666, -23.824591424683174 ], [ -46.173166498783822, -23.824513893474148 ], [ -46.173177930167718, -23.82447506254676 ], [ -46.173195637481385, -23.824424533584772 ], [ -46.173205723060335, -23.824399801601597 ], [ -46.173222476411965, -23.824363278288825 ], [ -46.173251539897507, -23.824309231036043 ], [ -46.173285324989749, -23.824256231591576 ], [ -46.173352422241585, -23.824163150927262 ], [ -46.173385096694354, -23.824117655828687 ], [ -46.173396712340299, -23.824099324355426 ], [ -46.173407987197926, -23.824075847679168 ], [ -46.173411753768562, -23.82405802750603 ], [ -46.173410995962271, -23.824050176111577 ], [ -46.173406194748218, -23.824040278311262 ], [ -46.173396310117582, -23.824032767318315 ], [ -46.17338931529018, -23.824030020877569 ], [ -46.173380755522352, -23.824027918532682 ], [ -46.173359923618683, -23.824025728964166 ], [ -46.173334497493485, -23.824025741851077 ], [ -46.173274260467807, -23.824030174019093 ], [ -46.173174022823972, -23.82404050991504 ], [ -46.173125362653472, -23.824044131431801 ], [ -46.173066363582045, -23.824044309424909 ], [ -46.173039345715658, -23.824041986256873 ], [ -46.173001778824542, -23.824034685862348 ], [ -46.172970758894174, -23.824023994095402 ], [ -46.172955871166657, -23.824016882387152 ], [ -46.172933861233524, -23.824003773944774 ], [ -46.172900837380325, -23.82397765401932 ], [ -46.172867252095536, -23.823943681194148 ], [ -46.172845424652806, -23.823918108263236 ], [ -46.172806071962853, -23.823865033106944 ], [ -46.172774221163046, -23.823816506796337 ], [ -46.172758332298464, -23.823796307410507 ], [ -46.172740613226381, -23.823780005370459 ], [ -46.172730542876444, -23.823773669804417 ], [ -46.172719501439829, -23.823768515683323 ], [ -46.172694700010311, -23.823761569669557 ], [ -46.172667278999519, -23.823758075441713 ], [ -46.172608950964303, -23.823756441906895 ], [ -46.172551508839497, -23.823755072548941 ], [ -46.172523513456689, -23.823753208283772 ], [ -46.172481942239472, -23.823748196018688 ], [ -46.172445354663296, -23.823740617100103 ], [ -46.172426951757956, -23.82373560925209 ], [ -46.172399086981166, -23.823726428679912 ], [ -46.172356222588405, -23.823708601876813 ], [ -46.1723162787818, -23.823688043486321 ], [ -46.172295356070592, -23.823675739491357 ], [ -46.172262373803562, -23.823654225029333 ], [ -46.172208607577652, -23.82361399332844 ], [ -46.172155384125134, -23.823568609683136 ], [ -46.17212677303668, -23.823541914158721 ], [ -46.172081204791553, -23.823496291660824 ], [ -46.172006735929735, -23.823413589892041 ], [ -46.171705880412169, -23.82319903694156 ], [ -46.171655003451725, -23.823163479313259 ], [ -46.171570862173745, -23.823107763874933 ], [ -46.171415635496622, -23.823007161439101 ], [ -46.171246392043791, -23.822897995343894 ], [ -46.171158779727357, -23.822838332296538 ], [ -46.171114084005247, -23.822813294060619 ], [ -46.17106303443493, -23.822791284377665 ], [ -46.171026792843065, -23.822778464370334 ], [ -46.170955043825785, -23.822758056865506 ], [ -46.170816359787032, -23.822728584543427 ], [ -46.170776297972438, -23.822716696609177 ], [ -46.170755813584393, -23.822709446553585 ], [ -46.170724576744647, -23.822696407844635 ], [ -46.170676056837372, -23.822671850076951 ], [ -46.170625809031463, -23.822640712615961 ], [ -46.170591923570861, -23.822616946827171 ], [ -46.170525776903446, -23.822564435718519 ], [ -46.17047936010875, -23.822522612271321 ], [ -46.170449844249482, -23.822493484850931 ], [ -46.170393925436713, -23.822432045430759 ], [ -46.17027330158232, -23.822281778275656 ], [ -46.170230256689173, -23.822232794480577 ], [ -46.170200525999448, -23.822201591455268 ], [ -46.17014002536304, -23.822143708888156 ], [ -46.170094522269558, -23.822105219934937 ], [ -46.170064370467472, -23.822081786934994 ], [ -46.170003623045659, -23.822040162397862 ], [ -46.169942340124656, -23.82200450251112 ], [ -46.169911375348455, -23.821988932819242 ], [ -46.1698646592126, -23.821968425147833 ], [ -46.169817777529943, -23.821951350585611 ], [ -46.169786966803066, -23.821942011248506 ], [ -46.169728435355992, -23.821928547226392 ], [ -46.169692462495199, -23.821923762649352 ], [ -46.169674979021146, -23.821922721226695 ], [ -46.169648673051377, -23.82192310141653 ], [ -46.169607191533636, -23.821928022027084 ], [ -46.169566631518592, -23.821937180315231 ], [ -46.169545188935409, -23.821943484208145 ], [ -46.169511620313429, -23.82195502788095 ], [ -46.169459200170621, -23.821977190765647 ], [ -46.169423331469552, -23.821994983415781 ], [ -46.169352111556812, -23.822033545073701 ], [ -46.16930179485157, -23.822060388193954 ], [ -46.16926073642523, -23.822079665163507 ], [ -46.169241171032979, -23.822087309463964 ], [ -46.169212193338964, -23.822096289512345 ], [ -46.169182991803865, -23.822102200633807 ], [ -46.16916798746059, -23.822103940036492 ], [ -46.169136679191638, -23.822104809634805 ], [ -46.169120179750202, -23.822104031625052 ], [ -46.169084605171179, -23.822099876073171 ], [ -46.169058745474629, -23.822095285601574 ], [ -46.169000309756193, -23.822081549640128 ], [ -46.168923440756927, -23.822059373738735 ], [ -46.168760195896176, -23.822005791714741 ], [ -46.168688108642719, -23.82198041851332 ], [ -46.168565868166262, -23.821934382631966 ], [ -46.168462887870163, -23.821890458496714 ], [ -46.168418614723336, -23.821868667491334 ], [ -46.168366903386897, -23.821838443478246 ], [ -46.168343387863267, -23.821821552641122 ], [ -46.168309255751865, -23.821792098519438 ], [ -46.168286765052898, -23.821769058667858 ], [ -46.168241143768817, -23.821717294124568 ], [ -46.168206132626025, -23.821677370405908 ], [ -46.168157875571524, -23.821627251428307 ], [ -46.168132928441359, -23.821603959226145 ], [ -46.168094841643594, -23.821571374082271 ], [ -46.168055799916395, -23.821541776470351 ], [ -46.168029821534411, -23.821523910804029 ], [ -46.167979480654225, -23.82149322470864 ], [ -46.167948019748401, -23.821477026181821 ], [ -46.167932941094215, -23.821470457288651 ], [ -46.167910982185447, -23.821462947074874 ], [ -46.16788983686623, -23.821458591627891 ], [ -46.16787942276585, -23.821457677075262 ], [ -46.16786921307245, -23.821457664097238 ], [ -46.167848816315328, -23.821460166713756 ], [ -46.167828247478482, -23.821465380001911 ], [ -46.167784509521312, -23.821481425631049 ], [ -46.167734809507145, -23.821500406398627 ], [ -46.167707795881057, -23.821509461600957 ], [ -46.167665289559871, -23.821520530689316 ], [ -46.167625782631106, -23.821526700184076 ], [ -46.16760557329355, -23.821528207913577 ], [ -46.167574752717556, -23.821528712247861 ], [ -46.167527892074794, -23.821524912732162 ], [ -46.167486099521753, -23.821517010769593 ], [ -46.167465531868437, -23.821511386516953 ], [ -46.167435694938312, -23.821501136203292 ], [ -46.167394486123889, -23.821481669812218 ], [ -46.16738204899228, -23.821474087427955 ], [ -46.167358827336322, -23.821457103896432 ], [ -46.167337250211041, -23.821437398539096 ], [ -46.167323570511257, -23.821422600567665 ], [ -46.167296559340159, -23.821388034803842 ], [ -46.167276066477918, -23.821357844993006 ], [ -46.167234135123472, -23.821290518467876 ], [ -46.16720206484348, -23.821239102570299 ], [ -46.16711331765233, -23.821107105492192 ], [ -46.167094369626625, -23.821074013963525 ], [ -46.167087057606288, -23.821057722770252 ], [ -46.167079178050045, -23.821032856196233 ], [ -46.16707560551226, -23.821006602334894 ], [ -46.167075579295535, -23.820992694426472 ], [ -46.16707682272402, -23.820978054408624 ], [ -46.167082633358298, -23.820947213903697 ], [ -46.167091966514128, -23.820915082361754 ], [ -46.167117212085081, -23.820851040411682 ], [ -46.167146230591733, -23.820791756454 ], [ -46.167162954131342, -23.820762729898224 ], [ -46.167192688382578, -23.820717619558401 ], [ -46.167228675081567, -23.820669120322886 ], [ -46.167306744928084, -23.820573249734917 ], [ -46.167370148166782, -23.820494920442467 ], [ -46.16739349086933, -23.820459612194568 ], [ -46.167411043640989, -23.820424528405908 ], [ -46.167419668138457, -23.820400981887552 ], [ -46.167424240132377, -23.820385323229083 ], [ -46.167430733755381, -23.820354025979075 ], [ -46.167434088630671, -23.820323023430845 ], [ -46.167434441291405, -23.820307577343318 ], [ -46.167433545729168, -23.820284283529425 ], [ -46.167428420746738, -23.820249100503705 ], [ -46.167420087946617, -23.820217463948129 ], [ -46.167414448722909, -23.820201611665016 ], [ -46.167404028277481, -23.820178028716558 ], [ -46.167383888655586, -23.82014341092901 ], [ -46.167360752896059, -23.820114053940305 ], [ -46.167347079801836, -23.820099978413335 ], [ -46.16732333770809, -23.820079657247554 ], [ -46.167295384377915, -23.82006045170769 ], [ -46.167279595366431, -23.820051269061761 ], [ -46.167225667692129, -23.82002557702592 ], [ -46.167186455723787, -23.820009798251778 ], [ -46.167108063312391, -23.819981762617331 ], [ -46.167039419585812, -23.819957085027085 ], [ -46.167009072858619, -23.819944670977698 ], [ -46.166967852491773, -23.819923849852756 ], [ -46.166931013862204, -23.819899021809519 ], [ -46.166909054112395, -23.819880403022843 ], [ -46.166895486519259, -23.819867139466204 ], [ -46.166871281642237, -23.819838964550133 ], [ -46.166855574349505, -23.819816956879439 ], [ -46.166829009239827, -23.819777330142362 ], [ -46.166817302689886, -23.81976360093272 ], [ -46.16681166551998, -23.819758947346077 ], [ -46.166806142660008, -23.819756099142278 ], [ -46.166794748703886, -23.819755372551306 ], [ -46.166782322612484, -23.81975998220145 ], [ -46.166750795002436, -23.819780179812039 ], [ -46.166706465593613, -23.819806886464047 ], [ -46.166680475826126, -23.819820629977226 ], [ -46.16663892524933, -23.819839729342601 ], [ -46.166596361564089, -23.819855314178437 ], [ -46.166568554015591, -23.819863381744966 ], [ -46.166517108984849, -23.819873795633576 ], [ -46.166483951481695, -23.81987639460279 ], [ -46.166463233007342, -23.819875828841514 ], [ -46.166420674313251, -23.819870009551053 ], [ -46.166371290035826, -23.819858371574124 ], [ -46.16634402351346, -23.819850088461681 ], [ -46.166300684889777, -23.819833889109933 ], [ -46.166255734538346, -23.819813096003113 ], [ -46.166226242310501, -23.819797424085881 ], [ -46.166172840956094, -23.819764683321704 ], [ -46.166144083199235, -23.819743316150884 ], [ -46.16613171460989, -23.819732391578672 ], [ -46.166115165156064, -23.819714996130376 ], [ -46.166093989747623, -23.819685262863224 ], [ -46.166075907088349, -23.819650087458754 ], [ -46.16604712243435, -23.819581758013111 ], [ -46.166036230846615, -23.819560346021959 ], [ -46.166029772115039, -23.81955163455935 ], [ -46.166017198356208, -23.81953971809175 ], [ -46.165987587079307, -23.819521698902754 ], [ -46.165941161241889, -23.819500555606183 ], [ -46.165903132346529, -23.81948530942325 ], [ -46.165820206543934, -23.819455230205858 ], [ -46.165779150820477, -23.81944181312512 ], [ -46.165700191839328, -23.819416219471471 ], [ -46.16564238103345, -23.81939534277673 ], [ -46.165591533214489, -23.819373690925239 ], [ -46.165566391695506, -23.819361508171788 ], [ -46.165529304970008, -23.819341829462438 ], [ -46.1654757044235, -23.819308728699493 ], [ -46.165424816116179, -23.819271543357566 ], [ -46.165326801733883, -23.819189738566788 ], [ -46.165185648362197, -23.819070057534748 ], [ -46.165136957455992, -23.819026082052801 ], [ -46.165115654590949, -23.819004026159224 ], [ -46.165085385063016, -23.818967226772603 ], [ -46.165055836342546, -23.81892319693711 ], [ -46.165037093552378, -23.818891006693828 ], [ -46.16500460451136, -23.818825504699394 ], [ -46.164988232729073, -23.818783994352607 ], [ -46.164981473795912, -23.818763634803517 ], [ -46.164973146531203, -23.818732539920983 ], [ -46.164963966896543, -23.818682937424349 ], [ -46.164957684519855, -23.818627984603133 ], [ -46.164950416408807, -23.818517587380338 ], [ -46.164944048240727, -23.818431025845072 ], [ -46.164938828279659, -23.818396114360031 ], [ -46.164927764479636, -23.818355376713455 ], [ -46.164920141485517, -23.818337191186334 ], [ -46.16490549189681, -23.818312646557267 ], [ -46.164886944121967, -23.818291292311379 ], [ -46.164873388183274, -23.818279292848839 ], [ -46.164855118146022, -23.818267058059188 ], [ -46.164846245051848, -23.818262790090323 ], [ -46.164833645100124, -23.81825891152387 ], [ -46.164827355602505, -23.818258146223116 ], [ -46.164813717802261, -23.818258971743035 ], [ -46.164803332985514, -23.818261308000871 ], [ -46.164777690003632, -23.818269900762548 ], [ -46.164752843582065, -23.818279751877537 ], [ -46.164690243560742, -23.818305150959635 ], [ -46.16463506258404, -23.818325888046694 ], [ -46.164575552067625, -23.81834548375101 ], [ -46.164450230195612, -23.81838264548745 ], [ -46.164322570933244, -23.818421901960082 ], [ -46.16425552293024, -23.818443902581862 ], [ -46.164040690306102, -23.818516058548266 ], [ -46.16397167174766, -23.818537261112773 ], [ -46.163846319702301, -23.818571081034349 ], [ -46.163773325543794, -23.818586804457407 ], [ -46.163738232456339, -23.81859248806057 ], [ -46.163684976479352, -23.818597947477418 ], [ -46.163635123097109, -23.818599678386821 ], [ -46.16360940105772, -23.818599420931406 ], [ -46.163570214946532, -23.818597458822278 ], [ -46.16351106122363, -23.818591041435372 ], [ -46.163471735091413, -23.81858438410822 ], [ -46.163393843969892, -23.818568354306105 ], [ -46.163335823916263, -23.818556961110879 ], [ -46.163278028365212, -23.818548727137031 ], [ -46.163239611454848, -23.818544952890438 ], [ -46.163163497760898, -23.818541101748369 ], [ -46.163125895916089, -23.818540662887219 ], [ -46.163053052902534, -23.8185403092067 ], [ -46.163001886422052, -23.818537895440187 ], [ -46.162954514397782, -23.818531659913983 ], [ -46.162924808821963, -23.818525020199981 ], [ -46.162905518703695, -23.818519475993195 ], [ -46.162868090646818, -23.818505488883048 ], [ -46.162827270433162, -23.818485386094107 ], [ -46.162801117953343, -23.818469868935956 ], [ -46.162753301029163, -23.818435730137772 ], [ -46.162725600536746, -23.818411735263574 ], [ -46.16271311890592, -23.818399095316988 ], [ -46.162675873893654, -23.818349832263433 ], [ -46.162673579688999, -23.818346470323497 ], [ -46.16265498963584, -23.818309311427601 ], [ -46.162644641010331, -23.818282656953098 ], [ -46.162628826839757, -23.818226511496245 ], [ -46.162619676306051, -23.818169051419908 ], [ -46.162617645561475, -23.818139444227594 ], [ -46.162617824247128, -23.818093383499516 ], [ -46.162621910025329, -23.818045125812674 ], [ -46.162633108397173, -23.817979835745984 ], [ -46.162640874337491, -23.817947987187935 ], [ -46.16265337207399, -23.817907342638758 ], [ -46.162660659260602, -23.817887870503778 ], [ -46.162673070076842, -23.817859509110221 ], [ -46.162695383776239, -23.817818790545179 ], [ -46.16272213396028, -23.817780206025148 ], [ -46.162776586106418, -23.817710706358582 ], [ -46.162795295193753, -23.817684103713113 ], [ -46.16280196200951, -23.817672132188527 ], [ -46.162807808949971, -23.817656283408287 ], [ -46.162807498381142, -23.817643461373407 ], [ -46.162804507730563, -23.817638336112147 ], [ -46.162799660092439, -23.817634127978987 ], [ -46.162784096156372, -23.817628104091245 ], [ -46.162761583804453, -23.817624480721925 ], [ -46.162698137269572, -23.817620985377509 ], [ -46.16250331290005, -23.81761396487266 ], [ -46.162377149590938, -23.817611755006997 ], [ -46.162320320778342, -23.817612815560636 ], [ -46.162250374757392, -23.817618039024421 ], [ -46.162216652060849, -23.817623260384167 ], [ -46.162165616212228, -23.817635475972665 ], [ -46.16211257287403, -23.817653757612991 ], [ -46.162077265873776, -23.817668473697882 ], [ -46.16201030627127, -23.817700407056741 ], [ -46.161925791236897, -23.817745206737399 ], [ -46.161887462138338, -23.817762293677756 ], [ -46.161862012946628, -23.817770613559947 ], [ -46.161828699712586, -23.817777728314464 ], [ -46.16181261517125, -23.81777938481553 ], [ -46.161789547617474, -23.817779558613815 ], [ -46.161778544072973, -23.817778557766463 ], [ -46.161760153623902, -23.817774812883169 ], [ -46.161751388463053, -23.817771627668865 ], [ -46.161738663953287, -23.817764769469605 ], [ -46.161720065223236, -23.817748653333339 ], [ -46.161701488295556, -23.817723957339503 ], [ -46.161692018433016, -23.817707772425479 ], [ -46.161682424691641, -23.817688698442772 ], [ -46.161661776977198, -23.817640898034252 ], [ -46.161638054279059, -23.817578490155469 ], [ -46.161575710129711, -23.817401044088722 ], [ -46.161549563161394, -23.81735301414761 ], [ -46.161501811024962, -23.817270918483896 ], [ -46.161460093968643, -23.817205123917805 ], [ -46.16143532923207, -23.817169004799002 ], [ -46.161393193768411, -23.817111341492666 ], [ -46.161344853416502, -23.817051376777211 ], [ -46.161324535509202, -23.817029583843794 ], [ -46.161294457258251, -23.817003077846032 ], [ -46.161265218929913, -23.816982706770439 ], [ -46.16124933093063, -23.816973343598399 ], [ -46.161223890958915, -23.816960620477936 ], [ -46.161181827540219, -23.816944139090289 ], [ -46.161161648666194, -23.816937969158982 ], [ -46.16111924886166, -23.816927812165744 ], [ -46.161086709165879, -23.816922548110103 ], [ -46.161038671568228, -23.816918665110418 ], [ -46.161008045903003, -23.816918895693128 ], [ -46.160950643664364, -23.816921675988638 ], [ -46.160910288189207, -23.816920625115014 ], [ -46.160892889916106, -23.816918046717195 ], [ -46.160859725130628, -23.816908723253768 ], [ -46.160836757659389, -23.816898058643595 ], [ -46.160815923188991, -23.816884397658686 ], [ -46.160806429231052, -23.816876521620543 ], [ -46.160798509033299, -23.816868994985313 ], [ -46.160784617366957, -23.816852301418439 ], [ -46.160775759126381, -23.816838640588639 ], [ -46.16076525324133, -23.816816322154303 ], [ -46.160758362381181, -23.816792079943841 ], [ -46.160756286762187, -23.81677945180834 ], [ -46.160755286877922, -23.81676636401258 ], [ -46.160755928570374, -23.816739175099631 ], [ -46.160760384812313, -23.816710422159748 ], [ -46.160765310788513, -23.816690335690364 ], [ -46.160779855092962, -23.816647959928112 ], [ -46.160803057630474, -23.816596758670457 ], [ -46.160821686665997, -23.816561125599023 ], [ -46.160864135882846, -23.816488555995434 ], [ -46.160898697475965, -23.816434198586499 ], [ -46.160974456012575, -23.816321008476255 ], [ -46.161095629849392, -23.816137664775891 ], [ -46.161161363685196, -23.816034213503848 ], [ -46.161194211211338, -23.815985829568941 ], [ -46.161230295531809, -23.815937150316319 ], [ -46.161302509087356, -23.815844848952739 ], [ -46.16134179157654, -23.815791539650554 ], [ -46.161358342831555, -23.81576513404805 ], [ -46.161380146546151, -23.815722252000285 ], [ -46.161398652367858, -23.815672801969573 ], [ -46.161409234554732, -23.815637500372166 ], [ -46.16142529709937, -23.815567206536645 ], [ -46.16143207935491, -23.815524076362927 ], [ -46.161434058036519, -23.815503741133274 ], [ -46.161435072137124, -23.815474291598985 ], [ -46.161431457667881, -23.815432142852142 ], [ -46.161421179705791, -23.815391308665621 ], [ -46.161411034331501, -23.815365375053243 ], [ -46.161403033041076, -23.815348727487205 ], [ -46.161384499250445, -23.815317799543088 ], [ -46.161368702510146, -23.815296604741441 ], [ -46.161333277672433, -23.815253882735082 ], [ -46.161304268472421, -23.815215086160116 ], [ -46.161273995429745, -23.815166635650613 ], [ -46.161216625153777, -23.815062576003978 ], [ -46.161183438928177, -23.815006651465598 ], [ -46.161165256750785, -23.814982133036182 ], [ -46.161143841802541, -23.814958361445704 ], [ -46.161131465248893, -23.814946443059956 ], [ -46.161086470135444, -23.814909302114092 ], [ -46.161051988196895, -23.81488427420177 ], [ -46.160979998340288, -23.814836137697274 ], [ -46.160879679895181, -23.814770513139859 ], [ -46.160831944532511, -23.814734295868089 ], [ -46.160784650193968, -23.814692475880399 ], [ -46.160754646674604, -23.81466325980913 ], [ -46.160702028787462, -23.814607842661786 ], [ -46.160613656747195, -23.814505732029545 ], [ -46.16048800919188, -23.81436244836032 ], [ -46.160351301905877, -23.814200733708041 ], [ -46.160271550356292, -23.814107589256917 ], [ -46.160234289315582, -23.814068041726269 ], [ -46.160210028134159, -23.814044291406297 ], [ -46.160163802737003, -23.814001198792088 ], [ -46.160132899249895, -23.813970092793383 ], [ -46.160106310671637, -23.81393850276633 ], [ -46.16006557355508, -23.813883357257058 ], [ -46.160049995189084, -23.813864599102327 ], [ -46.160019993631437, -23.813835563484353 ], [ -46.159955756169673, -23.813775988763041 ], [ -46.159917849948741, -23.813741142257161 ], [ -46.159896387828844, -23.813723060526065 ], [ -46.159860521001605, -23.813696778365589 ], [ -46.159819961117265, -23.813672608680676 ], [ -46.159790376080018, -23.81365729740061 ], [ -46.15972551213175, -23.81362662732727 ], [ -46.15958388490067, -23.813562847812609 ], [ -46.159558168134275, -23.813552023032269 ], [ -46.159522040345131, -23.81354055402231 ], [ -46.159486432221662, -23.813532332351368 ], [ -46.159464706706594, -23.81352879287067 ], [ -46.159429641508062, -23.813526437425697 ], [ -46.159397759833482, -23.81352884460944 ], [ -46.159381394133575, -23.813531947958111 ], [ -46.159356228015312, -23.813538910592566 ], [ -46.159316024357565, -23.813554836901922 ], [ -46.159272637655818, -23.813577109012115 ], [ -46.159183758486144, -23.813627719971578 ], [ -46.159129716749462, -23.813655039324562 ], [ -46.159104482906336, -23.813665434308199 ], [ -46.159068257901495, -23.813676182831507 ], [ -46.1590370801162, -23.813680481217212 ], [ -46.159021375025304, -23.813680599246609 ], [ -46.158997204394225, -23.81367807151528 ], [ -46.15895824289354, -23.813668068670889 ], [ -46.158914796195184, -23.813650422946409 ], [ -46.158883639149316, -23.813634942676526 ], [ -46.15881773050927, -23.813597145365421 ], [ -46.158766591911153, -23.813564475182346 ], [ -46.158664275514624, -23.813494709737171 ], [ -46.15856867555479, -23.813429590022142 ], [ -46.158526031448105, -23.813402816576179 ], [ -46.158451145094553, -23.813359938719511 ], [ -46.158414003411885, -23.813333756097816 ], [ -46.15837403402741, -23.813298653752419 ], [ -46.158289954720516, -23.813215384789768 ], [ -46.158234516754511, -23.81316278761166 ], [ -46.15820611990727, -23.813137532700772 ], [ -46.15816092271087, -23.813099579550556 ], [ -46.158065007607036, -23.813021005282234 ], [ -46.158024624157235, -23.812983467506065 ], [ -46.158013721218389, -23.812971628100097 ], [ -46.157995848007339, -23.812948642258487 ], [ -46.157982396642005, -23.812926165089731 ], [ -46.157975488480432, -23.812910954117491 ], [ -46.157965488240485, -23.812879148829559 ], [ -46.157958760433573, -23.812840003644183 ], [ -46.157956355879932, -23.812812386020536 ], [ -46.157956249460888, -23.812756122024698 ], [ -46.157959457061892, -23.812719340683611 ], [ -46.157962337291984, -23.812700985585614 ], [ -46.157968864145317, -23.812673210589875 ], [ -46.157984969866554, -23.812629739580284 ], [ -46.158006888412082, -23.812588663365975 ], [ -46.1580208354303, -23.812567425479038 ], [ -46.158045874495606, -23.812535086158231 ], [ -46.158076113411582, -23.812502436850576 ], [ -46.158093245461458, -23.812486142238495 ], [ -46.158111753292559, -23.812470017918987 ], [ -46.158152010489623, -23.812438015869841 ], [ -46.158195120596979, -23.812406714887636 ], [ -46.158282349549879, -23.812347175943799 ], [ -46.158398336455129, -23.812265113727012 ], [ -46.158451179480643, -23.812224437367952 ], [ -46.158519892027066, -23.812169011133314 ], [ -46.158554409937324, -23.812142922418811 ], [ -46.158589343698345, -23.812119449640328 ], [ -46.158607116662175, -23.812109020482492 ], [ -46.15864347347356, -23.812091046074553 ], [ -46.158720150160377, -23.812059221841928 ], [ -46.15878251933885, -23.812030124137589 ], [ -46.158821487826295, -23.812007795058626 ], [ -46.158841106472423, -23.811995184503136 ], [ -46.158870079106592, -23.811974736771472 ], [ -46.158911108378895, -23.811941283728782 ], [ -46.158946912942127, -23.811905341181813 ], [ -46.158962062453824, -23.81188689387146 ], [ -46.158975049334337, -23.811868101560393 ], [ -46.158982495867093, -23.811855492142879 ], [ -46.158994836085611, -23.811830202178044 ], [ -46.159007060049674, -23.811791817750144 ], [ -46.159011544620533, -23.811766225566554 ], [ -46.159013061735934, -23.811749145072877 ], [ -46.159012858442885, -23.81171518903987 ], [ -46.159008301842576, -23.811677382276415 ], [ -46.158992314576587, -23.811601459153735 ], [ -46.158981093749205, -23.811542749929504 ], [ -46.158976778267579, -23.811487872258294 ], [ -46.158977305364758, -23.811458787619355 ], [ -46.15898219206975, -23.81141214956283 ], [ -46.158992437216583, -23.811360955606499 ], [ -46.158999848793648, -23.811333354548456 ], [ -46.159008818021206, -23.811304296782172 ], [ -46.159030652199263, -23.811242720091279 ], [ -46.159055898530589, -23.811178498688101 ], [ -46.159108367047324, -23.811051486023683 ], [ -46.159152605366202, -23.810937269283052 ], [ -46.159170781705384, -23.810883848204025 ], [ -46.159193345188314, -23.810804925978083 ], [ -46.159208039910013, -23.810735274781482 ], [ -46.159212067650309, -23.81070246101104 ], [ -46.15921288114523, -23.810672471090967 ], [ -46.159211975635593, -23.810658930996219 ], [ -46.159206758074312, -23.810635127665769 ], [ -46.159202351075784, -23.810625226394119 ], [ -46.15919331157275, -23.810613192434722 ], [ -46.15918106584661, -23.810604885390998 ], [ -46.159171315677582, -23.81060125584969 ], [ -46.159148416815519, -23.810598176689275 ], [ -46.159135659136204, -23.810598543505748 ], [ -46.159107618217853, -23.810602276433695 ], [ -46.159077449165942, -23.810609547543692 ], [ -46.159014224938467, -23.810630704259211 ], [ -46.158967469008196, -23.810649298761426 ], [ -46.158875543611153, -23.810688282057722 ], [ -46.158805699302228, -23.810715629692645 ], [ -46.158740897287686, -23.810735985338965 ], [ -46.158707202629863, -23.810744185991801 ], [ -46.158654571336875, -23.810753341709074 ], [ -46.158598857171953, -23.810758004932662 ], [ -46.15856970684753, -23.810758404528734 ], [ -46.15853966111068, -23.810757456154931 ], [ -46.158477278425337, -23.810751783466493 ], [ -46.158412992345198, -23.810741790039568 ], [ -46.158369724984503, -23.810733174044056 ], [ -46.158283844512532, -23.810712234282406 ], [ -46.158200977217085, -23.810687930275744 ], [ -46.158161200992943, -23.810674501432118 ], [ -46.158104270580459, -23.810652711990311 ], [ -46.158051052437045, -23.810628907774785 ], [ -46.158026006636121, -23.810616181108436 ], [ -46.158002232043209, -23.810602903017447 ], [ -46.157957611488008, -23.810574518582879 ], [ -46.157916600242778, -23.810543578282708 ], [ -46.157890881449035, -23.810521373812332 ], [ -46.157842350079683, -23.810472608031425 ], [ -46.157797005788147, -23.810417947984128 ], [ -46.157775835429746, -23.810388394020571 ], [ -46.157746658178105, -23.810341469803678 ], [ -46.157721382296742, -23.810291716602663 ], [ -46.157710551009195, -23.810265787843331 ], [ -46.157700891972119, -23.810239218095365 ], [ -46.157685194406852, -23.810184787044182 ], [ -46.157674104497723, -23.810129689218034 ], [ -46.15766907040063, -23.810093330980891 ], [ -46.157663933143013, -23.810023196564359 ], [ -46.157665155888537, -23.809950756593445 ], [ -46.15766947172434, -23.809906109721222 ], [ -46.157673638027575, -23.809877810571873 ], [ -46.15768435114726, -23.809823994099364 ], [ -46.157698133455192, -23.809773134908809 ], [ -46.157706551596284, -23.809748326040751 ], [ -46.157721536897654, -23.809711365976298 ], [ -46.157740151481107, -23.809674107730903 ], [ -46.157751075504557, -23.809655150377591 ], [ -46.157790212337943, -23.809596514595608 ], [ -46.157820775218589, -23.809556186333186 ], [ -46.157888955977363, -23.809474122139026 ], [ -46.157957346574015, -23.809393591657365 ], [ -46.157984016050655, -23.80935699541492 ], [ -46.157996679546514, -23.809334954354014 ], [ -46.158001104906965, -23.809324806106439 ], [ -46.158004906905063, -23.809310779092307 ], [ -46.158005091637555, -23.809298404864027 ], [ -46.158003257595077, -23.809290832365747 ], [ -46.157995578831247, -23.809277252795763 ], [ -46.157989829860981, -23.80927097406687 ], [ -46.157975096860262, -23.809258892459024 ], [ -46.157912132134804, -23.809220711310658 ], [ -46.157862362455731, -23.809187217658142 ], [ -46.157837454802319, -23.809167897084357 ], [ -46.15780213053479, -23.809136191542201 ], [ -46.157771496027955, -23.809102012346109 ], [ -46.1577586756868, -23.809084226658282 ], [ -46.157747914168176, -23.809066154577724 ], [ -46.157741817909987, -23.809053917806043 ], [ -46.157732174181589, -23.809029063880143 ], [ -46.157723102225603, -23.808991200630203 ], [ -46.157720226280638, -23.808965754029213 ], [ -46.157719584977784, -23.808948780051239 ], [ -46.15772065805151, -23.808914814414084 ], [ -46.157724935751389, -23.808876941276615 ], [ -46.157738414018795, -23.808802873992676 ], [ -46.157747754500953, -23.808749248440286 ], [ -46.157751564307738, -23.808702889417777 ], [ -46.157750574895012, -23.808679867099897 ], [ -46.157743690355858, -23.808645148375753 ], [ -46.157734744942417, -23.808621553584551 ], [ -46.15772884741633, -23.808609586257539 ], [ -46.157717789883357, -23.808591335768764 ], [ -46.157688400294603, -23.808553625008923 ], [ -46.157664612177825, -23.808527703169496 ], [ -46.15761211151198, -23.808473999868728 ], [ -46.157572772508026, -23.808432299680877 ], [ -46.157554425277709, -23.808411123565321 ], [ -46.157525520938044, -23.808372776940168 ], [ -46.157512783647917, -23.808353274661808 ], [ -46.15749593163293, -23.808323597921085 ], [ -46.15747559833428, -23.808277691009707 ], [ -46.157467634524771, -23.80825408883365 ], [ -46.157455915475765, -23.808205498208434 ], [ -46.157452159434463, -23.808180419452874 ], [ -46.157448661210822, -23.808129057756428 ], [ -46.157450460833054, -23.808077385367586 ], [ -46.157454279852487, -23.808043128183378 ], [ -46.157458007431586, -23.808020702653678 ], [ -46.157468123113006, -23.807977005695331 ], [ -46.15748169494119, -23.807935630932676 ], [ -46.157489764440264, -23.807915791889915 ], [ -46.15750344993188, -23.80788724068125 ], [ -46.157527729167619, -23.807846779005288 ], [ -46.157556551421429, -23.80780944417905 ], [ -46.157572787569066, -23.807791801664649 ], [ -46.157595854352614, -23.807769592250303 ], [ -46.15764093624167, -23.807728342250559 ], [ -46.15765912180467, -23.807709149780759 ], [ -46.157666400766978, -23.807699792939868 ], [ -46.157675956921572, -23.807681568359865 ], [ -46.157677840704551, -23.807672613260916 ], [ -46.157676250724293, -23.807659349221765 ], [ -46.157669067662937, -23.80764630778485 ], [ -46.157661335720945, -23.807637786103619 ], [ -46.157639398591066, -23.807621333197638 ], [ -46.157625586813765, -23.807613489332184 ], [ -46.157593161807412, -23.807598740757655 ], [ -46.157555352842444, -23.807585658208509 ], [ -46.157499079248211, -23.807571359518121 ], [ -46.157469287875557, -23.807565803053613 ], [ -46.157435085256097, -23.807560911872496 ], [ -46.157365243759202, -23.807555204337351 ], [ -46.157294460763154, -23.807554019471272 ], [ -46.157247453026969, -23.807555184961306 ], [ -46.157155233901499, -23.807560843994391 ], [ -46.157110801326354, -23.807564609194372 ], [ -46.157025079440679, -23.807572386917084 ], [ -46.156963178947095, -23.807576644349986 ], [ -46.156902825682167, -23.807578271083898 ], [ -46.156873077532765, -23.807577591067979 ], [ -46.156843613439364, -23.807575734850115 ], [ -46.156785243767132, -23.80756858632428 ], [ -46.156727815623974, -23.807556915077768 ], [ -46.156690032346972, -23.807546722128929 ], [ -46.15666503127062, -23.807538962080297 ], [ -46.15661569379472, -23.807520908229463 ], [ -46.156588206125157, -23.807509463989938 ], [ -46.156534189926653, -23.807484039546935 ], [ -46.156481920493313, -23.807456344169054 ], [ -46.15644827862873, -23.807437179145939 ], [ -46.15638462096134, -23.807398189703751 ], [ -46.15619673627652, -23.807275237419905 ], [ -46.156113054745433, -23.807225199162588 ], [ -46.156071826501574, -23.807202839652287 ], [ -46.156013862857598, -23.807175006158513 ], [ -46.155961960059088, -23.807155435998421 ], [ -46.15592879569148, -23.807145840432703 ], [ -46.15585788340271, -23.80713002519807 ], [ -46.155774113218314, -23.807114306270833 ], [ -46.155730081177914, -23.807107862723871 ], [ -46.155666134677574, -23.807102742430459 ], [ -46.155646305577676, -23.80710262005007 ], [ -46.155608928050249, -23.807104977266562 ], [ -46.155574519855229, -23.807110111926054 ], [ -46.155553164275524, -23.80711496817251 ], [ -46.155513518198809, -23.807127186454231 ], [ -46.155472837990828, -23.807144560301385 ], [ -46.155446361050849, -23.807158576487723 ], [ -46.155389747691224, -23.807194583783165 ], [ -46.155340487716984, -23.807229632854757 ], [ -46.155230101781541, -23.807312102359802 ], [ -46.15515393705693, -23.807368305435258 ], [ -46.155115399404032, -23.807394875051376 ], [ -46.155056434986726, -23.807431441711991 ], [ -46.155019797235134, -23.807450862367688 ], [ -46.154999463038145, -23.807460226531472 ], [ -46.154964446731633, -23.807474306578506 ], [ -46.154897207796736, -23.807496485088123 ], [ -46.154805358159336, -23.807521737828601 ], [ -46.154747570468992, -23.807535988303737 ], [ -46.154703975652829, -23.80753459871066 ], [ -46.154678338724118, -23.807532623115325 ], [ -46.154634607426814, -23.807526899509767 ], [ -46.154616022296999, -23.807523155175065 ], [ -46.154584630252003, -23.807514178243792 ], [ -46.154559606135521, -23.807503798950737 ], [ -46.154545600634115, -23.807496227191383 ], [ -46.154522198004251, -23.807480507300003 ], [ -46.1544894660653, -23.807453206877579 ], [ -46.154426870949145, -23.80739000482367 ], [ -46.154372908542328, -23.807337304736915 ], [ -46.154342735014069, -23.80731070763704 ], [ -46.154295992103464, -23.807275203241371 ], [ -46.154280494401966, -23.807265384802513 ], [ -46.154249427994422, -23.807248819086833 ], [ -46.154218292179095, -23.8072355051454 ], [ -46.154197122418005, -23.807228077272775 ], [ -46.154153526879803, -23.807215488736745 ], [ -46.154119194364512, -23.807206985272259 ], [ -46.154049352319184, -23.807190077438658 ], [ -46.153999066501314, -23.80717573265494 ], [ -46.153953368304627, -23.807158463524704 ], [ -46.153925375001464, -23.807145306639175 ], [ -46.153907819340453, -23.807135864807542 ], [ -46.153875151453512, -23.807115788793666 ], [ -46.153842055059421, -23.807091651900638 ], [ -46.153822672827737, -23.807075450260015 ], [ -46.153791678346366, -23.807044795109572 ], [ -46.153776189492966, -23.80702486151479 ], [ -46.15376861583858, -23.807012003429062 ], [ -46.153756883905707, -23.806984003889877 ], [ -46.15373321659338, -23.806904976558315 ], [ -46.153712915198099, -23.806829175308874 ], [ -46.153703461560454, -23.806781289901263 ], [ -46.153699601754454, -23.806755489299501 ], [ -46.15369682323076, -23.80671875275771 ], [ -46.153698704116714, -23.806687219511783 ], [ -46.153712087945003, -23.806624442305932 ], [ -46.153730969875745, -23.806539587645503 ], [ -46.153743215739389, -23.806492443068233 ], [ -46.153771643078237, -23.806399208228207 ], [ -46.153782717481484, -23.806352794912449 ], [ -46.153788584265058, -23.806305788357111 ], [ -46.153789672734796, -23.806273448220736 ], [ -46.153787001158811, -23.806204378883574 ], [ -46.153778336015371, -23.806090197956102 ], [ -46.153777949847388, -23.806035380951744 ], [ -46.153783405667234, -23.805986300273595 ], [ -46.153790410339163, -23.805956986522197 ], [ -46.153796434284764, -23.805938878897855 ], [ -46.15381145223872, -23.805905531444516 ], [ -46.153832750261849, -23.805871956390458 ], [ -46.153850028063133, -23.80584997144803 ], [ -46.153892888986043, -23.805801694729258 ], [ -46.153977195929706, -23.805711654366885 ], [ -46.154022546447031, -23.805667423067998 ], [ -46.154052155296981, -23.805641281777731 ], [ -46.154110527113851, -23.805593250212787 ], [ -46.1541552479543, -23.805555526112013 ], [ -46.154216284908237, -23.805498082034024 ], [ -46.15424429373477, -23.805468611105557 ], [ -46.154278284129944, -23.805427354746307 ], [ -46.154292035555144, -23.805406208959159 ], [ -46.154296760330801, -23.80539660044473 ], [ -46.15430086187758, -23.805383113141705 ], [ -46.154301145921828, -23.805370828470771 ], [ -46.154299719926847, -23.805364968806813 ], [ -46.154293733500054, -23.805353995435535 ], [ -46.154288975170573, -23.805348702583228 ], [ -46.154279681953206, -23.805341185842465 ], [ -46.154253248254506, -23.805326752952812 ], [ -46.154182526228951, -23.80529901418863 ], [ -46.15412952083495, -23.805276742239602 ], [ -46.154114333803065, -23.805268727706295 ], [ -46.15408846509807, -23.805251581175046 ], [ -46.15406788456356, -23.805233040384941 ], [ -46.154056775974261, -23.805220028127774 ], [ -46.154039646673546, -23.805192159291739 ], [ -46.15403022420039, -23.805170012821545 ], [ -46.15401638015468, -23.80512514059112 ], [ -46.154006678396371, -23.805093603672468 ], [ -46.153995473267116, -23.805069664278136 ], [ -46.153988123944757, -23.805059965468587 ], [ -46.153979026268289, -23.805052356932638 ], [ -46.153973699807203, -23.805049416453553 ], [ -46.153961395882845, -23.805045534727622 ], [ -46.153954321864873, -23.805044774828595 ], [ -46.153942349099331, -23.805045045014765 ], [ -46.153928627179624, -23.805047315166732 ], [ -46.153896905410903, -23.805056493421244 ], [ -46.15378110050964, -23.80510323852824 ], [ -46.153720536791909, -23.805125366573449 ], [ -46.153680113891077, -23.80513849331162 ], [ -46.153597680901719, -23.805162862055933 ], [ -46.153512490090222, -23.805186167624665 ], [ -46.153493522003146, -23.805190833473691 ], [ -46.153470080205402, -23.805196599781016 ], [ -46.153408447143839, -23.805208801288071 ], [ -46.15335069383741, -23.805215735618102 ], [ -46.153314195352415, -23.805217543813868 ], [ -46.153290834698829, -23.805217628150114 ], [ -46.153245761217477, -23.805215436358647 ], [ -46.153197122415094, -23.80520965869227 ], [ -46.153164288263405, -23.805204033805182 ], [ -46.153092007992207, -23.805188769354498 ], [ -46.152960586922894, -23.805156697140291 ], [ -46.152891800257464, -23.805136890839563 ], [ -46.152826133703677, -23.805114713055989 ], [ -46.152784474903065, -23.805099038992363 ], [ -46.152706839700699, -23.80506647430256 ], [ -46.152659132369834, -23.805043891309101 ], [ -46.152635759101273, -23.805031422149888 ], [ -46.152600524084598, -23.805009558761803 ], [ -46.15256406664075, -23.804982646977322 ], [ -46.152545079878372, -23.804966713141059 ], [ -46.152525390924531, -23.804949068603751 ], [ -46.152485189575415, -23.804909450654542 ], [ -46.152434236590885, -23.804852753567086 ], [ -46.152411611258096, -23.804824925594513 ], [ -46.152383688340088, -23.804786299646214 ], [ -46.152373132996111, -23.804769219048083 ], [ -46.152358140308095, -23.804738714976367 ], [ -46.152349652640581, -23.804711232949167 ], [ -46.152346646911788, -23.804693192824821 ], [ -46.152344247095819, -23.804654827775213 ], [ -46.15234179631949, -23.804543941858775 ], [ -46.152339066480216, -23.804479298223473 ], [ -46.152331501276187, -23.804389493410643 ], [ -46.152330654928498, -23.804382726266059 ], [ -46.152325904098731, -23.804344740027197 ], [ -46.152315125180323, -23.804280066200207 ], [ -46.152306423869327, -23.804239490394547 ], [ -46.152288184129986, -23.804163583181243 ], [ -46.152277005332749, -23.804109208005588 ], [ -46.152270891944319, -23.80406156846081 ], [ -46.152269507782719, -23.804038187760071 ], [ -46.152269694165433, -23.804003686842666 ], [ -46.152272933548829, -23.803970337189114 ], [ -46.15227563806625, -23.803954241293322 ], [ -46.152279327267451, -23.80393849929413 ], [ -46.152288873725617, -23.803907992543461 ], [ -46.152301573718063, -23.803878907243561 ], [ -46.152311616348953, -23.803860137461676 ], [ -46.152335444834385, -23.803824105255011 ], [ -46.152364294077067, -23.803789751486022 ], [ -46.152380935027217, -23.803773461172852 ], [ -46.152409196806936, -23.803750400895908 ], [ -46.152441992581792, -23.803729474253373 ], [ -46.152460361026826, -23.803719854181288 ], [ -46.152480109938104, -23.803710946297354 ], [ -46.152522861828615, -23.803694822156771 ], [ -46.152568867784879, -23.803680389638103 ], [ -46.152664049142246, -23.803654752143505 ], [ -46.15275491188261, -23.803629146861226 ], [ -46.152797974100281, -23.80361482658498 ], [ -46.152859984831636, -23.803589888402037 ], [ -46.152918316177633, -23.803559558919023 ], [ -46.15295404673487, -23.803537526483854 ], [ -46.152975999603569, -23.803522551103548 ], [ -46.153014216648685, -23.803493094415316 ], [ -46.153043323327381, -23.803465692693678 ], [ -46.153054007337552, -23.803452878723395 ], [ -46.153064447209204, -23.803434647804139 ], [ -46.153067388581128, -23.803423156083458 ], [ -46.153067633596535, -23.803417554853397 ], [ -46.153066285898667, -23.803409436766898 ], [ -46.153062976809565, -23.803401513966111 ], [ -46.153050967597359, -23.803386521473548 ], [ -46.153033278486276, -23.803373016437934 ], [ -46.153019269534838, -23.803364992980864 ], [ -46.152987839532805, -23.803351590637554 ], [ -46.152963038153949, -23.803344099398888 ], [ -46.152906581697572, -23.803331064698931 ], [ -46.152852871836153, -23.803317828827424 ], [ -46.152786833547708, -23.803297911593585 ], [ -46.152691918001999, -23.803264663164235 ], [ -46.152647790943199, -23.803247291538497 ], [ -46.152484991826157, -23.803174089977066 ], [ -46.152402060992515, -23.803141925900032 ], [ -46.152358056063754, -23.80312726266343 ], [ -46.152293310609011, -23.80310923212641 ], [ -46.15225299059933, -23.803100592300282 ], [ -46.152178770119043, -23.803087780317558 ], [ -46.152127147044126, -23.803077418615398 ], [ -46.15207744792491, -23.80306261719565 ], [ -46.152044944021362, -23.80304985486438 ], [ -46.152023360956306, -23.80303999130221 ], [ -46.151980364848093, -23.803017282572849 ], [ -46.151947897782357, -23.802997565851062 ], [ -46.151905137208338, -23.802968172185523 ], [ -46.151884287588651, -23.802952432787301 ], [ -46.151839788424638, -23.802915104547107 ], [ -46.151724142238734, -23.802801631783865 ], [ -46.151690521568518, -23.80277352451505 ], [ -46.151673432718489, -23.802761279215179 ], [ -46.15164758075295, -23.802745938377051 ], [ -46.151621566735535, -23.802734482199721 ], [ -46.151608575255551, -23.802730515095416 ], [ -46.151595594127762, -23.802727721980613 ], [ -46.151569267146563, -23.802725299422629 ], [ -46.15154159713483, -23.802726409088759 ], [ -46.151478947696923, -23.802734553302365 ], [ -46.151403163021293, -23.802744692095015 ], [ -46.15136236652981, -23.802748789709185 ], [ -46.15130134499902, -23.802752315742797 ], [ -46.151242738181118, -23.802751398399646 ], [ -46.15120433331559, -23.802748433716619 ], [ -46.151124339844252, -23.802737651178855 ], [ -46.151036742761526, -23.802721687179162 ], [ -46.150991506743992, -23.80271209025204 ], [ -46.150924619097381, -23.802695971680812 ], [ -46.150841170846057, -23.80267184845264 ], [ -46.150802084018167, -23.802658322141554 ], [ -46.150746723873304, -23.802635976222987 ], [ -46.150694771107283, -23.80261044391635 ], [ -46.15066074031165, -23.802591461080318 ], [ -46.150590471743932, -23.802548093067443 ], [ -46.150513262808161, -23.802496829239157 ], [ -46.150472868617655, -23.802468591580482 ], [ -46.15041161394435, -23.80242335000381 ], [ -46.150295288880521, -23.802332910975576 ], [ -46.150245620307381, -23.802299233313104 ], [ -46.150230826445345, -23.802291215444821 ], [ -46.150203242256865, -23.80227977072736 ], [ -46.150175896518654, -23.802273110813886 ], [ -46.150156538987133, -23.802270726364739 ], [ -46.15011185992558, -23.802268620995651 ], [ -46.149977948723652, -23.802265464824888 ], [ -46.149909200211845, -23.80226091973153 ], [ -46.149849741629339, -23.802252421911213 ], [ -46.149815611737509, -23.802244457801518 ], [ -46.149795041452663, -23.802238108574588 ], [ -46.149758689497325, -23.80222302628815 ], [ -46.149724056526857, -23.802202512404278 ], [ -46.149657252655523, -23.802151260899485 ], [ -46.149601733935924, -23.802110853142864 ], [ -46.149569839637223, -23.802089235059587 ], [ -46.149516931643774, -23.802055490977423 ], [ -46.149342789793835, -23.801953380033513 ], [ -46.149247987707923, -23.801899356589807 ], [ -46.149214082462116, -23.801883443126673 ], [ -46.14919342364697, -23.801878178231789 ], [ -46.149186558828667, -23.801878861557011 ], [ -46.149182167581387, -23.801881784281601 ], [ -46.149180911517497, -23.801884051462288 ], [ -46.149180905537499, -23.801894527812902 ], [ -46.149183127570168, -23.801901645987403 ], [ -46.149191531735042, -23.801919736296639 ], [ -46.149216482791743, -23.801966603503853 ], [ -46.149228001872942, -23.80199288908916 ], [ -46.149232438001384, -23.802006222365545 ], [ -46.149235597407078, -23.802019474839174 ], [ -46.149238279166973, -23.802045374688014 ], [ -46.149236731805082, -23.802070312597142 ], [ -46.149233533813074, -23.802086141190919 ], [ -46.149222797840473, -23.802115392256372 ], [ -46.149204991993813, -23.802144334732237 ], [ -46.149189547681971, -23.802162783309818 ], [ -46.149149363538363, -23.802203000966461 ], [ -46.149068357027247, -23.802277841598713 ], [ -46.149025189423696, -23.802313656109526 ], [ -46.148988612488466, -23.802339938661316 ], [ -46.148970942120862, -23.802350817506344 ], [ -46.148944950563084, -23.802364196770288 ], [ -46.148919320613381, -23.802374051130748 ], [ -46.148906395969725, -23.802377669587859 ], [ -46.148893561530286, -23.802380384242305 ], [ -46.148867576755961, -23.802383377449885 ], [ -46.148841663915746, -23.802383389788904 ], [ -46.148824277301344, -23.802381893625562 ], [ -46.148789870456191, -23.802375918236056 ], [ -46.148751297684477, -23.802365006644138 ], [ -46.148724907266754, -23.802355359029747 ], [ -46.148667847278617, -23.802329412486081 ], [ -46.148603759196824, -23.802296744770793 ], [ -46.148571334088409, -23.802281723278117 ], [ -46.14854041139305, -23.802270122487222 ], [ -46.148525949400941, -23.802266346691962 ], [ -46.14851228530415, -23.802264009963384 ], [ -46.148486661372061, -23.802263387900261 ], [ -46.148462448841862, -23.802267000037077 ], [ -46.148412212153815, -23.802280288755444 ], [ -46.148325144615875, -23.802302160398764 ], [ -46.148285021178992, -23.802315825365753 ], [ -46.148273387538524, -23.802321150108202 ], [ -46.148252293021919, -23.802333318740221 ], [ -46.14823269216712, -23.802347914703564 ], [ -46.148191312413054, -23.802386154133103 ], [ -46.14813933524227, -23.802435942170074 ], [ -46.148110897289008, -23.802461351131836 ], [ -46.148068690201249, -23.802494810097997 ], [ -46.148055320815416, -23.802503669948461 ], [ -46.148029337064976, -23.802517952133638 ], [ -46.148003906482302, -23.802528166113209 ], [ -46.147986673565434, -23.802532990622172 ], [ -46.147950508241983, -23.802539130073004 ], [ -46.147905969309754, -23.802541809613043 ], [ -46.14787563814582, -23.802541674039485 ], [ -46.147819258652405, -23.802537306924933 ], [ -46.147756263510495, -23.802528473357363 ], [ -46.147738896723084, -23.802529234749432 ], [ -46.147730471001843, -23.802531013379536 ], [ -46.147721955860746, -23.802533786117351 ], [ -46.147704658111934, -23.802542404223782 ], [ -46.147638683240707, -23.802585432442335 ], [ -46.147576171067037, -23.802620397018813 ], [ -46.147542250664529, -23.802636273481475 ], [ -46.147509090055266, -23.802649254269216 ], [ -46.147493429071496, -23.802654247658023 ], [ -46.147478542170305, -23.802657970905464 ], [ -46.147451094584326, -23.802662058513263 ], [ -46.147425965282672, -23.80266188416233 ], [ -46.147410240825046, -23.802659652973841 ], [ -46.147379736113777, -23.802650938858019 ], [ -46.14735707538722, -23.802641263270015 ], [ -46.147311136491858, -23.80261866540684 ], [ -46.147275764591342, -23.802603394615652 ], [ -46.147238668060524, -23.802592923230758 ], [ -46.147211533752305, -23.802587977164276 ], [ -46.147146285950306, -23.802579701976015 ], [ -46.147020827683683, -23.802566726585152 ], [ -46.146960046562015, -23.802564107828694 ], [ -46.146908732935835, -23.802566566508542 ], [ -46.146815002511289, -23.802578642724686 ], [ -46.146742415142711, -23.802584059190544 ], [ -46.146705120144794, -23.802584517027576 ], [ -46.146653464485254, -23.802581559383228 ], [ -46.146638232377192, -23.802579505081887 ], [ -46.146610204443263, -23.80257339148114 ], [ -46.146584020728319, -23.802564916030146 ], [ -46.146528639872685, -23.802540130275254 ], [ -46.146460505088676, -23.802504872652221 ], [ -46.146423406914849, -23.802483021637894 ], [ -46.146386185239862, -23.802458281514635 ], [ -46.146368006169332, -23.802444779328198 ], [ -46.14633598560895, -23.80241991023167 ], [ -46.14631880547379, -23.802408387503444 ], [ -46.146299872137526, -23.802398413121402 ], [ -46.146289627413395, -23.802394244527864 ], [ -46.1462669977156, -23.802388090753464 ], [ -46.146254516177841, -23.802386286915926 ], [ -46.146233894632694, -23.802385266059737 ], [ -46.146202605779713, -23.802387846662519 ], [ -46.146185259599036, -23.802390955865416 ], [ -46.146156563820732, -23.802398213472195 ], [ -46.146107441318584, -23.80241546694462 ], [ -46.146071907491013, -23.802415279352189 ], [ -46.146009844168667, -23.802411947239072 ], [ -46.145958255829996, -23.802405466650264 ], [ -46.145928758897433, -23.802399725087209 ], [ -46.145878775712617, -23.802386007504943 ], [ -46.145833081770242, -23.80236891646673 ], [ -46.145808147139142, -23.802357360960105 ], [ -46.145770170525005, -23.802336058185873 ], [ -46.145745769344117, -23.802318176793342 ], [ -46.145736751460277, -23.802308399641838 ], [ -46.145724413075236, -23.80228934490453 ], [ -46.145715724415957, -23.802272340262444 ], [ -46.145695230032423, -23.802229864697168 ], [ -46.145675478945428, -23.80219379583567 ], [ -46.145654094988842, -23.802161803184244 ], [ -46.145642092266307, -23.802147442225589 ], [ -46.145622899351274, -23.802130244640352 ], [ -46.145609286724095, -23.802122578799811 ], [ -46.145602394935977, -23.802120191522697 ], [ -46.145591781422382, -23.802118735011451 ], [ -46.145580896433309, -23.802119899594018 ], [ -46.14557355350626, -23.802122031318348 ], [ -46.14555859855156, -23.802129186782118 ], [ -46.145535282019225, -23.802145435636348 ], [ -46.145485206667082, -23.802188344894716 ], [ -46.145449236914963, -23.802216789633661 ], [ -46.145430601394949, -23.802229571821854 ], [ -46.145402186639949, -23.802246490699645 ], [ -46.145373444169962, -23.802259618856816 ], [ -46.145359157222757, -23.802264601829069 ], [ -46.145344859187553, -23.802268320499579 ], [ -46.145316233814334, -23.802272416470768 ], [ -46.145286593693015, -23.802272726821169 ], [ -46.1452659682082, -23.802271254298638 ], [ -46.145221549558435, -23.802265262115132 ], [ -46.145146336729141, -23.802251099380189 ], [ -46.145107287765896, -23.802241816035735 ], [ -46.145050698668925, -23.802224715314928 ], [ -46.144999277423956, -23.80220369275694 ], [ -46.14496654956519, -23.802187679295628 ], [ -46.144899290781616, -23.802151511330532 ], [ -46.144784293812357, -23.802088964900637 ], [ -46.144724901260297, -23.802054364121872 ], [ -46.144650465905123, -23.802005695774184 ], [ -46.144616878556384, -23.801981199182666 ], [ -46.144573178776859, -23.801945217531625 ], [ -46.144538923432279, -23.801911694569529 ], [ -46.14449300273467, -23.801857486127123 ], [ -46.144477333856301, -23.80183917849326 ], [ -46.144451091095966, -23.801812730804304 ], [ -46.144421685442694, -23.801783777805841 ], [ -46.144403929356457, -23.801762505314393 ], [ -46.144383656268559, -23.801734026443636 ], [ -46.144334067896843, -23.801653293105357 ], [ -46.144295174536339, -23.801583317995515 ], [ -46.144277188228095, -23.801546964908514 ], [ -46.144256320079123, -23.80149537027981 ], [ -46.144251765754383, -23.801479689579342 ], [ -46.144246211801814, -23.801450740267594 ], [ -46.144244701702924, -23.801424018791412 ], [ -46.144245533661397, -23.801406943446167 ], [ -46.144250632760837, -23.80137276727827 ], [ -46.144259805817271, -23.801333051796252 ], [ -46.144284341567193, -23.801254297428095 ], [ -46.14430071980118, -23.801207935648137 ], [ -46.144306718782076, -23.801186848202843 ], [ -46.14431007884361, -23.801167044713409 ], [ -46.144310583868055, -23.801157467779475 ], [ -46.144310012430189, -23.801148260081995 ], [ -46.144306222726215, -23.801130225570585 ], [ -46.144298803134056, -23.801112398607636 ], [ -46.144292122794702, -23.801100526825714 ], [ -46.14427482908529, -23.801075999613225 ], [ -46.144249734236475, -23.801046111470054 ], [ -46.14418267665728, -23.800976796762626 ], [ -46.14404924551598, -23.800848999752446 ], [ -46.143956381003171, -23.800758110839752 ], [ -46.143913577092874, -23.800712278206596 ], [ -46.143874892247034, -23.800666053769294 ], [ -46.143850963477988, -23.800634802212457 ], [ -46.143805834334685, -23.80057002103127 ], [ -46.143706096510059, -23.80041153838371 ], [ -46.143634977873234, -23.800304322007054 ], [ -46.143597825656066, -23.800253751100865 ], [ -46.143488077090517, -23.800117740145968 ], [ -46.143446330374488, -23.80005808162425 ], [ -46.14342879956579, -23.800028859778887 ], [ -46.143407921614184, -23.799987289837826 ], [ -46.143394236867366, -23.79994891785925 ], [ -46.143388318262581, -23.79992313216507 ], [ -46.14338161328925, -23.799863575187164 ], [ -46.143378198810723, -23.799787466520858 ], [ -46.143377935715577, -23.799746195369195 ], [ -46.143379955552653, -23.799685399662927 ], [ -46.143383061859232, -23.799647806380037 ], [ -46.143391874502463, -23.799578109647193 ], [ -46.143398196061042, -23.799526584314108 ], [ -46.143410671969704, -23.799370792014617 ], [ -46.143416667455803, -23.799315656570933 ], [ -46.143416373271883, -23.799293261093236 ], [ -46.14341159596664, -23.79927451136394 ], [ -46.143406912728267, -23.799266508200549 ], [ -46.143400470757676, -23.799259421201771 ], [ -46.14338260585042, -23.799248083821787 ], [ -46.143358981919697, -23.799240401641626 ], [ -46.143340403774623, -23.799237288037503 ], [ -46.143297889738911, -23.799235706493267 ], [ -46.143243460315773, -23.799240896398036 ], [ -46.143204359131417, -23.799247959601797 ], [ -46.143121698907507, -23.799268621553573 ], [ -46.142993352767533, -23.799306600779609 ], [ -46.142929386317789, -23.799321163478584 ], [ -46.142908214309941, -23.799324481270094 ], [ -46.142866534404192, -23.799328492844108 ], [ -46.14282570779217, -23.799329066186974 ], [ -46.142798998487997, -23.799327728693918 ], [ -46.142746916802359, -23.799320799073946 ], [ -46.142728037107169, -23.799316874811101 ], [ -46.142690748703693, -23.799306764961404 ], [ -46.142653828403567, -23.799293852668647 ], [ -46.142629201708509, -23.799283739346635 ], [ -46.142578836331786, -23.799259818085737 ], [ -46.14253988519566, -23.799239153872353 ], [ -46.14246157299791, -23.7991958415605 ], [ -46.14240636138684, -23.799167711406398 ], [ -46.14237276549602, -23.79915332941907 ], [ -46.142312605310373, -23.799131738416328 ], [ -46.142271639767912, -23.799116417522661 ], [ -46.142245524354358, -23.799104418582157 ], [ -46.142194249737564, -23.799077523587531 ], [ -46.142154809560751, -23.799057043519404 ], [ -46.142099142868787, -23.799032980712152 ], [ -46.142070594354905, -23.799023347893296 ], [ -46.142027512285303, -23.799012919510069 ], [ -46.141999209810706, -23.799008974586322 ], [ -46.141943522918908, -23.79900505170794 ], [ -46.141902662447933, -23.799001741587684 ], [ -46.141875734817219, -23.798997876779222 ], [ -46.141819986361902, -23.798986909884039 ], [ -46.141773778634885, -23.798978220509969 ], [ -46.141601221314879, -23.798955203089669 ], [ -46.141512764909891, -23.798941588058273 ], [ -46.141469702632882, -23.798933417200058 ], [ -46.141410982225182, -23.798919311180061 ], [ -46.141377616721059, -23.798908810732694 ], [ -46.141320792982519, -23.798887104339627 ], [ -46.141280912754723, -23.7988724073406 ], [ -46.141238700693023, -23.798860436973886 ], [ -46.141143987009798, -23.798838378569485 ], [ -46.141073535993968, -23.79881848881854 ], [ -46.141036814635427, -23.798805845596995 ], [ -46.140980958257956, -23.798782506283992 ], [ -46.140820134078687, -23.798698078550668 ], [ -46.140773543743357, -23.798679276621911 ], [ -46.140745396654019, -23.798670634029243 ], [ -46.140697608506628, -23.798660781939532 ], [ -46.140672559943809, -23.798658528663324 ], [ -46.140661569150708, -23.798658790541776 ], [ -46.140646376997189, -23.798661250995281 ], [ -46.140624467953785, -23.798670083026014 ], [ -46.14060124794112, -23.798686149801114 ], [ -46.140539688685912, -23.798740341210774 ], [ -46.140395521784619, -23.798866219665893 ], [ -46.140238288115945, -23.79900194838369 ], [ -46.140140314987761, -23.799090005250722 ], [ -46.140099353139206, -23.799131310126583 ], [ -46.140066516938212, -23.799170206808892 ], [ -46.140048479991357, -23.799195356841096 ], [ -46.140018401690874, -23.799246606045735 ], [ -46.140005091525978, -23.799273527412801 ], [ -46.139978775077523, -23.799328451657022 ], [ -46.139957135399456, -23.799368168724531 ], [ -46.139935039287991, -23.799400573791477 ], [ -46.139922994393316, -23.799415022581009 ], [ -46.139903726037716, -23.799434040396907 ], [ -46.139883147094729, -23.799449094111832 ], [ -46.1398724005943, -23.799454863237123 ], [ -46.139861446767007, -23.799459369508373 ], [ -46.13983882056219, -23.799464774828582 ], [ -46.139815862879487, -23.799465937873236 ], [ -46.13980053937113, -23.79946460606212 ], [ -46.139770739430197, -23.799457781769959 ], [ -46.139738724319329, -23.799444561597046 ], [ -46.139716635433757, -23.799432803419585 ], [ -46.139664641837236, -23.799402210041986 ], [ -46.139561345681997, -23.79934146969385 ], [ -46.139508347056797, -23.799308174287226 ], [ -46.139447010398428, -23.799264193164412 ], [ -46.139420810907737, -23.799242530844793 ], [ -46.139386958825376, -23.799209997131662 ], [ -46.139359289207952, -23.799177327443687 ], [ -46.139344176374692, -23.799155131675267 ], [ -46.139335506872754, -23.799140203697661 ], [ -46.139321399622411, -23.799109511058031 ], [ -46.139310387385393, -23.799073557395978 ], [ -46.139305356883888, -23.7990482165246 ], [ -46.139299478379876, -23.798993168862694 ], [ -46.139298252626624, -23.798931403665584 ], [ -46.139299932014147, -23.798898878502886 ], [ -46.139306567728077, -23.798849428168946 ], [ -46.139318804078705, -23.798800658985268 ], [ -46.139329914168819, -23.798769057630626 ], [ -46.139338373037141, -23.798748584379457 ], [ -46.139357367590378, -23.798709428804713 ], [ -46.139381746784309, -23.798668698140698 ], [ -46.139399875639675, -23.798642824998478 ], [ -46.139441639753997, -23.798592212116624 ], [ -46.13947791821343, -23.798554102961411 ], [ -46.139502929077828, -23.798529533682387 ], [ -46.139550155747514, -23.79848628611569 ], [ -46.139587559444657, -23.798453406792781 ], [ -46.139601366983236, -23.798438493444742 ], [ -46.139611536025612, -23.798422794149833 ], [ -46.139615093374019, -23.79841427843246 ], [ -46.139618321620176, -23.798401791363666 ], [ -46.139619638610768, -23.798383989930713 ], [ -46.139619068311596, -23.798374872506876 ], [ -46.139614672352444, -23.798354765124959 ], [ -46.139605874795045, -23.798336406203461 ], [ -46.13959971963159, -23.798328413786681 ], [ -46.139592590887311, -23.798321331692431 ], [ -46.139574917987993, -23.798309450558435 ], [ -46.139553138718, -23.798299406014301 ], [ -46.139497987941276, -23.79827813814099 ], [ -46.139454143653019, -23.798259044582707 ], [ -46.139431471634907, -23.798247922854749 ], [ -46.139398529435532, -23.798229651904112 ], [ -46.139368716098545, -23.798210003143463 ], [ -46.139355670266674, -23.798199713454029 ], [ -46.139344193982922, -23.79818932186058 ], [ -46.13932506438298, -23.798167968563053 ], [ -46.139309657242535, -23.79814577495781 ], [ -46.139281961590846, -23.798098835944735 ], [ -46.139249041395743, -23.798049316416815 ], [ -46.139230379722726, -23.798025340567243 ], [ -46.139200947722216, -23.797993135415449 ], [ -46.139174048915123, -23.797970033192595 ], [ -46.139160521056525, -23.797960740489572 ], [ -46.139140107252594, -23.797949692357218 ], [ -46.139119626016956, -23.797942166936377 ], [ -46.139109495751057, -23.797939803265429 ], [ -46.139099276001666, -23.797938433700217 ], [ -46.139078565689076, -23.797938405964128 ], [ -46.139056807270379, -23.797941998492341 ], [ -46.139041140181824, -23.797946268557308 ], [ -46.139006212404865, -23.797959170245484 ], [ -46.138943916411542, -23.797985188738409 ], [ -46.138910639770302, -23.797996091326414 ], [ -46.138877907122193, -23.798001842036989 ], [ -46.138862203017965, -23.798001867634639 ], [ -46.138847069680843, -23.797999811813213 ], [ -46.13883733042298, -23.797997264612029 ], [ -46.138818812109889, -23.797989724663235 ], [ -46.138793739820244, -23.797973472698153 ], [ -46.138778902242251, -23.7979603061573 ], [ -46.138769985684583, -23.797950798759668 ], [ -46.138754402838963, -23.797930954535957 ], [ -46.138740563791643, -23.797908478356891 ], [ -46.138719758267619, -23.797863746215246 ], [ -46.138704548094246, -23.797830352247455 ], [ -46.138687806169898, -23.797801394931117 ], [ -46.138678266909395, -23.797788008652844 ], [ -46.138663096358343, -23.797770419207271 ], [ -46.138647275787193, -23.797757079279844 ], [ -46.13863918692175, -23.797752442681514 ], [ -46.138631208796177, -23.797749250277732 ], [ -46.138614996677177, -23.797747292706472 ], [ -46.138598335546334, -23.797750125049319 ], [ -46.138586788215498, -23.797754093727992 ], [ -46.138562157853386, -23.797766016197766 ], [ -46.13849728668972, -23.797800633272246 ], [ -46.1384610971648, -23.797815169786038 ], [ -46.138423386655383, -23.79782411809132 ], [ -46.138397402463141, -23.797827109511427 ], [ -46.13837964361506, -23.79782787272492 ], [ -46.138343518158429, -23.797827236111168 ], [ -46.138301672715031, -23.797823480722489 ], [ -46.138272681201627, -23.79781926924619 ], [ -46.138211421607153, -23.797806535410391 ], [ -46.138146283991723, -23.797788050105904 ], [ -46.138114578832067, -23.797776543241309 ], [ -46.138071511410708, -23.79775645010124 ], [ -46.138036366258142, -23.797733137554072 ], [ -46.138016886046962, -23.797716573273668 ], [ -46.13798361414635, -23.79768295118506 ], [ -46.137954668531172, -23.797650200315392 ], [ -46.137941657291854, -23.797632594870404 ], [ -46.137924016518824, -23.797601837827848 ], [ -46.137913697512353, -23.797577800283211 ], [ -46.137893622426226, -23.797526740702075 ], [ -46.137882232484806, -23.797503704498403 ], [ -46.137875862296717, -23.797493546074623 ], [ -46.137868915035909, -23.797484746605164 ], [ -46.137853481653615, -23.797470771544063 ], [ -46.137836127841048, -23.7974616875597 ], [ -46.137823828209356, -23.797458165726873 ], [ -46.137815277765156, -23.797456874078627 ], [ -46.137797611600639, -23.797457004347258 ], [ -46.137787318922157, -23.797458525256115 ], [ -46.137766460363814, -23.797464007544534 ], [ -46.13770297872346, -23.797489131147941 ], [ -46.137672642520812, -23.797499560221663 ], [ -46.137654038935366, -23.797504754929435 ], [ -46.13762307689143, -23.797510943883768 ], [ -46.137608165867285, -23.797511866637603 ], [ -46.137602072201808, -23.797510918117734 ], [ -46.137593696814292, -23.797507186707996 ], [ -46.137581322478511, -23.797495085644925 ], [ -46.137528011990582, -23.797414557963751 ], [ -46.137506076540262, -23.797386541927857 ], [ -46.13749389065179, -23.797373536334838 ], [ -46.137474014835625, -23.797356613644538 ], [ -46.137452212287677, -23.797343859565647 ], [ -46.137440495257714, -23.797339610900515 ], [ -46.137428301654836, -23.797336991386725 ], [ -46.13740237793435, -23.797335647153471 ], [ -46.137374428543303, -23.797338381945231 ], [ -46.137312000407299, -23.797349228123505 ], [ -46.137263861380688, -23.79735536298374 ], [ -46.137234722445882, -23.797356751818374 ], [ -46.137180926241996, -23.79735570328392 ], [ -46.137110597608469, -23.797349719020801 ], [ -46.137067757523809, -23.797344435295116 ], [ -46.136859344837525, -23.797351480077896 ], [ -46.136787802405117, -23.797352639360653 ], [ -46.136732925029406, -23.7973514180084 ], [ -46.13671062954154, -23.797349685676622 ], [ -46.136691075051132, -23.797347120329967 ], [ -46.136659405472805, -23.797339676994778 ], [ -46.136635859172422, -23.797329554728918 ], [ -46.136623715801065, -23.79732142566942 ], [ -46.136616891919317, -23.797315515257406 ], [ -46.136605591002137, -23.797302683698923 ], [ -46.136595244826573, -23.797286774454562 ], [ -46.136577359412016, -23.797250419622554 ], [ -46.136561972420694, -23.797219194243706 ], [ -46.136541949829002, -23.797185383921306 ], [ -46.136501298579596, -23.797127070001892 ], [ -46.136488902381735, -23.797112440234717 ], [ -46.136483268042944, -23.797107875754353 ], [ -46.136474102836317, -23.797103608219317 ], [ -46.136454647316995, -23.797101132425663 ], [ -46.136336377710634, -23.797101461563329 ], [ -46.136265575790127, -23.797097467287532 ], [ -46.136228732876255, -23.797093313235901 ], [ -46.136173784135842, -23.797083873694987 ], [ -46.13612666345233, -23.797071667097462 ], [ -46.136104318540326, -23.797064245301215 ], [ -46.136072602725839, -23.797051473696769 ], [ -46.13604361848909, -23.797036785394958 ], [ -46.136030397154975, -23.797028844849475 ], [ -46.136018054416652, -23.797020355954569 ], [ -46.135995914434837, -23.797002636914808 ], [ -46.13597730532554, -23.796984620937685 ], [ -46.135951146157886, -23.796952913308893 ], [ -46.135856638035357, -23.796879942618332 ], [ -46.135831958781758, -23.796873521752591 ], [ -46.135797074129442, -23.796868811300627 ], [ -46.135772034596549, -23.796867550594953 ], [ -46.135715905085085, -23.796869047490475 ], [ -46.135617916329331, -23.796876451864382 ], [ -46.135568946685041, -23.796877354132818 ], [ -46.135523468658306, -23.796873444084465 ], [ -46.13549427171435, -23.796868149827926 ], [ -46.135434746436886, -23.796851608943101 ], [ -46.135369270474385, -23.796827977066442 ], [ -46.135333809578974, -23.79681342659509 ], [ -46.135277444652232, -23.79678783106127 ], [ -46.135198275655128, -23.796747140319241 ], [ -46.135159804539896, -23.796725025631503 ], [ -46.135107587726964, -23.796691090689666 ], [ -46.135064891775905, -23.796657176007802 ], [ -46.135040344722285, -23.796633513849791 ], [ -46.135024987126769, -23.796616918847366 ], [ -46.134994830218965, -23.796580202510434 ], [ -46.134948829032083, -23.796516057134021 ], [ -46.134927431369306, -23.796482076070092 ], [ -46.134900988414422, -23.796432236960449 ], [ -46.13489427543707, -23.796416481496919 ], [ -46.134883804809533, -23.796386213219964 ], [ -46.134876576097881, -23.796356282352306 ], [ -46.134867973629049, -23.796292494080536 ], [ -46.134856983469867, -23.79613461685339 ], [ -46.13485147536985, -23.79606547733281 ], [ -46.134846058873364, -23.796029482139136 ], [ -46.134824466376152, -23.795927857784172 ], [ -46.134809131235848, -23.795868634685306 ], [ -46.134785007249768, -23.795791955425141 ], [ -46.134771569631532, -23.795759089867484 ], [ -46.134757303627815, -23.795732552335327 ], [ -46.134749952327795, -23.795722400984829 ], [ -46.134742326205192, -23.795714509489027 ], [ -46.134737187413862, -23.795710483176428 ], [ -46.13473491990198, -23.795709325777107 ], [ -46.134726737073791, -23.795705141222008 ], [ -46.134710422399827, -23.795702642104121 ], [ -46.134699343091683, -23.795703987961748 ], [ -46.134676440104876, -23.795711381442821 ], [ -46.134652785686164, -23.795722663920593 ], [ -46.134640871703077, -23.795729615339987 ], [ -46.134622922188484, -23.795742300878928 ], [ -46.134596046925125, -23.795766973408529 ], [ -46.134569926104831, -23.795799407335878 ], [ -46.134552875439013, -23.795825181696078 ], [ -46.134519544222357, -23.795886297965765 ], [ -46.134495071181291, -23.795938949959982 ], [ -46.134450141121732, -23.796043321278916 ], [ -46.134424799624178, -23.796097695601365 ], [ -46.134413398144837, -23.796118461181141 ], [ -46.134397598194965, -23.796141336302966 ], [ -46.13438766822118, -23.796150711579369 ], [ -46.134384590473957, -23.796152613344802 ], [ -46.134377010460845, -23.796155395910422 ], [ -46.1343726041518, -23.796156602376481 ], [ -46.134365338322432, -23.796156294536523 ], [ -46.134348897225308, -23.796150545030329 ], [ -46.134326496893515, -23.796136711126138 ], [ -46.134290413068349, -23.796106902024484 ], [ -46.13427002517362, -23.796087453889864 ], [ -46.134180565806801, -23.795991927710904 ], [ -46.134158398020745, -23.795970957315166 ], [ -46.134149031189047, -23.795966058924819 ], [ -46.134131433558515, -23.795962756355678 ], [ -46.134028329458168, -23.795957463112988 ], [ -46.133987060228634, -23.795952166968473 ], [ -46.133966021280287, -23.79594816716277 ], [ -46.133935622564813, -23.795940081718921 ], [ -46.133908044174355, -23.79592899520312 ], [ -46.133895912069946, -23.795922130222756 ], [ -46.133885048789303, -23.795914443097466 ], [ -46.133866439337851, -23.795896336538647 ], [ -46.133850747573739, -23.795875137883677 ], [ -46.13382056861898, -23.795824513199946 ], [ -46.133783255123085, -23.79576608366585 ], [ -46.133761689811543, -23.795735354937491 ], [ -46.133726544754801, -23.795689282388778 ], [ -46.13361745704978, -23.795559942233183 ], [ -46.133596803316593, -23.795532458063931 ], [ -46.133561021715288, -23.795480881032361 ], [ -46.133538062901188, -23.795447904670333 ], [ -46.133517519882695, -23.795421864690027 ], [ -46.133504542366218, -23.795408051755292 ], [ -46.133479430469066, -23.795387102880071 ], [ -46.133462173799025, -23.795377837043031 ], [ -46.133453124186559, -23.795375555366299 ], [ -46.133438805355411, -23.795376834614434 ], [ -46.1334233706867, -23.795385256815084 ], [ -46.133415190834732, -23.795392722594226 ], [ -46.133406541414132, -23.795402630283483 ], [ -46.133388608832199, -23.795428591626038 ], [ -46.133370531658692, -23.795460514712584 ], [ -46.133358856778528, -23.795483720689202 ], [ -46.13333767635929, -23.795531290781266 ], [ -46.133324624092523, -23.795565434792255 ], [ -46.133302605559756, -23.795629538386212 ], [ -46.133285737175498, -23.795676354295619 ], [ -46.133265439215613, -23.795723827584048 ], [ -46.133249916073964, -23.795756002840694 ], [ -46.133214555336309, -23.795820836600768 ], [ -46.133187841135154, -23.795864112269484 ], [ -46.133173008338375, -23.795885354528746 ], [ -46.133148543836946, -23.795916421362314 ], [ -46.133120532811276, -23.795945978907451 ], [ -46.133105047687167, -23.795959910565905 ], [ -46.133088380910841, -23.795973399332681 ], [ -46.133052086568121, -23.795998502020279 ], [ -46.133013024587754, -23.796021367186214 ], [ -46.132985957614302, -23.79603529355909 ], [ -46.132931013434479, -23.796060262211125 ], [ -46.132870265395617, -23.796083738126065 ], [ -46.132830921716369, -23.796096761155184 ], [ -46.132755811654789, -23.796116549299086 ], [ -46.132702796893554, -23.79612633105711 ], [ -46.132668187887823, -23.796130739517551 ], [ -46.132597948495956, -23.796134957928469 ], [ -46.132541707757916, -23.796134919148898 ], [ -46.13241466096563, -23.796130342434946 ], [ -46.132318156698609, -23.796127799332705 ], [ -46.132269973204053, -23.796128785090399 ], [ -46.132224266800421, -23.796132462060068 ], [ -46.132202896330874, -23.796135508891634 ], [ -46.132182811130626, -23.796139630051027 ], [ -46.132145803264038, -23.796150377934346 ], [ -46.132111767899943, -23.796164355283555 ], [ -46.132090071358434, -23.796175081132063 ], [ -46.132046802231692, -23.796199512253477 ], [ -46.131943194242787, -23.796260691990085 ], [ -46.131890240031552, -23.796288806651518 ], [ -46.13184418913481, -23.796309374646214 ], [ -46.131821687829806, -23.796317848525721 ], [ -46.131788896973241, -23.796328204140806 ], [ -46.131742066721856, -23.796338120838779 ], [ -46.131697826136218, -23.796341064396827 ], [ -46.131667976840454, -23.796339747981907 ], [ -46.131601154729154, -23.796330574495073 ], [ -46.131398831902807, -23.796292681426991 ], [ -46.131248622824486, -23.796265604911753 ], [ -46.131176937732121, -23.796250235263248 ], [ -46.1311101379967, -23.796232300994042 ], [ -46.131068011678153, -23.796218701514473 ], [ -46.130987162075868, -23.796187774726789 ], [ -46.130909214636382, -23.796151949700302 ], [ -46.130872336579976, -23.796132351014737 ], [ -46.130821619022676, -23.79610138393393 ], [ -46.130777266034592, -23.796068654240621 ], [ -46.130750367499857, -23.796045369856255 ], [ -46.130698889194079, -23.795994539349934 ], [ -46.130672834911934, -23.795966733092502 ], [ -46.130620223936347, -23.795909769542522 ], [ -46.13058131166602, -23.795870587669796 ], [ -46.130543529019945, -23.795837177571002 ], [ -46.13046162034729, -23.795774558233305 ], [ -46.130396796979035, -23.795724096321969 ], [ -46.130364363436556, -23.795696336738775 ], [ -46.130334571990211, -23.795667654660154 ], [ -46.130321098582456, -23.79565321288668 ], [ -46.130308998415863, -23.795638670739638 ], [ -46.130288628059468, -23.79560982932918 ], [ -46.130272972540382, -23.79558140494856 ], [ -46.130264861142003, -23.795562769475595 ], [ -46.130254146144232, -23.795526812888266 ], [ -46.130249104763365, -23.795488647220761 ], [ -46.130249164444997, -23.795416125075786 ], [ -46.130247803618531, -23.795383622197413 ], [ -46.130245895623801, -23.795367289436083 ], [ -46.130241069580556, -23.795342669209202 ], [ -46.13023310293098, -23.795318071984799 ], [ -46.130227696128678, -23.795305738641623 ], [ -46.130221407593993, -23.795293592383178 ], [ -46.130205984353069, -23.795269320711007 ], [ -46.130187422073703, -23.795245252654308 ], [ -46.13014363390397, -23.79519833941097 ], [ -46.130024218165183, -23.795088670246422 ], [ -46.129962741307359, -23.795027887890871 ], [ -46.129931636747919, -23.794994880293419 ], [ -46.12988702768056, -23.794943818561499 ], [ -46.129834517701667, -23.794875745416377 ], [ -46.129812147216938, -23.794842583530759 ], [ -46.129784549113715, -23.794795100071617 ], [ -46.129764736390904, -23.79475126246157 ], [ -46.129755376339283, -23.794724417571214 ], [ -46.1297506175706, -23.794707563789981 ], [ -46.12974446034324, -23.794676541030615 ], [ -46.129742670090273, -23.794662465234314 ], [ -46.129739795330742, -23.794636475998391 ], [ -46.129736302282332, -23.794618438874931 ], [ -46.12973006668318, -23.794601054023587 ], [ -46.12972528083553, -23.794592418966101 ], [ -46.129719219123238, -23.79458379324873 ], [ -46.129703760385155, -23.794566746857228 ], [ -46.129684579227245, -23.79455054053555 ], [ -46.129655067246858, -23.794531429492384 ], [ -46.129639293246228, -23.794523326436412 ], [ -46.129602461120797, -23.794508965269181 ], [ -46.129513234248876, -23.794485233746432 ], [ -46.129436292505346, -23.79446339915394 ], [ -46.129395641411833, -23.79445005933518 ], [ -46.129337144415835, -23.794427367191691 ], [ -46.129285687223167, -23.794401552849703 ], [ -46.129254900249393, -23.794382541370656 ], [ -46.129235447376949, -23.794368956069889 ], [ -46.129197991160254, -23.794339155762504 ], [ -46.129161783508067, -23.794306185337213 ], [ -46.12914445781113, -23.794288881606018 ], [ -46.129120183269599, -23.794262507053411 ], [ -46.12908942017404, -23.794223536081613 ], [ -46.129056811703258, -23.794175456941009 ], [ -46.129036986418178, -23.794152842988087 ], [ -46.129009805084905, -23.794130824731159 ], [ -46.128992240404422, -23.794119934988178 ], [ -46.128971535926389, -23.794109158526979 ], [ -46.128922276310298, -23.794087753341199 ], [ -46.128750064607573, -23.794024258281038 ], [ -46.128681609430849, -23.793996310219221 ], [ -46.128651258113926, -23.793982262669733 ], [ -46.128610442016566, -23.7939611568811 ], [ -46.128575611876954, -23.793939916990968 ], [ -46.128560306106394, -23.793929191303665 ], [ -46.128546570626554, -23.793918454131219 ], [ -46.128522825207646, -23.793896500970252 ], [ -46.128503195562324, -23.793873795199609 ], [ -46.128491772626745, -23.79385807386744 ], [ -46.128471165333387, -23.793824447306115 ], [ -46.128449513447713, -23.793783512985307 ], [ -46.128413899956684, -23.793705652208686 ], [ -46.128397970029738, -23.793668107952723 ], [ -46.12839028747112, -23.793653623651206 ], [ -46.128375900788193, -23.793635666141846 ], [ -46.128362955956078, -23.793625555364663 ], [ -46.128352893920002, -23.793619668243633 ], [ -46.128329943205642, -23.793610172504732 ], [ -46.128300834452943, -23.793603611818874 ], [ -46.128269413944558, -23.7936021255864 ], [ -46.128246755436962, -23.793603736261694 ], [ -46.128195110600899, -23.793612964555809 ], [ -46.12810157602744, -23.793635865458665 ], [ -46.128052968916172, -23.793644529618575 ], [ -46.128006862836635, -23.793647305102894 ], [ -46.127977799305476, -23.793645982209888 ], [ -46.127959131898542, -23.793643770502833 ], [ -46.12792383547847, -23.793636713091054 ], [ -46.127886533331321, -23.79362470308627 ], [ -46.12786151073464, -23.793613958030029 ], [ -46.127805605755093, -23.793584472824993 ], [ -46.127737725758749, -23.793543514977092 ], [ -46.127702089680902, -23.793519842305056 ], [ -46.127651120691766, -23.793482283066876 ], [ -46.127606915004868, -23.793443680943614 ], [ -46.127581072203476, -23.793417498217849 ], [ -46.12756521507454, -23.793399731999337 ], [ -46.127535749538417, -23.793363189677958 ], [ -46.127505345408345, -23.793320241946354 ], [ -46.127485747932347, -23.793289859150416 ], [ -46.127446014763883, -23.793223588355893 ], [ -46.127346960464173, -23.793050368100463 ], [ -46.127281702548792, -23.79293786255046 ], [ -46.127253571439375, -23.792885324921393 ], [ -46.127224049205765, -23.792819431041465 ], [ -46.127212587550254, -23.792787814702386 ], [ -46.12719962648724, -23.792741668831788 ], [ -46.127190989141546, -23.792696123574114 ], [ -46.127178551463928, -23.792596869506937 ], [ -46.127161363254054, -23.792481664634032 ], [ -46.127152088794482, -23.792430524584475 ], [ -46.127140761931663, -23.792380392972788 ], [ -46.127135499643714, -23.792362007440143 ], [ -46.127130263841998, -23.792346692374782 ], [ -46.12712775187309, -23.792339937203931 ], [ -46.127122544115529, -23.792327873221556 ], [ -46.127112065514297, -23.792307809827182 ], [ -46.127104204813989, -23.792295403965277 ], [ -46.127101619631659, -23.79229153936252 ], [ -46.127096256099577, -23.792284172822011 ], [ -46.127090598142587, -23.792276808431463 ], [ -46.127086530707537, -23.792271780577376 ], [ -46.127077702614379, -23.792261007423097 ], [ -46.127066002705938, -23.792247274893793 ], [ -46.127057082705512, -23.792237224917898 ], [ -46.12704489287141, -23.79222358627835 ], [ -46.127037163816823, -23.792215062934329 ], [ -46.127032405394417, -23.792209839187553 ], [ -46.126985838807599, -23.792158901454428 ], [ -46.126956200026456, -23.792124979361805 ], [ -46.126931880382955, -23.792093276260871 ], [ -46.126912682030976, -23.792063612971905 ], [ -46.126898703886603, -23.79203607908822 ], [ -46.126877796679757, -23.791978972947135 ], [ -46.126860350164286, -23.79191344237136 ], [ -46.126853868983439, -23.791878899596913 ], [ -46.126849750211612, -23.791845152394767 ], [ -46.12684819012965, -23.791812199332092 ], [ -46.126848990895382, -23.791779861226459 ], [ -46.1268554901526, -23.79171406549073 ], [ -46.126866665925334, -23.791644261811008 ], [ -46.126895532922582, -23.791509032239158 ], [ -46.126909801658954, -23.791445076353963 ], [ -46.126921505473135, -23.79137960386544 ], [ -46.126922651252002, -23.791364513131917 ], [ -46.126920483595164, -23.791352156000073 ], [ -46.126915296926803, -23.791342530320104 ], [ -46.126906895743794, -23.791335727832521 ], [ -46.126895279267224, -23.791331658229069 ], [ -46.126880546416508, -23.791330411100351 ], [ -46.126862696412054, -23.791331896137581 ], [ -46.126841631890194, -23.791336204364256 ], [ -46.12675468189898, -23.791359959473226 ], [ -46.126675013786496, -23.791385919213702 ], [ -46.126593790174077, -23.791413606226712 ], [ -46.126559016362023, -23.791424658223452 ], [ -46.12650217523305, -23.791442723750777 ], [ -46.126415817062821, -23.791466835607007 ], [ -46.126380354539137, -23.791474590460091 ], [ -46.126350069367668, -23.7914795077984 ], [ -46.126287583740506, -23.791483486051636 ], [ -46.126210818591979, -23.791481878726906 ], [ -46.126170549542294, -23.791478560035433 ], [ -46.126133599397697, -23.791473139903353 ], [ -46.126099967381379, -23.791465528024965 ], [ -46.126069653494582, -23.79145572440245 ], [ -46.126005417168962, -23.791427383048507 ], [ -46.125927323608387, -23.791385505409878 ], [ -46.125876930027374, -23.791346225378305 ], [ -46.125860839392594, -23.791332465814673 ], [ -46.125834413443073, -23.791309868216437 ], [ -46.125763906667153, -23.79124860803525 ], [ -46.125745734343255, -23.791235464491002 ], [ -46.125723338066543, -23.791221900186549 ], [ -46.125665583904713, -23.791194053284201 ], [ -46.125603883900489, -23.791163886984123 ], [ -46.125576457566297, -23.791147469307866 ], [ -46.125551183341031, -23.791130223108688 ], [ -46.125528745877986, -23.791111872453847 ], [ -46.125509634325958, -23.791092233150046 ], [ -46.125493752098755, -23.791071486530189 ], [ -46.125481293921673, -23.791049450548027 ], [ -46.12544999870908, -23.790982666066956 ], [ -46.12541499765635, -23.790907238494526 ], [ -46.125382754547118, -23.790844344394106 ], [ -46.125353269367437, -23.79079398376815 ], [ -46.125326542105157, -23.790756156619043 ], [ -46.125301466761968, -23.790727800349803 ], [ -46.125277429602974, -23.790706029400631 ], [ -46.125254136201875, -23.790690845918878 ], [ -46.125231880976806, -23.790682247758376 ], [ -46.125175606871117, -23.790666672521827 ], [ -46.125094610833656, -23.790640981734395 ], [ -46.125048638419678, -23.790624970097099 ], [ -46.125004222273134, -23.79060732145631 ], [ -46.124961265032042, -23.790588126836685 ], [ -46.12491976669714, -23.790567386239438 ], [ -46.124881302960695, -23.790545720376496 ], [ -46.124847450289863, -23.7905238402696 ], [ -46.124818109764824, -23.790501656329106 ], [ -46.124793379524164, -23.790479167842388 ], [ -46.124769830864885, -23.790457122308432 ], [ -46.12474422903481, -23.790435994869618 ], [ -46.124716672952147, -23.790415875117649 ], [ -46.124686965558936, -23.790396674173905 ], [ -46.124624579383472, -23.790355132943027 ], [ -46.124560160498469, -23.790305478269318 ], [ -46.124491627766716, -23.790245377157976 ], [ -46.124416806583007, -23.790173039172693 ], [ -46.124380062414566, -23.790134471998751 ], [ -46.12434765042579, -23.790097498901101 ], [ -46.124319471694641, -23.790062030289604 ], [ -46.12429572327418, -23.790028155045079 ], [ -46.124275314741084, -23.789994616721629 ], [ -46.124257353508419, -23.789960338058929 ], [ -46.124241936937807, -23.78992522803501 ], [ -46.124228869524245, -23.789889378388395 ], [ -46.124218347546147, -23.789852787689984 ], [ -46.124210075804761, -23.789815367776907 ], [ -46.124204249801465, -23.789777026912006 ], [ -46.124200674031037, -23.789737856833259 ], [ -46.124199557977803, -23.789699391347014 ], [ -46.124200619649038, -23.78966307752593 ], [ -46.124204055322913, -23.789628913940305 ], [ -46.124209668717633, -23.789596902019781 ], [ -46.124217454393893, -23.789566409608266 ], [ -46.124226817296517, -23.789536718530645 ], [ -46.124237952927217, -23.789507737048968 ], [ -46.124250861285134, -23.789479465162891 ], [ -46.124286513968052, -23.789413999000889 ], [ -46.124338585192376, -23.78932899579214 ], [ -46.124393616856032, -23.789245867586896 ], [ -46.124438347977339, -23.789186115328707 ], [ -46.124460600398066, -23.789158357978192 ], [ -46.124476719820812, -23.789138250832437 ], [ -46.124484666385491, -23.789128338394317 ], [ -46.124488039108719, -23.789121088729683 ], [ -46.124491274064205, -23.78910923407258 ], [ -46.124497329116743, -23.789071529164488 ], [ -46.124502276116893, -23.789019111203579 ], [ -46.12450546072396, -23.788955778130607 ], [ -46.124498851995156, -23.788837876647293 ], [ -46.124276791164441, -23.788888444346899 ], [ -46.124248667887606, -23.788893616451631 ], [ -46.124219726089812, -23.788894911025917 ], [ -46.124100144151981, -23.788890182549121 ], [ -46.124069787234717, -23.788886700777507 ], [ -46.124039690562206, -23.788879243303441 ], [ -46.12400985569078, -23.788867990742865 ], [ -46.123980477348226, -23.788852761050432 ], [ -46.123951360035157, -23.788833645963781 ], [ -46.123922598010431, -23.788810193228009 ], [ -46.123894095467286, -23.788782674482007 ], [ -46.123865850078573, -23.788750818801631 ], [ -46.123808488810596, -23.788677179258197 ], [ -46.123748766357743, -23.788591454849627 ], [ -46.12369172479864, -23.788509323443972 ], [ -46.123642111753696, -23.788446465061764 ], [ -46.123618827024039, -23.788420804860941 ], [ -46.123595166051238, -23.788397043982375 ], [ -46.12357093255639, -23.788375183854932 ], [ -46.12354612809132, -23.78835540509424 ], [ -46.123493247216473, -23.788311987888314 ], [ -46.123434578061968, -23.788257413896957 ], [ -46.123299687700673, -23.788127260178413 ], [ -46.123227039887297, -23.788056350742018 ], [ -46.123156239715875, -23.787983440922332 ], [ -46.123089647947317, -23.787909145740112 ], [ -46.12302972502652, -23.787834260122338 ], [ -46.123001051033185, -23.787798162641931 ], [ -46.122971914296066, -23.787765319815406 ], [ -46.122942314813166, -23.787735731642609 ], [ -46.122912252582466, -23.787709398123464 ], [ -46.122845959396365, -23.787658401588274 ], [ -46.12276825582255, -23.787604417357901 ], [ -46.122728590051999, -23.787579779304387 ], [ -46.122692607391308, -23.787561165468915 ], [ -46.122660504886554, -23.787548664734885 ], [ -46.122632085479573, -23.7875421882244 ], [ -46.122604860800763, -23.787537689920885 ], [ -46.122576048069106, -23.787531125946931 ], [ -46.122545549923601, -23.787522587323281 ], [ -46.122513561866981, -23.787511982313504 ], [ -46.122341980843089, -23.787451997336987 ], [ -46.122292458277869, -23.787433843112662 ], [ -46.122249609133313, -23.787415640351504 ], [ -46.122213435733087, -23.787397659983359 ], [ -46.122183936523847, -23.787379721396785 ], [ -46.122158060686516, -23.787360853324817 ], [ -46.122132853216904, -23.787339812859813 ], [ -46.12210811939007, -23.78731678204527 ], [ -46.122083955794587, -23.787291579551738 ], [ -46.122038173248242, -23.787240343230756 ], [ -46.121996433784233, -23.787191335348631 ], [ -46.121975731426687, -23.787169178343166 ], [ -46.121953387859449, -23.787150194244646 ], [ -46.121929307268623, -23.787134654690021 ], [ -46.121903488102646, -23.787122379062446 ], [ -46.121876718565659, -23.787113722887103 ], [ -46.121849883448789, -23.78710886036021 ], [ -46.121822787248718, -23.787107883216599 ], [ -46.121795528101089, -23.78711079074294 ], [ -46.121768101353084, -23.787117041090553 ], [ -46.12174021026302, -23.787126365474787 ], [ -46.121712050330089, -23.787138672161099 ], [ -46.121683426051092, -23.787154052883608 ], [ -46.121616029997192, -23.787191751895136 ], [ -46.121528486394375, -23.787237635194426 ], [ -46.121480985703037, -23.787260649075996 ], [ -46.121436100635052, -23.787279670135394 ], [ -46.121393929333891, -23.787294697661675 ], [ -46.121354374440884, -23.787305822677979 ], [ -46.121317143869668, -23.787313318249417 ], [ -46.121281746932226, -23.787317187942019 ], [ -46.121248382232601, -23.787317701255599 ], [ -46.121217047449207, -23.787314587266973 ], [ -46.121145122674783, -23.787304904260552 ], [ -46.121051110596447, -23.787294659130637 ], [ -46.121003060555267, -23.787287963635706 ], [ -46.12096391631826, -23.787278313408724 ], [ -46.120947769747644, -23.787272379649323 ], [ -46.120933776024685, -23.787265707743764 ], [ -46.120921935149219, -23.78725829769278 ], [ -46.120912443397643, -23.78725014807145 ], [ -46.120892159317947, -23.78723096823159 ], [ -46.120864772117827, -23.787207504909837 ], [ -46.120789280309879, -23.787148084760382 ], [ -46.120745923519749, -23.787116428508646 ], [ -46.120705451473185, -23.787089266986598 ], [ -46.120667961527936, -23.787066509176071 ], [ -46.120633258176731, -23.787048246812592 ], [ -46.120602496618851, -23.787031852412611 ], [ -46.120576536867311, -23.787014610322405 ], [ -46.120555575197145, -23.786996519119413 ], [ -46.12053931874086, -23.786977761559346 ], [ -46.120525793896874, -23.786957087578347 ], [ -46.12051273574756, -23.786933610481615 ], [ -46.120487626983888, -23.786878249790483 ], [ -46.120474126751688, -23.786848995818243 ], [ -46.120457998477079, -23.786822289706762 ], [ -46.120439142474282, -23.786797951551328 ], [ -46.120417658429908, -23.786776161255023 ], [ -46.12039412975264, -23.786756282385596 ], [ -46.120369239537311, -23.786737858415115 ], [ -46.120342987783502, -23.786720889342984 ], [ -46.120315374490794, -23.786705375168498 ], [ -46.120287463694844, -23.786689501893058 ], [ -46.120260518804002, -23.786671815326674 ], [ -46.120234343543324, -23.786652316894418 ], [ -46.120209034503588, -23.786630825267999 ], [ -46.120184787187128, -23.78660724871532 ], [ -46.120161795548533, -23.786581314887957 ], [ -46.120140157726077, -23.786553023074301 ], [ -46.120119677444627, -23.7865223746991 ], [ -46.12010174488438, -23.786491256264181 ], [ -46.120087554721451, -23.786461646004284 ], [ -46.120077008041385, -23.786433454324527 ], [ -46.120070203752796, -23.786406770821774 ], [ -46.120051234195891, -23.786311898378489 ], [ -46.12003751358052, -23.786256906533726 ], [ -46.120014360668705, -23.786177779035089 ], [ -46.120003294575412, -23.786134779657111 ], [ -46.119998257432179, -23.7860967037908 ], [ -46.119999151869607, -23.786063642457322 ], [ -46.120001774360745, -23.786048992596488 ], [ -46.120005880519315, -23.786035686676904 ], [ -46.120016178480611, -23.786011949745312 ], [ -46.120027586128167, -23.78599172699861 ], [ -46.120040202373382, -23.78597510803262 ], [ -46.120053830942183, -23.785962094271341 ], [ -46.120083685299157, -23.78594137641203 ], [ -46.120115925122853, -23.785924163474263 ], [ -46.120156820366532, -23.785909145563817 ], [ -46.120212834157918, -23.785894650121858 ], [ -46.120245559377082, -23.785888271288503 ], [ -46.120279964536074, -23.78588323496259 ], [ -46.120316247458199, -23.785879720334748 ], [ -46.120354307685105, -23.785877457191422 ], [ -46.120440240310408, -23.785872679026305 ], [ -46.120542138330961, -23.785864172365681 ], [ -46.120593711291527, -23.785858288832692 ], [ -46.120638693567692, -23.785850646855369 ], [ -46.120677087482051, -23.785841517363906 ], [ -46.120708891486203, -23.785830719746848 ], [ -46.120869472889837, -23.785764256927756 ], [ -46.120962843814652, -23.785722757073469 ], [ -46.121001935246021, -23.785703416982141 ], [ -46.121036027870083, -23.78568483569509 ], [ -46.121069834592817, -23.785667249928554 ], [ -46.121108358856013, -23.785650442715603 ], [ -46.121151600658415, -23.785634414052737 ], [ -46.121199560773427, -23.785619254244182 ], [ -46.121249473546683, -23.785602906158335 ], [ -46.12129837704817, -23.785583314092953 ], [ -46.121346369411974, -23.785560477336073 ], [ -46.121393451409659, -23.785534486196774 ], [ -46.121575557842291, -23.785426051018387 ], [ -46.121616362084886, -23.785400466681928 ], [ -46.121649921233782, -23.785376921883469 ], [ -46.121676236069533, -23.785355506935595 ], [ -46.121695305822101, -23.785336131533754 ], [ -46.121709864376569, -23.78531715016652 ], [ -46.12172244779196, -23.785296738131031 ], [ -46.121733253117334, -23.785274984309464 ], [ -46.121742083304802, -23.785251799820347 ], [ -46.121765671139713, -23.785107036087602 ], [ -46.121587357691709, -23.785142741342259 ], [ -46.121537336662428, -23.785146446392041 ], [ -46.121491997522043, -23.785146775801312 ], [ -46.121451242137908, -23.785143730287025 ], [ -46.12141467641662, -23.785137132088234 ], [ -46.12138220299903, -23.785127072228814 ], [ -46.121353723750033, -23.78511355142426 ], [ -46.121329335258167, -23.785096388347483 ], [ -46.121308362962317, -23.785077032920753 ], [ -46.121290622208932, -23.785056841193224 ], [ -46.121276014085495, -23.785035723570704 ], [ -46.121264440454397, -23.785013680767111 ], [ -46.121240887489634, -23.784968062769661 ], [ -46.12120986299896, -23.784920963702746 ], [ -46.121200739940214, -23.784910011687419 ], [ -46.121190750695327, -23.784901052865663 ], [ -46.121179797902251, -23.784894178258472 ], [ -46.12116807783341, -23.784889386439946 ], [ -46.121155393440844, -23.784886588527403 ], [ -46.121141842860467, -23.78488578380783 ], [ -46.121127426866266, -23.784887062589149 ], [ -46.1211120465465, -23.784890335275726 ], [ -46.121079939875685, -23.784900141715934 ], [ -46.12104667492374, -23.784912214405654 ], [ -46.12101205619026, -23.784926645077885 ], [ -46.120976279171302, -23.784943341998204 ], [ -46.120938251197664, -23.784960777766315 ], [ -46.120896975414404, -23.784977153343874 ], [ -46.120852551506459, -23.784992648631803 ], [ -46.120804782426127, -23.785007174744425 ], [ -46.120758364018194, -23.785018981622628 ], [ -46.120717794310515, -23.78502614002155 ], [ -46.120683172219358, -23.785028739541236 ], [ -46.120654301475582, -23.785026781610494 ], [ -46.120625593715189, -23.785020938998557 ], [ -46.120591363985596, -23.78501206579924 ], [ -46.120506140037989, -23.784984958122472 ], [ -46.120460258219609, -23.784967770292194 ], [ -46.120418585448057, -23.78494928750451 ], [ -46.120381319544002, -23.784929688954453 ], [ -46.120348460506747, -23.784908974645276 ], [ -46.120319540097825, -23.784889767078027 ], [ -46.120293994262603, -23.784874960389818 ], [ -46.120272018496202, -23.784864462849832 ], [ -46.120253418070718, -23.784858456500576 ], [ -46.120244774319957, -23.784857616091955 ], [ -46.120235461414026, -23.784858857756177 ], [ -46.120225480126408, -23.784862271801224 ], [ -46.120214928593079, -23.784867857514744 ], [ -46.120192014328417, -23.784885273734989 ], [ -46.120166524663276, -23.784911378764562 ], [ -46.120142046534113, -23.784940998687745 ], [ -46.120121777433233, -23.784969323671945 ], [ -46.120105914410907, -23.784996442602626 ], [ -46.120094456696648, -23.785022265172987 ], [ -46.120083479601512, -23.785046910175787 ], [ -46.120069646479713, -23.785070401822132 ], [ -46.120052662146072, -23.785092651939379 ], [ -46.120032821783433, -23.785113748698492 ], [ -46.120009820147793, -23.785132429920086 ], [ -46.119983940042744, -23.785147338844141 ], [ -46.119955084106444, -23.78515856648918 ], [ -46.119923153429987, -23.785166023257364 ], [ -46.11989031398695, -23.785170506256957 ], [ -46.119858338430355, -23.785172725137574 ], [ -46.119827226761728, -23.785172679899627 ], [ -46.119797077119586, -23.785170369831629 ], [ -46.119750014693885, -23.785164298951159 ], [ -46.119727796337855, -23.78515985411833 ], [ -46.119720525709909, -23.785158913406587 ], [ -46.119708461079796, -23.785159723431267 ], [ -46.119670245767388, -23.785166774165631 ], [ -46.119645453526509, -23.785171198742766 ], [ -46.119618881672707, -23.785174100889183 ], [ -46.119590431296402, -23.78517539100768 ], [ -46.11956020053529, -23.785175068385264 ], [ -46.119486485136676, -23.785173887047851 ], [ -46.119389918566867, -23.785174587348756 ], [ -46.11918248682975, -23.785179523364498 ], [ -46.119133026670127, -23.785179972273568 ], [ -46.119084136774759, -23.785178249501197 ], [ -46.11903571746312, -23.785174175142792 ], [ -46.118987868420852, -23.785167929103633 ], [ -46.118975773633331, -23.785165217051109 ], [ -46.118963566021556, -23.785160789852991 ], [ -46.118938518689745, -23.785146882462321 ], [ -46.118912628292961, -23.785126207642406 ], [ -46.11888579592587, -23.785098675795599 ], [ -46.11885821863995, -23.785064375806957 ], [ -46.118829699393956, -23.785023218790098 ], [ -46.118800337103089, -23.784975294341027 ], [ -46.118770131773125, -23.78492060245912 ], [ -46.118765321421265, -23.7848631074195 ], [ -46.118764214778352, -23.784814075035651 ], [ -46.118767007339585, -23.784773413577057 ], [ -46.118773601737928, -23.784741214063356 ], [ -46.118782984144865, -23.784713690661626 ], [ -46.118794142278567, -23.784687238155172 ], [ -46.118807175047515, -23.784661946140762 ], [ -46.118821983541579, -23.78463772502089 ], [ -46.118919682890137, -23.784494230726846 ], [ -46.11897654830755, -23.784407297888571 ], [ -46.118998218503705, -23.78437065401997 ], [ -46.119015315715394, -23.784338649303397 ], [ -46.119028707711529, -23.784309471173074 ], [ -46.11903926148571, -23.784281216754859 ], [ -46.119046978586212, -23.784254066665586 ], [ -46.119051858241882, -23.784227930597403 ], [ -46.119053505591175, -23.784202540471558 ], [ -46.119051526545682, -23.784177718517242 ], [ -46.119045724835424, -23.784153466157207 ], [ -46.119036295961287, -23.784129691659775 ], [ -46.119025584365623, -23.784105113635846 ], [ -46.119015933716405, -23.784078360388346 ], [ -46.119007245877604, -23.784049432628919 ], [ -46.1189997171209, -23.784018328934856 ], [ -46.118980250424933, -23.783945496474793 ], [ -46.11894994162698, -23.783855763601093 ], [ -46.118932731401607, -23.783805764174513 ], [ -46.118916879630682, -23.783753948622191 ], [ -46.118902387086372, -23.783700407252852 ], [ -46.118889055950518, -23.783644960872966 ], [ -46.118877490494619, -23.783589411379701 ], [ -46.118867999035736, -23.7835353821879 ], [ -46.118860384527053, -23.783482784412442 ], [ -46.118854844009853, -23.783431706939272 ], [ -46.118851476389779, -23.783382239365878 ], [ -46.118850282437052, -23.783334472000604 ], [ -46.118851361057402, -23.783288494440686 ], [ -46.118854612567254, -23.78324412678101 ], [ -46.118860153649592, -23.783203535707855 ], [ -46.118867706900957, -23.783168710136088 ], [ -46.118877467045102, -23.783139468026508 ], [ -46.118889239357081, -23.783115991417798 ], [ -46.118901123713073, -23.783094139645186 ], [ -46.118910831313201, -23.783070226430855 ], [ -46.118918556109776, -23.783043979427855 ], [ -46.118924299649571, -23.783015579252858 ], [ -46.118927984668112, -23.78298746493968 ], [ -46.118929730944643, -23.782962164407746 ], [ -46.118950125639692, -23.782810921530192 ], [ -46.118783072073299, -23.782831820710722 ], [ -46.118638256459533, -23.782836573020493 ], [ -46.1185434804312, -23.782828409007934 ], [ -46.118516772250423, -23.782826796247107 ], [ -46.118486742931999, -23.782827013821276 ], [ -46.118453392474485, -23.782829061728577 ], [ -46.118416819011408, -23.782832939255865 ], [ -46.118333709427787, -23.782846275602473 ], [ -46.118237412617006, -23.782866842223942 ], [ -46.118140344596, -23.782889040021512 ], [ -46.11805472359142, -23.782907090730632 ], [ -46.117980745887131, -23.782920992948501 ], [ -46.117918314131643, -23.78293083771041 ], [ -46.117863402477113, -23.782936383240862 ], [ -46.117812184432175, -23.782937747569129 ], [ -46.1177644629594, -23.782934841811464 ], [ -46.117720336198801, -23.782927665260431 ], [ -46.117679717600168, -23.782917573253641 ], [ -46.117642716109692, -23.782905829399109 ], [ -46.117609135457677, -23.782892435120353 ], [ -46.117579171914684, -23.782877388998692 ], [ -46.117551058277066, -23.782860613515595 ], [ -46.117523516473589, -23.782841846982453 ], [ -46.117496449914086, -23.78282127072654 ], [ -46.117469955962648, -23.782798793729292 ], [ -46.117442751145639, -23.782773522142833 ], [ -46.117414140029581, -23.782744467547786 ], [ -46.117352110104463, -23.782675013589891 ], [ -46.117323332974465, -23.78263801255698 ], [ -46.117301939904479, -23.78260375780571 ], [ -46.11728802979421, -23.782572338937584 ], [ -46.117283978595914, -23.782557647096024 ], [ -46.117281700772118, -23.782543755244593 ], [ -46.117263303245451, -23.782389180720578 ], [ -46.117255238924834, -23.782341282413991 ], [ -46.117244073661233, -23.782298012556257 ], [ -46.117229805912984, -23.782259190530336 ], [ -46.117212437224488, -23.782224996951758 ], [ -46.117171958553655, -23.782162341109842 ], [ -46.117126007539099, -23.782102434271923 ], [ -46.117104262973307, -23.782072968666309 ], [ -46.117087322377472, -23.782042926412124 ], [ -46.11707538356081, -23.782012486707714 ], [ -46.117068444976681, -23.78198146893752 ], [ -46.117061745519401, -23.781921007108863 ], [ -46.117059592657569, -23.781864305564323 ], [ -46.117058782397265, -23.781838391340983 ], [ -46.117056327002565, -23.781815198438082 ], [ -46.117052128339836, -23.78179472756554 ], [ -46.117046187952873, -23.781777159340042 ], [ -46.117036996019216, -23.781758079305138 ], [ -46.117022846450588, -23.781733074424061 ], [ -46.116979972689208, -23.781665739527966 ], [ -46.116951322726514, -23.781620609240509 ], [ -46.11691825844305, -23.781564221646981 ], [ -46.116838788069991, -23.781417584928096 ], [ -46.116800043245256, -23.781339563063128 ], [ -46.116772304727988, -23.781274737712554 ], [ -46.116762549691956, -23.781247172224372 ], [ -46.11675557095014, -23.781222928266949 ], [ -46.116751270366464, -23.781202006550533 ], [ -46.116749745301917, -23.781184316057306 ], [ -46.116745198032618, -23.781019616388832 ], [ -46.116742044548801, -23.780972134085413 ], [ -46.116736288512342, -23.780930179755504 ], [ -46.116728126963302, -23.780893842287458 ], [ -46.116717362863803, -23.780863032792347 ], [ -46.116706024623575, -23.780833943413345 ], [ -46.116695843165594, -23.780802407190532 ], [ -46.116686918165833, -23.780768604030825 ], [ -46.116679051814344, -23.780732354737424 ], [ -46.116672948785215, -23.780695731433536 ], [ -46.116669115170417, -23.780660536736995 ], [ -46.116667452834577, -23.780626771357873 ], [ -46.116668060680588, -23.780594524894806 ], [ -46.116669279457945, -23.78053039320184 ], [ -46.116665868229795, -23.780464217776959 ], [ -46.11666400192005, -23.780429550733086 ], [ -46.11666417944177, -23.780392882 ], [ -46.1166664015647, -23.780354301886099 ], [ -46.116670667515592, -23.780313720083051 ], [ -46.116687182310699, -23.78022500268084 ], [ -46.116530941818525, -23.780190187755039 ], [ -46.116488470425139, -23.780181373197028 ], [ -46.116451720831407, -23.780176039493018 ], [ -46.116420595671784, -23.780174277665143 ], [ -46.116359133503437, -23.780171109547119 ], [ -46.116287612414709, -23.780162234044077 ], [ -46.116250359059983, -23.780155368597388 ], [ -46.116215249217426, -23.780146681365519 ], [ -46.116182283659107, -23.780136262658274 ], [ -46.116151461614898, -23.780124022168646 ], [ -46.116123461537157, -23.780108961539913 ], [ -46.116099158915425, -23.780090171305144 ], [ -46.116078357484113, -23.780067652884956 ], [ -46.116061155376563, -23.780041405571275 ], [ -46.116046969960848, -23.780012156088429 ], [ -46.116035220917688, -23.779980902085605 ], [ -46.116026004837103, -23.779947462237249 ], [ -46.11601912699355, -23.779912018579306 ], [ -46.116015382469335, -23.779875739445799 ], [ -46.116015272717981, -23.779839885607526 ], [ -46.116018799278031, -23.779804637681071 ], [ -46.116025960604922, -23.779769815049832 ], [ -46.116035775367934, -23.779735424806965 ], [ -46.11604706674261, -23.779701565772978 ], [ -46.116059833186263, -23.779668057330937 ], [ -46.116074076239578, -23.779635080097176 ], [ -46.116090381614157, -23.779602268581559 ], [ -46.116109040623023, -23.779569259421717 ], [ -46.11613025030038, -23.779536141506355 ], [ -46.116153813608136, -23.779502825945077 ], [ -46.116205398778362, -23.779429659974923 ], [ -46.116260509941739, -23.779344185800511 ], [ -46.11628535606058, -23.779300203901311 ], [ -46.116302876926575, -23.779260339089515 ], [ -46.116313168367526, -23.779224319732826 ], [ -46.116315579486383, -23.779207865163389 ], [ -46.116316133799749, -23.779192327158711 ], [ -46.116309009388374, -23.779036045247665 ], [ -46.11630907754374, -23.778986552717281 ], [ -46.116315107861979, -23.778934217346347 ], [ -46.116326904071528, -23.778879040553289 ], [ -46.116344663970608, -23.778821201534676 ], [ -46.116366448811036, -23.778763514039312 ], [ -46.116390224801812, -23.778709153759166 ], [ -46.11641618897719, -23.778658209582709 ], [ -46.116479512337463, -23.778546123656021 ], [ -46.116464761059071, -23.778541859980816 ], [ -46.116415821983601, -23.77859346596604 ], [ -46.116409294565777, -23.778597839410043 ], [ -46.116383515729133, -23.77861301792516 ], [ -46.116319826681945, -23.778647797725853 ], [ -46.116236784558929, -23.778691748814772 ], [ -46.116142387584773, -23.778739123562801 ], [ -46.116044436973873, -23.778784085466068 ], [ -46.115952262985616, -23.778827470218769 ], [ -46.115911719277065, -23.778848987039048 ], [ -46.115874804902873, -23.778870296990327 ], [ -46.115840250312388, -23.778892131762085 ], [ -46.115806784411944, -23.778915042425758 ], [ -46.115774505333434, -23.778939028272923 ], [ -46.115743314944744, -23.778964090013435 ], [ -46.115680490474141, -23.779019725833596 ], [ -46.11561499144473, -23.779083960780689 ], [ -46.115546478755277, -23.779151559092522 ], [ -46.115475004302724, -23.779217101553201 ], [ -46.115331735363974, -23.779345208331627 ], [ -46.115296955485697, -23.779375172870317 ], [ -46.115263221927272, -23.779401246343248 ], [ -46.115230339967674, -23.77942361078556 ], [ -46.115198406972404, -23.779442175180399 ], [ -46.115166956158454, -23.779459742632611 ], [ -46.115135517659148, -23.779478755012967 ], [ -46.115073075522105, -23.779521743882022 ], [ -46.115016323499603, -23.779564511004661 ], [ -46.114970702354121, -23.77960060480412 ], [ -46.114918831489362, -23.779640356281163 ], [ -46.114843720490562, -23.779693822653499 ], [ -46.114758346288731, -23.77975214973582 ], [ -46.114675292553848, -23.779806395890944 ], [ -46.114591939731199, -23.779860102278494 ], [ -46.114505471216937, -23.779916721161303 ], [ -46.114420094405553, -23.779974777140723 ], [ -46.114361278865459, -23.780017287985604 ], [ -46.114308830946435, -23.780056162561245 ], [ -46.114278875931632, -23.780078844669486 ], [ -46.114251002266428, -23.780101624334296 ], [ -46.114222513446109, -23.780123903683219 ], [ -46.114166769326523, -23.780167258297094 ], [ -46.114104603600502, -23.780219727762145 ], [ -46.114063823587827, -23.780259669870507 ], [ -46.114051392574403, -23.78027502263372 ], [ -46.11404423459264, -23.780287266671291 ], [ -46.11403381625567, -23.780308475317916 ], [ -46.114020156438578, -23.780329346097805 ], [ -46.114003255139878, -23.78034987901021 ], [ -46.113983113127546, -23.78037016436253 ], [ -46.113857076432616, -23.780482340548989 ], [ -46.113819296086938, -23.780517293685783 ], [ -46.113788665617399, -23.780550569580893 ], [ -46.113765185030708, -23.780582168238325 ], [ -46.113748754661039, -23.780611909752199 ], [ -46.113737615033607, -23.780640619643332 ], [ -46.113729710732137, -23.780668944938295 ], [ -46.113725238795283, -23.780696974530013 ], [ -46.113724100322479, -23.780724618818322 ], [ -46.113725609149604, -23.780751973067087 ], [ -46.113729275379384, -23.780779131124294 ], [ -46.113735001648763, -23.780806184006089 ], [ -46.113742884554057, -23.780832950387452 ], [ -46.113753420150168, -23.780860058887136 ], [ -46.113767005589622, -23.780888048523231 ], [ -46.113783737469689, -23.780916737969974 ], [ -46.113803519967, -23.780946398859523 ], [ -46.113903592150322, -23.781081057487636 ], [ -46.113963507500877, -23.781156037333425 ], [ -46.114028628638977, -23.781231521471828 ], [ -46.114059266773801, -23.781268238791871 ], [ -46.114083604339832, -23.781302653409895 ], [ -46.11410144506268, -23.781334766745537 ], [ -46.114113082569325, -23.781364486368261 ], [ -46.114119405448768, -23.781392438064703 ], [ -46.11412188801777, -23.781418882137832 ], [ -46.114120432139813, -23.781443819296161 ], [ -46.114115135946747, -23.781467248831444 ], [ -46.114098170589529, -23.781526346276458 ], [ -46.114076724869413, -23.781612479924313 ], [ -46.114064378350029, -23.781660796673389 ], [ -46.11405063177731, -23.781706052850211 ], [ -46.114035680649934, -23.781748156729812 ], [ -46.114019526506624, -23.781787288928651 ], [ -46.114001971539409, -23.781823270245887 ], [ -46.113983213556182, -23.781856279881612 ], [ -46.113963153653181, -23.781886228235145 ], [ -46.113941694465879, -23.781913206322486 ], [ -46.113890929918639, -23.781967760985381 ], [ -46.113826486500585, -23.782029458813405 ], [ -46.113792476803454, -23.782057791826915 ], [ -46.11376182486876, -23.782077069213113 ], [ -46.113747746567284, -23.782083402443433 ], [ -46.113734533012199, -23.782087561899019 ], [ -46.113722085300275, -23.782089457979609 ], [ -46.113710403432236, -23.782089090685314 ], [ -46.112601810509183, -23.780788056267767 ], [ -46.112547052611689, -23.780704562960047 ], [ -46.108086571940923, -23.773868095328659 ], [ -46.110046740501183, -23.773098158196117 ], [ -46.109989852827553, -23.773067693690411 ], [ -46.109870498327496, -23.773006911861103 ], [ -46.10980853041923, -23.772972471367041 ], [ -46.10976506159701, -23.772943758662819 ], [ -46.109733448420521, -23.772918968830862 ], [ -46.10970614828485, -23.772893606113225 ], [ -46.109683161954166, -23.772867760820699 ], [ -46.109664292404425, -23.772841344057049 ], [ -46.109649540399694, -23.772814446132585 ], [ -46.10963959742913, -23.772787603964414 ], [ -46.109634569279145, -23.772761719934984 ], [ -46.109634748797738, -23.772736611312258 ], [ -46.109639842364714, -23.772712370520356 ], [ -46.109649260445131, -23.772688911480973 ], [ -46.109661824737962, -23.772666152346225 ], [ -46.109677731497271, -23.772644091705079 ], [ -46.109696784466152, -23.772622730966994 ], [ -46.109718700753611, -23.772603426875857 ], [ -46.109742901554405, -23.772587357673768 ], [ -46.109769486529501, -23.772574703271864 ], [ -46.109798258658756, -23.772565374770647 ], [ -46.10987295837581, -23.77254460754358 ], [ -46.109977303356843, -23.772513331387529 ], [ -46.110132111154577, -23.772473112560537 ], [ -46.110271640857142, -23.772436525677666 ], [ -46.110159442976375, -23.772282533868538 ], [ -46.110141767830378, -23.772246535276217 ], [ -46.110120379951525, -23.772212459967971 ], [ -46.110106790876813, -23.772195397967451 ], [ -46.110088778411821, -23.77217746462145 ], [ -46.110066635407691, -23.772158477195006 ], [ -46.110040165612176, -23.772138437096952 ], [ -46.110012212419676, -23.772117052944527 ], [ -46.109985616157452, -23.772093672122121 ], [ -46.1099603775926, -23.772068384939143 ], [ -46.109936397831845, -23.772041101792848 ], [ -46.109888961967542, -23.771978855021676 ], [ -46.109839464757535, -23.771904972522833 ], [ -46.109786076285481, -23.771823531581028 ], [ -46.109726966633808, -23.771738609478415 ], [ -46.109698746894651, -23.77169735806487 ], [ -46.109676057525192, -23.771660221357511 ], [ -46.10965880115775, -23.771627290372724 ], [ -46.109647075147301, -23.771598474099012 ], [ -46.109639984089121, -23.771572333945016 ], [ -46.109636434794339, -23.771547252111585 ], [ -46.109636428026953, -23.771523318907811 ], [ -46.109640159272516, -23.771500442614826 ], [ -46.109647626230789, -23.771478352306563 ], [ -46.109659516553563, -23.771457133355483 ], [ -46.109675533560207, -23.771436516950107 ], [ -46.109695973927614, -23.771416771899755 ], [ -46.109743676011583, -23.771371633295178 ], [ -46.109797161458005, -23.771314170389719 ], [ -46.109809983154655, -23.771298634526712 ], [ -46.109820258152645, -23.771283658849509 ], [ -46.109828084579661, -23.771269242653375 ], [ -46.109833365076156, -23.771255476952504 ], [ -46.109836197003389, -23.771242270733367 ], [ -46.109836483001999, -23.771229715009888 ], [ -46.10983422307244, -23.771217809781984 ], [ -46.109829514575729, -23.771206464035764 ], [ -46.109816095849567, -23.771186330097503 ], [ -46.109799572323332, -23.771170372921496 ], [ -46.109780139483526, -23.771158500787788 ], [ -46.109757699968441, -23.771150804709151 ], [ -46.109734480806708, -23.771143746428717 ], [ -46.10971261396665, -23.771134149630807 ], [ -46.10969219680976, -23.771121923301898 ], [ -46.109673033849987, -23.771107159161676 ], [ -46.10965591239848, -23.771090122495689 ], [ -46.109641622830274, -23.77107143982477 ], [ -46.109629968125596, -23.771051022251221 ], [ -46.109621046410226, -23.771028869070527 ], [ -46.10961505393616, -23.771004978873126 ], [ -46.109612383973804, -23.770979439147823 ], [ -46.109612840268596, -23.770952251305079 ], [ -46.109616618305417, -23.770923323625965 ], [ -46.109623230514281, -23.77089302087029 ], [ -46.10963199230693, -23.77086161889925 ], [ -46.109643001041817, -23.770829026698646 ], [ -46.109656160123002, -23.770795425590538 ], [ -46.109671880440203, -23.770762980162004 ], [ -46.109690083784997, -23.770734039142692 ], [ -46.109710966409459, -23.770708601121566 ], [ -46.109734430953445, -23.770686757111296 ], [ -46.109760149327371, -23.770664535645093 ], [ -46.109787895396067, -23.770638416094279 ], [ -46.109849370944573, -23.770574302822848 ], [ -46.109877926551583, -23.770539507278947 ], [ -46.10989806475682, -23.770507301021308 ], [ -46.109905001867631, -23.770492168699597 ], [ -46.109909882927603, -23.770477593039224 ], [ -46.10991270946981, -23.770463754657687 ], [ -46.109913381836499, -23.770450473642896 ], [ -46.109912088617726, -23.770436845497969 ], [ -46.109908919511099, -23.770421876122292 ], [ -46.109896854745323, -23.770387824074469 ], [ -46.109877383032448, -23.770348225778328 ], [ -46.109850309662413, -23.770303263258203 ], [ -46.109792766828349, -23.770229438528492 ], [ -46.10975104141076, -23.770169318183356 ], [ -46.109736011425497, -23.770144318844839 ], [ -46.109724936356557, -23.770122813338837 ], [ -46.109717912794643, -23.770104620344011 ], [ -46.109714746018156, -23.770089921888626 ], [ -46.109713731942797, -23.770062925236974 ], [ -46.109715644019118, -23.770033830333169 ], [ -46.109720581903083, -23.770002817089594 ], [ -46.109728251215323, -23.769969887621116 ], [ -46.109742503491503, -23.769914783876093 ], [ -46.109748144333899, -23.769885662177952 ], [ -46.109746889447045, -23.769876549463355 ], [ -46.109741595322284, -23.769865569175685 ], [ -46.109732456679573, -23.769852539286973 ], [ -46.109719278035627, -23.769837551515224 ], [ -46.109704703419894, -23.769819954661795 ], [ -46.109691473454326, -23.769798916206231 ], [ -46.109679589671416, -23.76977461676632 ], [ -46.109669050539566, -23.769746875724856 ], [ -46.109660265414043, -23.769717677052938 ], [ -46.109653737178405, -23.769688462164382 ], [ -46.109649467363262, -23.769659411676926 ], [ -46.109647455967256, -23.769630525590795 ], [ -46.109647597202709, -23.769600901524434 ], [ -46.109649787580544, -23.769569908022245 ], [ -46.109654026333097, -23.769537454775321 ], [ -46.10966031269286, -23.769503451474975 ], [ -46.109678247054525, -23.769431251896766 ], [ -46.109703100791215, -23.769353403119506 ], [ -46.109717592874603, -23.769315005775088 ], [ -46.109732707409393, -23.769280577780965 ], [ -46.109748640646437, -23.76925011772666 ], [ -46.109765098211277, -23.769223627727243 ], [ -46.109805447842454, -23.769167884874435 ], [ -46.109859031346971, -23.769098951353744 ], [ -46.10988885690788, -23.769063514485758 ], [ -46.109918525280214, -23.769032684765246 ], [ -46.109947841749523, -23.769006644220049 ], [ -46.109977000270391, -23.768985120513815 ], [ -46.110005704938395, -23.768967935144953 ], [ -46.110033950392413, -23.768954455952862 ], [ -46.110061638510061, -23.768944683643056 ], [ -46.110088867418753, -23.768938617510411 ], [ -46.110218353970197, -23.768921610821799 ], [ -46.110292153853067, -23.768910694160766 ], [ -46.110424883062379, -23.768894205873892 ], [ -46.110408619682516, -23.768804821457767 ], [ -46.110403518740597, -23.768781918331687 ], [ -46.110397618238352, -23.768757304984526 ], [ -46.110393278535604, -23.768731596645249 ], [ -46.110390402273417, -23.768704884328361 ], [ -46.110389087575797, -23.768677167328256 ], [ -46.110390846196694, -23.768618450469404 ], [ -46.11039865404787, -23.768555625980582 ], [ -46.110408133076305, -23.768493150732603 ], [ -46.110414612397363, -23.768435664330635 ], [ -46.110418188606843, -23.768382985452259 ], [ -46.110418765117068, -23.76833529542046 ], [ -46.110420256941865, -23.768291392003068 ], [ -46.110426285483108, -23.768250165393241 ], [ -46.110436849970206, -23.768211525281828 ], [ -46.110451950399764, -23.768175471668247 ], [ -46.110467931640052, -23.768139140777627 ], [ -46.110481531826352, -23.768099756323259 ], [ -46.11049255317829, -23.768057139099302 ], [ -46.110500996464367, -23.768011379414975 ], [ -46.110506499087215, -23.767966002130727 ], [ -46.110508503735367, -23.767924714135496 ], [ -46.110506912288159, -23.767887516134827 ], [ -46.110501822872294, -23.767854407423258 ], [ -46.110493914692412, -23.767824479974767 ], [ -46.110483968909044, -23.767797276601552 ], [ -46.110471885099166, -23.76777252708278 ], [ -46.110457762153629, -23.767750321021079 ], [ -46.110443250549793, -23.767728569323136 ], [ -46.110430195479658, -23.767705000867924 ], [ -46.110418695067025, -23.767679614950417 ], [ -46.11040865118752, -23.767652412276348 ], [ -46.110401249759043, -23.767624377776087 ], [ -46.110397577807596, -23.767596406776793 ], [ -46.110397734221195, -23.767568588882071 ], [ -46.110401620107012, -23.767540834488816 ], [ -46.110408651318835, -23.767513689681632 ], [ -46.110418144820862, -23.767487610941732 ], [ -46.110430000954999, -23.767462418356857 ], [ -46.110444319376747, -23.76743829183847 ], [ -46.110459412051789, -23.767412895353523 ], [ -46.110473590179424, -23.767383802560847 ], [ -46.110486658278198, -23.767351105180385 ], [ -46.110498813362014, -23.767314892110011 ], [ -46.110507143151018, -23.767278887171145 ], [ -46.110508868751772, -23.767262527895639 ], [ -46.110508933916407, -23.767247083700564 ], [ -46.110507438302449, -23.767232734497771 ], [ -46.110504185663054, -23.767219481698227 ], [ -46.110499370712652, -23.767207143273453 ], [ -46.110492896861217, -23.767195900546191 ], [ -46.110477710717092, -23.767175598725281 ], [ -46.110461363958777, -23.767157292159347 ], [ -46.110444053599736, -23.767141069745929 ], [ -46.110425582625787, -23.767126842586801 ], [ -46.110407593842119, -23.767111618502568 ], [ -46.11039152997499, -23.767091955181893 ], [ -46.110377391792071, -23.767067942933942 ], [ -46.110365178527182, -23.76703949145055 ], [ -46.110348282972076, -23.766991204503498 ], [ -46.110342594917675, -23.766968486216808 ], [ -46.1103446976824, -23.766961878163862 ], [ -46.110350694724787, -23.766951629547371 ], [ -46.110374966508545, -23.766920928858511 ], [ -46.110415621826313, -23.766878188906098 ], [ -46.110473070773892, -23.766825483955721 ], [ -46.110542353493372, -23.766768087875096 ], [ -46.110618313129095, -23.766711185638865 ], [ -46.110657728741089, -23.766684259524084 ], [ -46.110697070747001, -23.766660223983052 ], [ -46.1107361429031, -23.766639080427112 ], [ -46.110774944445474, -23.766620738547793 ], [ -46.110813355784394, -23.76660267040781 ], [ -46.110851057247423, -23.766581897938313 ], [ -46.110888051133017, -23.766558692065892 ], [ -46.110924336672795, -23.766532962482497 ], [ -46.110956885087418, -23.766506266315137 ], [ -46.110982277410422, -23.766480434442293 ], [ -46.11100061100273, -23.766455375852924 ], [ -46.111011788512663, -23.766431181563771 ], [ -46.111029056426531, -23.7663730756435 ], [ -46.111049777718264, -23.766294082302274 ], [ -46.111069521551279, -23.766203987344035 ], [ -46.111083662393632, -23.766112758603878 ], [ -46.111097101788864, -23.766019818938187 ], [ -46.111114548855554, -23.76592504415726 ], [ -46.111125713940432, -23.765876284489213 ], [ -46.111139709231892, -23.765825698176545 ], [ -46.111156535493016, -23.765773375527306 ], [ -46.111176290075385, -23.765719225526016 ], [ -46.11119566135639, -23.765666162050188 ], [ -46.111211532431319, -23.765616916949487 ], [ -46.11122380441585, -23.765571400622065 ], [ -46.111232674326466, -23.765529701965587 ], [ -46.11123843269862, -23.765491367319278 ], [ -46.111241370834286, -23.765456033330924 ], [ -46.111241684213013, -23.765423608280202 ], [ -46.111239275481822, -23.765394183181574 ], [ -46.111228405844038, -23.765327519189736 ], [ -46.111210975742353, -23.765239407613961 ], [ -46.111201834850057, -23.765191426220579 ], [ -46.111194974547089, -23.765146228159814 ], [ -46.111190689963422, -23.765103901623171 ], [ -46.111188685196637, -23.765064268111299 ], [ -46.111189158788889, -23.765027597138658 ], [ -46.111192110738088, -23.764993888705444 ], [ -46.111197639164303, -23.764963142105561 ], [ -46.11120564594421, -23.764935358044838 ], [ -46.111216308146012, -23.764908277394095 ], [ -46.111229704715612, -23.764879641729717 ], [ -46.111245835650855, -23.764849451051102 ], [ -46.111264798303992, -23.764817614342864 ], [ -46.11128591809225, -23.764785581484546 ], [ -46.11130881479955, -23.764754800238006 ], [ -46.111333389536355, -23.764725180999889 ], [ -46.111359741191073, -23.764696813372076 ], [ -46.111374928508091, -23.7646826150838 ], [ -46.11139344658811, -23.764667760629333 ], [ -46.111440179132174, -23.764635904717661 ], [ -46.111499938810262, -23.764601245625713 ], [ -46.111572725607665, -23.764563783338843 ], [ -46.111645827442722, -23.764528757234807 ], [ -46.11170662961343, -23.764501315698642 ], [ -46.111755132905905, -23.764481549052924 ], [ -46.111791336567279, -23.76446936700016 ], [ -46.111805522744611, -23.764464387925049 ], [ -46.111818029345258, -23.76445806622522 ], [ -46.11182895372324, -23.764450310886048 ], [ -46.111838198524367, -23.764441212922801 ], [ -46.111845762214053, -23.764430591718416 ], [ -46.11185164632726, -23.764418627890542 ], [ -46.111855850096703, -23.764405231130592 ], [ -46.111858374290421, -23.764390491747541 ], [ -46.111864098782533, -23.764359743715627 ], [ -46.111874145984544, -23.764329596767197 ], [ -46.111888418539479, -23.764300141916522 ], [ -46.111907209273788, -23.764271196426062 ], [ -46.111926294363961, -23.764242248814544 ], [ -46.11194184017257, -23.764212513851025 ], [ -46.111953946358156, -23.764182171447462 ], [ -46.111962512499261, -23.764150951385059 ], [ -46.111964636517754, -23.764135311738951 ], [ -46.111964014676822, -23.764119872488099 ], [ -46.11196064620988, -23.764104543323512 ], [ -46.111954630773937, -23.76408950415609 ], [ -46.111945868713974, -23.764074575074492 ], [ -46.111934458919357, -23.764059845680571 ], [ -46.111920303269741, -23.764045316679965 ], [ -46.111903499119627, -23.764030897056919 ], [ -46.111869633301815, -23.764006394740132 ], [ -46.111840740312857, -23.763989713956903 ], [ -46.111816919801747, -23.763981034621381 ], [ -46.11180680028221, -23.763979572117524 ], [ -46.111797973986008, -23.763980177531465 ], [ -46.111710224732597, -23.764000497589571 ], [ -46.111658253609107, -23.764016315349323 ], [ -46.111612787622803, -23.76403551821803 ], [ -46.111557076436931, -23.764061568364738 ], [ -46.111474956885758, -23.764097743079891 ], [ -46.111379655352309, -23.764141598990467 ], [ -46.111284201995844, -23.764190694160323 ], [ -46.111238400926865, -23.764216672898204 ], [ -46.11119613220724, -23.764242626211971 ], [ -46.111157593615779, -23.7642687333102 ], [ -46.111122587378112, -23.764294814989825 ], [ -46.111050632369874, -23.764349340468144 ], [ -46.110967134240838, -23.764408103390799 ], [ -46.110877650623898, -23.764466909316614 ], [ -46.110787637984679, -23.764521203286105 ], [ -46.110742998824151, -23.764545367242551 ], [ -46.110699409086905, -23.764566001385937 ], [ -46.110656769888784, -23.76458301611402 ], [ -46.110615180121883, -23.764596501030574 ], [ -46.11057581188372, -23.764605815509707 ], [ -46.110540037348336, -23.764610769058972 ], [ -46.110507560622047, -23.764611183179689 ], [ -46.110478677606096, -23.764607236375078 ], [ -46.110452708349612, -23.764599746363142 ], [ -46.110429074088117, -23.764589891390905 ], [ -46.110407871411226, -23.764577490136634 ], [ -46.110389002197856, -23.764562543306685 ], [ -46.110373552683214, -23.764545855921419 ], [ -46.110362606802084, -23.764527962075313 ], [ -46.110355967543704, -23.764508772871508 ], [ -46.110353930803598, -23.76448846681188 ], [ -46.110351488634713, -23.764431947662288 ], [ -46.110343990987829, -23.764346293357455 ], [ -46.110337309653723, -23.764299016729836 ], [ -46.110327437832638, -23.764257362517537 ], [ -46.110314375526023, -23.764221330719764 ], [ -46.110298122734534, -23.764190921335924 ], [ -46.110257631804032, -23.76412573456119 ], [ -46.110207549639142, -23.764040386321795 ], [ -46.110153292052928, -23.763948655761411 ], [ -46.110099981991816, -23.76386450476501 ], [ -46.110073868158118, -23.763828386109179 ], [ -46.110048312362828, -23.763800211091251 ], [ -46.110023316133109, -23.763780160329034 ], [ -46.110011088604629, -23.763773113371773 ], [ -46.109998878697617, -23.763768143514483 ], [ -46.109973896206313, -23.76376127852425 ], [ -46.109947168222867, -23.763756864556761 ], [ -46.10991859432653, -23.76375463139016 ], [ -46.109888373056137, -23.763754848539513 ], [ -46.109872375501688, -23.763754511913344 ], [ -46.109855672716563, -23.763752012810784 ], [ -46.109838069991412, -23.763747533258972 ], [ -46.109819663916419, -23.763740891935232 ], [ -46.109800553379365, -23.763732178442865 ], [ -46.109780542139418, -23.763721394191467 ], [ -46.109738209273594, -23.763693520281784 ], [ -46.109717664549912, -23.763677682256752 ], [ -46.10970016617572, -23.763662364229376 ], [ -46.10968551637616, -23.763647386993121 ], [ -46.109673912923725, -23.763632929756472 ], [ -46.109665158043804, -23.763618813312519 ], [ -46.109659350622195, -23.76360512726556 ], [ -46.109656491423678, -23.763591961924753 ], [ -46.109656578915747, -23.763579136672817 ], [ -46.109661076578945, -23.763554087315953 ], [ -46.109668323155951, -23.763529198839862 ], [ -46.109678221290302, -23.76350456225806 ], [ -46.109690868335576, -23.763480086556285 ], [ -46.109721189635934, -23.763422248237674 ], [ -46.109756065226463, -23.763346043401619 ], [ -46.109770542153768, -23.763305930182131 ], [ -46.109774802869424, -23.763287656093123 ], [ -46.109777013007289, -23.763270570821305 ], [ -46.109777174100046, -23.763254854984346 ], [ -46.109775381971318, -23.763240236951084 ], [ -46.10977154003281, -23.763226898043801 ], [ -46.109765746405749, -23.763214837557452 ], [ -46.109750064130473, -23.76319381668786 ], [ -46.109730591154161, -23.763177067819147 ], [ -46.109707128937387, -23.763164321433202 ], [ -46.109679777131525, -23.763155757440984 ], [ -46.109603679986883, -23.763161542310321 ], [ -46.109537711460213, -23.763169873504129 ], [ -46.109482166677743, -23.763180839230042 ], [ -46.109436749746038, -23.763194260995867 ], [ -46.1092523282881, -23.763258805414171 ], [ -46.109150484750657, -23.76329493990869 ], [ -46.109052390407996, -23.76333348590461 ], [ -46.109004860641285, -23.763352341571469 ], [ -46.108958491471604, -23.763369201978286 ], [ -46.108913282901597, -23.763384067125781 ], [ -46.108869234168296, -23.763396846706318 ], [ -46.108826458700278, -23.763409346191885 ], [ -46.10878526463501, -23.763423189028561 ], [ -46.108745750092396, -23.763438374513335 ], [ -46.108707718830274, -23.763454904056069 ], [ -46.10853491370235, -23.76353553051522 ], [ -46.108438460063866, -23.763582463583973 ], [ -46.108346043082733, -23.763630993287382 ], [ -46.108301982518782, -23.763653978308028 ], [ -46.108259856058446, -23.763673607811679 ], [ -46.108219859947774, -23.763689880391912 ], [ -46.108181994190723, -23.763702796050278 ], [ -46.108145575767665, -23.763712811259545 ], [ -46.108110117899997, -23.763720381084095 ], [ -46.108075523233687, -23.763725596537189 ], [ -46.108041790241067, -23.763728277001796 ], [ -46.108007353575886, -23.763728975592258 ], [ -46.107970644831987, -23.763727884186629 ], [ -46.107931664775634, -23.763725093091892 ], [ -46.10789031452272, -23.763720512701294 ], [ -46.107819405879958, -23.763690133775192 ], [ -46.107765601930353, -23.763651774807826 ], [ -46.107688666725686, -23.763581791065054 ], [ -46.107612806394933, -23.763638781467947 ], [ -46.107567341630052, -23.763681374552888 ], [ -46.107524326040171, -23.763723498493302 ], [ -46.107499173812769, -23.763766126547587 ], [ -46.107475811729302, -23.763799981277163 ], [ -46.107454240559889, -23.763825152991373 ], [ -46.107434361424097, -23.76384155208568 ], [ -46.107392716670823, -23.763871744676752 ], [ -46.107343812925713, -23.763913820467774 ], [ -46.107317020652367, -23.763936591106738 ], [ -46.107289128402044, -23.763956931140449 ], [ -46.107260136175505, -23.763974840568277 ], [ -46.107230043209711, -23.763990229080715 ], [ -46.107162485168715, -23.764019523586395 ], [ -46.107082283199283, -23.764050534341568 ], [ -46.107039258807099, -23.76406845398445 ], [ -46.106996561619965, -23.764090254785501 ], [ -46.106954290519596, -23.764116026350916 ], [ -46.106912445502509, -23.764145768681036 ], [ -46.106748966074882, -23.764273470431782 ], [ -46.106593530006073, -23.764400843451391 ], [ -46.10651969300887, -23.764465134303311 ], [ -46.106448624729261, -23.764531934089497 ], [ -46.106364286271734, -23.764619239927086 ], [ -46.106250831833663, -23.764744686257934 ], [ -46.106191228260833, -23.764809597536292 ], [ -46.106140825589534, -23.764860173242894 ], [ -46.106099524197667, -23.764896233471188 ], [ -46.106082261957866, -23.764908820458679 ], [ -46.106067324106384, -23.764917778227701 ], [ -46.106005161261102, -23.764946943297655 ], [ -46.105929167757473, -23.764976749255311 ], [ -46.105751306934003, -23.765040158859268 ], [ -46.105703275505867, -23.765057843043792 ], [ -46.10565398679168, -23.765077703757111 ], [ -46.10560363779566, -23.765099829902248 ], [ -46.105552129629565, -23.765124131871723 ], [ -46.10550110823965, -23.765147978768937 ], [ -46.105452319988544, -23.765169009923849 ], [ -46.105405763354774, -23.765187044720587 ], [ -46.105361341745905, -23.765202264481069 ], [ -46.105269126483591, -23.765228483320392 ], [ -46.105165704645216, -23.765252343802267 ], [ -46.104771587494092, -23.765318021973094 ], [ -46.104838113644014, -23.76545690114386 ], [ -46.104849509316921, -23.765481656071429 ], [ -46.104863063689052, -23.765506395556578 ], [ -46.104878674063428, -23.765530578447436 ], [ -46.104896338915637, -23.765554024125663 ], [ -46.104916059009135, -23.765576822899252 ], [ -46.104961445297477, -23.765629332104197 ], [ -46.105014222357724, -23.765697141854961 ], [ -46.105040240155965, -23.76573362333324 ], [ -46.105061822616904, -23.765767788366563 ], [ -46.105078773490398, -23.765799638360992 ], [ -46.105091288254904, -23.765829081605396 ], [ -46.105110854201037, -23.765891710067969 ], [ -46.105128364443637, -23.765966545668164 ], [ -46.10513577560279, -23.766007495341309 ], [ -46.105141724077647, -23.766049539251085 ], [ -46.105146111744155, -23.766092678099778 ], [ -46.105149035960935, -23.766136820876447 ], [ -46.105150195492193, -23.766181156907994 ], [ -46.105149483059293, -23.766224603190107 ], [ -46.105146802062968, -23.76626734104287 ], [ -46.105142249861458, -23.766309279455101 ], [ -46.105128478258358, -23.766398247274182 ], [ -46.10510911542071, -23.766499086271104 ], [ -46.105100031503788, -23.766550540108007 ], [ -46.105094743114357, -23.766598263901322 ], [ -46.105093348380336, -23.766642256949208 ], [ -46.105095847305613, -23.766682519251695 ], [ -46.105107428585413, -23.766764080523529 ], [ -46.105124586420203, -23.766855265523503 ], [ -46.105143348586793, -23.766950503184169 ], [ -46.105159842497081, -23.767044402356291 ], [ -46.105165916628373, -23.767089696673832 ], [ -46.105168731322038, -23.767132485512949 ], [ -46.105168286574525, -23.76717276887409 ], [ -46.105164581619832, -23.767210456448389 ], [ -46.105156994432896, -23.767253229402264 ], [ -46.105145000346702, -23.767308677890622 ], [ -46.105107986162857, -23.767457419444682 ], [ -46.105094817521419, -23.767478376270425 ], [ -46.105079682582208, -23.767498895592411 ], [ -46.105062779118008, -23.767519156623592 ], [ -46.1050439093544, -23.767538980149805 ], [ -46.105003653672988, -23.767582799655319 ], [ -46.104962494524585, -23.767635837673158 ], [ -46.10494380446633, -23.76766532353237 ], [ -46.104929244765977, -23.767695863612616 ], [ -46.104919013199826, -23.767727637128552 ], [ -46.104913010884054, -23.767760554474084 ], [ -46.104904402456476, -23.76782184915346 ], [ -46.104894225293798, -23.767871685138509 ], [ -46.10488579247582, -23.767895678754538 ], [ -46.104871308744386, -23.7679235991714 ], [ -46.104850968817821, -23.767955264366019 ], [ -46.104824774215224, -23.767990854953862 ], [ -46.104738888949093, -23.768104542805791 ], [ -46.104707975411436, -23.768150733902001 ], [ -46.104670028399624, -23.768212328730222 ], [ -46.104650886464853, -23.768246423817597 ], [ -46.104634777994292, -23.768279503749508 ], [ -46.10462180264021, -23.768311748442699 ], [ -46.104611860755597, -23.768342977981849 ], [ -46.10459343230832, -23.768415090279984 ], [ -46.104571649779679, -23.76850836010987 ], [ -46.10454954639836, -23.768610121775339 ], [ -46.104530156171265, -23.768707799890379 ], [ -46.104520822285892, -23.768752933477334 ], [ -46.104511050908549, -23.76879274164887 ], [ -46.104500645027237, -23.768827135499592 ], [ -46.104489800892672, -23.768856113625954 ], [ -46.104467526146955, -23.768914345013446 ], [ -46.104445051549874, -23.76898377679985 ], [ -46.104426461527993, -23.769048394146594 ], [ -46.104416039823555, -23.76909254204887 ], [ -46.104410214295349, -23.769111549709258 ], [ -46.104399223199877, -23.769134748765488 ], [ -46.104383163896202, -23.769162048206134 ], [ -46.104361939779253, -23.769193629349058 ], [ -46.104322460212948, -23.76924810022717 ], [ -46.104299447703639, -23.769277075035188 ], [ -46.104287955821221, -23.769287453034806 ], [ -46.104268456537035, -23.769302494316452 ], [ -46.104205140603426, -23.769346478509483 ], [ -46.10416619819442, -23.76937159336266 ], [ -46.104128897224371, -23.769393535470897 ], [ -46.104093042207872, -23.769412396547221 ], [ -46.104058927524569, -23.769428174488109 ], [ -46.103998811299462, -23.769455969465888 ], [ -46.103973804734473, -23.769469605051103 ], [ -46.10395223027033, -23.769482945156515 ], [ -46.103913104475097, -23.769509596602056 ], [ -46.103909499741874, -23.769512693054324 ], [ -46.10391139613472, -23.769516472699905 ], [ -46.10392128184894, -23.769525072211145 ], [ -46.10396522055381, -23.769557090655191 ], [ -46.104021995633254, -23.769598500326314 ], [ -46.104072389534458, -23.769639594336564 ], [ -46.104094652255796, -23.769661291240769 ], [ -46.104114387347153, -23.769685805955099 ], [ -46.104131495158327, -23.769712958564394 ], [ -46.104146074576718, -23.769742838676837 ], [ -46.104159369220497, -23.769771644201537 ], [ -46.10417262346936, -23.769795663356057 ], [ -46.104185837321751, -23.769814896140598 ], [ -46.104199108139468, -23.769829251544817 ], [ -46.104210787603314, -23.769841089525528 ], [ -46.104219323995316, -23.76985258872077 ], [ -46.104224620713502, -23.769863930450356 ], [ -46.104226872483956, -23.769874932693817 ], [ -46.104226872911823, -23.769898233777795 ], [ -46.104224449162658, -23.769924984137425 ], [ -46.104212132202292, -23.770035255636397 ], [ -46.10419057740706, -23.770213690155479 ], [ -46.104175775020586, -23.770308535676381 ], [ -46.104157020125619, -23.770400158140152 ], [ -46.104146009484353, -23.770444310233369 ], [ -46.104133611347763, -23.770486846588582 ], [ -46.104119824952583, -23.770527676896577 ], [ -46.104104847312762, -23.77056689006282 ], [ -46.104072360540378, -23.770647682660655 ], [ -46.10402460756432, -23.770756762445277 ], [ -46.104002151115402, -23.770805150809579 ], [ -46.103981392331008, -23.770845398749266 ], [ -46.103962427056359, -23.770877234637069 ], [ -46.103945061329469, -23.770900930802835 ], [ -46.103909480062285, -23.77094065248923 ], [ -46.10386851171657, -23.770981586759859 ], [ -46.103823029518992, -23.771022553283409 ], [ -46.103773610794363, -23.771062193215496 ], [ -46.103747880615785, -23.771083149400351 ], [ -46.103722270654181, -23.77110672383623 ], [ -46.103696683543426, -23.771133007533411 ], [ -46.103671021917165, -23.771162091502017 ], [ -46.103627417123072, -23.771216230439624 ], [ -46.103599106966158, -23.771257074181801 ], [ -46.103588479876557, -23.771276928953903 ], [ -46.103577210087387, -23.771302026546824 ], [ -46.103552743165785, -23.771368040503319 ], [ -46.103527050250989, -23.771451584188711 ], [ -46.103501377270177, -23.771549126441865 ], [ -46.103489352448982, -23.77160105276711 ], [ -46.103479187463719, -23.77165242391612 ], [ -46.103470880792806, -23.771703059271626 ], [ -46.103464335835113, -23.771753140152519 ], [ -46.103443588013171, -23.771957579315551 ], [ -46.103435735379463, -23.772062038736472 ], [ -46.103430818182403, -23.772165483724415 ], [ -46.103421717752767, -23.772366317395239 ], [ -46.103417810012701, -23.77241493439946 ], [ -46.103412324607959, -23.772462659533318 ], [ -46.103405065281279, -23.772509494199159 ], [ -46.103396033554418, -23.772555619014515 ], [ -46.103378184623615, -23.772650034653196 ], [ -46.103363919319371, -23.772750475740892 ], [ -46.103352889174793, -23.772850532454566 ], [ -46.103344841566141, -23.772943523343301 ], [ -46.103337992524246, -23.773015733384234 ], [ -46.103334261661516, -23.773038790180642 ], [ -46.103330359534937, -23.773053178030381 ], [ -46.103318508551503, -23.773090833441486 ], [ -46.103298810018316, -23.773163767486611 ], [ -46.103286317064651, -23.773206756024045 ], [ -46.10327251034564, -23.773245238233024 ], [ -46.103257389099397, -23.773279123804635 ], [ -46.103241052216568, -23.773308502346097 ], [ -46.103223025814295, -23.773335364156637 ], [ -46.103203323604063, -23.773361334794657 ], [ -46.103181849741759, -23.773386685887072 ], [ -46.103158505336445, -23.773411327825329 ], [ -46.103102927173886, -23.773465461849526 ], [ -46.103032529389729, -23.773531081311244 ], [ -46.10299502406837, -23.773563862347913 ], [ -46.102960020569441, -23.773590755078509 ], [ -46.102927616266228, -23.77361166849489 ], [ -46.102897713797191, -23.773626693608239 ], [ -46.102868365824676, -23.773637650613352 ], [ -46.102837723898297, -23.773646449311453 ], [ -46.102805689890808, -23.773653090402682 ], [ -46.102772361170636, -23.773657482876413 ], [ -46.102698113551057, -23.773662257860956 ], [ -46.102611372366511, -23.773663419133314 ], [ -46.102516292523859, -23.773664910835802 ], [ -46.102416834945977, -23.773670949447155 ], [ -46.102315608756022, -23.773676729676989 ], [ -46.102215323504609, -23.773677716467049 ], [ -46.102166046151197, -23.773676081276076 ], [ -46.102117931122756, -23.773672631487749 ], [ -46.102071174678635, -23.773667365702487 ], [ -46.102025579802323, -23.773660195013189 ], [ -46.101981542054126, -23.773651477855179 ], [ -46.101939554361408, -23.773641481655147 ], [ -46.101899517835477, -23.773630116806025 ], [ -46.10186133587014, -23.773617564627241 ], [ -46.10177922952704, -23.773586450154443 ], [ -46.101681638674393, -23.773546143735611 ], [ -46.101631107002554, -23.773523745030978 ], [ -46.10158479563772, -23.773501406517422 ], [ -46.101542705338275, -23.773479218507532 ], [ -46.101504933470174, -23.773457089996182 ], [ -46.1014703990962, -23.773434848068067 ], [ -46.101438314144396, -23.773412137089355 ], [ -46.101408581246012, -23.773389048070381 ], [ -46.101381297007592, -23.773365399694811 ], [ -46.101327660416032, -23.773312225851608 ], [ -46.101270986485915, -23.773247964988627 ], [ -46.101240863460902, -23.773213499113361 ], [ -46.101208392214353, -23.77317986280601 ], [ -46.101173769764522, -23.773147144974427 ], [ -46.101136896463146, -23.773115165699078 ], [ -46.101099559908299, -23.773086441032863 ], [ -46.10106344880505, -23.773063397421581 ], [ -46.101028562387732, -23.773045944557367 ], [ -46.100994998779711, -23.773034081741649 ], [ -46.10096144810047, -23.773023754169735 ], [ -46.100926502346347, -23.773010907735131 ], [ -46.100890161519899, -23.772995542436934 ], [ -46.100852523751648, -23.772977657574401 ], [ -46.100816342715049, -23.772957956031405 ], [ -46.100784374361133, -23.772937411621172 ], [ -46.100756617168535, -23.772915843728615 ], [ -46.100733170024185, -23.772893341965393 ], [ -46.100709514471575, -23.772869396654549 ], [ -46.100681329074035, -23.772843587026131 ], [ -46.100610973967321, -23.772786106676012 ], [ -46.100572965161334, -23.772759102638645 ], [ -46.100538450883029, -23.772739208519425 ], [ -46.10050723562923, -23.772726516028396 ], [ -46.100492975148541, -23.772722824453069 ], [ -46.100479514889734, -23.772720933460409 ], [ -46.100452519799568, -23.772719951747487 ], [ -46.100423581903499, -23.772721332046949 ], [ -46.100392600792375, -23.772724804130309 ], [ -46.100359577224467, -23.772730458305205 ], [ -46.100284604223447, -23.772742281803396 ], [ -46.100195567746702, -23.772750502573373 ], [ -46.100147796084386, -23.772752829830424 ], [ -46.100100401740512, -23.772753348097854 ], [ -46.100053385476599, -23.772752147684962 ], [ -46.100006747294486, -23.772749228591909 ], [ -46.09996117409262, -23.772744585926361 ], [ -46.099917552822674, -23.772738664943375 ], [ -46.099875881966845, -23.77273128502673 ], [ -46.099835965270174, -23.772722447575649 ], [ -46.099751677403027, -23.772700198333325 ], [ -46.099654184978952, -23.772671450125998 ], [ -46.099603822706541, -23.772657448763542 ], [ -46.099557027216903, -23.772647486133664 ], [ -46.099513699617695, -23.772641472629541 ], [ -46.099473938032759, -23.772639407555655 ], [ -46.099372063690296, -23.77263805561612 ], [ -46.099218742940472, -23.772633818503515 ], [ -46.099135297693451, -23.772630077366298 ], [ -46.099064005905525, -23.772624533713625 ], [ -46.099004670564042, -23.772617098649857 ], [ -46.098957487926143, -23.772607770792213 ], [ -46.098870638312384, -23.772584274891081 ], [ -46.098774904862232, -23.772554610459249 ], [ -46.098725810794456, -23.772539696638614 ], [ -46.098678898309956, -23.772527476712185 ], [ -46.098634264774681, -23.772517859674878 ], [ -46.098591814333176, -23.772511117153961 ], [ -46.098551346175441, -23.77250670869352 ], [ -46.09851227229008, -23.77250472879247 ], [ -46.098474786655323, -23.772504905128873 ], [ -46.098438891544596, -23.772507508630966 ], [ -46.098359065442466, -23.772514037167394 ], [ -46.098260385111296, -23.772519074094454 ], [ -46.098207305463262, -23.772520354726673 ], [ -46.098156369464292, -23.772519813808948 ], [ -46.09810747974673, -23.77251754235013 ], [ -46.09806073444048, -23.77251353965433 ], [ -46.097963569888599, -23.772500412421433 ], [ -46.097854769403554, -23.772480594270736 ], [ -46.097743782089658, -23.77245744995497 ], [ -46.097639663766522, -23.772434256734403 ], [ -46.097536728316896, -23.772411687236318 ], [ -46.097429091095883, -23.772390144540029 ], [ -46.097376596087514, -23.772379228286045 ], [ -46.09732880440675, -23.772367465763267 ], [ -46.097285617168048, -23.772354767364238 ], [ -46.097247330269774, -23.772341311619385 ], [ -46.097073761972645, -23.772274718654973 ], [ -46.097049652484976, -23.77226676163377 ], [ -46.097028221233892, -23.772262217530567 ], [ -46.09700937008941, -23.772261087043713 ], [ -46.096993099050025, -23.772263370174063 ], [ -46.096979506242675, -23.772269066225501 ], [ -46.096968492781301, -23.772278085586713 ], [ -46.096960060180393, -23.77229060887635 ], [ -46.096954207682835, -23.77230654578576 ], [ -46.096932196036732, -23.772384914423508 ], [ -46.096902271167998, -23.772479234603267 ], [ -46.096867173493536, -23.772576933152628 ], [ -46.096830038232362, -23.772665705039937 ], [ -46.096789713597019, -23.772748629134405 ], [ -46.096744853052051, -23.772828966315938 ], [ -46.096720543177177, -23.772867341962861 ], [ -46.096694840561277, -23.77290346963694 ], [ -46.09666754970489, -23.772937441040295 ], [ -46.096638865350343, -23.772969074160343 ], [ -46.096579153632739, -23.773033802053913 ], [ -46.096518226755769, -23.773105763707225 ], [ -46.096486840156935, -23.773142834853292 ], [ -46.096454263884958, -23.773178469409789 ], [ -46.096420399054288, -23.773212577763744 ], [ -46.096385443436205, -23.773245339138874 ], [ -46.096348516144651, -23.773277030731915 ], [ -46.096308834420796, -23.773307929041692 ], [ -46.096266596034567, -23.773338213291016 ], [ -46.096221603213522, -23.77336770425287 ], [ -46.096125720704308, -23.773425644223689 ], [ -46.096023352528761, -23.773482546396956 ], [ -46.095920166692821, -23.773535570787434 ], [ -46.095821831221215, -23.773581877423979 ], [ -46.095725998607229, -23.773622386117026 ], [ -46.095629925795528, -23.773657658219669 ], [ -46.095581774219511, -23.773673262991601 ], [ -46.09553360825867, -23.773687151876739 ], [ -46.095485429427796, -23.773699505493184 ], [ -46.095437039957773, -23.773710144614999 ], [ -46.09538686751813, -23.773718809452003 ], [ -46.09533264909372, -23.773724793539049 ], [ -46.095274680586684, -23.773728275401908 ], [ -46.095212764229331, -23.773729075810085 ], [ -46.095068973350074, -23.773714561488248 ], [ -46.094949419594535, -23.773699784860078 ], [ -46.094853908211803, -23.773684927991848 ], [ -46.094782537324846, -23.773669990232854 ], [ -46.094725189819819, -23.773653869252104 ], [ -46.094671948625603, -23.773635912851532 ], [ -46.094622617485285, -23.773616122426443 ], [ -46.094577293016549, -23.773594316666802 ], [ -46.094535779717837, -23.773570587276396 ], [ -46.094498075321702, -23.773544663330917 ], [ -46.09446408094351, -23.7735164552196 ], [ -46.094433700721005, -23.773486234567553 ], [ -46.094407734797137, -23.773455801995414 ], [ -46.094386889717448, -23.77342750067373 ], [ -46.094371164722084, -23.773401240295883 ], [ -46.094360461678498, -23.773377021558904 ], [ -46.094337823654563, -23.773322090171721 ], [ -46.094292119250525, -23.773161022122508 ], [ -46.094242671791065, -23.773197678928895 ], [ -46.094215880504784, -23.773209338706916 ], [ -46.094174162242865, -23.773208008650961 ], [ -46.094122610721762, -23.773204309764729 ], [ -46.094151011367032, -23.773302912555359 ], [ -46.094151237258771, -23.773329914978085 ], [ -46.094148612884744, -23.773356395709509 ], [ -46.094143269027342, -23.77340971910365 ], [ -46.094143736675541, -23.773465620439715 ], [ -46.094153510549162, -23.773601655073264 ], [ -46.094156012384623, -23.773642640109287 ], [ -46.094156872472276, -23.773686797783579 ], [ -46.094153667398494, -23.773784631047601 ], [ -46.094145356439711, -23.773964235068021 ], [ -46.094143304298349, -23.774000465703853 ], [ -46.094139067625726, -23.774033641126724 ], [ -46.09413274681615, -23.774064031568724 ], [ -46.09412424147262, -23.774091366797496 ], [ -46.094099015109833, -23.774149346784839 ], [ -46.094062115943728, -23.774219692236947 ], [ -46.094039267142719, -23.774256883046206 ], [ -46.094013946962775, -23.774291923814712 ], [ -46.093985861014616, -23.774324816626901 ], [ -46.093955303685746, -23.774355559395786 ], [ -46.09392159864462, -23.774385421313525 ], [ -46.093884558694597, -23.774415487477693 ], [ -46.093844085703566, -23.774445758581077 ], [ -46.093800277798437, -23.774476233925927 ], [ -46.093711975774099, -23.774537279754611 ], [ -46.093629461051883, -23.774598013603608 ], [ -46.093591540071671, -23.774628356883611 ], [ -46.093557446133076, -23.774658673051903 ], [ -46.09352718074922, -23.774689142729134 ], [ -46.093500840542255, -23.774719584604377 ], [ -46.093477543856977, -23.774750185551827 ], [ -46.093456994796036, -23.774780767039207 ], [ -46.093438900481885, -23.774811511770416 ], [ -46.093423358291041, -23.774842328742295 ], [ -46.093411442368911, -23.77487257814828 ], [ -46.093403930962324, -23.774901441648304 ], [ -46.093400825584354, -23.774929099861122 ], [ -46.093402124727817, -23.774955372168645 ], [ -46.093409419691135, -23.775017998745117 ], [ -46.093416900404293, -23.77510284136088 ], [ -46.093430186187135, -23.775306857945147 ], [ -46.093437352973993, -23.775412836360385 ], [ -46.093448016225558, -23.775514454920128 ], [ -46.093453239157228, -23.775564000566494 ], [ -46.093456886720872, -23.775612925167096 ], [ -46.09345876416382, -23.775661410730141 ], [ -46.093458870728966, -23.775709366946653 ], [ -46.093456602529166, -23.77575499180422 ], [ -46.093451453806999, -23.775796482595577 ], [ -46.093443229053932, -23.775833931019363 ], [ -46.093432123018964, -23.77586715506725 ], [ -46.093417568814097, -23.775898777871873 ], [ -46.093399489448451, -23.775931328782111 ], [ -46.09337768865749, -23.775964809186473 ], [ -46.093352361189282, -23.775999037075586 ], [ -46.093325065052646, -23.776032556384784 ], [ -46.093297648876323, -23.776063457420562 ], [ -46.093270112661891, -23.776091740182657 ], [ -46.093242456410898, -23.776117404671005 ], [ -46.093213208916865, -23.77614055161629 ], [ -46.093181191100513, -23.776161008736246 ], [ -46.093146306341211, -23.77617895734215 ], [ -46.093108553884697, -23.77619430712285 ], [ -46.093070383985498, -23.776206679472921 ], [ -46.093034245389759, -23.776215515170847 ], [ -46.093000139610488, -23.776220994836159 ], [ -46.092967967765041, -23.776223028855711 ], [ -46.09293449908315, -23.776222543243218 ], [ -46.09289630577706, -23.776220375089853 ], [ -46.092805745299202, -23.776210991145554 ], [ -46.092757224102989, -23.776206005989287 ], [ -46.092711276951363, -23.776203712035453 ], [ -46.092668098594466, -23.776203927279287 ], [ -46.092627592407837, -23.776206833035872 ], [ -46.092588185276398, -23.776212079180848 ], [ -46.092548402971019, -23.776219405203054 ], [ -46.092508146604104, -23.776228721487449 ], [ -46.092467515813674, -23.776240207957745 ], [ -46.092380280290939, -23.776264668161883 ], [ -46.09228184874889, -23.776288123745452 ], [ -46.09217104511913, -23.776310763634783 ], [ -46.092046496315838, -23.776332687828923 ], [ -46.091982017341998, -23.776344071894904 ], [ -46.091919805172772, -23.776356613992132 ], [ -46.091860153446483, -23.776370221732623 ], [ -46.091802768523387, -23.776384987510117 ], [ -46.091747064632017, -23.776401276726862 ], [ -46.091692257476261, -23.776419185244187 ], [ -46.091657339769718, -23.776431914781529 ], [ -46.091605833276667, -23.776452003087446 ], [ -46.091585532642824, -23.776460220034107 ], [ -46.091535080898922, -23.776482613429806 ], [ -46.091488656284419, -23.77650542991444 ], [ -46.091446160669911, -23.776528670185048 ], [ -46.091407790319671, -23.776552332857765 ], [ -46.091251432663462, -23.776655132087473 ], [ -46.091165326202706, -23.776709116474549 ], [ -46.091073709242195, -23.776761333464716 ], [ -46.091027296499576, -23.776785594762842 ], [ -46.090982037206857, -23.77680695783398 ], [ -46.090937930614082, -23.776825332369988 ], [ -46.090895174494392, -23.776840897603229 ], [ -46.09085210588956, -23.77685429748486 ], [ -46.090807064852854, -23.776866537200924 ], [ -46.090760246141485, -23.776877434744822 ], [ -46.090711454246403, -23.776887081810372 ], [ -46.09061197656014, -23.776902867007983 ], [ -46.090512363813517, -23.776914227685896 ], [ -46.090409614603047, -23.776926062022337 ], [ -46.090300727508492, -23.776943268188063 ], [ -46.090084754221685, -23.776981822044199 ], [ -46.090028790342082, -23.776990526070673 ], [ -46.089964670993119, -23.776998023245156 ], [ -46.089892494306298, -23.777004312864783 ], [ -46.089812259529374, -23.777009304609084 ], [ -46.089657360126289, -23.777016448913656 ], [ -46.089530107485089, -23.77702023697206 ], [ -46.089306509873509, -23.777027143154019 ], [ -46.089200155479681, -23.777030331931371 ], [ -46.0891015309141, -23.777030756677124 ], [ -46.088920463350419, -23.777042058660438 ], [ -46.088849235550413, -23.777044457577812 ], [ -46.088790649438252, -23.7770446900848 ], [ -46.088685343624853, -23.777044168218328 ], [ -46.088577700691495, -23.77704583030593 ], [ -46.088470957474804, -23.777049472895698 ], [ -46.088368547076108, -23.7770548911612 ], [ -46.088267898527306, -23.777059755053916 ], [ -46.088166440866772, -23.777061734518206 ], [ -46.08811649708786, -23.7770627186929 ], [ -46.088068431335756, -23.777065315278993 ], [ -46.088022143974285, -23.777069344351112 ], [ -46.087977832768246, -23.77707498514669 ], [ -46.087886488198748, -23.777089356574074 ], [ -46.087786142530206, -23.777107042685433 ], [ -46.087574867141299, -23.777144205242674 ], [ -46.087469229772815, -23.777162831569051 ], [ -46.087365174495474, -23.777182891715199 ], [ -46.087260561178049, -23.777206658618439 ], [ -46.087153251181711, -23.77723658582909 ], [ -46.086950041359657, -23.777299611030855 ], [ -46.0869044372375, -23.777315014596105 ], [ -46.086862370357871, -23.777330935136412 ], [ -46.086823645958987, -23.777347554654675 ], [ -46.086788360672486, -23.777364691844017 ], [ -46.08671466935975, -23.777401336342354 ], [ -46.08662824710516, -23.77744123141299 ], [ -46.086583451961943, -23.77745951925856 ], [ -46.086542050157014, -23.777472815910915 ], [ -46.086504042446741, -23.777481211682012 ], [ -46.08646942808555, -23.777484616264775 ], [ -46.086291640509941, -23.77748920882982 ], [ -46.086179877060509, -23.777491078875567 ], [ -46.086068491131613, -23.77749113989335 ], [ -46.085958297784011, -23.777492998734491 ], [ -46.085850112066474, -23.777500262253096 ], [ -46.085641028605018, -23.777517898830535 ], [ -46.085591788016856, -23.777520864170373 ], [ -46.085546063689435, -23.777521817852051 ], [ -46.085503660860162, -23.777520941877015 ], [ -46.085464775045466, -23.77751814455879 ], [ -46.085384451234553, -23.777512477519242 ], [ -46.085292380804134, -23.777510415274534 ], [ -46.085194346797614, -23.777511104327068 ], [ -46.085095837114309, -23.77751360295219 ], [ -46.084999862375419, -23.777514096780031 ], [ -46.084953918546219, -23.777512252076274 ], [ -46.084909433962643, -23.777508861756996 ], [ -46.084866704520984, -23.777504104373843 ], [ -46.084826515279659, -23.777497974412263 ], [ -46.084788669975403, -23.777490473253128 ], [ -46.08475336487335, -23.777481599519284 ], [ -46.084719316765167, -23.777470459081254 ], [ -46.084685242444074, -23.777456157808626 ], [ -46.084651338925603, -23.777438784631688 ], [ -46.084617408450057, -23.777418160310482 ], [ -46.084585323768749, -23.777395265150695 ], [ -46.084556660238242, -23.777370720289934 ], [ -46.08453132122402, -23.777344707038125 ], [ -46.084509502239989, -23.777317133709069 ], [ -46.08449110515275, -23.77728800099349 ], [ -46.084476426603672, -23.777257577753112 ], [ -46.084465269577862, -23.777225775058017 ], [ -46.084457732953837, -23.777192682529218 ], [ -46.08445382346973, -23.777159112951491 ], [ -46.084453453475909, -23.777126331345478 ], [ -46.084456524088786, -23.777094248091064 ], [ -46.084463231569615, -23.777062861809682 ], [ -46.084485510607138, -23.776992079301664 ], [ -46.084518637321942, -23.776903970506751 ], [ -46.084600413409667, -23.776706148981933 ], [ -46.084622575445202, -23.776656771840699 ], [ -46.084645837135277, -23.776609825466554 ], [ -46.084670100348198, -23.776565310548186 ], [ -46.084695561347182, -23.776523225706526 ], [ -46.084748674398483, -23.77644292414708 ], [ -46.08480416650967, -23.776365495923898 ], [ -46.084921535058065, -23.776211317079802 ], [ -46.084950652236671, -23.776172277205923 ], [ -46.084977218738437, -23.776133345564268 ], [ -46.085001430827973, -23.77609452077704 ], [ -46.085023190376376, -23.776055803534781 ], [ -46.085042883915655, -23.776016468605263 ], [ -46.085061194617829, -23.77597605961558 ], [ -46.085078023603515, -23.775934486946309 ], [ -46.085093370873885, -23.775891750597903 ], [ -46.085120024785674, -23.775804229056192 ], [ -46.085141658257037, -23.775714846184982 ], [ -46.085151700427524, -23.775671424596236 ], [ -46.085162849756536, -23.775631336866748 ], [ -46.085175106243774, -23.775594582996316 ], [ -46.085188469889054, -23.775561162984804 ], [ -46.085221850558327, -23.77549192801785 ], [ -46.085266522159685, -23.77541150498956 ], [ -46.085292471158027, -23.775369145681907 ], [ -46.085319903339432, -23.775328130664466 ], [ -46.085348720572739, -23.775288460626438 ], [ -46.085379119118336, -23.775250134187317 ], [ -46.085445406211193, -23.775172810498066 ], [ -46.085519903940536, -23.775091545533218 ], [ -46.085556755002223, -23.775050283632289 ], [ -46.085588510014581, -23.775009870381933 ], [ -46.08561536524342, -23.774970304405123 ], [ -46.08563722256374, -23.774931586394285 ], [ -46.085679736364476, -23.774851359053937 ], [ -46.085730040541662, -23.774763851757488 ], [ -46.085757540603844, -23.774719223605089 ], [ -46.085785548542155, -23.774676669113074 ], [ -46.085814161737687, -23.774636097281846 ], [ -46.085843379441094, -23.774597417801566 ], [ -46.085971554405027, -23.77443313729535 ], [ -46.086003866426552, -23.774388926833502 ], [ -46.086031668958135, -23.77434528996876 ], [ -46.086055059384577, -23.77430213570387 ], [ -46.086073842951052, -23.774259646039749 ], [ -46.086088810699252, -23.774218537931041 ], [ -46.08610036340125, -23.77417980202079 ], [ -46.086108599190155, -23.774143437619358 ], [ -46.086113616198809, -23.774109444036974 ], [ -46.086119165384133, -23.774033179471605 ], [ -46.086122771991981, -23.773935704634169 ], [ -46.086125481650271, -23.7738838449859 ], [ -46.086131173436378, -23.773836570407504 ], [ -46.086139747718164, -23.773793700970469 ], [ -46.08615130337266, -23.77375532629349 ], [ -46.086181194579787, -23.773679613023383 ], [ -46.086218487319563, -23.773597074088183 ], [ -46.086258863141801, -23.773507649545884 ], [ -46.086298005107125, -23.773411460077003 ], [ -46.086334371653244, -23.773311948482572 ], [ -46.086366423476825, -23.773212828492593 ], [ -46.086382111546428, -23.773163948231627 ], [ -46.086399476046175, -23.773116049635878 ], [ -46.086418419595809, -23.773069223704482 ], [ -46.08643884481554, -23.773023561436904 ], [ -46.086458689501242, -23.772978896711862 ], [ -46.086475894452263, -23.772935424646814 ], [ -46.086490360042809, -23.772892965314284 ], [ -46.086501989647516, -23.772851700024006 ], [ -46.086510694893434, -23.772812803488417 ], [ -46.086515997143955, -23.772777724109563 ], [ -46.086517994530872, -23.772746461197293 ], [ -46.086516785185026, -23.772719014061181 ], [ -46.086504100098615, -23.77257414834208 ], [ -46.086503336994291, -23.772529538286957 ], [ -46.086507910329971, -23.772489406416909 ], [ -46.086512173816786, -23.772471042551164 ], [ -46.086517721972839, -23.772453753422063 ], [ -46.086524653675944, -23.772437628648419 ], [ -46.086532968925965, -23.772422668230114 ], [ -46.086569329499078, -23.772357927753912 ], [ -46.086607244178794, -23.772279448511416 ], [ -46.086645665804006, -23.772191121398983 ], [ -46.086683643847394, -23.772096656004379 ], [ -46.086722215858487, -23.772002818623545 ], [ -46.086762319011818, -23.771916105313927 ], [ -46.086801153955825, -23.771830304065794 ], [ -46.086835626206415, -23.771739114634489 ], [ -46.086849481785784, -23.771694130752856 ], [ -46.08685856286727, -23.771653244630429 ], [ -46.086863064210739, -23.77161627426819 ], [ -46.086862790315443, -23.771583311356903 ], [ -46.086858315693, -23.771552635875317 ], [ -46.086849922722742, -23.771522800801485 ], [ -46.08683760990634, -23.771493625516058 ], [ -46.086821378746947, -23.771465290636836 ], [ -46.086782577762897, -23.771401620938359 ], [ -46.086739040276704, -23.771322992330287 ], [ -46.086718379761336, -23.771281231727325 ], [ -46.086702354505327, -23.771242238257443 ], [ -46.086690866375989, -23.771206012612947 ], [ -46.086684111623626, -23.771172553414019 ], [ -46.086681001090149, -23.771140694235175 ], [ -46.086680737750449, -23.771108995650842 ], [ -46.086683323102903, -23.771077638279873 ], [ -46.086688755644893, -23.771046441503454 ], [ -46.086696940998699, -23.771015857558691 ], [ -46.086708076166943, -23.770985975373552 ], [ -46.086722064521155, -23.770956976256709 ], [ -46.086738806431917, -23.770928680279145 ], [ -46.086780619031373, -23.770870584673997 ], [ -46.08683289217187, -23.770807719081276 ], [ -46.08689977025422, -23.770731022859337 ], [ -46.086903236040968, -23.770722960464774 ], [ -46.086904309259893, -23.770710399177023 ], [ -46.086903088788979, -23.770693428614948 ], [ -46.086899376874676, -23.770671869540966 ], [ -46.086893381028304, -23.770647075213823 ], [ -46.086885111006474, -23.770620219654813 ], [ -46.086861847321735, -23.770560414458224 ], [ -46.086850103104211, -23.770528796670888 ], [ -46.086842684726719, -23.770498141900358 ], [ -46.086839493308943, -23.770468360528646 ], [ -46.086840724351177, -23.770439360865563 ], [ -46.086845293203559, -23.77041051834188 ], [ -46.086852307719276, -23.770380755460252 ], [ -46.086861769397032, -23.770350252838991 ], [ -46.086873676734356, -23.770318829859068 ], [ -46.086885864189284, -23.770285688928737 ], [ -46.086896457600183, -23.770249669147454 ], [ -46.086905360341916, -23.770210951824897 ], [ -46.08691266904134, -23.770169355651849 ], [ -46.086914852991882, -23.770148748543029 ], [ -46.086914990541693, -23.77012987181465 ], [ -46.086913178317282, -23.770112544157453 ], [ -46.086909417820259, -23.770096946189966 ], [ -46.086903610924587, -23.770083078602795 ], [ -46.08689585500673, -23.770070850395676 ], [ -46.086886051940418, -23.77006026225888 ], [ -46.086874300602553, -23.770051403810804 ], [ -46.086848275156001, -23.770037136622104 ], [ -46.086821298462773, -23.770026488708893 ], [ -46.086793369770596, -23.770019369761354 ], [ -46.08676439245135, -23.77001596108822 ], [ -46.086707042330424, -23.770011036079413 ], [ -46.086652314620387, -23.770002841270163 ], [ -46.086638251778886, -23.76999923731719 ], [ -46.086622699037001, -23.769993476294189 ], [ -46.086587120105648, -23.76997503148926 ], [ -46.086545579336359, -23.7699476874696 ], [ -46.086498174867835, -23.76991144353946 ], [ -46.086452613074862, -23.769872567505939 ], [ -46.086416602565251, -23.76983759811375 ], [ -46.086390339580781, -23.769806533989634 ], [ -46.086373627859835, -23.769779376519296 ], [ -46.086359775307876, -23.769753824598752 ], [ -46.08634208908741, -23.769727486811206 ], [ -46.086320667327243, -23.769700362464981 ], [ -46.086295411903933, -23.769672452248681 ], [ -46.086266122818309, -23.769643305993643 ], [ -46.086232698948002, -23.769612563150137 ], [ -46.086153643122316, -23.769546286305381 ], [ -46.085980391061526, -23.769410316676872 ], [ -46.085896062169425, -23.769347147468373 ], [ -46.085814439727677, -23.769290823098384 ], [ -46.085730690065837, -23.769238306853602 ], [ -46.085639880652955, -23.769186472389858 ], [ -46.085592655023788, -23.769159890576333 ], [ -46.08554531480074, -23.769131322630262 ], [ -46.085497861484804, -23.769100949170156 ], [ -46.085450391705315, -23.769068588887311 ], [ -46.08540329197308, -23.769033516547843 ], [ -46.085357240180031, -23.768994643611837 ], [ -46.085312335953461, -23.768952150009341 ], [ -46.085268382295752, -23.768905946810769 ], [ -46.085229604605914, -23.768856726843936 ], [ -46.085201784064672, -23.768815287254512 ], [ -46.085192019423395, -23.768797473556223 ], [ -46.085184920656808, -23.768781628049069 ], [ -46.08518058588929, -23.768767750044017 ], [ -46.085178916244999, -23.768755749921194 ], [ -46.085179644195627, -23.768618737415206 ], [ -46.085181622393897, -23.768573295224069 ], [ -46.085185775082145, -23.768529734362641 ], [ -46.085192004881947, -23.768488145829696 ], [ -46.085200508791324, -23.768448618555748 ], [ -46.085210893558241, -23.768411064988712 ], [ -46.085222965927294, -23.76837584774524 ], [ -46.085236724399593, -23.768342786205942 ], [ -46.0852521704727, -23.768312060989341 ], [ -46.085292812184342, -23.768242955607736 ], [ -46.085349778540639, -23.768154408153613 ], [ -46.085411580642443, -23.768057337114218 ], [ -46.085466828513006, -23.767962750611801 ], [ -46.085490976851865, -23.767916430085066 ], [ -46.085511499798208, -23.767870767238044 ], [ -46.085528397356349, -23.767825762071986 ], [ -46.085541669530073, -23.767781414587962 ], [ -46.085591345421065, -23.767583005303695 ], [ -46.085643966360557, -23.767372924705963 ], [ -46.085671813088993, -23.76727564066568 ], [ -46.085703133102847, -23.767183028569981 ], [ -46.085720626006541, -23.767138832030913 ], [ -46.085739998999657, -23.767096518882514 ], [ -46.085761252080907, -23.767056089124043 ], [ -46.085784287125215, -23.767017543444581 ], [ -46.08583789175006, -23.766937870295322 ], [ -46.085902317629746, -23.766849631467309 ], [ -46.085972022632809, -23.766759007314224 ], [ -46.08604136727989, -23.766672269197382 ], [ -46.086188254469462, -23.766493406658004 ], [ -46.086225161393216, -23.766447357558828 ], [ -46.086258159835992, -23.76640332286226 ], [ -46.08628724905337, -23.766361212261234 ], [ -46.086312528673787, -23.766321205686602 ], [ -46.086358754681847, -23.766239326394359 ], [ -46.086404525148623, -23.766149863858764 ], [ -46.086505874254385, -23.765946755731509 ], [ -46.086606432819906, -23.765743020900377 ], [ -46.086698432756378, -23.765548558321107 ], [ -46.086746186088945, -23.765449779326019 ], [ -46.086795143082043, -23.765354152862596 ], [ -46.086818987879411, -23.765306840815132 ], [ -46.086841059696532, -23.765258728407115 ], [ -46.086861458158204, -23.765209995567727 ], [ -46.086879986270347, -23.76516055336899 ], [ -46.086895192448104, -23.765112850522719 ], [ -46.086905428864249, -23.765069337121858 ], [ -46.086910697025026, -23.765030193786252 ], [ -46.086911093557497, -23.764995239206822 ], [ -46.086907768930686, -23.764961213958998 ], [ -46.086902362725077, -23.764924674546442 ], [ -46.086894776820245, -23.764885621659513 ], [ -46.086885011218762, -23.764844055297683 ], [ -46.086873181299516, -23.76480205188669 ], [ -46.086801151537685, -23.764588964420923 ], [ -46.08664114830701, -23.764724207449913 ], [ -46.086613994873638, -23.76475122193796 ], [ -46.086591744556515, -23.764777840671332 ], [ -46.086486827428551, -23.764917482710256 ], [ -46.086421624616129, -23.765006540060938 ], [ -46.086356359584784, -23.765099932929342 ], [ -46.086224502010033, -23.76529232743599 ], [ -46.086160496556246, -23.765383814759861 ], [ -46.08610189669816, -23.765464516598371 ], [ -46.086039459472055, -23.765543980991264 ], [ -46.085964334365713, -23.765631753204598 ], [ -46.085923781265059, -23.765675931267502 ], [ -46.085883784647635, -23.765716221875355 ], [ -46.085844346016422, -23.765752805647463 ], [ -46.085805463876397, -23.765785501965368 ], [ -46.08576752997508, -23.765814217760816 ], [ -46.085730836438394, -23.76583868003684 ], [ -46.085695384019949, -23.765858979103701 ], [ -46.085661171224956, -23.765874934343266 ], [ -46.08562829992735, -23.765886996613776 ], [ -46.085596674254916, -23.765895437534024 ], [ -46.085566491206727, -23.765900346034911 ], [ -46.085537553040027, -23.765901542877351 ], [ -46.085508298773775, -23.765900122809047 ], [ -46.085476675310183, -23.765897003405421 ], [ -46.085406713290638, -23.76588566382766 ], [ -46.085370828572174, -23.765877516722131 ], [ -46.085337677079373, -23.765867634422882 ], [ -46.085307260311403, -23.765856197550512 ], [ -46.085279576770375, -23.76584302548768 ], [ -46.085254226472479, -23.765827217898888 ], [ -46.085230903812239, -23.765807422211598 ], [ -46.085209708412542, -23.765783818356201 ], [ -46.085190443278435, -23.765756317402833 ], [ -46.08517146128726, -23.765727459736503 ], [ -46.085150920567166, -23.765699967739323 ], [ -46.085128819620579, -23.765673660791542 ], [ -46.085105257319839, -23.765648628512739 ], [ -46.085080534775578, -23.765625681619547 ], [ -46.085055442964141, -23.765605537072801 ], [ -46.085029784888754, -23.765588105941461 ], [ -46.085003757543362, -23.765573477156256 ], [ -46.084974403750856, -23.765560045823996 ], [ -46.084939058459753, -23.765545934052799 ], [ -46.084850591883814, -23.765515938726391 ], [ -46.084802990957769, -23.765503087091556 ], [ -46.084760636239295, -23.765495707797278 ], [ -46.084723429599386, -23.765493801537382 ], [ -46.084706854275275, -23.765494821086651 ], [ -46.084691468407591, -23.765497277317081 ], [ -46.084528053510034, -23.765529131815672 ], [ -46.084422610695789, -23.765546490048504 ], [ -46.084315957441476, -23.765559882858522 ], [ -46.084263985820066, -23.765564311855709 ], [ -46.084215035060183, -23.765566190817978 ], [ -46.084169203287928, -23.765565519059383 ], [ -46.0841264905062, -23.765562296582608 ], [ -46.084035169324288, -23.765554899507986 ], [ -46.083925914796176, -23.765550427984728 ], [ -46.083868504488393, -23.765549837388573 ], [ -46.083814739700635, -23.765551027486488 ], [ -46.083764424184551, -23.765553999659257 ], [ -46.08371755793852, -23.765558753910277 ], [ -46.083507006876289, -23.765586512621461 ], [ -46.083390450496672, -23.765600877411483 ], [ -46.08328170805995, -23.765610852203782 ], [ -46.083231601458444, -23.765615358089814 ], [ -46.083186412979536, -23.765621274506589 ], [ -46.083145944880783, -23.765628422215546 ], [ -46.083110394903734, -23.76563698046337 ], [ -46.083033754233703, -23.765660457819212 ], [ -46.082936787597177, -23.765694192901499 ], [ -46.082826258741385, -23.765737325423579 ], [ -46.082708735919311, -23.76578908679787 ], [ -46.082588477500018, -23.765842312295039 ], [ -46.082469741884729, -23.76588983719784 ], [ -46.082413581861545, -23.765909919387738 ], [ -46.082363272625578, -23.765925535134233 ], [ -46.082318618684333, -23.765936776127546 ], [ -46.082279815543878, -23.765943550687659 ], [ -46.082240297147727, -23.765946898287876 ], [ -46.08219379404855, -23.765948127260742 ], [ -46.082140402877755, -23.765947056293356 ], [ -46.082080027008367, -23.765943866685006 ], [ -46.081958382454687, -23.765936319558939 ], [ -46.081848927634631, -23.765931396402394 ], [ -46.08179858427259, -23.76593102648755 ], [ -46.081751013756595, -23.765933707839764 ], [ -46.081706216083866, -23.765939440461612 ], [ -46.081664191251477, -23.765948224355622 ], [ -46.081624147549455, -23.765959252235085 ], [ -46.081585392885081, -23.765971896744212 ], [ -46.081547925764291, -23.765985977265029 ], [ -46.081511747679372, -23.766001674417598 ], [ -46.08134611888611, -23.766074544008912 ], [ -46.081299077381935, -23.766093749128874 ], [ -46.081252215691677, -23.76611096605043 ], [ -46.081205730811156, -23.766126283709433 ], [ -46.081159427241424, -23.766139793789602 ], [ -46.081063653993908, -23.766163675050798 ], [ -46.080960797889453, -23.766185438267193 ], [ -46.080740142401332, -23.76622563709369 ], [ -46.080629894077717, -23.766243477964039 ], [ -46.080527374384189, -23.766258464930647 ], [ -46.080480314462655, -23.766263580823484 ], [ -46.080437741386589, -23.766265413983025 ], [ -46.080399655905289, -23.766264054722271 ], [ -46.08036595840629, -23.766259323111651 ], [ -46.080333508928497, -23.766251241116109 ], [ -46.080298675400755, -23.766239653510084 ], [ -46.080261654074036, -23.766224558919273 ], [ -46.080222346828258, -23.766205958028134 ], [ -46.080183707820098, -23.766185094582855 ], [ -46.080148886705089, -23.766163120650354 ], [ -46.080117687234718, -23.76614003760573 ], [ -46.080090207531782, -23.766115844765029 ], [ -46.079927431392413, -23.7659875617864 ], [ -46.079907531668205, -23.765990049103717 ], [ -46.079885888078437, -23.765995258055597 ], [ -46.079862403243339, -23.766003279636962 ], [ -46.079814379544914, -23.766022400862241 ], [ -46.079768229871441, -23.766042683065113 ], [ -46.079723756484555, -23.766063946999768 ], [ -46.079681157122373, -23.766086371915225 ], [ -46.079638377892408, -23.766110785002926 ], [ -46.079593562637754, -23.766138192699692 ], [ -46.079497824036835, -23.766201991913821 ], [ -46.079380855262222, -23.766285447438751 ], [ -46.079229573160418, -23.766396598350475 ], [ -46.079152118579763, -23.766452412210818 ], [ -46.079088096307864, -23.76649494622421 ], [ -46.079037409743094, -23.766524381711157 ], [ -46.0790171770036, -23.766534096430366 ], [ -46.079000253668447, -23.766540536693753 ], [ -46.078968925450162, -23.766549425769028 ], [ -46.07893572244253, -23.766557063526459 ], [ -46.078900840894313, -23.766563448593942 ], [ -46.078864182682068, -23.766568581655676 ], [ -46.078827803945472, -23.766571906459792 ], [ -46.078793858204754, -23.766572775761251 ], [ -46.078762443586136, -23.766571188876362 ], [ -46.07873336384295, -23.76656714717711 ], [ -46.078705051224262, -23.766560932558402 ], [ -46.078675740241749, -23.766552647665208 ], [ -46.078645432385919, -23.766542473116143 ], [ -46.078614126169271, -23.766530228291284 ], [ -46.078582210367529, -23.766515458900813 ], [ -46.078549873786194, -23.766497260477365 ], [ -46.078517314165133, -23.76647581226953 ], [ -46.078484431893955, -23.766450934342839 ], [ -46.078450560950543, -23.766425160163298 ], [ -46.078415327449882, -23.766400750212082 ], [ -46.078378632523048, -23.766377614863693 ], [ -46.07820284214592, -23.766253665691288 ], [ -46.078114935024985, -23.766422445586581 ], [ -46.078095124701264, -23.766459612956453 ], [ -46.078053390682406, -23.766539471646364 ], [ -46.078006964511033, -23.766621530630928 ], [ -46.077982945203516, -23.766659991771522 ], [ -46.077959954651703, -23.766692304318116 ], [ -46.077937895479153, -23.766718559265623 ], [ -46.077916766945499, -23.766738666304605 ], [ -46.07789482736947, -23.766755617980778 ], [ -46.077870138074658, -23.766772317898383 ], [ -46.07784289456464, -23.766788674377079 ], [ -46.077813000202376, -23.766804868719582 ], [ -46.077781429534788, -23.766820081290128 ], [ -46.077748962349368, -23.766833674442605 ], [ -46.077715794895809, -23.766845646807056 ], [ -46.077681731670189, -23.766856090061886 ], [ -46.077649144024235, -23.766866974588421 ], [ -46.077620111166887, -23.766880543752542 ], [ -46.077594534973194, -23.766896798241131 ], [ -46.077572513567475, -23.766915737371111 ], [ -46.077552575826857, -23.766937461722151 ], [ -46.077533250627965, -23.766962071873309 ], [ -46.077514537969854, -23.766989567824705 ], [ -46.077496437851849, -23.767019949576476 ], [ -46.077461770447172, -23.767088108200419 ], [ -46.077429139129279, -23.767165193785665 ], [ -46.077412679616238, -23.767204143996267 ], [ -46.077394913980839, -23.767239400406517 ], [ -46.077375941091631, -23.767271052641362 ], [ -46.077355563212578, -23.767298921449818 ], [ -46.077307736495449, -23.767353985860577 ], [ -46.077248279732416, -23.767414821210266 ], [ -46.077182096912253, -23.767481122339841 ], [ -46.077114385663855, -23.76755249173409 ], [ -46.077080333390455, -23.767588132634668 ], [ -46.077046455787539, -23.767621153178705 ], [ -46.077012949107313, -23.767651551997965 ], [ -46.07697961784536, -23.767679420770683 ], [ -46.076806691718986, -23.767820072651954 ], [ -46.076701551993168, -23.767910397996015 ], [ -46.076599593749293, -23.768005758727984 ], [ -46.076507709571786, -23.768097075325009 ], [ -46.076432988339121, -23.768175266910507 ], [ -46.076334942777571, -23.768281076732229 ], [ -46.076328048681667, -23.768289975634676 ], [ -46.076323518513313, -23.768299941841516 ], [ -46.07632115453589, -23.768310796101087 ], [ -46.076321153001075, -23.768322537045826 ], [ -46.076323318401336, -23.768335256353144 ], [ -46.076327748862987, -23.768348953338972 ], [ -46.076334443643674, -23.768363537693489 ], [ -46.076343403487563, -23.768379099726037 ], [ -46.076364363589285, -23.768410021970379 ], [ -46.076386878106966, -23.768439036765852 ], [ -46.076410946297393, -23.768466053802079 ], [ -46.076436567417382, -23.768490982768832 ], [ -46.076494395998182, -23.768542239819389 ], [ -46.076562483209479, -23.768599928009881 ], [ -46.07663749725733, -23.768664612440993 ], [ -46.076716106345565, -23.768736858218766 ], [ -46.076735995395445, -23.768756859775355 ], [ -46.076755509044396, -23.768778941188145 ], [ -46.076774647293199, -23.768803102457447 ], [ -46.076793410142628, -23.768829343583114 ], [ -46.076829809646007, -23.768888065404241 ], [ -46.076864707560141, -23.768955106652442 ], [ -46.076865476230104, -23.769012722172921 ], [ -46.076860723822172, -23.769067215168903 ], [ -46.0768505491993, -23.769118675265698 ], [ -46.076834756846473, -23.769167194140486 ], [ -46.07681269407049, -23.769216930825952 ], [ -46.076783512665166, -23.769272136031592 ], [ -46.076747214104572, -23.769332990373254 ], [ -46.076703895014013, -23.769399312542678 ], [ -46.076654425135871, -23.769469470803692 ], [ -46.076599970081567, -23.76954201198766 ], [ -46.07654062647967, -23.769616754786156 ], [ -46.076476199551955, -23.769693881181208 ], [ -46.076342102360826, -23.769854944052224 ], [ -46.07620719897232, -23.770025405176657 ], [ -46.076139799554532, -23.770111041749772 ], [ -46.07607275912693, -23.770192611624925 ], [ -46.076006079181752, -23.770270295422037 ], [ -46.07593975898272, -23.770344002831674 ], [ -46.075920484326403, -23.770362922605489 ], [ -46.075895534634306, -23.770383868839644 ], [ -46.075864909902506, -23.770406841531518 ], [ -46.075828806380727, -23.770431839310721 ], [ -46.07573957344129, -23.770487823907171 ], [ -46.075627934639236, -23.770551912217734 ], [ -46.075493791049588, -23.770624014569272 ], [ -46.07533724147828, -23.770704220531417 ], [ -46.075277939912382, -23.770733438359464 ], [ -46.075232165786289, -23.770755991205927 ], [ -46.075158186983053, -23.770792440411931 ], [ -46.074956726352347, -23.770888763761658 ], [ -46.07477321939033, -23.770912890636147 ], [ -46.07463904899393, -23.770934054859509 ], [ -46.074529805919099, -23.770955406788389 ], [ -46.074421177533509, -23.770979915385439 ], [ -46.07436879127674, -23.770993917383652 ], [ -46.074319854308854, -23.771009701667214 ], [ -46.074274464757032, -23.771027267556839 ], [ -46.074232623362562, -23.77104670536534 ], [ -46.074159539807724, -23.77108568785652 ], [ -46.074100855026693, -23.771121409148645 ], [ -46.074074392931379, -23.771137488613995 ], [ -46.074046247085796, -23.771151683172349 ], [ -46.074016613745975, -23.771163991457904 ], [ -46.073985295915762, -23.771174324524829 ], [ -46.07391345254144, -23.771197041597659 ], [ -46.07382597393655, -23.771227815066478 ], [ -46.073778806816883, -23.771244038450547 ], [ -46.073732602430169, -23.771257997254573 ], [ -46.073687459648191, -23.771269781106657 ], [ -46.07364327886323, -23.771279210070485 ], [ -46.073599293585872, -23.771288547347698 ], [ -46.073554344811889, -23.7713000588681 ], [ -46.073508529184487, -23.771313563329148 ], [ -46.073461945570159, -23.771329150357879 ], [ -46.073415460813209, -23.771344827000615 ], [ -46.073370332790617, -23.771358416956939 ], [ -46.073326463377043, -23.771369920910146 ], [ -46.073283852575024, -23.771379338861031 ], [ -46.073240138647471, -23.771385874389676 ], [ -46.073193057244985, -23.771388640081607 ], [ -46.07314241137464, -23.771387546987633 ], [ -46.073088299909614, -23.771382684732117 ], [ -46.072933517334675, -23.771379515377561 ], [ -46.072848127475815, -23.771353917284468 ], [ -46.072782382486984, -23.771330530866685 ], [ -46.072756778131286, -23.77131959999366 ], [ -46.072736085358713, -23.771309267203399 ], [ -46.072720304167994, -23.771299532497785 ], [ -46.072709335689211, -23.7712903062503 ], [ -46.072673561965964, -23.771247926094311 ], [ -46.072633952768243, -23.771192567220584 ], [ -46.072614861924201, -23.771162173374417 ], [ -46.072599114838432, -23.771132659451037 ], [ -46.072586515993628, -23.771104117124477 ], [ -46.072577260902143, -23.771076454722714 ], [ -46.072570854480254, -23.771049133795294 ], [ -46.072566701295337, -23.771021345643863 ], [ -46.072564997601425, -23.770993088905492 ], [ -46.072565548622705, -23.770964545562936 ], [ -46.072567152791891, -23.770896888544137 ], [ -46.072564472694289, -23.770809391996007 ], [ -46.072554828259896, -23.770614559366624 ], [ -46.072550822862766, -23.770568887830652 ], [ -46.072543724785596, -23.770529017928002 ], [ -46.072533535511077, -23.770495130277883 ], [ -46.072520253559027, -23.770467044260123 ], [ -46.072504149617046, -23.770441867916311 ], [ -46.07248578949546, -23.770416797553661 ], [ -46.072465074328015, -23.770391743542763 ], [ -46.072442004856242, -23.770366796192476 ], [ -46.07238316015308, -23.770311209551696 ], [ -46.07230380808079, -23.770243934019817 ], [ -46.07221656447188, -23.770171655596279 ], [ -46.072134143245542, -23.770101059626352 ], [ -46.072098736960399, -23.770067527629447 ], [ -46.072072678659026, -23.770037091755867 ], [ -46.072063043404135, -23.770022888879932 ], [ -46.072055867985782, -23.770009481762429 ], [ -46.072050857282427, -23.769996782137618 ], [ -46.072048208287129, -23.769984878953196 ], [ -46.072046445086976, -23.769961318991953 ], [ -46.072047028791637, -23.769936749275157 ], [ -46.072050059006941, -23.769911349741147 ], [ -46.072055436864389, -23.769885030761195 ], [ -46.072073961303836, -23.769822404228826 ], [ -46.072103326413711, -23.769741458820924 ], [ -46.07213932709459, -23.769655951595745 ], [ -46.072158433457552, -23.769616441640096 ], [ -46.072178146333542, -23.769579095030316 ], [ -46.072216879245353, -23.769503684094076 ], [ -46.072253011969401, -23.769422330414841 ], [ -46.072284519383516, -23.769339383171928 ], [ -46.07230898683045, -23.769259555510395 ], [ -46.072317437292433, -23.769224996527864 ], [ -46.072321644960205, -23.769199588813034 ], [ -46.072321609096626, -23.769183242056499 ], [ -46.07232000058147, -23.769178556847326 ], [ -46.072317331183861, -23.769176136877686 ], [ -46.072308195073724, -23.7691749359014 ], [ -46.072293684964933, -23.769176571999481 ], [ -46.072248442398987, -23.769188085164718 ], [ -46.072182975016069, -23.769210395888351 ], [ -46.072098656557962, -23.769243494609285 ], [ -46.072053655347879, -23.76926051525513 ], [ -46.072012545138271, -23.769273354392176 ], [ -46.071975128941446, -23.769281923075891 ], [ -46.071941603754766, -23.769286310256316 ], [ -46.071911380823359, -23.769286520022266 ], [ -46.071883676619237, -23.769282738443437 ], [ -46.071858687397437, -23.769274964159095 ], [ -46.071836413159794, -23.769263197170421 ], [ -46.071816268849197, -23.769247893113551 ], [ -46.071798160039727, -23.769229504219471 ], [ -46.071781889739434, -23.769207941540852 ], [ -46.071767557554772, -23.769183385017001 ], [ -46.071755267531039, -23.769156556445985 ], [ -46.071744928200268, -23.769128269297845 ], [ -46.071736735814227, -23.769098522210928 ], [ -46.07173059298529, -23.769067406176536 ], [ -46.07172670410327, -23.769035913241066 ], [ -46.071725177650649, -23.769005307061441 ], [ -46.071726014365616, -23.76897567794769 ], [ -46.071729212027023, -23.768946754970273 ], [ -46.07173623799968, -23.76888204070157 ], [ -46.071739501607702, -23.768801276476939 ], [ -46.071738568077279, -23.768759196181577 ], [ -46.071734234911972, -23.768721384280322 ], [ -46.071726699105703, -23.76868792972088 ], [ -46.071715667022183, -23.768658924855192 ], [ -46.071691524001345, -23.768610683562361 ], [ -46.071669534857257, -23.768573807005552 ], [ -46.071663589600462, -23.768566803690877 ], [ -46.071656283158745, -23.768561345175307 ], [ -46.071647517406021, -23.768557432139456 ], [ -46.071637488593922, -23.768555063221427 ], [ -46.071626000470438, -23.768554239782713 ], [ -46.071613053774882, -23.768555052132736 ], [ -46.07158317420987, -23.768561220235135 ], [ -46.0715513639324, -23.768571285270973 ], [ -46.071521432095921, -23.768583053252481 ], [ -46.071493377960124, -23.768596433870897 ], [ -46.071467202264401, -23.768611517437218 ], [ -46.071441340910788, -23.768629037322871 ], [ -46.071414525656962, -23.768649905475574 ], [ -46.07138655950925, -23.768674032946649 ], [ -46.071357639456245, -23.768701508683904 ], [ -46.071327349325017, -23.768729445494596 ], [ -46.071295275902699, -23.768755317424827 ], [ -46.071261614702223, -23.768779032802513 ], [ -46.071226266858737, -23.768800501997362 ], [ -46.071191665558956, -23.768817269627846 ], [ -46.071175420999211, -23.768822801193856 ], [ -46.071160044044099, -23.768826430126403 ], [ -46.071145436568258, -23.768828157106249 ], [ -46.07113159857235, -23.76882798213358 ], [ -46.07111853079644, -23.768825995518498 ], [ -46.071106232501677, -23.768822106951273 ], [ -46.0710803469659, -23.768812713083079 ], [ -46.071050639692764, -23.768803977918481 ], [ -46.070979561465215, -23.768788214122207 ], [ -46.070942132557285, -23.768783235395084 ], [ -46.070909057423094, -23.768782651904136 ], [ -46.070880239411849, -23.768786644952513 ], [ -46.070855579655714, -23.768795124913158 ], [ -46.070832228061541, -23.768807569659089 ], [ -46.070806941292098, -23.768823369473047 ], [ -46.070779621218627, -23.76884252503444 ], [ -46.070750562216595, -23.768865034301438 ], [ -46.070722301518529, -23.768889163698532 ], [ -46.070697963638928, -23.768912994950416 ], [ -46.070677353066998, -23.768936619729391 ], [ -46.070660665318201, -23.768959946366468 ], [ -46.070644855525686, -23.768982634710699 ], [ -46.070627367234465, -23.769004070279234 ], [ -46.070608004930797, -23.769024344741897 ], [ -46.070586964866685, -23.769043456737389 ], [ -46.070564146698558, -23.769061136015925 ], [ -46.070539843327083, -23.769077199916183 ], [ -46.070514054752742, -23.769091648437769 ], [ -46.070486683588449, -23.769104572569685 ], [ -46.0704579253483, -23.769115880641024 ], [ -46.070427782249887, -23.769125843580731 ], [ -46.07039635242019, -23.769134460707765 ], [ -46.070363634381984, -23.769141551401635 ], [ -46.070289377266256, -23.769157058308497 ], [ -46.070200637324447, -23.769177542548029 ], [ -46.070104929640287, -23.769197984700543 ], [ -46.070009570108567, -23.769213005482825 ], [ -46.06996515282372, -23.769217467697661 ], [ -46.069926888693224, -23.769218364988102 ], [ -46.069894779197696, -23.769215877978471 ], [ -46.069869019115202, -23.769209824693114 ], [ -46.069832306442173, -23.769196441443103 ], [ -46.069813295669555, -23.769187722260511 ], [ -46.069792618868391, -23.769167273665797 ], [ -46.06975110438681, -23.769118700806722 ], [ -46.069725048290273, -23.769088445126702 ], [ -46.069698717027002, -23.769060539537691 ], [ -46.069672208721947, -23.769034983359969 ], [ -46.069645325644252, -23.769011597333016 ], [ -46.069618571715338, -23.768992003636853 ], [ -46.069592349775114, -23.768977463891733 ], [ -46.069566561693996, -23.768967978777678 ], [ -46.06954120746888, -23.76896354829513 ], [ -46.069483301914943, -23.768962594561106 ], [ -46.069409740458433, -23.768967168111999 ], [ -46.069368840270975, -23.76896970918509 ], [ -46.069327824238442, -23.768970083489101 ], [ -46.069286495372111, -23.768968202072962 ], [ -46.069245050664811, -23.76896415388736 ], [ -46.069203294604257, -23.768958030600718 ], [ -46.069161519356896, -23.768949559245076 ], [ -46.069119629012945, -23.768939011429442 ], [ -46.069077523234242, -23.768926116903064 ], [ -46.069036286577358, -23.768911500363714 ], [ -46.068996410412645, -23.768895248725986 ], [ -46.068958189119734, -23.768877359953411 ], [ -46.06892152604911, -23.768858015346218 ], [ -46.068842682001737, -23.768816564525924 ], [ -46.068750180765498, -23.768773040610633 ], [ -46.068673167274099, -23.768739434440203 ], [ -46.068640981186697, -23.768727554932653 ], [ -46.068634125639413, -23.768729228038019 ], [ -46.068623382671475, -23.768735534107098 ], [ -46.068589840485743, -23.768761867228459 ], [ -46.0685461189683, -23.768803443694825 ], [ -46.068497985410993, -23.768857514147285 ], [ -46.068443871988023, -23.768924360373298 ], [ -46.06838241006934, -23.769004624039823 ], [ -46.068310831434744, -23.769095795466136 ], [ -46.068250581526371, -23.769167495064416 ], [ -46.068226861438212, -23.76919572281102 ], [ -46.068110845120515, -23.769324953185563 ], [ -46.068064723925907, -23.769373139115725 ], [ -46.068026561339977, -23.769410522507414 ], [ -46.067879672317986, -23.769544572277308 ], [ -46.067838381368283, -23.769583422296062 ], [ -46.067792735136237, -23.769629708249319 ], [ -46.067742634008447, -23.769683250191949 ], [ -46.06768827569941, -23.769744227383004 ], [ -46.067636083503039, -23.769806092732175 ], [ -46.067592874717477, -23.769862477063203 ], [ -46.067558453105732, -23.769913381739944 ], [ -46.06753291680954, -23.769958806089491 ], [ -46.067509536343906, -23.770003854273494 ], [ -46.067481582210455, -23.770053630449137 ], [ -46.067411759599736, -23.770167729362605 ], [ -46.067279197133239, -23.770374021914872 ], [ -46.067224908190823, -23.770455590300827 ], [ -46.067168638949873, -23.770535004792052 ], [ -46.067111885634546, -23.770615235444051 ], [ -46.067056144468147, -23.770699252314685 ], [ -46.067028029276052, -23.770741352747972 ], [ -46.066999116521735, -23.770781923331167 ], [ -46.066969307340827, -23.770820874431937 ], [ -46.066938601733675, -23.77085820604972 ], [ -46.066907875484439, -23.770893008983283 ], [ -46.0668778081236, -23.770924375387796 ], [ -46.066848398917244, -23.77095221495378 ], [ -46.066819745996071, -23.770976527003491 ], [ -46.066790876922447, -23.770998402035264 ], [ -46.066761211768629, -23.771018927835282 ], [ -46.066730651670746, -23.771038014770845 ], [ -46.066699197365836, -23.771055753151405 ], [ -46.066665480218873, -23.771072784634839 ], [ -46.066627936073857, -23.771089842542999 ], [ -46.066541856686719, -23.771123943924426 ], [ -46.066450448890549, -23.771154469453009 ], [ -46.066363496775466, -23.771177829273533 ], [ -46.066321078763785, -23.771186882723967 ], [ -46.066278254982542, -23.771194313293616 ], [ -46.066235024697193, -23.771200030672254 ], [ -46.066191584901425, -23.7712041238144 ], [ -46.066148718412869, -23.771206316370495 ], [ -46.066107405777565, -23.771206511256924 ], [ -46.066067743653399, -23.77120452717735 ], [ -46.066029634650512, -23.771200455120521 ], [ -46.065993176162543, -23.771194204100027 ], [ -46.065958564447193, -23.771185772762415 ], [ -46.065925701377878, -23.771175161786225 ], [ -46.065894684348017, -23.77116228018523 ], [ -46.065863548591217, -23.771146870575606 ], [ -46.065830329342326, -23.771128675572175 ], [ -46.065757933292467, -23.771083746725878 ], [ -46.065679469819955, -23.771028834740971 ], [ -46.065597208398245, -23.770965459303955 ], [ -46.065510996931415, -23.770899040361215 ], [ -46.065420784380166, -23.770835358422097 ], [ -46.065331000466415, -23.770776098908836 ], [ -46.065246174498519, -23.770723127197375 ], [ -46.065207408075281, -23.770698557945561 ], [ -46.065173357677196, -23.77067467867683 ], [ -46.065144024771882, -23.770651670014495 ], [ -46.065119506013261, -23.770629350664532 ], [ -46.065096070343486, -23.770607475415947 ], [ -46.065070184432869, -23.770585978322103 ], [ -46.065041846811908, -23.770564678761481 ], [ -46.065010960824523, -23.770543758029476 ], [ -46.064943550760461, -23.770496446204483 ], [ -46.064870062335203, -23.770437796559399 ], [ -46.064834378067872, -23.770406071064919 ], [ -46.064803901923575, -23.770375212803859 ], [ -46.064778731290687, -23.770345130792958 ], [ -46.064758671380325, -23.770316007008027 ], [ -46.06474131788125, -23.770281806916433 ], [ -46.064724073173245, -23.770236858576951 ], [ -46.06470683692848, -23.770180891735848 ], [ -46.064689709484171, -23.770114176646132 ], [ -46.064633793956553, -23.769875498064149 ], [ -46.064586186320788, -23.769680926263984 ], [ -46.064572648527125, -23.769633242895139 ], [ -46.064557876251016, -23.769590625679314 ], [ -46.064541769894859, -23.769552894672486 ], [ -46.064524526446462, -23.769520138831734 ], [ -46.064505841235601, -23.769491095845336 ], [ -46.064485506984951, -23.769464412414933 ], [ -46.064463621820948, -23.769440087863561 ], [ -46.06444008835139, -23.769418213176966 ], [ -46.064414608521389, -23.769398338833074 ], [ -46.06438658989623, -23.769380017338467 ], [ -46.064356328325616, -23.769363427282958 ], [ -46.064323527959459, -23.769348390073915 ], [ -46.064289465913781, -23.769335077539235 ], [ -46.064255028266516, -23.769323844832517 ], [ -46.064220409799937, -23.769314509981125 ], [ -46.064185415728609, -23.769307254957472 ], [ -46.064149732570321, -23.769299733728392 ], [ -46.064112754669274, -23.769289873218906 ], [ -46.064074580154553, -23.76927767275194 ], [ -46.064035109432687, -23.769262952382316 ], [ -46.063997197727467, -23.769246866535095 ], [ -46.06396340147289, -23.769230029806018 ], [ -46.063933818794801, -23.769212441521638 ], [ -46.063908451161112, -23.76919428230465 ], [ -46.063885231302223, -23.769174753561536 ], [ -46.06386199455828, -23.769153147683308 ], [ -46.06381586439462, -23.769103882437577 ], [ -46.063793362014344, -23.76907603974654 ], [ -46.063771918472646, -23.76904566093549 ], [ -46.06375153450464, -23.769012836314754 ], [ -46.063732111249927, -23.768977476250662 ], [ -46.06369507630383, -23.768900240948138 ], [ -46.063659742325399, -23.768814955874145 ], [ -46.063641722733927, -23.768771186822423 ], [ -46.063621951567633, -23.768729236133211 ], [ -46.063600331435424, -23.768689194791683 ], [ -46.06357715524792, -23.768650880149572 ], [ -46.063552926852005, -23.768615914408972 ], [ -46.063528442268428, -23.768585646814934 ], [ -46.063503898481088, -23.7685601663262 ], [ -46.063479099234883, -23.768539474294286 ], [ -46.063453618252758, -23.768519419158171 ], [ -46.063426931869159, -23.768495940342156 ], [ -46.063399040086914, -23.768469037845538 ], [ -46.063369943643039, -23.76843880197756 ], [ -46.063343093834369, -23.768407286223972 ], [ -46.063321553852845, -23.768377088635852 ], [ -46.063305615870263, -23.768347936258589 ], [ -46.063294986972458, -23.76832001174099 ], [ -46.06328604016646, -23.768293791629873 ], [ -46.063274559706457, -23.768269756523893 ], [ -46.063260547061155, -23.768248087042881 ], [ -46.063244196280863, -23.768228510904642 ], [ -46.063225810550811, -23.768212109803162 ], [ -46.063205884903546, -23.7681994222207 ], [ -46.063184518197396, -23.768190537791469 ], [ -46.063161611571083, -23.768185366880175 ], [ -46.063137826951085, -23.768180834215098 ], [ -46.063113627812641, -23.768173594945321 ], [ -46.063089113017078, -23.768163738705141 ], [ -46.063064183706224, -23.768151175859746 ], [ -46.063038041666275, -23.768134286230151 ], [ -46.063010284123791, -23.768111808175714 ], [ -46.062980712630306, -23.768083472115872 ], [ -46.062949328658632, -23.768049458669381 ], [ -46.062932617534436, -23.768021756612178 ], [ -46.062905485624945, -23.767967573614204 ], [ -46.062889668658016, -23.767941220125337 ], [ -46.062881234793203, -23.767929808141119 ], [ -46.06286321670725, -23.767910333748155 ], [ -46.062843365054299, -23.767894665206857 ], [ -46.062829064201296, -23.767885822417377 ], [ -46.062797635932689, -23.767870504478257 ], [ -46.062757175712285, -23.767854706789947 ], [ -46.062656030422943, -23.767821895806982 ], [ -46.062528419721978, -23.767780686885107 ], [ -46.062464349283914, -23.767757645697838 ], [ -46.062276177242595, -23.767678378892633 ], [ -46.062194465443596, -23.767645975829893 ], [ -46.062018188996397, -23.767581438578897 ], [ -46.061940056747609, -23.767554790935385 ], [ -46.061854093459061, -23.767518443050928 ], [ -46.061787164983812, -23.767469681398207 ], [ -46.061773357071296, -23.767461106063742 ], [ -46.061777764270403, -23.767508400919692 ], [ -46.061778922807264, -23.76751814699443 ], [ -46.06177992980286, -23.767533403336792 ], [ -46.061783358685183, -23.767581066178181 ], [ -46.06178841163711, -23.767611196710131 ], [ -46.061799879487538, -23.767657901133795 ], [ -46.061815836933434, -23.767701594290358 ], [ -46.061858548606899, -23.767789267629119 ], [ -46.061890901334387, -23.76785804598892 ], [ -46.06190484721018, -23.767895701847365 ], [ -46.061914978653718, -23.767934919288123 ], [ -46.061918183287993, -23.767954947222417 ], [ -46.061920016362187, -23.767975255532182 ], [ -46.061919859272912, -23.7680163500142 ], [ -46.061915979268122, -23.768058192614333 ], [ -46.061903126237667, -23.768143086928106 ], [ -46.061894226614633, -23.768207271885718 ], [ -46.061882224844346, -23.768336595405998 ], [ -46.061872811491639, -23.768530928045973 ], [ -46.061861743298948, -23.768654374656585 ], [ -46.061853179692996, -23.768711603031701 ], [ -46.061842327654681, -23.768764963587575 ], [ -46.061813925302637, -23.768868569717203 ], [ -46.061759601212408, -23.769042890188729 ], [ -46.061722553518443, -23.769169495786425 ], [ -46.061703773657683, -23.76922543965642 ], [ -46.061684227737771, -23.7692716347531 ], [ -46.061659798920303, -23.769320753498324 ], [ -46.061556316275123, -23.769568386464957 ], [ -46.061526838399217, -23.769648337364021 ], [ -46.061505175406836, -23.769711797185799 ], [ -46.061447840897742, -23.769890112109437 ], [ -46.061427662864645, -23.769943085156441 ], [ -46.061383068225759, -23.770046712178523 ], [ -46.061305235775365, -23.770226522649637 ], [ -46.061245343464833, -23.770367825864536 ], [ -46.061212140735798, -23.770436241962376 ], [ -46.061176727148109, -23.770498260868798 ], [ -46.061106382416774, -23.770609199646501 ], [ -46.061085375131746, -23.770644657208639 ], [ -46.061049035093326, -23.770713456089563 ], [ -46.06102744783179, -23.770762103641733 ], [ -46.061013149824397, -23.770802030857158 ], [ -46.061008296201699, -23.770820669124827 ], [ -46.061004483191127, -23.770846615770676 ], [ -46.061005556065524, -23.770870000024793 ], [ -46.06100819309728, -23.770880548780841 ], [ -46.061012394316506, -23.770890364269164 ], [ -46.061024708689956, -23.77090834269622 ], [ -46.061041233046794, -23.770925118100553 ], [ -46.061081849350693, -23.770960061950966 ], [ -46.061110544565921, -23.770989217214776 ], [ -46.06112433454593, -23.771007637069935 ], [ -46.061143460851966, -23.771042728559671 ], [ -46.061159735637986, -23.771089219349179 ], [ -46.061166541002621, -23.771117621859332 ], [ -46.061172200336486, -23.771149915795181 ], [ -46.061180742898458, -23.771223102680498 ], [ -46.061186491038654, -23.771302630826558 ], [ -46.061194109785085, -23.771455482015046 ], [ -46.061209222482937, -23.771673218290676 ], [ -46.061214662002911, -23.771835657849625 ], [ -46.061223061092868, -23.771903246171693 ], [ -46.06122950184902, -23.771935083155356 ], [ -46.061242225103385, -23.771979250139108 ], [ -46.061258439970196, -23.772018335478815 ], [ -46.061271289830863, -23.772041819422988 ], [ -46.06128082963523, -23.772056475230279 ], [ -46.061302347083412, -23.772083873471043 ], [ -46.061330745285382, -23.772112669461944 ], [ -46.061352784108486, -23.77213175511945 ], [ -46.061405524232569, -23.772173208546238 ], [ -46.061564882772224, -23.772292683870447 ], [ -46.061682061930576, -23.772378129260208 ], [ -46.061739096477659, -23.772416662957827 ], [ -46.061793929696719, -23.772449973491884 ], [ -46.061829911042039, -23.772469956678076 ], [ -46.061902829394434, -23.772506755423404 ], [ -46.062016906565887, -23.772560611584908 ], [ -46.062070609893425, -23.772587698043946 ], [ -46.062133324403845, -23.772624747482975 ], [ -46.06216135224544, -23.772644153086247 ], [ -46.062200367784669, -23.772675224071399 ], [ -46.062236954313875, -23.772709292152911 ], [ -46.062309329350278, -23.772787910329967 ], [ -46.062432360629892, -23.772929219909539 ], [ -46.062523039526816, -23.773026136327072 ], [ -46.062568741463437, -23.773070889100712 ], [ -46.062614709205306, -23.773112117741814 ], [ -46.062722914679803, -23.773204126727752 ], [ -46.062818396995389, -23.773288275472126 ], [ -46.06287060797807, -23.773336957214585 ], [ -46.062949269190057, -23.773416164002931 ], [ -46.062987765361463, -23.773455727967157 ], [ -46.063024262993146, -23.773490880239454 ], [ -46.063058858741357, -23.773521439525975 ], [ -46.063091553335283, -23.773547496138239 ], [ -46.063123533871888, -23.773570216001037 ], [ -46.063156283308516, -23.773590943631319 ], [ -46.063189899039862, -23.77360958804304 ], [ -46.063224087408926, -23.773626241572607 ], [ -46.063301002947256, -23.773659670442782 ], [ -46.063392971326749, -23.773697782314418 ], [ -46.063446348696495, -23.773720896650669 ], [ -46.063507036906955, -23.773750011727582 ], [ -46.063574935637909, -23.773784857281861 ], [ -46.063650047107203, -23.773825704233388 ], [ -46.063857277787143, -23.773930396886357 ], [ -46.064017930092973, -23.774015360259742 ], [ -46.064080727789161, -23.774050421360883 ], [ -46.064131905735259, -23.774080595181669 ], [ -46.064171463182994, -23.77410579142423 ], [ -46.064199400121353, -23.774126010097827 ], [ -46.064283294031746, -23.774196871114867 ], [ -46.064358154158192, -23.774267071830032 ], [ -46.06441496388684, -23.774326017233921 ], [ -46.064433093745983, -23.774347025983303 ], [ -46.06444450590422, -23.774362571819765 ], [ -46.064464423801411, -23.774398289592188 ], [ -46.064492459342716, -23.774454723862387 ], [ -46.064516651645633, -23.774509197689841 ], [ -46.064522785359998, -23.774527308728999 ], [ -46.06452514086368, -23.774539394706402 ], [ -46.064524694685673, -23.774556918900647 ], [ -46.064522079343106, -23.77457319363814 ], [ -46.064516626298008, -23.774590481403671 ], [ -46.06450737188446, -23.774610956401116 ], [ -46.064498496024513, -23.774629712802685 ], [ -46.064494372699748, -23.774641572498144 ], [ -46.064490234673052, -23.774651625994032 ], [ -46.06448160836181, -23.774664871456732 ], [ -46.064446260721475, -23.77471081453659 ], [ -46.064433625007872, -23.774725803620775 ], [ -46.064419705506843, -23.774739808087983 ], [ -46.06440459961383, -23.774752736951402 ], [ -46.064388209933099, -23.774764681197023 ], [ -46.064300403033613, -23.774828055381619 ], [ -46.064276026135552, -23.774847370185686 ], [ -46.064257029523233, -23.774864570658373 ], [ -46.064243413199719, -23.774879656801339 ], [ -46.064234981640652, -23.774892720278689 ], [ -46.064230763093121, -23.774904941884152 ], [ -46.064229197017923, -23.774917506468807 ], [ -46.064230381546629, -23.774930413356433 ], [ -46.064234316680228, -23.774943662546882 ], [ -46.064240705822037, -23.774956985139074 ], [ -46.064249154244472, -23.77497011290794 ], [ -46.064259660478371, -23.774982865233344 ], [ -46.064272225993932, -23.774995422734563 ], [ -46.064299541636132, -23.775023683702891 ], [ -46.064327011278166, -23.775058807547509 ], [ -46.064400653554749, -23.77516017530241 ], [ -46.064437106468574, -23.775213842099436 ], [ -46.064447965203009, -23.775233726868414 ], [ -46.064453781766197, -23.775249040328159 ], [ -46.064465416366772, -23.775303961981219 ], [ -46.064486549500629, -23.775416619774454 ], [ -46.064514482415994, -23.775556867084511 ], [ -46.064546806317907, -23.775694013401889 ], [ -46.064560275004979, -23.775757231380474 ], [ -46.064564232632989, -23.775785292069113 ], [ -46.064566207783166, -23.775810927919718 ], [ -46.064566397452516, -23.775834227889327 ], [ -46.064564703508381, -23.775855192654451 ], [ -46.064561125949865, -23.775873822215129 ], [ -46.064555566644771, -23.775890117247929 ], [ -46.064534560638258, -23.775937767773456 ], [ -46.064522672759473, -23.775960247857338 ], [ -46.064512764043243, -23.775972689327848 ], [ -46.064504500774881, -23.775982319688154 ], [ -46.064492785254252, -23.77598980628699 ], [ -46.064463273720264, -23.776005272975009 ], [ -46.064351058085769, -23.776060054910094 ], [ -46.06428115334402, -23.776092417956797 ], [ -46.064219246867523, -23.776118765055202 ], [ -46.064165436801687, -23.776139095538088 ], [ -46.064119723157994, -23.776153409413666 ], [ -46.064032585717079, -23.776178575592244 ], [ -46.063938129497288, -23.776208849794067 ], [ -46.063841344514685, -23.776242391325312 ], [ -46.063747707781793, -23.776276904573717 ], [ -46.063702696389029, -23.776293110106046 ], [ -46.06366001738018, -23.77630649979244 ], [ -46.063619574095917, -23.776317254930486 ], [ -46.063581463936636, -23.776325284536188 ], [ -46.0635044262321, -23.776337375487433 ], [ -46.063421477093222, -23.776346617031979 ], [ -46.063227116092477, -23.77636475409021 ], [ -46.063169079222313, -23.776372198285376 ], [ -46.063103427693022, -23.776384571899037 ], [ -46.063030160760611, -23.776401784611828 ], [ -46.062983722780636, -23.776414445490683 ], [ -46.062949278413534, -23.77642383641323 ], [ -46.062870883837221, -23.776450115855887 ], [ -46.06284288706108, -23.776458798185594 ], [ -46.062808311027958, -23.77646698390609 ], [ -46.062697099909037, -23.776488521811352 ], [ -46.062643691299314, -23.776497920888961 ], [ -46.062626909974945, -23.776497946063412 ], [ -46.062614411973449, -23.776493696951018 ], [ -46.062607002899384, -23.776487696830277 ], [ -46.062589950264822, -23.776466409513713 ], [ -46.062553091249789, -23.776411029085438 ], [ -46.062534970729182, -23.776379091933354 ], [ -46.062520684703237, -23.776348031543279 ], [ -46.062513057174378, -23.776327221250448 ], [ -46.062500034212178, -23.776282514591987 ], [ -46.06247672408243, -23.776179535185534 ], [ -46.062466659045114, -23.776136524155504 ], [ -46.062444637524813, -23.776059275668384 ], [ -46.062406519868972, -23.775957662542105 ], [ -46.06234263093765, -23.7758004119971 ], [ -46.062301298578404, -23.775701711036508 ], [ -46.06227903526068, -23.77565508099071 ], [ -46.062253928347992, -23.775608741448362 ], [ -46.062201625370335, -23.775524656652859 ], [ -46.062169569522247, -23.775480622773109 ], [ -46.062152423364516, -23.775459877933447 ], [ -46.06212153280751, -23.775426402891227 ], [ -46.062036672414436, -23.775345251426998 ], [ -46.061989039468678, -23.775304485670553 ], [ -46.061942524861827, -23.775268498906915 ], [ -46.061912421784413, -23.775247391570442 ], [ -46.061854425138854, -23.775211393426023 ], [ -46.061798550135848, -23.775182876822075 ], [ -46.061770288247466, -23.775170968935083 ], [ -46.06172541287598, -23.77515556267171 ], [ -46.061676238806783, -23.775142534143217 ], [ -46.06164065229315, -23.775135011716831 ], [ -46.061562230770051, -23.775121642342697 ], [ -46.061385210141168, -23.775099648237997 ], [ -46.061284044965483, -23.775089234818889 ], [ -46.06121430007213, -23.77508086327741 ], [ -46.061173520710611, -23.775074369895961 ], [ -46.061111782278083, -23.7750609759544 ], [ -46.061055005312504, -23.775042219303884 ], [ -46.061019944632314, -23.775026926019979 ], [ -46.060997575834577, -23.775015609701128 ], [ -46.060954287504579, -23.774990167327225 ], [ -46.06090741152984, -23.77495797595634 ], [ -46.060877885016836, -23.774935329092255 ], [ -46.06082600070895, -23.77489061830321 ], [ -46.06079453795067, -23.774859133842916 ], [ -46.060733992504872, -23.774787117040361 ], [ -46.060605571286551, -23.774622541857124 ], [ -46.060469521113944, -23.77443688520756 ], [ -46.060335797910696, -23.774247690154205 ], [ -46.060279970614118, -23.77416444167844 ], [ -46.060179897044868, -23.774010148005974 ], [ -46.060155026260801, -23.773968593163378 ], [ -46.060147143665375, -23.773952571186072 ], [ -46.060139305764046, -23.773929955896364 ], [ -46.060132395769187, -23.773888639002354 ], [ -46.060121497900617, -23.773754866782614 ], [ -46.060118280348426, -23.773684804322802 ], [ -46.060116662370092, -23.773557832341741 ], [ -46.060113268164827, -23.773538618517819 ], [ -46.060109760416353, -23.773529611084431 ], [ -46.060100720059403, -23.773516035559872 ], [ -46.060087750114839, -23.773501945119975 ], [ -46.060076197910426, -23.773493263855045 ], [ -46.06004741002203, -23.77347693380386 ], [ -46.05989159910412, -23.773407738120671 ], [ -46.059844112428287, -23.77338485304865 ], [ -46.059774329146805, -23.773347399610838 ], [ -46.059688968224634, -23.773301021523167 ], [ -46.059517174446682, -23.773209175706537 ], [ -46.059395532995119, -23.773142183568595 ], [ -46.059343271174299, -23.77311129304589 ], [ -46.059214723653263, -23.773027639828875 ], [ -46.059113951803539, -23.772968632675383 ], [ -46.05905984832355, -23.772940554453296 ], [ -46.0588783031764, -23.772856270929939 ], [ -46.058647825833155, -23.772740170438137 ], [ -46.058538624825843, -23.772682394775217 ], [ -46.058458996454647, -23.772640944019031 ], [ -46.0584101416, -23.772618700072414 ], [ -46.058357276613044, -23.772598109266522 ], [ -46.058237624749239, -23.772558558360025 ], [ -46.058058767637043, -23.772503156280468 ], [ -46.058027280072992, -23.77249271482161 ], [ -46.057976663399202, -23.772471024695676 ], [ -46.057819138309227, -23.772395877786401 ], [ -46.057760799708973, -23.77236584116795 ], [ -46.057665179909868, -23.77231275854453 ], [ -46.057634207440451, -23.772293191639431 ], [ -46.057617819426255, -23.77228111132262 ], [ -46.057585898090508, -23.772253422537062 ], [ -46.057545636082693, -23.772213688624817 ], [ -46.057523161452018, -23.772189186480329 ], [ -46.0574891651369, -23.772147603340354 ], [ -46.057457390764661, -23.772101669847142 ], [ -46.057407137675966, -23.772015672605157 ], [ -46.057369824949966, -23.771940153622989 ], [ -46.057345311049644, -23.771881887521467 ], [ -46.057320938678707, -23.771816846804818 ], [ -46.057207871227874, -23.771499079104313 ], [ -46.057172865600265, -23.771393288668101 ], [ -46.057164938602639, -23.771359565038189 ], [ -46.057150116186236, -23.771274047669646 ], [ -46.057144891544496, -23.771234705995184 ], [ -46.057142793548365, -23.77120581948385 ], [ -46.05714315281385, -23.771189560283634 ], [ -46.057147656744974, -23.771151868002839 ], [ -46.057164182844325, -23.771059633342784 ], [ -46.057178348497594, -23.771003179669879 ], [ -46.057197016354635, -23.770945250131671 ], [ -46.057211817144669, -23.770906674523172 ], [ -46.057245362069025, -23.770831754187189 ], [ -46.05728297108044, -23.770761863674068 ], [ -46.0573033158987, -23.770729301222577 ], [ -46.057335823770082, -23.770683921048111 ], [ -46.057370917254325, -23.770642767980164 ], [ -46.057395831396036, -23.770617038189968 ], [ -46.057449700412278, -23.770567718496089 ], [ -46.057588214215407, -23.770452250302725 ], [ -46.057637613758146, -23.770408470382062 ], [ -46.057739189071761, -23.770312311534678 ], [ -46.057839827775396, -23.770209566027514 ], [ -46.057884555991528, -23.770158502494883 ], [ -46.057922919764771, -23.770109198536527 ], [ -46.057984206643646, -23.770018553794085 ], [ -46.058034082664136, -23.769936657464008 ], [ -46.058057563839526, -23.769891519616021 ], [ -46.058080891356447, -23.76983951886033 ], [ -46.058124906640259, -23.769724607282697 ], [ -46.058143874139923, -23.769667398106883 ], [ -46.058177192007719, -23.769552379176751 ], [ -46.058223173979627, -23.769365201915953 ], [ -46.05825117702215, -23.769236130210558 ], [ -46.058262360975732, -23.769175090798374 ], [ -46.058270540251293, -23.769118678050347 ], [ -46.05827418916212, -23.769084513890956 ], [ -46.058277736020209, -23.769025604057724 ], [ -46.05827687475611, -23.768991922378497 ], [ -46.058274464423832, -23.768972972696147 ], [ -46.058267400000773, -23.768936714379649 ], [ -46.058245619723643, -23.768852418876659 ], [ -46.058126307188068, -23.768429748204749 ], [ -46.058099255080656, -23.768324535652287 ], [ -46.058075721428608, -23.768229685241543 ], [ -46.058064926128885, -23.768193181523021 ], [ -46.058045976406838, -23.768143367009134 ], [ -46.058031207624502, -23.768113031944164 ], [ -46.058020555499688, -23.76809422902857 ], [ -46.057997611602417, -23.768060156721241 ], [ -46.057968885592466, -23.768027027169872 ], [ -46.057947329094979, -23.768006763583401 ], [ -46.05789596916636, -23.767965750996471 ], [ -46.05786899660248, -23.767945847074095 ], [ -46.057841720485349, -23.76792571913877 ], [ -46.057748875933903, -23.767857206035103 ], [ -46.057703826109268, -23.767819853090714 ], [ -46.057675753231401, -23.767794666749833 ], [ -46.057621055301063, -23.767741303733878 ], [ -46.057537358390739, -23.767657432069825 ], [ -46.057498330126833, -23.767624463278509 ], [ -46.057486291643443, -23.767616236699322 ], [ -46.057463229515641, -23.767603931091799 ], [ -46.057441088479742, -23.767596315568166 ], [ -46.057426246696778, -23.76759334646189 ], [ -46.057395513677861, -23.767591118355472 ], [ -46.0573442158883, -23.767594178997001 ], [ -46.05731637960259, -23.767598253112819 ], [ -46.05727298367389, -23.767607672021153 ], [ -46.057228145776079, -23.767620803713783 ], [ -46.05716788137363, -23.767643614402189 ], [ -46.057138256576479, -23.767657093515957 ], [ -46.057002442718385, -23.767729913988102 ], [ -46.056931581015185, -23.76776498967175 ], [ -46.056894618620902, -23.767781228410545 ], [ -46.056839637553303, -23.767802106199746 ], [ -46.05678706365336, -23.767817277637196 ], [ -46.056752093295657, -23.767825013076994 ], [ -46.056677025953981, -23.767837538603153 ], [ -46.056545373551316, -23.767854605687486 ], [ -46.05647771195207, -23.767860668072313 ], [ -46.056419146148265, -23.767862965287357 ], [ -46.056388815057929, -23.767861908331522 ], [ -46.056339117448658, -23.767856558376725 ], [ -46.056281911239353, -23.767844937687485 ], [ -46.056249360866893, -23.767836399713172 ], [ -46.056213948080469, -23.767825804055111 ], [ -46.056136702791164, -23.767799508641204 ], [ -46.056055789699037, -23.767768632186648 ], [ -46.056002622458593, -23.767746778147767 ], [ -46.055906299768687, -23.767703362828968 ], [ -46.055823123797467, -23.767659586632117 ], [ -46.055780123081782, -23.767632876304891 ], [ -46.055755255484279, -23.767615705753375 ], [ -46.055711017530932, -23.767581598008807 ], [ -46.055664185339815, -23.7675421793796 ], [ -46.05563403696096, -23.767515110218177 ], [ -46.055576868599651, -23.767459505451054 ], [ -46.055536582486262, -23.767416519745112 ], [ -46.055456928208322, -23.767322684594461 ], [ -46.055328813360177, -23.767157831427784 ], [ -46.055250122951577, -23.767049629438283 ], [ -46.055213485709409, -23.766996684025152 ], [ -46.055178417771891, -23.766943637565852 ], [ -46.055111621150637, -23.766837883070192 ], [ -46.05506858312701, -23.766769988999862 ], [ -46.05505603584551, -23.766747315248139 ], [ -46.05504427828523, -23.766700883171726 ], [ -46.055040843529753, -23.766676521497196 ], [ -46.055031212688043, -23.766626101017938 ], [ -46.054983736604477, -23.766652797375791 ], [ -46.054935872190001, -23.766667845695252 ], [ -46.054907225521269, -23.766668763872406 ], [ -46.054844402960882, -23.76666639315188 ], [ -46.054751783898148, -23.766668380388673 ], [ -46.05457479262423, -23.766672840281117 ], [ -46.054455962525523, -23.766673561253608 ], [ -46.054122035443797, -23.766711424825285 ], [ -46.05401809492983, -23.766721075377369 ], [ -46.053906865499115, -23.766727343611972 ], [ -46.05385877621913, -23.766726678266394 ], [ -46.05381409512902, -23.766722738300192 ], [ -46.053792576645769, -23.766719272500335 ], [ -46.053771541514813, -23.766714900246484 ], [ -46.053730922039207, -23.766703526687298 ], [ -46.05369273314885, -23.76668933676007 ], [ -46.053668901067354, -23.766678842129011 ], [ -46.053625936006803, -23.766656466070231 ], [ -46.053586183631623, -23.76663090704718 ], [ -46.053564060366696, -23.766613265830326 ], [ -46.053550911568109, -23.766601162946941 ], [ -46.053527839011913, -23.766575309502802 ], [ -46.053505796389842, -23.766543307585938 ], [ -46.053493245761338, -23.766520182144344 ], [ -46.053472334801086, -23.766470290063388 ], [ -46.053456573573015, -23.766414040780948 ], [ -46.053449924957853, -23.766380488814985 ], [ -46.053440698118258, -23.766319227618432 ], [ -46.053418349725888, -23.76610298444211 ], [ -46.053412641559056, -23.766027790677818 ], [ -46.053410931853897, -23.765973884068114 ], [ -46.053405732154992, -23.765779018979874 ], [ -46.053401218892226, -23.765681599482967 ], [ -46.053395448266812, -23.76561083159211 ], [ -46.053388247198377, -23.765533028856986 ], [ -46.053386010574968, -23.765486802642716 ], [ -46.053385580780052, -23.765396851468537 ], [ -46.053390941481382, -23.765197308261421 ], [ -46.053394632197957, -23.765119431243029 ], [ -46.053403402021402, -23.765014244343806 ], [ -46.053420997151463, -23.76490827473328 ], [ -46.053441620172997, -23.764763990752002 ], [ -46.053460399860271, -23.764610145908513 ], [ -46.053467437742057, -23.764570178514258 ], [ -46.053477300077112, -23.764515380134934 ], [ -46.053482126192847, -23.764481027377567 ], [ -46.053488775131285, -23.764417129060039 ], [ -46.053498366850036, -23.764292157476515 ], [ -46.05350224796608, -23.76422574920381 ], [ -46.053504159457184, -23.764195028938389 ], [ -46.053502622169511, -23.764186911038941 ], [ -46.05349791876494, -23.764175563379268 ], [ -46.053490587849339, -23.764166943100733 ], [ -46.053478449627882, -23.764158445923158 ], [ -46.053427179846501, -23.764128268977565 ], [ -46.05339300243751, -23.76411251623065 ], [ -46.053357380089309, -23.764100114998438 ], [ -46.053312921580222, -23.764087141803685 ], [ -46.053294032512113, -23.764081129159937 ], [ -46.053271584117411, -23.764071799114447 ], [ -46.053245150467397, -23.764055000062221 ], [ -46.053238320367313, -23.764047640771491 ], [ -46.053234338017717, -23.764040533009389 ], [ -46.053225643570336, -23.764020993852878 ], [ -46.053201607743254, -23.763960736742245 ], [ -46.053067456290002, -23.763618091604599 ], [ -46.053036741013649, -23.763544784264013 ], [ -46.052999525696087, -23.76346854081709 ], [ -46.05296244778858, -23.763397173454166 ], [ -46.052946573056957, -23.763363323073889 ], [ -46.052935448183923, -23.763334407662015 ], [ -46.052930092904475, -23.763315206985226 ], [ -46.052920774980109, -23.763266951759462 ], [ -46.052898279046389, -23.763117542789868 ], [ -46.052890986089849, -23.763077040882806 ], [ -46.052890503495533, -23.763065845062179 ], [ -46.052897454314412, -23.763002847848988 ], [ -46.052905288251473, -23.76292765203624 ], [ -46.052906799371272, -23.762908133608931 ], [ -46.052904874736598, -23.762900650548687 ], [ -46.052900998557583, -23.762894535521308 ], [ -46.052883395468243, -23.762877585891562 ], [ -46.0528692884237, -23.76286828924087 ], [ -46.052800811582713, -23.762833713572515 ], [ -46.052696696181677, -23.762772466749425 ], [ -46.052644230046212, -23.762739859154525 ], [ -46.052618453818596, -23.762719352570375 ], [ -46.052588592847236, -23.762691197004845 ], [ -46.05252613375557, -23.762623976339366 ], [ -46.052491542695002, -23.762581131569089 ], [ -46.052476157283365, -23.762559289747379 ], [ -46.052454180340568, -23.762523132680915 ], [ -46.052425454200382, -23.762465255576299 ], [ -46.052411751483397, -23.762433016009844 ], [ -46.052392697973772, -23.762382117602773 ], [ -46.052371222815182, -23.762310734089212 ], [ -46.05236237901071, -23.762272590913309 ], [ -46.052351869476595, -23.762210344865931 ], [ -46.052344647432122, -23.762142025288451 ], [ -46.052338617779533, -23.76201454098317 ], [ -46.052338841212865, -23.761969110801537 ], [ -46.052342954807351, -23.761894933813373 ], [ -46.052349294043182, -23.761804665516827 ], [ -46.05235432469695, -23.761759112270916 ], [ -46.052361160749079, -23.761718423759042 ], [ -46.052378570166148, -23.761638105059372 ], [ -46.052406952163174, -23.761482388537942 ], [ -46.052431560249666, -23.761357675913676 ], [ -46.05245129834244, -23.761274089984767 ], [ -46.052510172158549, -23.761054222379972 ], [ -46.052542836087937, -23.760942911850982 ], [ -46.052573174787256, -23.760847512674449 ], [ -46.052591391339874, -23.760794373395676 ], [ -46.052621753885617, -23.760714147040503 ], [ -46.052663793520047, -23.76062173884408 ], [ -46.052678835230587, -23.760576478631634 ], [ -46.052685288043229, -23.760549159399964 ], [ -46.052691982238272, -23.760503052912441 ], [ -46.052694027722929, -23.760452372014257 ], [ -46.052693362831796, -23.760418508256041 ], [ -46.052689048708849, -23.760357935994378 ], [ -46.052684850036968, -23.7603239156842 ], [ -46.052681468237466, -23.760306056271073 ], [ -46.052672795263973, -23.76027694348198 ], [ -46.052664296686721, -23.760257312624987 ], [ -46.052644665548449, -23.760219965480868 ], [ -46.052632290898067, -23.760194219582409 ], [ -46.052626667599206, -23.760178272064639 ], [ -46.052618764355131, -23.760147257402519 ], [ -46.052614032919422, -23.76012019500789 ], [ -46.052605838414827, -23.760052965836561 ], [ -46.052601344090988, -23.759994381735705 ], [ -46.052598209244749, -23.759873019137277 ], [ -46.052600051262893, -23.759821436467469 ], [ -46.052604439249258, -23.759781396827751 ], [ -46.052609061179595, -23.759758244582319 ], [ -46.052622402099352, -23.759708931765829 ], [ -46.052666887404946, -23.759566833406716 ], [ -46.05270680150965, -23.75946640160473 ], [ -46.052738405175283, -23.759369729355551 ], [ -46.052752703235605, -23.759317429596006 ], [ -46.052763503852269, -23.759269488809501 ], [ -46.052777613744915, -23.759193798628452 ], [ -46.052786161956341, -23.759146415081613 ], [ -46.052787584398331, -23.759128071352116 ], [ -46.052784736855592, -23.759103434638661 ], [ -46.052780804866082, -23.759090365692551 ], [ -46.052770922516466, -23.759069479850076 ], [ -46.052756019376282, -23.759046550964388 ], [ -46.052717176693058, -23.758999580661367 ], [ -46.052674901316493, -23.758952814367717 ], [ -46.052651103556023, -23.7589219983156 ], [ -46.052624782372895, -23.758882438853171 ], [ -46.052573056607287, -23.758795275592362 ], [ -46.052533118200806, -23.75872185027303 ], [ -46.052514166192836, -23.758683505000697 ], [ -46.052472400066087, -23.758590222712616 ], [ -46.0524529670245, -23.758540862221508 ], [ -46.05243294173863, -23.758478861596728 ], [ -46.052426235692899, -23.758450277276069 ], [ -46.052421011685979, -23.758410754688093 ], [ -46.052422295477413, -23.758375161649614 ], [ -46.05242602997447, -23.75835147355842 ], [ -46.052438350441257, -23.758297290667343 ], [ -46.052471695110519, -23.758148675207774 ], [ -46.052485574547617, -23.758093126960578 ], [ -46.052492394276506, -23.758074836778135 ], [ -46.052501078983269, -23.758056624205821 ], [ -46.052521987194304, -23.758020987791095 ], [ -46.052550602458446, -23.757979789624635 ], [ -46.052574752186558, -23.757944582696993 ], [ -46.052594912452378, -23.757913557457368 ], [ -46.052608332312204, -23.75788628107227 ], [ -46.052632343354645, -23.757821632238599 ], [ -46.052660608526637, -23.757724711794424 ], [ -46.052699284618669, -23.757580214473283 ], [ -46.052716547927368, -23.757518411382307 ], [ -46.052737807189708, -23.757453239389555 ], [ -46.052750032125864, -23.757423803563341 ], [ -46.052774489915294, -23.757378117912918 ], [ -46.052822618994433, -23.757298763918108 ], [ -46.052854149948644, -23.757254113842642 ], [ -46.052890880406785, -23.757209338012601 ], [ -46.052916458043654, -23.757180894964264 ], [ -46.05296453599081, -23.757131796958362 ], [ -46.052994438048167, -23.757104227580694 ], [ -46.053013445342856, -23.757088473461863 ], [ -46.05305743711417, -23.757055931008349 ], [ -46.053205482534295, -23.756955574882781 ], [ -46.053308251845102, -23.756886686125469 ], [ -46.053356047533491, -23.756851317878088 ], [ -46.053401078458933, -23.756813800895308 ], [ -46.053429911959221, -23.75678759345422 ], [ -46.053485691432208, -23.756732301331837 ], [ -46.053566514048406, -23.756643150756179 ], [ -46.053604502174046, -23.756596198617743 ], [ -46.053681199310105, -23.756494341637541 ], [ -46.053730754994042, -23.756433853578407 ], [ -46.053792707549668, -23.756365333192921 ], [ -46.053913668996508, -23.756240505017399 ], [ -46.053978092473628, -23.756174225593256 ], [ -46.054002485723629, -23.756144977614007 ], [ -46.054067513694342, -23.756056295796807 ], [ -46.054104846591883, -23.756001129305162 ], [ -46.054153770220317, -23.75592312423052 ], [ -46.054177094941124, -23.755883045660287 ], [ -46.054209768976527, -23.755822040426064 ], [ -46.054239005256854, -23.755760607064275 ], [ -46.05429325944602, -23.755637859424432 ], [ -46.054351551594984, -23.755516980836951 ], [ -46.054383254481259, -23.755457246611549 ], [ -46.054416531568812, -23.75539804353005 ], [ -46.054487032138965, -23.755282319877971 ], [ -46.05452366910329, -23.75522607425496 ], [ -46.054601354536466, -23.755113101297166 ], [ -46.054675878400722, -23.755009633005997 ], [ -46.054694234645766, -23.754986206320602 ], [ -46.054771422307752, -23.754835846079843 ], [ -46.054810134626813, -23.754769290263297 ], [ -46.05483194221754, -23.754735814985398 ], [ -46.054869219979608, -23.754686067623741 ], [ -46.054907049424742, -23.754643902985645 ], [ -46.054931297629956, -23.754621068256064 ], [ -46.054947379049835, -23.754607591773699 ], [ -46.054980551423128, -23.754584154214243 ], [ -46.055019910908733, -23.754561396926615 ], [ -46.055093712546579, -23.754526663439169 ], [ -46.05513195647606, -23.754511590555119 ], [ -46.055151050489059, -23.754506673448684 ], [ -46.055185067573099, -23.754502828532175 ], [ -46.055229029298076, -23.754503250835853 ], [ -46.055321326631365, -23.754511110137965 ], [ -46.055381651309389, -23.754520813447375 ], [ -46.055404864171294, -23.754527789816418 ], [ -46.055487354679329, -23.754560643066529 ], [ -46.055565392144665, -23.754588830288938 ], [ -46.055611391418019, -23.754610733639421 ], [ -46.05566138380145, -23.754641099346294 ], [ -46.055770023448524, -23.754716492988987 ], [ -46.055827047700348, -23.75475493898152 ], [ -46.055944009917958, -23.754828108054877 ], [ -46.056060816592172, -23.754894143179069 ], [ -46.056115892280452, -23.754922125787154 ], [ -46.05616710357269, -23.754945438387427 ], [ -46.05619929539538, -23.754958585022674 ], [ -46.056260300116023, -23.754979572760611 ], [ -46.056312958420769, -23.754999804694503 ], [ -46.056334555178559, -23.755013204363202 ], [ -46.056370908265585, -23.755043482443682 ], [ -46.056387459838021, -23.755063961200364 ], [ -46.056407967228708, -23.755015321609239 ], [ -46.056421152150747, -23.754995542700627 ], [ -46.056438288681939, -23.75497907844386 ], [ -46.056453146672254, -23.754959920301555 ], [ -46.05647425785277, -23.754937468047064 ], [ -46.056484550293128, -23.754924030990146 ], [ -46.056514670817442, -23.75487505470959 ], [ -46.056534284438904, -23.754837259064974 ], [ -46.056571997632226, -23.75475643982718 ], [ -46.056648836577054, -23.754587476116416 ], [ -46.056691175359013, -23.754496238945226 ], [ -46.056710694405517, -23.75445889550344 ], [ -46.056737157788646, -23.754418795104268 ], [ -46.056752136389164, -23.754402435888291 ], [ -46.056778858981119, -23.754382293418569 ], [ -46.056812189582068, -23.754366350574152 ], [ -46.05686315766696, -23.754347396993165 ], [ -46.056889469853893, -23.754337192008727 ], [ -46.056923484322304, -23.754320883201625 ], [ -46.056938910765538, -23.754311384877028 ], [ -46.056959189031126, -23.754295170021287 ], [ -46.056974440061374, -23.754276099458476 ], [ -46.056979750378616, -23.754265405913262 ], [ -46.056983385437896, -23.754253820673398 ], [ -46.056985731545865, -23.754228425991062 ], [ -46.056982953768383, -23.754200356896163 ], [ -46.056978671039424, -23.754180336168432 ], [ -46.05696635532113, -23.754137610903051 ], [ -46.056942257095763, -23.754069587597716 ], [ -46.056928738813312, -23.754035902096554 ], [ -46.056907456710185, -23.753988541753856 ], [ -46.056880622563796, -23.75393408446379 ], [ -46.056871097460053, -23.753908861293763 ], [ -46.056866086394606, -23.753883697563602 ], [ -46.056865884750088, -23.753870874151847 ], [ -46.056867347420678, -23.753857587779596 ], [ -46.056874977191626, -23.7538303506497 ], [ -46.056887998196011, -23.753802444436289 ], [ -46.056899230102452, -23.753783852948331 ], [ -46.05692631042551, -23.75374727060094 ], [ -46.05696132056562, -23.753708466436585 ], [ -46.057029558264993, -23.753640985607397 ], [ -46.057054847984688, -23.753613537345888 ], [ -46.057067672299041, -23.753597734731201 ], [ -46.057084348292477, -23.753572874223163 ], [ -46.057089063320923, -23.753561371907868 ], [ -46.057089028318309, -23.753557037006818 ], [ -46.057084966222135, -23.753552187762789 ], [ -46.057068351959352, -23.753548237227005 ], [ -46.057037634648388, -23.753547544205649 ], [ -46.056953188918143, -23.753552005419294 ], [ -46.056896006051375, -23.753554654437796 ], [ -46.056867736511997, -23.753553312432256 ], [ -46.056839343341231, -23.753548810226867 ], [ -46.056824790959993, -23.753545026193244 ], [ -46.056780688872344, -23.753527174415844 ], [ -46.05675161589582, -23.753511387413926 ], [ -46.056699034091402, -23.753476253040354 ], [ -46.056670591084249, -23.753453417110325 ], [ -46.05665852702122, -23.753441848916907 ], [ -46.05664297353821, -23.753423440610447 ], [ -46.056630247171583, -23.753402755084238 ], [ -46.056624953778879, -23.753391230904658 ], [ -46.056612856356374, -23.753351213571879 ], [ -46.056607406258031, -23.753320272643528 ], [ -46.056600554735979, -23.753249421872535 ], [ -46.05659716757151, -23.753170148075704 ], [ -46.056597533672992, -23.75313040677775 ], [ -46.056601889397875, -23.753074381419488 ], [ -46.056610859709231, -23.753030878353556 ], [ -46.056617665500035, -23.753010962418578 ], [ -46.056631567331387, -23.752982779255383 ], [ -46.056650483208408, -23.75295582622056 ], [ -46.056662149816709, -23.752942470072131 ], [ -46.05670578225471, -23.752902161957447 ], [ -46.056740889927156, -23.752875459445953 ], [ -46.056820045315959, -23.752823438304521 ], [ -46.056883230885852, -23.752786518715009 ], [ -46.057011121027379, -23.752718539574072 ], [ -46.057141451165293, -23.752636815691293 ], [ -46.057201047158607, -23.752604978197684 ], [ -46.057258775690805, -23.752560599613332 ], [ -46.057285959964993, -23.752536931603423 ], [ -46.0573031781434, -23.75251847975969 ], [ -46.05733588416733, -23.75248601336293 ], [ -46.057359970708646, -23.75245541224826 ], [ -46.057381403778543, -23.752424287394415 ], [ -46.057420885118638, -23.752380304558347 ], [ -46.057326225727117, -23.752371378846327 ], [ -46.057264510444476, -23.752371620482226 ], [ -46.057201090756443, -23.752367357982322 ], [ -46.057135542856791, -23.752354710679622 ], [ -46.057067621999408, -23.752339821695433 ], [ -46.05699798176488, -23.752330724630237 ], [ -46.056951582200547, -23.752319933207808 ], [ -46.056919603236558, -23.752308772192539 ], [ -46.056904406900038, -23.752298128592574 ], [ -46.05686882293363, -23.752277960678569 ], [ -46.056850041278295, -23.752260748566705 ], [ -46.056835711212806, -23.752248021779618 ], [ -46.056810253134913, -23.752218120845399 ], [ -46.056778274049513, -23.752170472358834 ], [ -46.056759077074652, -23.752138270710326 ], [ -46.056712866258351, -23.752053599882899 ], [ -46.056685449769468, -23.751999869038002 ], [ -46.056647662980033, -23.751922798084593 ], [ -46.056637963290875, -23.751903014320519 ], [ -46.056597352035737, -23.751770528285466 ], [ -46.056582205427603, -23.751705243458041 ], [ -46.056576414436812, -23.751668524661365 ], [ -46.056574073735561, -23.751645961800691 ], [ -46.0565726504922, -23.751603342634745 ], [ -46.056577178835646, -23.751532233405364 ], [ -46.05658366635155, -23.751485044377187 ], [ -46.056600877013366, -23.751392714614191 ], [ -46.056625952655693, -23.751265830564623 ], [ -46.056635131927479, -23.751211759153133 ], [ -46.056641591437049, -23.751148945737846 ], [ -46.056641717867514, -23.751115979728898 ], [ -46.05663711389947, -23.751056132056068 ], [ -46.056621129161286, -23.750947772478092 ], [ -46.056608841051791, -23.750884093777621 ], [ -46.056585056879605, -23.75078192897174 ], [ -46.056558405878761, -23.750689266884883 ], [ -46.056543028038455, -23.750643943340862 ], [ -46.056517091381693, -23.750579003209953 ], [ -46.056487669327154, -23.750519867091999 ], [ -46.056471558628296, -23.750493153536656 ], [ -46.056466808876017, -23.750476026067673 ], [ -46.05646020903756, -23.750436332377401 ], [ -46.056458236791812, -23.750410786580741 ], [ -46.056459600379725, -23.750385217979009 ], [ -46.056464496753428, -23.750359715541364 ], [ -46.056472728956798, -23.750334190298478 ], [ -46.056485364568182, -23.750307189903818 ], [ -46.056502982058284, -23.750277445984821 ], [ -46.056525680263967, -23.750245048179789 ], [ -46.056553456994024, -23.750209725555052 ], [ -46.056649943370374, -23.750092649209577 ], [ -46.056667304356196, -23.750067603431592 ], [ -46.056683731305824, -23.750036241955112 ], [ -46.056699127563157, -23.749998746072265 ], [ -46.056713589052883, -23.749954844181055 ], [ -46.056735655074618, -23.749868442014918 ], [ -46.056742415958816, -23.749830824545469 ], [ -46.056746263354441, -23.749796929932831 ], [ -46.0567507001509, -23.74976312160511 ], [ -46.056759033737613, -23.749725854642378 ], [ -46.05677146106396, -23.749685218012779 ], [ -46.056787882555447, -23.749641031765222 ], [ -46.056825560697462, -23.749556058188116 ], [ -46.056844980915272, -23.749518715404239 ], [ -46.056864820540795, -23.749484711422589 ], [ -46.056887029423372, -23.74945249754505 ], [ -46.056913261615676, -23.74942034646438 ], [ -46.056943516385758, -23.749388167868201 ], [ -46.056977991412396, -23.749356141033022 ], [ -46.056993763072619, -23.749340860162359 ], [ -46.057004639339603, -23.74932687718956 ], [ -46.057010621673449, -23.749314372736631 ], [ -46.057011709346611, -23.749303256493572 ], [ -46.057007902360546, -23.749293528460434 ], [ -46.056999102604138, -23.749285189307866 ], [ -46.056985507030845, -23.749278328003562 ], [ -46.056966917959123, -23.749272765267126 ], [ -46.056891835107351, -23.749257744505876 ], [ -46.056834875556255, -23.749251360374053 ], [ -46.056807697840874, -23.749251455911299 ], [ -46.056774457597392, -23.749254121733792 ], [ -46.056689591834456, -23.749266984938945 ], [ -46.056508454756049, -23.749301911048352 ], [ -46.056424822376783, -23.749321719970332 ], [ -46.056341528019772, -23.74934694546663 ], [ -46.056259556437602, -23.749378032384875 ], [ -46.056179794998997, -23.749415516555793 ], [ -46.05610286856507, -23.749451716895898 ], [ -46.056029795191755, -23.749479039950952 ], [ -46.055960090890601, -23.749498301872503 ], [ -46.055893862527377, -23.749510585720618 ], [ -46.055862977609948, -23.749513325572099 ], [ -46.055834518549283, -23.749512707170283 ], [ -46.055808780412114, -23.749508818816047 ], [ -46.055785468135753, -23.74950157221118 ], [ -46.055760524902652, -23.74948675024272 ], [ -46.05572930377209, -23.749459959195349 ], [ -46.055692001708771, -23.749421288034927 ], [ -46.055648422504504, -23.749370738096555 ], [ -46.055573234023747, -23.74928174901402 ], [ -46.05553434625152, -23.749241101701603 ], [ -46.055527941314303, -23.749237713458545 ], [ -46.055519489131449, -23.749235964876959 ], [ -46.05549585290035, -23.74923721009668 ], [ -46.055463536394448, -23.749244926997257 ], [ -46.055422440039145, -23.749258935622429 ], [ -46.055376672152718, -23.749277672545684 ], [ -46.055330045992442, -23.749299486044148 ], [ -46.055282757778656, -23.749324374777149 ], [ -46.055234708667847, -23.749352249103509 ], [ -46.055141645307273, -23.749407164152522 ], [ -46.055055977260388, -23.749454442156075 ], [ -46.054976520656261, -23.749493278368188 ], [ -46.054901697718613, -23.749522690097223 ], [ -46.054834262154536, -23.749543471393256 ], [ -46.054776869556839, -23.749556416980365 ], [ -46.054751285562531, -23.749559481692245 ], [ -46.054726855634286, -23.749559648426924 ], [ -46.054703480934023, -23.749556827543813 ], [ -46.054681260303127, -23.749551108684368 ], [ -46.054660379783435, -23.749541226162201 ], [ -46.054641420775489, -23.749526272854705 ], [ -46.054624185602101, -23.749506069480539 ], [ -46.054608675719315, -23.749480796661231 ], [ -46.054595976907279, -23.749451259827644 ], [ -46.054586784678079, -23.749418538020567 ], [ -46.05458109903001, -23.749382631240536 ], [ -46.054579115457237, -23.749343447838505 ], [ -46.054582551728558, -23.749258437479988 ], [ -46.054593978620389, -23.749166598928316 ], [ -46.054624613657865, -23.7489744693763 ], [ -46.054652056675245, -23.74877585888127 ], [ -46.054665577206379, -23.748675967951495 ], [ -46.054681877572506, -23.748580122248196 ], [ -46.054702029719508, -23.74848741129961 ], [ -46.054727107045331, -23.748397105254881 ], [ -46.054753658189703, -23.748307060094056 ], [ -46.054778528316234, -23.748215400722049 ], [ -46.054822113667321, -23.7480353753337 ], [ -46.054839243121634, -23.747945033200615 ], [ -46.05485152220021, -23.747849395554272 ], [ -46.054888658990855, -23.747502240096061 ], [ -46.05486030515948, -23.747429368351042 ], [ -46.054840489981331, -23.747368992181901 ], [ -46.054829017217507, -23.747321112932049 ], [ -46.054825984965397, -23.747285729934404 ], [ -46.054828497093155, -23.7472565408683 ], [ -46.054833754129142, -23.747227062121127 ], [ -46.054841657961255, -23.747197294362312 ], [ -46.054852306697939, -23.747167236921886 ], [ -46.054863441616867, -23.747136634269111 ], [ -46.054872705160129, -23.747105141232943 ], [ -46.054886106493235, -23.74703920973139 ], [ -46.054889472498097, -23.747006402214069 ], [ -46.054890108147561, -23.746975690589924 ], [ -46.054887817222934, -23.746947076198381 ], [ -46.05488260045361, -23.746920649349722 ], [ -46.054873048652837, -23.746891994200052 ], [ -46.054857652344616, -23.746856424642484 ], [ -46.054836412991072, -23.74681412129592 ], [ -46.054809330601351, -23.746765084157694 ], [ -46.054779691552632, -23.746715341937815 ], [ -46.05475088250391, -23.746671193611125 ], [ -46.054722904177829, -23.746632729489058 ], [ -46.054695754387851, -23.746599678640568 ], [ -46.054568805120965, -23.746454956223541 ], [ -46.054501127810106, -23.746372417987573 ], [ -46.054444862580468, -23.746293685430558 ], [ -46.054420808088011, -23.746255104161527 ], [ -46.05439881027759, -23.746216057279558 ], [ -46.054378869147541, -23.746176544785399 ], [ -46.054361181642577, -23.746136655652098 ], [ -46.054331899637283, -23.746058100231849 ], [ -46.054310887948098, -23.745983101011515 ], [ -46.05426957532989, -23.745811692919535 ], [ -46.054256741761627, -23.745765358255021 ], [ -46.054242480182801, -23.745724452263648 ], [ -46.054226790592942, -23.745688974945143 ], [ -46.054209672263958, -23.745658835988575 ], [ -46.054168485141844, -23.745600502101439 ], [ -46.054116156476496, -23.745535380204899 ], [ -46.054089395876616, -23.745501875002116 ], [ -46.054067066191649, -23.745470326519211 ], [ -46.054048969018943, -23.745440465164343 ], [ -46.054035302753526, -23.745412560533069 ], [ -46.054012836444343, -23.745351841040094 ], [ -46.053991050369717, -23.745278111460088 ], [ -46.05397896041147, -23.745238816309755 ], [ -46.053964232421691, -23.745200893880654 ], [ -46.053946769020172, -23.745164435151697 ], [ -46.053926569481632, -23.745129349811307 ], [ -46.053904824921744, -23.745097345732734 ], [ -46.053882820928607, -23.745069678567798 ], [ -46.053860362735975, -23.745046530275612 ], [ -46.05383754845036, -23.74502790018725 ], [ -46.05378807767034, -23.74498867925244 ], [ -46.053732032923882, -23.744937220198391 ], [ -46.053703443358877, -23.744908062537306 ], [ -46.053677302164566, -23.744878346286132 ], [ -46.05365341312212, -23.744848072783704 ], [ -46.053631774777514, -23.744817061409769 ], [ -46.053612884937735, -23.744786211927966 ], [ -46.053596844615484, -23.744755884913054 ], [ -46.053583654535046, -23.744726170676763 ], [ -46.053573314694546, -23.744697069219839 ], [ -46.053557807172922, -23.7446353990555 ], [ -46.053546746547696, -23.74456547985832 ], [ -46.053534152560793, -23.744487894284866 ], [ -46.05351365108163, -23.744403047042848 ], [ -46.053500357179217, -23.744360418372992 ], [ -46.053485028436775, -23.744320964616673 ], [ -46.05346746863858, -23.744284687110575 ], [ -46.053447775166717, -23.744251494874739 ], [ -46.053425746720286, -23.744220757070948 ], [ -46.053401178367032, -23.744191391307748 ], [ -46.05337416821591, -23.74416339691517 ], [ -46.053344521503867, -23.744136955850514 ], [ -46.053314015072118, -23.744113410737853 ], [ -46.05328413216084, -23.744094196519125 ], [ -46.053254970875074, -23.744079312526392 ], [ -46.053226434555761, -23.744068940049928 ], [ -46.053197906229215, -23.744059560985367 ], [ -46.053168968045568, -23.744048017133323 ], [ -46.053109667349773, -23.744018617023752 ], [ -46.053079204554365, -23.744000490501996 ], [ -46.053048131335835, -23.743979658664237 ], [ -46.052984056982737, -23.743930060328331 ], [ -46.052918921010772, -23.743870444162155 ], [ -46.052854103481273, -23.743801613603797 ], [ -46.052785100883817, -23.743724773430227 ], [ -46.052707115393112, -23.743641130414105 ], [ -46.052636784459303, -23.743569898783473 ], [ -46.052610594299409, -23.743546233812967 ], [ -46.052590452587154, -23.743530475424425 ], [ -46.052572611628406, -23.743520210619273 ], [ -46.052553125339649, -23.743512756800513 ], [ -46.052532092553342, -23.743508203610105 ], [ -46.052509413709103, -23.743506371094259 ], [ -46.052364340142603, -23.743498598254636 ], [ -46.05231770053021, -23.743494129056785 ], [ -46.05227585296079, -23.743487730593337 ], [ -46.052238798886542, -23.74347958348968 ], [ -46.052206733072694, -23.743469505791992 ], [ -46.052142935852672, -23.74344212284883 ], [ -46.052070615802613, -23.743404140642784 ], [ -46.051994994410961, -23.743358233093574 ], [ -46.05192119649822, -23.743307255419822 ], [ -46.051886544608173, -23.743280577173984 ], [ -46.051855426053628, -23.743254055506792 ], [ -46.051827840832658, -23.743227690420664 ], [ -46.051803887050347, -23.743201481249923 ], [ -46.051676922577713, -23.743054046843447 ], [ -46.051636927544237, -23.74300952239123 ], [ -46.051599535533619, -23.742971482945798 ], [ -46.051564549598226, -23.742939839533534 ], [ -46.051532166670746, -23.742914681132479 ], [ -46.051500580213798, -23.742890962356604 ], [ -46.051468573790096, -23.742863814435541 ], [ -46.051435853080676, -23.742833239371055 ], [ -46.05140261430315, -23.742799235827775 ], [ -46.051385809217834, -23.742783544893378 ], [ -46.051369038207135, -23.742772098561446 ], [ -46.05135220316216, -23.742764897499278 ], [ -46.051335402188386, -23.742761941039653 ], [ -46.051318537902027, -23.742763320160662 ], [ -46.051301706958689, -23.742768853573576 ], [ -46.051284812699471, -23.742778722567291 ], [ -46.051267854397778, -23.742792836830962 ], [ -46.051234247326086, -23.742822959876786 ], [ -46.051200798764185, -23.742848385423155 ], [ -46.051167704930293, -23.742869112135569 ], [ -46.051134768888524, -23.742885051037888 ], [ -46.051061027904765, -23.742914453490251 ], [ -46.050970933398077, -23.742947760357918 ], [ -46.050924258660444, -23.742963341049553 ], [ -46.050882651438499, -23.74297464243881 ], [ -46.050846112462295, -23.742981754840386 ], [ -46.050814542179793, -23.742984498303077 ], [ -46.05078480550624, -23.742983436036354 ], [ -46.050753471584542, -23.742978952626071 ], [ -46.050720735907568, -23.742970956426699 ], [ -46.05068659992709, -23.742959628058735 ], [ -46.050652438597638, -23.742945138806643 ], [ -46.050620216965733, -23.742927836576929 ], [ -46.050589639986534, -23.742907633060238 ], [ -46.05056100343203, -23.742884706878804 ], [ -46.050496567399954, -23.742826529930962 ], [ -46.050414711739677, -23.742749414722347 ], [ -46.050239339350263, -23.742584696459407 ], [ -46.050196850635736, -23.742547233180357 ], [ -46.050153800093518, -23.742513115386341 ], [ -46.050110285827706, -23.742482342410341 ], [ -46.050066209004029, -23.742454824607865 ], [ -46.050022847182156, -23.742430824247332 ], [ -46.049980985213537, -23.742410335998095 ], [ -46.049940623094429, -23.742393359861694 ], [ -46.049901957034528, -23.742379894506609 ], [ -46.049861248109288, -23.742368610593239 ], [ -46.049814758120412, -23.742358269088708 ], [ -46.049762585175017, -23.74234886932129 ], [ -46.049704827379813, -23.742340410619196 ], [ -46.049647476492879, -23.742333755446207 ], [ -46.049596522822647, -23.742329585653366 ], [ -46.049552164026792, -23.742328080536424 ], [ -46.049514398655454, -23.742329059479733 ], [ -46.049480455111336, -23.74232947057169 ], [ -46.049447952056923, -23.742325988300998 ], [ -46.049416890218851, -23.742318702979439 ], [ -46.049387170768938, -23.742307524962907 ], [ -46.04932766387661, -23.742276679697088 ], [ -46.049265233781604, -23.742236100153566 ], [ -46.049235815639449, -23.742213540281941 ], [ -46.049211501955362, -23.742191307020203 ], [ -46.049192390110235, -23.742169309393926 ], [ -46.049178381994473, -23.742147548071056 ], [ -46.049167902110362, -23.742125311220917 ], [ -46.049159668558232, -23.742101794703437 ], [ -46.049153485123682, -23.742076999850703 ], [ -46.049149547295805, -23.742050835020439 ], [ -46.04913934802908, -23.741928887713218 ], [ -46.049135891339326, -23.741901545512025 ], [ -46.049133075637627, -23.741892984629413 ], [ -46.049129601400189, -23.741887950529126 ], [ -46.049125467903394, -23.741886352900366 ], [ -46.049120674423584, -23.741888101432405 ], [ -46.049108914916694, -23.74190208986407 ], [ -46.049076889089577, -23.741945929708862 ], [ -46.049032926051183, -23.741993824450748 ], [ -46.048975845610585, -23.742045420825779 ], [ -46.048904664510005, -23.742100454544936 ], [ -46.048866603911762, -23.742125820575719 ], [ -46.048831047071666, -23.742145299087312 ], [ -46.048797699675049, -23.742158892078095 ], [ -46.048766757940719, -23.742166598218258 ] ] ] } },
{ "type": "Feature", "properties": { "gid": 2, "nome": "Área 2", "ato_legal": 0.0, "area": 313.56 }, "geometry": { "type": "Polygon", "coordinates": [ [ [ -46.008115935525637, -23.77530678912532 ], [ -46.018426083826618, -23.743935288411418 ], [ -46.018373811868223, -23.743837278373309 ], [ -46.018328444830324, -23.743744009587157 ], [ -46.018250150596906, -23.743567415127224 ], [ -46.018233838006736, -23.743526248039821 ], [ -46.018221379751658, -23.743488668212116 ], [ -46.01821287393571, -23.743454674998901 ], [ -46.0182081229338, -23.743424089070359 ], [ -46.018206521943007, -23.743394837136027 ], [ -46.018207072323086, -23.743364667866899 ], [ -46.018209675963902, -23.743333581909258 ], [ -46.018214627189877, -23.743301577324274 ], [ -46.018222019193118, -23.743268021283718 ], [ -46.018232435006389, -23.743232187416275 ], [ -46.01824577722023, -23.743194166679288 ], [ -46.0182621439399, -23.743153958425907 ], [ -46.018335532735144, -23.742977267853522 ], [ -46.018408100663386, -23.742795976524619 ], [ -46.01847632094892, -23.742623384174252 ], [ -46.018542934115239, -23.742446015620651 ], [ -46.018577383271627, -23.742359175288676 ], [ -46.018613878115445, -23.742283069109043 ], [ -46.018654513110292, -23.742209464494593 ], [ -46.018701381301398, -23.742129948232307 ], [ -46.018752940342168, -23.742048052817548 ], [ -46.018808040324835, -23.741967308160792 ], [ -46.018866213887776, -23.74189069777664 ], [ -46.018927288701022, -23.741821293552007 ], [ -46.018958442829479, -23.741790200017956 ], [ -46.018989331425352, -23.741762811196583 ], [ -46.019020051896348, -23.741739036129697 ], [ -46.019050604244853, -23.741718874817284 ], [ -46.019082645759894, -23.741700961589046 ], [ -46.019117932538229, -23.741684020438374 ], [ -46.01915656128137, -23.741667870092876 ], [ -46.01919853269122, -23.741652600861617 ], [ -46.019290832874297, -23.741624355481871 ], [ -46.019393159639009, -23.741598572783534 ], [ -46.019444979679896, -23.741588115618701 ], [ -46.019493001643468, -23.7415812961376 ], [ -46.019537323641707, -23.741578113696722 ], [ -46.019577749464162, -23.741578569593141 ], [ -46.019616827794849, -23.741582376069825 ], [ -46.019656911805285, -23.741589336973114 ], [ -46.019697904094308, -23.741599543260765 ], [ -46.019739902069468, -23.741612903973149 ], [ -46.019780642938166, -23.741628621190575 ], [ -46.019817569583758, -23.741645898937577 ], [ -46.019850879627107, -23.741664916545673 ], [ -46.019880375447094, -23.741685494688387 ], [ -46.019908989013118, -23.741706168962548 ], [ -46.019939358676162, -23.741725567216179 ], [ -46.019971483732668, -23.741743599136527 ], [ -46.020005364885684, -23.741760355034337 ], [ -46.020080566501996, -23.741791650123808 ], [ -46.020166938334377, -23.74182106513107 ], [ -46.020212566399884, -23.741834401753966 ], [ -46.020257883972967, -23.741845663138061 ], [ -46.020302695539989, -23.741854940890605 ], [ -46.020347098502697, -23.741862144052671 ], [ -46.020388639468727, -23.74186719850357 ], [ -46.020424668126935, -23.741869941108515 ], [ -46.020455379283007, -23.741870189953147 ], [ -46.020480676235039, -23.741868126311427 ], [ -46.020503007447019, -23.741863192124164 ], [ -46.020524920897387, -23.741855009306008 ], [ -46.020546417288195, -23.741843668168801 ], [ -46.020567495914442, -23.741829078401103 ], [ -46.020613889660368, -23.741789574831103 ], [ -46.020669398507856, -23.741736282989219 ], [ -46.020697021028596, -23.741705302751157 ], [ -46.020719724799562, -23.741672638978649 ], [ -46.020737312201646, -23.74163811234634 ], [ -46.020749980860188, -23.74160190218322 ], [ -46.020800074384383, -23.74143286059758 ], [ -46.020815614433722, -23.741387419207893 ], [ -46.020832458720761, -23.741345672170883 ], [ -46.020850509842262, -23.741307710445646 ], [ -46.020869865905588, -23.74127353338389 ], [ -46.020913889855677, -23.741206950497897 ], [ -46.02096651549455, -23.741136246556959 ], [ -46.021023768289865, -23.74106758931087 ], [ -46.021082065450685, -23.741007053610517 ], [ -46.021142091621343, -23.740954363983356 ], [ -46.021173010530013, -23.740930948456306 ], [ -46.021204435450386, -23.740909516538512 ], [ -46.021236348781549, -23.740887810439084 ], [ -46.021268437192845, -23.740863393688581 ], [ -46.021333633300785, -23.740806876551147 ], [ -46.021363716587977, -23.740776963737055 ], [ -46.021388418785897, -23.740748983113711 ], [ -46.021407542277679, -23.740722755356554 ], [ -46.02142128468914, -23.740698459794334 ], [ -46.021443330681677, -23.740644395312241 ], [ -46.021466048129554, -23.740575785471137 ], [ -46.021478222439953, -23.740539126937133 ], [ -46.021491888058826, -23.740504987403263 ], [ -46.02150704639385, -23.740473547492417 ], [ -46.021523597225851, -23.740444536917618 ], [ -46.021561154501036, -23.740391724662341 ], [ -46.021582153901015, -23.740367019864703 ], [ -46.021604634747746, -23.740343569701778 ], [ -46.021655596394147, -23.740298616671396 ], [ -46.021715499054729, -23.740255320540133 ], [ -46.021780571013281, -23.740208106619555 ], [ -46.021847040547833, -23.740151400226587 ], [ -46.021939402637685, -23.740068421239169 ], [ -46.021964029725197, -23.740043421461642 ], [ -46.021987622196605, -23.740011564484131 ], [ -46.021991777345576, -23.740003408550443 ], [ -46.021992901071187, -23.7399965370854 ], [ -46.021990896677202, -23.739991131360714 ], [ -46.021985861565319, -23.739987100416041 ], [ -46.021977697629673, -23.739984444899733 ], [ -46.021966404165653, -23.739983074499666 ], [ -46.021934528870823, -23.73998445933173 ], [ -46.021897189226848, -23.739989673562199 ], [ -46.02186133525943, -23.739996684288439 ], [ -46.0218268709745, -23.740005763094874 ], [ -46.021793893067894, -23.740016728710682 ], [ -46.021723447603378, -23.740041670032177 ], [ -46.021641243467165, -23.740068495358823 ], [ -46.0215977752189, -23.740080433424531 ], [ -46.021555846376522, -23.740088477705772 ], [ -46.021515161921577, -23.740092539836876 ], [ -46.021476016176344, -23.740092617873952 ], [ -46.02139198946459, -23.740087031570553 ], [ -46.021294394544149, -23.740077741577377 ], [ -46.021245093180809, -23.740071383877119 ], [ -46.021201566000826, -23.740063181691639 ], [ -46.0211638137094, -23.740053225337295 ], [ -46.021132033222806, -23.740041603833763 ], [ -46.021103078107195, -23.740027434805313 ], [ -46.021074099767958, -23.740010285487415 ], [ -46.02104529371546, -23.739990064272217 ], [ -46.021016464443584, -23.739966862767357 ], [ -46.020990174676193, -23.739942199423957 ], [ -46.020968794441437, -23.739918045548922 ], [ -46.020952323736424, -23.739894401144369 ], [ -46.020940761150769, -23.739871085588732 ], [ -46.020933311980542, -23.739846839703613 ], [ -46.02092908060169, -23.739820043711227 ], [ -46.02092806771639, -23.739790787923518 ], [ -46.020930272618678, -23.73975898202896 ], [ -46.02093610532534, -23.73972688122678 ], [ -46.020946169952673, -23.739696468485395 ], [ -46.020960467201867, -23.739667834115711 ], [ -46.020978997070856, -23.739640978116519 ], [ -46.021048365339759, -23.739553364746712 ], [ -46.021077495779231, -23.739514516970839 ], [ -46.021108342828057, -23.739469335711028 ], [ -46.021114439011619, -23.739458457489782 ], [ -46.021117020989671, -23.739449860387868 ], [ -46.021116090171233, -23.73944372502865 ], [ -46.021111448937255, -23.739439872084734 ], [ -46.021103294203137, -23.73943839057165 ], [ -46.021091625968403, -23.739439280488565 ], [ -46.021057454677376, -23.739448176553584 ], [ -46.020911961494065, -23.739499172676773 ], [ -46.02076797425989, -23.739554584220155 ], [ -46.02069136505154, -23.739581733361561 ], [ -46.020624107121606, -23.739600240679735 ], [ -46.020589524333424, -23.739606700819962 ], [ -46.020548751027697, -23.739611937391999 ], [ -46.020448240441993, -23.739618742401582 ], [ -46.020338760714914, -23.739620277883432 ], [ -46.02023650001729, -23.739616527299628 ], [ -46.020189568877768, -23.739612140572145 ], [ -46.020147035622493, -23.739605557217274 ], [ -46.020108999062131, -23.739596866902893 ], [ -46.020075458494617, -23.739585979320594 ], [ -46.020043073402391, -23.739572284301147 ], [ -46.020008602781459, -23.739555351648285 ], [ -46.019933206646392, -23.739511503795487 ], [ -46.019891283911974, -23.739482517895915 ], [ -46.019845180997024, -23.739445882674829 ], [ -46.019794996019023, -23.739401597480782 ], [ -46.019740533482754, -23.739349753915075 ], [ -46.019687945628036, -23.739274054455784 ], [ -46.019643166511166, -23.739205799726729 ], [ -46.019605999198326, -23.739144900718195 ], [ -46.019576640586067, -23.739091446453909 ], [ -46.019553313517292, -23.739044003598149 ], [ -46.019534534453534, -23.739001046560585 ], [ -46.019520400790825, -23.738962484384334 ], [ -46.019510815823878, -23.738928498341359 ], [ -46.019492598846341, -23.738856907315334 ], [ -46.019487853249309, -23.738852242161954 ], [ -46.019477211499307, -23.738846351462243 ], [ -46.019438435052727, -23.738830801813084 ], [ -46.019410996934177, -23.738822402694339 ], [ -46.01937925413575, -23.738815567332864 ], [ -46.019343107146284, -23.738810115749487 ], [ -46.019302655475499, -23.738806227917799 ], [ -46.019261433720601, -23.738804241795645 ], [ -46.019222879777566, -23.738804676614794 ], [ -46.019186992942068, -23.738807442065657 ], [ -46.019153970827801, -23.738812717480101 ], [ -46.019085423625768, -23.73882942629816 ], [ -46.019007124887125, -23.738853785935959 ], [ -46.018966116423357, -23.738866610208316 ], [ -46.018926265547016, -23.738876897982976 ], [ -46.018887669663485, -23.738884558302445 ], [ -46.018850133969693, -23.738889773084153 ], [ -46.018812973837818, -23.738892817789637 ], [ -46.018775406534168, -23.738893968526448 ], [ -46.018698955824213, -23.73889104029735 ], [ -46.018610709308533, -23.738885209313544 ], [ -46.01850108567502, -23.738880783546684 ], [ -46.018444651261106, -23.738878084583614 ], [ -46.018395660916127, -23.738873801183967 ], [ -46.018354114641227, -23.738867933354875 ], [ -46.018320012437407, -23.738860481102222 ], [ -46.018249782058156, -23.738837371130597 ], [ -46.018160219896863, -23.738801111943218 ], [ -46.018068645850228, -23.738758453490394 ], [ -46.017991983849534, -23.738715696787793 ], [ -46.017926590658035, -23.738671149836094 ], [ -46.017896580742956, -23.738647413597725 ], [ -46.017868525924314, -23.738622761317171 ], [ -46.017806607069886, -23.738570785494815 ], [ -46.017729359322665, -23.738515749486602 ], [ -46.017688167610174, -23.738492357765566 ], [ -46.01766838466078, -23.738484269204168 ], [ -46.01764920928467, -23.738478615182498 ], [ -46.017630642182439, -23.738475486012646 ], [ -46.017612682651269, -23.738474791383261 ], [ -46.017595329988779, -23.738476440982542 ], [ -46.01757848749191, -23.738480616080277 ], [ -46.017510151874063, -23.738499309768457 ], [ -46.017437063006618, -23.738512344778137 ], [ -46.017346202379883, -23.73852360006137 ], [ -46.017310667309687, -23.73852112441114 ], [ -46.01723475426158, -23.738511598817521 ], [ -46.017188977704066, -23.738504223126967 ], [ -46.017147503048619, -23.738494922474953 ], [ -46.017110234294577, -23.738483968445767 ], [ -46.017077463654395, -23.738471088170812 ], [ -46.016910892312282, -23.738397763246585 ], [ -46.016861286179427, -23.738377316772265 ], [ -46.016817605611195, -23.738361889025395 ], [ -46.016779948004746, -23.738351389053992 ], [ -46.016748215950244, -23.738345907819838 ], [ -46.016676653291732, -23.738340688522698 ], [ -46.016577240747239, -23.738337187704985 ], [ -46.016469372962106, -23.738331394190173 ], [ -46.016419786524651, -23.73832612059546 ], [ -46.016372935818694, -23.738319383936826 ], [ -46.016328525129389, -23.738311005528008 ], [ -46.016285966529352, -23.738301079552315 ], [ -46.016245456929852, -23.738289695033401 ], [ -46.016206701316605, -23.738276763595547 ], [ -46.016027715482899, -23.738209209233343 ], [ -46.015938579656037, -23.738177190795533 ], [ -46.015904950065796, -23.738167386668309 ], [ -46.015878512945427, -23.73816150919302 ], [ -46.015867719312979, -23.738161309169595 ], [ -46.015857833133438, -23.738164264256625 ], [ -46.015849052016549, -23.738170553788681 ], [ -46.015841374561155, -23.73817999714224 ], [ -46.015834704062776, -23.738192775585844 ], [ -46.015829039820836, -23.738208798807719 ], [ -46.015820828211723, -23.738250578942186 ], [ -46.015794362612183, -23.738443488039223 ], [ -46.015777501335094, -23.738533824910959 ], [ -46.015767122277076, -23.738574445170009 ], [ -46.015755640949038, -23.738612092229381 ], [ -46.015741312463255, -23.738649487045663 ], [ -46.015722788551251, -23.738689889866631 ], [ -46.015700165912726, -23.738733119422822 ], [ -46.015673346436934, -23.738779176357212 ], [ -46.015644939053445, -23.738822895492969 ], [ -46.015617748210509, -23.738859020054143 ], [ -46.015591773913279, -23.73888755004123 ], [ -46.015566819956419, -23.738908486743878 ], [ -46.015541631276278, -23.738924457582502 ], [ -46.015514562485478, -23.73893836349027 ], [ -46.015485711689891, -23.73895020382189 ], [ -46.01545488127951, -23.738959799241286 ], [ -46.015382798166883, -23.738976078075506 ], [ -46.015293434473612, -23.738990664039726 ], [ -46.015199423408632, -23.739000584018562 ], [ -46.015155485448766, -23.739002588559913 ], [ -46.015113494901357, -23.739002683657013 ], [ -46.015032414286004, -23.738997345471937 ], [ -46.014952652577783, -23.738984953905248 ], [ -46.014914910808727, -23.738976260361778 ], [ -46.01488059154179, -23.738966099278183 ], [ -46.014849695477032, -23.738954560968818 ], [ -46.014822221215226, -23.738941464811727 ], [ -46.014795018889068, -23.738925476739393 ], [ -46.014764643617752, -23.738905174301571 ], [ -46.014694569769375, -23.738851534721448 ], [ -46.014658421182368, -23.738820522501634 ], [ -46.014626201022644, -23.738790026388443 ], [ -46.014597907888586, -23.738759865760827 ], [ -46.014573739386528, -23.738730219957031 ], [ -46.014529553608675, -23.738674875017225 ], [ -46.014486406966078, -23.738627019507337 ], [ -46.014464674160962, -23.738607834406242 ], [ -46.014442103171177, -23.738594435053201 ], [ -46.014418693993974, -23.738586821447793 ], [ -46.014394544032207, -23.738584902634319 ], [ -46.014369456373302, -23.738588589588034 ], [ -46.014343524923355, -23.738597339793877 ], [ -46.014316456063092, -23.738611245494539 ], [ -46.014288544803776, -23.738630395070135 ], [ -46.014155224947153, -23.738733327278375 ], [ -46.014070153171289, -23.738795390821107 ], [ -46.013967753702786, -23.738862354741137 ], [ -46.013914337469799, -23.738894677100028 ], [ -46.01386529821422, -23.738922093648487 ], [ -46.01382053853785, -23.738944695345683 ], [ -46.013780057748974, -23.738962391883362 ], [ -46.013741219584162, -23.738976826247551 ], [ -46.013701385680314, -23.738989370486518 ], [ -46.01366055673747, -23.739000114911015 ], [ -46.013618733455665, -23.739009149832171 ], [ -46.013577677543907, -23.739015921800188 ], [ -46.013539545929085, -23.739020236041373 ], [ -46.013504141005036, -23.739021913220604 ], [ -46.013471561578527, -23.739021043008439 ], [ -46.013400088341804, -23.739014737817417 ], [ -46.013310338140357, -23.739004759103295 ], [ -46.013177564642277, -23.738988198259491 ], [ -46.013127338427545, -23.73897633470434 ], [ -46.013044526858309, -23.738950143718128 ], [ -46.012996515894088, -23.738932936932958 ], [ -46.012952031851427, -23.7389150748077 ], [ -46.012910779016678, -23.738896378650136 ], [ -46.012872953600308, -23.73887684717738 ], [ -46.012837475045522, -23.738856306838496 ], [ -46.012803555715699, -23.738834401529214 ], [ -46.012770999400374, -23.738811132535982 ], [ -46.012739904205333, -23.738786499217071 ], [ -46.012711943507192, -23.738761213142901 ], [ -46.012688593073626, -23.738735806547101 ], [ -46.012669852204134, -23.738710189119718 ], [ -46.012655721594093, -23.738684451174532 ], [ -46.01264208640292, -23.738659342197746 ], [ -46.01262453747642, -23.738635613602234 ], [ -46.012603270328697, -23.738613173789286 ], [ -46.012578088750509, -23.738592024042507 ], [ -46.012550873494583, -23.738574319636804 ], [ -46.012523015482437, -23.738562309372874 ], [ -46.012494611419775, -23.738555811984064 ], [ -46.012465563895738, -23.738554918424821 ], [ -46.012435860344077, -23.738558003080684 ], [ -46.01240499627756, -23.738563262925851 ], [ -46.012373169300822, -23.738570877298713 ], [ -46.012340181805875, -23.73858066685963 ], [ -46.012307701580106, -23.738592620687097 ], [ -46.012276906583217, -23.73860682138486 ], [ -46.012260880182346, -23.738615856764461 ], [ -46.012204655466242, -23.738654329534608 ], [ -46.01216312704949, -23.7386866835853 ], [ -46.012095667934595, -23.73874276018163 ], [ -46.012022725322559, -23.738800227393494 ], [ -46.0119857386996, -23.73882575812566 ], [ -46.011948637214061, -23.738849122005952 ], [ -46.011911909302505, -23.738870044887715 ], [ -46.011876533232019, -23.73888815910216 ], [ -46.011842411597307, -23.738903555604132 ], [ -46.011809641111491, -23.738916053128484 ], [ -46.011777338827329, -23.738925657454825 ], [ -46.011744816613529, -23.738932192453738 ], [ -46.011712075169548, -23.738935748436997 ], [ -46.011679113102851, -23.738936144780769 ], [ -46.011504663315854, -23.738934938071591 ], [ -46.011453558693333, -23.738936356237136 ], [ -46.011408551952343, -23.738939721453928 ], [ -46.011369741894129, -23.738945123397549 ], [ -46.0113369309124, -23.738952382732311 ], [ -46.011306868277117, -23.738959804714277 ], [ -46.011276006153672, -23.738965335274337 ], [ -46.011244345937456, -23.738969155035686 ], [ -46.011211985038152, -23.738971173044227 ], [ -46.01113413102793, -23.7389771012636 ], [ -46.011031415339666, -23.738990597991144 ], [ -46.010975056191285, -23.738997649985439 ], [ -46.01092102996715, -23.739001886892659 ], [ -46.010869335973936, -23.739003218403504 ], [ -46.010820171123505, -23.739001733548953 ], [ -46.010720426836635, -23.73899344436834 ], [ -46.010613779636287, -23.738980594107851 ], [ -46.010510531064973, -23.738964298193743 ], [ -46.010412175072325, -23.738944069298054 ], [ -46.010365466959598, -23.738930375513885 ], [ -46.01031645576424, -23.73891064556117 ], [ -46.010252162219111, -23.73888058685964 ], [ -46.002965315213537, -23.774260391511969 ], [ -46.008115935525637, -23.77530678912532 ] ] ] } }
]
}
