{
"type": "FeatureCollection",
"name": "pesm",
"crs": { "type": "name", "properties": { "name": "urn:ogc:def:crs:OGC:1.3:CRS84" } },
"features": [
{ "type": "Feature", "properties": { "gid": 1, "sobre": 0.0, "ato_legal": 0.0, "area": 27884.4, "nome": "Núcleo  Bertioga" }, "geometry": { "type": "Polygon", "coordinates": [ [ [ -45.936368301532077, -23.655477052033223 ], [ -45.936572570583792, -23.655798255563568 ], [ -45.936912697043311, -23.65619631169406 ], [ -45.937497241557303, -23.65676991343107 ], [ -45.937683284007974, -23.656933215269358 ], [ -45.938098130529283, -23.65729735136193 ], [ -45.938172361234876, -23.657394446169338 ], [ -45.938314300182363, -23.657773828295092 ], [ -45.938304737239839, -23.658220060035845 ], [ -45.937776248137943, -23.658358736363898 ], [ -45.937371744188589, -23.658385181671356 ], [ -45.937319540562122, -23.658388594510875 ], [ -45.936756336767232, -23.658334195498057 ], [ -45.93573831948914, -23.658162417098509 ], [ -45.935569909479248, -23.658195948421 ], [ -45.935183466116428, -23.658454785506912 ], [ -45.935039536310093, -23.65860421270057 ], [ -45.934559557736442, -23.659102520660337 ], [ -45.934500187755781, -23.659440670371186 ], [ -45.934556920943749, -23.659711071888502 ], [ -45.934581379914412, -23.659827647773728 ], [ -45.934582612295223, -23.660001052134223 ], [ -45.934509123750772, -23.660284192582299 ], [ -45.934236029432213, -23.660350880176395 ], [ -45.934028043784991, -23.660334973194331 ], [ -45.933780985374554, -23.660201887124689 ], [ -45.933405368221848, -23.660053317584744 ], [ -45.933211898201819, -23.659951538552914 ], [ -45.932517618926781, -23.659586294802942 ], [ -45.932303341939978, -23.659512619365277 ], [ -45.932131622857497, -23.659494685293115 ], [ -45.931915204780807, -23.659533920566634 ], [ -45.931768275841137, -23.659638132520001 ], [ -45.93168788457244, -23.659695151296152 ], [ -45.931595640607732, -23.659823055133081 ], [ -45.931484507964392, -23.66019132016293 ], [ -45.93136541102448, -23.660404284822651 ], [ -45.931347540683689, -23.660418282607068 ], [ -45.93117136143006, -23.660556283023052 ], [ -45.931047049986717, -23.660586835031229 ], [ -45.930897772248606, -23.660553410610689 ], [ -45.930824793918653, -23.660494238583571 ], [ -45.930781780986678, -23.660097094628135 ], [ -45.930828175551717, -23.659863793749913 ], [ -45.931045732801202, -23.659569854383577 ], [ -45.931129800754967, -23.659395034261781 ], [ -45.93112896705663, -23.65934382962649 ], [ -45.931126330624167, -23.659181902977714 ], [ -45.931046600487122, -23.658999938143694 ], [ -45.930839830236927, -23.658878346630061 ], [ -45.9306596201708, -23.658907427613858 ], [ -45.930540768520473, -23.659016523679551 ], [ -45.930536147116712, -23.659070924096021 ], [ -45.930501847808792, -23.659474673248074 ], [ -45.930298709238748, -23.659727881898952 ], [ -45.930063089224852, -23.659825033837848 ], [ -45.929851875880765, -23.659768497158367 ], [ -45.929650874300307, -23.659353333609321 ], [ -45.929696964213953, -23.659076681811673 ], [ -45.929700618779002, -23.658761447526899 ], [ -45.929679971307181, -23.658676776169557 ], [ -45.929670152665622, -23.658636511747513 ], [ -45.9296289235334, -23.658467438449396 ], [ -45.929458345000967, -23.658055704771925 ], [ -45.928926871465812, -23.657634392726532 ], [ -45.92848170301211, -23.657354362276294 ], [ -45.927506841959158, -23.656904088891181 ], [ -45.927045927733218, -23.656754207443981 ], [ -45.926730421757803, -23.65678499611019 ], [ -45.926186976022763, -23.656889401375697 ], [ -45.925850739813413, -23.656900441997877 ], [ -45.925800597078187, -23.656890782467244 ], [ -45.925073124374464, -23.656750639608884 ], [ -45.924573087135187, -23.656753623055973 ], [ -45.924205656923398, -23.656651044408086 ], [ -45.92393787294877, -23.656496389200523 ], [ -45.923822099308268, -23.656346246735875 ], [ -45.923810051843418, -23.656166583992231 ], [ -45.923859363882606, -23.656067842533755 ], [ -45.923922470165799, -23.656026073690501 ], [ -45.92413751322713, -23.65588374037203 ], [ -45.924385074212125, -23.65581181554488 ], [ -45.925021023187632, -23.655755636848109 ], [ -45.925142333125343, -23.655716978974674 ], [ -45.925273047297075, -23.655621363985439 ], [ -45.925275366022937, -23.655532837659472 ], [ -45.925174692487197, -23.655438603765418 ], [ -45.92488446110606, -23.65529853513409 ], [ -45.923673967633292, -23.655358137842089 ], [ -45.923474544484833, -23.655443322599549 ], [ -45.923057314009633, -23.655509030904948 ], [ -45.922893206794953, -23.655552175583651 ], [ -45.922558180708393, -23.655640255180092 ], [ -45.921698749983321, -23.65569471728465 ], [ -45.92159869865646, -23.655701057223641 ], [ -45.921527812370449, -23.655744968870284 ], [ -45.921505953761269, -23.655758509513955 ], [ -45.921437688893811, -23.65595129462119 ], [ -45.921446367766812, -23.656070463999562 ], [ -45.921499097840837, -23.656179436401139 ], [ -45.922421715273195, -23.657153005542323 ], [ -45.922535687007347, -23.657465733763328 ], [ -45.922535720163168, -23.657610243765948 ], [ -45.922461351378772, -23.657771453970135 ], [ -45.922417606218012, -23.657812273352285 ], [ -45.922350299490368, -23.657875078376357 ], [ -45.922048263740329, -23.65800964413312 ], [ -45.921747187529107, -23.658046581809096 ], [ -45.921746524202661, -23.658046663201308 ], [ -45.92146405859345, -23.658035698065142 ], [ -45.921175349586498, -23.657973287776656 ], [ -45.921001305789197, -23.657902970104164 ], [ -45.920669387346123, -23.657690886215939 ], [ -45.920536991791103, -23.657529716767254 ], [ -45.920506673515519, -23.657552236165234 ], [ -45.920506654271321, -23.657552292267102 ], [ -45.920404051863279, -23.657628536553936 ], [ -45.920318521180263, -23.65774460641768 ], [ -45.920249094822751, -23.657946713312423 ], [ -45.920220949465723, -23.658239887103345 ], [ -45.920262436969111, -23.658380525550353 ], [ -45.920547075648997, -23.658759930747156 ], [ -45.920730382622288, -23.658857700816728 ], [ -45.920941423376703, -23.659041706764206 ], [ -45.921019222407047, -23.659241658171108 ], [ -45.921032499034723, -23.659404078117117 ], [ -45.92105833200749, -23.659470528780918 ], [ -45.921094897591573, -23.659921035343753 ], [ -45.921043748893133, -23.660185998752123 ], [ -45.921004921398747, -23.660383073178853 ], [ -45.920909729227212, -23.660643784901854 ], [ -45.920850462125017, -23.661002674949476 ], [ -45.920855060533597, -23.661659306478317 ], [ -45.920689085609268, -23.662889507622793 ], [ -45.92071919442396, -23.663263219278541 ], [ -45.920766274848859, -23.663409276308403 ], [ -45.920892098219987, -23.663586449550422 ], [ -45.920985858502597, -23.663819841544413 ], [ -45.920982502133853, -23.664040205890565 ], [ -45.920978059193743, -23.664387116723336 ], [ -45.920744704775437, -23.665089342762226 ], [ -45.920662224516818, -23.665495372148829 ], [ -45.920659007421712, -23.666152933026854 ], [ -45.920723243273699, -23.66650387964896 ], [ -45.920900342312677, -23.666871325671536 ], [ -45.92113084082964, -23.667159868258455 ], [ -45.921595945091802, -23.667475903418122 ], [ -45.922944762572577, -23.668664630713629 ], [ -45.923071409544733, -23.668749734823841 ], [ -45.923082646793823, -23.66875728169984 ], [ -45.923347062734273, -23.668934958391009 ], [ -45.923347038251478, -23.668934971698235 ], [ -45.92341374108684, -23.668979763042245 ], [ -45.923288877297352, -23.669076267550729 ], [ -45.923178763425057, -23.669179824022265 ], [ -45.923015681520447, -23.669268407962168 ], [ -45.922864878056359, -23.669022765288265 ], [ -45.922382257690117, -23.668857619058695 ], [ -45.92157598921991, -23.66868631328925 ], [ -45.920397032398078, -23.668647258097465 ], [ -45.919441210638809, -23.668408209110588 ], [ -45.91900919198698, -23.668326725014619 ], [ -45.91857786847897, -23.668344640029851 ], [ -45.918113959739657, -23.668470220835946 ], [ -45.917781730713322, -23.668502899204888 ], [ -45.917673497967087, -23.668476895401032 ], [ -45.916041397044147, -23.668027541637965 ], [ -45.91602691528864, -23.668000260749647 ], [ -45.91598418628304, -23.667786499550807 ], [ -45.91604415846863, -23.666823341742045 ], [ -45.915974174106182, -23.666349590848792 ], [ -45.915872250795992, -23.666075633125839 ], [ -45.915529399834718, -23.665694681572877 ], [ -45.915105257629747, -23.665483103612306 ], [ -45.914572601692122, -23.665311018562125 ], [ -45.914090532744467, -23.665221806400712 ], [ -45.913417529901494, -23.665179711925152 ], [ -45.913198948241728, -23.665098928830094 ], [ -45.9130518300055, -23.665044556851488 ], [ -45.912801381529803, -23.664839218347307 ], [ -45.912467097266472, -23.664436521084909 ], [ -45.912208124722, -23.6642772993705 ], [ -45.911958799781843, -23.664207471378653 ], [ -45.911459461230663, -23.664067621075507 ], [ -45.910944876379922, -23.663948754017539 ], [ -45.910355648813358, -23.663914980195219 ], [ -45.909517961784623, -23.66372295001343 ], [ -45.9094555162254, -23.663708634876752 ], [ -45.909426779440388, -23.663778685170133 ], [ -45.908505309031888, -23.663909051830302 ], [ -45.908332324501202, -23.66403447183276 ], [ -45.907944940266063, -23.664315337781453 ], [ -45.907465663005382, -23.664667776492877 ], [ -45.906538224915174, -23.66530905456823 ], [ -45.90571663796608, -23.665378428743299 ], [ -45.904358698438713, -23.665802368504352 ], [ -45.902719571928827, -23.666151041677402 ], [ -45.902381406644373, -23.666222973449102 ], [ -45.901167786202031, -23.666798859725041 ], [ -45.899145848257817, -23.667120237665241 ], [ -45.897253328209167, -23.666749323799589 ], [ -45.896671807233375, -23.667306283690877 ], [ -45.895827421406658, -23.668114994007123 ], [ -45.894318707240323, -23.668521790355921 ], [ -45.893899077919848, -23.672601665553152 ], [ -45.891971883395193, -23.673671610666389 ], [ -45.88729310923047, -23.671846990675366 ], [ -45.885461071954069, -23.672857207728086 ], [ -45.881682734486184, -23.672630714994309 ], [ -45.880324425426892, -23.673598219294739 ], [ -45.879522143717253, -23.67513372895592 ], [ -45.877513872582689, -23.680848191175606 ], [ -45.874420321576487, -23.680160944391869 ], [ -45.873435537187461, -23.678611503298729 ], [ -45.871406859973263, -23.678601541932949 ], [ -45.870498722493984, -23.678597074114958 ], [ -45.868969532781399, -23.677987105224954 ], [ -45.868035999489223, -23.676795060552642 ], [ -45.86549649974706, -23.676134280055713 ], [ -45.862516980476563, -23.677336434219683 ], [ -45.861889727960993, -23.677087366641508 ], [ -45.861709825140402, -23.677015930708286 ], [ -45.861133596393749, -23.676787119452609 ], [ -45.858422659785823, -23.677003640419073 ], [ -45.855727357392702, -23.678800425716922 ], [ -45.853270207925057, -23.677083189745197 ], [ -45.850858151762587, -23.674621235035254 ], [ -45.849761104747969, -23.673501449089319 ], [ -45.848587944330092, -23.673587232784083 ], [ -45.846302846206846, -23.676737712831667 ], [ -45.843863925092592, -23.677374346740827 ], [ -45.842554502684202, -23.677716128262517 ], [ -45.840329637655088, -23.676773168332865 ], [ -45.836608348170749, -23.676997866681486 ], [ -45.83535121163915, -23.677100813065337 ], [ -45.833575192819673, -23.675435741301275 ], [ -45.830563797825562, -23.675219813956978 ], [ -45.827173810434772, -23.674730571744817 ], [ -45.824601133824807, -23.676127772442847 ], [ -45.82195947933873, -23.675633768038473 ], [ -45.820529691605401, -23.675277759674984 ], [ -45.819370466621542, -23.674362833757367 ], [ -45.818956517194152, -23.67403611614909 ], [ -45.818882427135122, -23.673977638839332 ], [ -45.817459054931547, -23.6734492885973 ], [ -45.816660286062437, -23.676319688382055 ], [ -45.814420624677012, -23.676571198783442 ], [ -45.809651238433638, -23.676027661462989 ], [ -45.805636301857149, -23.677458628486338 ], [ -45.80307008310691, -23.677431972183101 ], [ -45.801974194658378, -23.677420575804483 ], [ -45.798861707004143, -23.676302914349769 ], [ -45.798554262066283, -23.676531334738126 ], [ -45.797784563100812, -23.677103164080247 ], [ -45.797707663152572, -23.677817348937072 ], [ -45.798366897797713, -23.680933772698118 ], [ -45.798358921853762, -23.683339059531516 ], [ -45.798419954256453, -23.683481666784896 ], [ -45.79847751042761, -23.683616151215649 ], [ -45.79932112173158, -23.685587278383188 ], [ -45.801594653052653, -23.686770712065655 ], [ -45.802553777517943, -23.690115944484997 ], [ -45.802025530641131, -23.692447921048792 ], [ -45.80026598029724, -23.693726240120736 ], [ -45.798258865775722, -23.694419839850589 ], [ -45.797247716298727, -23.697252345118571 ], [ -45.796643942673462, -23.696896120555859 ], [ -45.796247232838198, -23.698630678879457 ], [ -45.795522754433691, -23.701798177834672 ], [ -45.795030728903903, -23.703949317045304 ], [ -45.794755337313752, -23.705153301583952 ], [ -45.795004370593631, -23.706767600717711 ], [ -45.795688678185229, -23.711203709840987 ], [ -45.797597428642362, -23.715382168551521 ], [ -45.797646446159121, -23.715442942754237 ], [ -45.80045767566412, -23.718928312264602 ], [ -45.802898017016929, -23.720658001678505 ], [ -45.803058269722463, -23.720771584179094 ], [ -45.808784710319983, -23.724830084068849 ], [ -45.808794018241628, -23.724836680486479 ], [ -45.809376999134912, -23.72530110755271 ], [ -45.811512428852012, -23.727002232609518 ], [ -45.812901398216681, -23.728541613834231 ], [ -45.813041772630967, -23.72869718664062 ], [ -45.813544497255521, -23.728332604415947 ], [ -45.813969809004163, -23.728099147682027 ], [ -45.814395461504041, -23.727920783129928 ], [ -45.814773815913902, -23.727709248272856 ], [ -45.815285073356122, -23.727571977438942 ], [ -45.815917987608231, -23.727435869529856 ], [ -45.816823987809357, -23.72704180876282 ], [ -45.81715822368183, -23.726835920368082 ], [ -45.817658781165697, -23.726399739776866 ], [ -45.818089181388068, -23.726197857017915 ], [ -45.818374266718919, -23.725976871699675 ], [ -45.818476376183533, -23.725832722885002 ], [ -45.818755240251768, -23.72524416823293 ], [ -45.818874933458787, -23.725088184513922 ], [ -45.818941742564611, -23.724946931914413 ], [ -45.81959011560906, -23.724147780142456 ], [ -45.819621963363112, -23.724063613977094 ], [ -45.819713493667138, -23.72395384198413 ], [ -45.819844322234509, -23.723539483915395 ], [ -45.819836348389913, -23.723362499347729 ], [ -45.819789518997531, -23.723247138209437 ], [ -45.819028271995897, -23.72215197870192 ], [ -45.81874446853714, -23.721634142093585 ], [ -45.818681240259217, -23.721405967554176 ], [ -45.818671886618567, -23.721007706553909 ], [ -45.81869002320213, -23.720927225888435 ], [ -45.818723793300627, -23.720836727307926 ], [ -45.818826225669937, -23.720744962096738 ], [ -45.819019386654091, -23.720729488310113 ], [ -45.819412316698461, -23.720814114468396 ], [ -45.820589755048083, -23.721321792651189 ], [ -45.820911619412414, -23.721493498911506 ], [ -45.821390282512731, -23.72163908240654 ], [ -45.822087243322329, -23.722022851774256 ], [ -45.822436544759178, -23.722188989768405 ], [ -45.822970254629823, -23.722351436308539 ], [ -45.823408793164482, -23.722355424866262 ], [ -45.82364878758208, -23.722299052055682 ], [ -45.82396851274023, -23.72212935452654 ], [ -45.824065010997089, -23.722030391921741 ], [ -45.824648645186265, -23.721239693326705 ], [ -45.825063989348713, -23.720520339733831 ], [ -45.825190376108139, -23.720182772901119 ], [ -45.82522051421644, -23.719827655451638 ], [ -45.825183553636982, -23.719722178521678 ], [ -45.825024272125937, -23.719508970241055 ], [ -45.824491362329418, -23.719004214288372 ], [ -45.824400166135867, -23.718853866263903 ], [ -45.82437004481077, -23.718743836634868 ], [ -45.824366276214732, -23.718300386569592 ], [ -45.824425827715082, -23.717942402859535 ], [ -45.824424277698824, -23.717695838050162 ], [ -45.824321973073353, -23.71733871680426 ], [ -45.824243530541032, -23.717188300669687 ], [ -45.823961692096177, -23.71682852273722 ], [ -45.823669620786319, -23.716557312138555 ], [ -45.823380708944697, -23.716164152401156 ], [ -45.823335778755919, -23.716038846933809 ], [ -45.823325266487203, -23.715770652961549 ], [ -45.823354740012675, -23.715308961753045 ], [ -45.823243141740292, -23.714720670204304 ], [ -45.82303632160616, -23.714121143491443 ], [ -45.822915674727213, -23.713966435049866 ], [ -45.82275584806942, -23.713820966838274 ], [ -45.822523298007937, -23.713654208321184 ], [ -45.820723357499908, -23.712729858597438 ], [ -45.820433945423453, -23.712410757738787 ], [ -45.820357613445083, -23.712282908197825 ], [ -45.820291710153683, -23.712097198527911 ], [ -45.820272890458547, -23.711911239262825 ], [ -45.820300421732568, -23.711764775021642 ], [ -45.820381716214563, -23.711588220168462 ], [ -45.820536820942742, -23.711450111450048 ], [ -45.820788093031652, -23.711317814898621 ], [ -45.821709049084433, -23.71098235612892 ], [ -45.822202617341297, -23.710851480049993 ], [ -45.822672280633149, -23.710662924791276 ], [ -45.822914675669473, -23.710523446428958 ], [ -45.823119665913687, -23.710363393133893 ], [ -45.823195642766969, -23.710278088247659 ], [ -45.823236097772849, -23.710159553972382 ], [ -45.823211581612227, -23.710004334158217 ], [ -45.823149060236332, -23.709889057280034 ], [ -45.822983177499793, -23.709715622179068 ], [ -45.822457141511279, -23.709360752025926 ], [ -45.821957239380957, -23.709105996341101 ], [ -45.82152753593023, -23.708939379905445 ], [ -45.821304118127877, -23.708819537087116 ], [ -45.820976758856752, -23.708548507886483 ], [ -45.820702283568522, -23.708263649504865 ], [ -45.820203994970072, -23.707951977816347 ], [ -45.819890238026836, -23.707816354065084 ], [ -45.819723855318259, -23.707718786718011 ], [ -45.819630153305539, -23.707636188631287 ], [ -45.819605140655717, -23.70755774270922 ], [ -45.819651551094189, -23.707450016141127 ], [ -45.819959724020087, -23.707320129230716 ], [ -45.82004363289969, -23.707248331823426 ], [ -45.820101802014626, -23.707138736411245 ], [ -45.820148108884872, -23.706857595835409 ], [ -45.820210122149078, -23.706735335198598 ], [ -45.820293309402622, -23.706705088701085 ], [ -45.820592908268203, -23.706773046791291 ], [ -45.820792863669318, -23.706749406422126 ], [ -45.820896405976342, -23.706680214061592 ], [ -45.821012371672012, -23.706558570112826 ], [ -45.821133493211647, -23.706320385974028 ], [ -45.821217191663237, -23.706215170667658 ], [ -45.821427669802333, -23.706149023299592 ], [ -45.821857467939978, -23.706175643826302 ], [ -45.822091644733682, -23.706134659293891 ], [ -45.822332206324361, -23.706016868481768 ], [ -45.822463677000741, -23.705865335510673 ], [ -45.822533666156737, -23.705607551653721 ], [ -45.822482992944387, -23.70534769946369 ], [ -45.822281212002501, -23.705079618160884 ], [ -45.82176159335588, -23.704649745298013 ], [ -45.820880162140412, -23.704083600438196 ], [ -45.820554664600088, -23.703794496020748 ], [ -45.820476483425409, -23.703683816876126 ], [ -45.820289505029812, -23.703272045446624 ], [ -45.820249857937064, -23.703049165090292 ], [ -45.8202724383911, -23.702895501372037 ], [ -45.820380757982377, -23.702806413653093 ], [ -45.820610499573128, -23.702841323778532 ], [ -45.821161041948841, -23.703198780743055 ], [ -45.821317379725947, -23.703259368852677 ], [ -45.821403303529308, -23.703196592054514 ], [ -45.821446615903263, -23.703064494987782 ], [ -45.821475636774466, -23.702843056935407 ], [ -45.821454770685889, -23.702643560428278 ], [ -45.821291172570042, -23.702206376505313 ], [ -45.820689823054302, -23.701409330677741 ], [ -45.820494099097942, -23.701010250509167 ], [ -45.820396138054384, -23.700716326360283 ], [ -45.820372567238287, -23.700397621497228 ], [ -45.820394571340358, -23.70015183431018 ], [ -45.820489692059667, -23.699991463628812 ], [ -45.820516971037982, -23.699648102796999 ], [ -45.820566608520167, -23.699586422038969 ], [ -45.820981836627517, -23.699639315604859 ], [ -45.821040917005433, -23.699676033457301 ], [ -45.820988966484499, -23.699995138784153 ], [ -45.821017146784982, -23.700109695790609 ], [ -45.82115297970244, -23.700185747311465 ], [ -45.821425691887491, -23.700191525954054 ], [ -45.821730098139852, -23.700089655040124 ], [ -45.822148499072377, -23.700022402910442 ], [ -45.822426403597888, -23.700074215453814 ], [ -45.822523804303579, -23.700121567529322 ], [ -45.82262437960248, -23.700205933867135 ], [ -45.822838943638217, -23.700480269495742 ], [ -45.822965178160949, -23.700746042444131 ], [ -45.822997933899664, -23.701120696332509 ], [ -45.822975458827052, -23.701290617473269 ], [ -45.822891916534829, -23.701576472841975 ], [ -45.822826580082022, -23.702419505786644 ], [ -45.822867370685692, -23.702667668918732 ], [ -45.823011426820777, -23.702959539768624 ], [ -45.823221631134267, -23.703163448255726 ], [ -45.823558279343636, -23.703353135651312 ], [ -45.82392474491526, -23.703448730850671 ], [ -45.824808142417638, -23.703546087213482 ], [ -45.825498781203478, -23.703718529074536 ], [ -45.825725952344079, -23.70381215320246 ], [ -45.826025390520961, -23.704011065638447 ], [ -45.826160806668327, -23.704175628314232 ], [ -45.82624651274061, -23.704390132203962 ], [ -45.826322442115867, -23.704765457677205 ], [ -45.826349903791957, -23.705232265008643 ], [ -45.826407902412917, -23.705408079143155 ], [ -45.826613146754887, -23.705757424264004 ], [ -45.826721843330617, -23.705884194737763 ], [ -45.826951527234598, -23.706064510595716 ], [ -45.827135431792101, -23.706140299718744 ], [ -45.82732104203032, -23.706175435551689 ], [ -45.827873083659533, -23.706143581102239 ], [ -45.828204802217307, -23.706171611852699 ], [ -45.828951345140027, -23.706340125842644 ], [ -45.829400944605517, -23.706395521693715 ], [ -45.829697797057932, -23.706338835371245 ], [ -45.830275373075757, -23.706156904535746 ], [ -45.8307898066071, -23.705917505841967 ], [ -45.830973993151517, -23.70572774856279 ], [ -45.831007110507329, -23.705536092689044 ], [ -45.830989057603603, -23.705318518798855 ], [ -45.830916443082003, -23.705159042587315 ], [ -45.830659812744294, -23.70475127125416 ], [ -45.830321598266409, -23.704006140925589 ], [ -45.830307203574002, -23.703901447088015 ], [ -45.830116905163763, -23.70358996113367 ], [ -45.829935276893472, -23.703408489022337 ], [ -45.829733217124883, -23.703253318993127 ], [ -45.829126322913318, -23.702984708395739 ], [ -45.828902760531307, -23.702841394002782 ], [ -45.828846413745552, -23.702772149459783 ], [ -45.828837785630668, -23.70264845739371 ], [ -45.828977388668747, -23.702543841874341 ], [ -45.829377498808519, -23.702375509799577 ], [ -45.829598852547257, -23.702324647592679 ], [ -45.830056666108312, -23.702285161965083 ], [ -45.830357832333377, -23.702291675346505 ], [ -45.83053258580351, -23.70231693051819 ], [ -45.830791999494473, -23.702390503806249 ], [ -45.830971076805987, -23.702478959177768 ], [ -45.831178035203891, -23.702633198108554 ], [ -45.831395397470672, -23.702881313496608 ], [ -45.831555983042037, -23.702992447453525 ], [ -45.83176333987786, -23.70305455716295 ], [ -45.831838612312943, -23.703014411885963 ], [ -45.832046230311811, -23.702808269855026 ], [ -45.832108820413247, -23.70277903101557 ], [ -45.832200077977944, -23.70278486277094 ], [ -45.832228653884357, -23.702805482680901 ], [ -45.832320167869931, -23.703006403868795 ], [ -45.83237829239097, -23.703355629041681 ], [ -45.832480492028097, -23.703694681976131 ], [ -45.83262971053265, -23.703869099749038 ], [ -45.832791319329019, -23.70398654924881 ], [ -45.833018409792729, -23.704066615000084 ], [ -45.833167520800743, -23.704069425148322 ], [ -45.833417997025151, -23.703970531188066 ], [ -45.833789098631577, -23.703713830560613 ], [ -45.833835152158649, -23.703706356877877 ], [ -45.833931475350091, -23.70373744984369 ], [ -45.834007591196567, -23.70383006910059 ], [ -45.834049953252283, -23.704322083750004 ], [ -45.83409137916005, -23.704512435297801 ], [ -45.834164088929533, -23.70468636062747 ], [ -45.834561914785212, -23.705084332576945 ], [ -45.8348260253387, -23.70543244570921 ], [ -45.83511904401157, -23.70600710495248 ], [ -45.835388892653953, -23.706639693269995 ], [ -45.835517468554471, -23.706806090700361 ], [ -45.83590003973115, -23.707117434285482 ], [ -45.836192545597008, -23.707456359469845 ], [ -45.836448970154912, -23.707674450634411 ], [ -45.836651835359064, -23.707799801616254 ], [ -45.836905562228822, -23.707902297339512 ], [ -45.837077266376063, -23.707909497416924 ], [ -45.837171233969677, -23.707878280423746 ], [ -45.837411634481043, -23.707736984185612 ], [ -45.837579092813293, -23.707540084161536 ], [ -45.837724151609493, -23.707522138231376 ], [ -45.837836708693992, -23.707637138138956 ], [ -45.83797006556658, -23.708090724163537 ], [ -45.838067413986657, -23.708281674753579 ], [ -45.838200039570083, -23.708467014994852 ], [ -45.838528817937991, -23.708801223040087 ], [ -45.838992007288198, -23.709139217636466 ], [ -45.839233044791733, -23.709250810188511 ], [ -45.839674257474641, -23.709373057846332 ], [ -45.840050160230447, -23.709406242317321 ], [ -45.840430562556485, -23.709376177717917 ], [ -45.840799003137427, -23.709316371673175 ], [ -45.840982881698558, -23.709233181617549 ], [ -45.841122568375233, -23.709142102778213 ], [ -45.841341086252463, -23.708953953225951 ], [ -45.841480285792336, -23.708787008251129 ], [ -45.841849299540712, -23.70805250897979 ], [ -45.841923463186752, -23.707992494566533 ], [ -45.842034475336739, -23.70801898645799 ], [ -45.842342401858687, -23.708465295990678 ], [ -45.84249769733713, -23.708819406691255 ], [ -45.842983635776257, -23.710253745181394 ], [ -45.843061288284872, -23.710431251731759 ], [ -45.843168228362067, -23.710586921935768 ], [ -45.843318020154847, -23.71069448915112 ], [ -45.843500965032163, -23.710771166824951 ], [ -45.84362077297461, -23.710792190399125 ], [ -45.843722727477363, -23.71078260255922 ], [ -45.843857950864432, -23.710760188471507 ], [ -45.843959672908177, -23.710714473915633 ], [ -45.844470667441932, -23.709942163328549 ], [ -45.84473615550251, -23.709432215082188 ], [ -45.844983485508379, -23.708844690724742 ], [ -45.84518329420181, -23.708494062796941 ], [ -45.845403353538792, -23.708241772345438 ], [ -45.845570273324483, -23.708115316148639 ], [ -45.845711105230968, -23.708050419686533 ], [ -45.845761141184788, -23.708051952597714 ], [ -45.845840192964353, -23.708141840108414 ], [ -45.846033257280659, -23.708723345926522 ], [ -45.846089983616167, -23.709153860082321 ], [ -45.846134880536809, -23.710031520627822 ], [ -45.846269159971982, -23.710623282486782 ], [ -45.846359691026663, -23.710819683954412 ], [ -45.846459238760787, -23.710893201419474 ], [ -45.846563341325982, -23.71091250221572 ], [ -45.84665152236159, -23.71089666542828 ], [ -45.846811286500667, -23.710725087308383 ], [ -45.846907158394806, -23.710533085214511 ], [ -45.847214392245192, -23.709653497571125 ], [ -45.847381213676812, -23.709359948881072 ], [ -45.847545079389029, -23.709216346581773 ], [ -45.847687861474583, -23.709149631245733 ], [ -45.847869043520852, -23.70910528527061 ], [ -45.848216548225672, -23.709145831051821 ], [ -45.848643189233087, -23.709288906300415 ], [ -45.849012099594582, -23.709453973795618 ], [ -45.849262591999789, -23.709509500534562 ], [ -45.849413664940023, -23.709511380959093 ], [ -45.849512593357034, -23.709489161201589 ], [ -45.84961615712151, -23.709425368977104 ], [ -45.849804150361607, -23.709221117834289 ], [ -45.850001471957341, -23.708942753239196 ], [ -45.850111754837037, -23.708856343913109 ], [ -45.850286461653091, -23.708872544771967 ], [ -45.850433671508114, -23.709035214092065 ], [ -45.850625981554622, -23.709345759318619 ], [ -45.850880928231533, -23.70963428321517 ], [ -45.851462736284162, -23.71010706649691 ], [ -45.851774149550003, -23.710329344903744 ], [ -45.85206938281565, -23.71047674658227 ], [ -45.852293400290812, -23.71053331729345 ], [ -45.852583713174113, -23.710527202023155 ], [ -45.852836247425913, -23.710443619729634 ], [ -45.853337467579273, -23.710137383180633 ], [ -45.853531599707118, -23.709972834345649 ], [ -45.854057173750178, -23.709641171761625 ], [ -45.854373380034183, -23.709544590848722 ], [ -45.854741684157567, -23.709464882244106 ], [ -45.855063450965382, -23.709318593550499 ], [ -45.855225240249126, -23.709158737332427 ], [ -45.855289263189874, -23.708898263557945 ], [ -45.855249882274137, -23.708575137715989 ], [ -45.855108071253753, -23.708037617661006 ], [ -45.854828574061358, -23.707294026500502 ], [ -45.854469701446817, -23.706561711308684 ], [ -45.854308293035579, -23.70632777182556 ], [ -45.853583427677691, -23.705123296938876 ], [ -45.853431919147802, -23.704752016225804 ], [ -45.853416977391575, -23.70456604044784 ], [ -45.853470406737557, -23.704486264676131 ], [ -45.85366232243743, -23.704434627341907 ], [ -45.854026296358363, -23.704445264045415 ], [ -45.854813965454227, -23.704599877917357 ], [ -45.855219207952238, -23.704771955710825 ], [ -45.855705711074208, -23.70507093355501 ], [ -45.855857037929823, -23.705112546936864 ], [ -45.856173809455093, -23.705104472493609 ], [ -45.856561661562139, -23.705166453205269 ], [ -45.856724894579898, -23.705228773294941 ], [ -45.857046893315683, -23.705420274036928 ], [ -45.857266943783017, -23.705621370805321 ], [ -45.857428493317379, -23.705726149584663 ], [ -45.857596667083627, -23.705793860501792 ], [ -45.85767612175794, -23.70579432340789 ], [ -45.857821512547901, -23.705677908730873 ], [ -45.857910072948911, -23.70557084093862 ], [ -45.85797736814299, -23.705361830064195 ], [ -45.857986906094439, -23.705020369822179 ], [ -45.857923022679977, -23.70470099321874 ], [ -45.857928395323647, -23.704322525055428 ], [ -45.858005102068333, -23.70420287822277 ], [ -45.85815511109076, -23.704193014597863 ], [ -45.858595666561222, -23.704364887678608 ], [ -45.858978950193297, -23.704478369736922 ], [ -45.859160576891476, -23.704503554227891 ], [ -45.859320175694037, -23.704460218048197 ], [ -45.859487047329843, -23.704329231496775 ], [ -45.85955395605589, -23.704211444701031 ], [ -45.859645795897713, -23.703706952384358 ], [ -45.859731646341203, -23.703486096174021 ], [ -45.859839861762651, -23.703385240503707 ], [ -45.859950494393182, -23.703353917240786 ], [ -45.860033965594972, -23.703368807743939 ], [ -45.860107918559351, -23.70342800761464 ], [ -45.860240622784083, -23.703621456791648 ], [ -45.860391977214768, -23.703966538726643 ], [ -45.860580915815568, -23.704209350609535 ], [ -45.860644009231798, -23.704257772217101 ], [ -45.860755039293466, -23.704286960183357 ], [ -45.860949286512223, -23.704292202080119 ], [ -45.861065887618999, -23.704273489535868 ], [ -45.861218412130022, -23.704198579031061 ], [ -45.861490387541878, -23.703941461548766 ], [ -45.861586565086412, -23.703800027974474 ], [ -45.86174044777394, -23.703483956654949 ], [ -45.861845346011279, -23.702878232784052 ], [ -45.861923695596467, -23.702710705645988 ], [ -45.862136655138563, -23.702578556481416 ], [ -45.862318999370011, -23.702563992784679 ], [ -45.86241826439322, -23.702594148314862 ], [ -45.862529679215569, -23.702682040447453 ], [ -45.8626967209605, -23.702876199326493 ], [ -45.862818953964258, -23.703117573845912 ], [ -45.863002424787524, -23.703721690596712 ], [ -45.863109105618967, -23.704580935836866 ], [ -45.863278498150102, -23.704982815276338 ], [ -45.863396626696343, -23.705196213121958 ], [ -45.86350429338453, -23.70531031798313 ], [ -45.86371931820279, -23.705342536228851 ], [ -45.863862218212972, -23.705295675820725 ], [ -45.864087353919082, -23.705075846256232 ], [ -45.864221739965217, -23.704778848554351 ], [ -45.864346097679373, -23.704597515462009 ], [ -45.864418298983935, -23.70453930784182 ], [ -45.864498549215099, -23.704511763810423 ], [ -45.86463554619904, -23.704611252973937 ], [ -45.865003774426732, -23.704969569365744 ], [ -45.865016805174463, -23.705011946612728 ], [ -45.86528558730862, -23.705163986904481 ], [ -45.865556663220097, -23.705217565880439 ], [ -45.865740984238322, -23.705204793380823 ], [ -45.86586717918923, -23.705153508621823 ], [ -45.866068135914503, -23.704986196704677 ], [ -45.866284836253556, -23.704677898347779 ], [ -45.866377848960909, -23.704652088305675 ], [ -45.86684468504459, -23.705088425968157 ], [ -45.867170081669869, -23.705346722541464 ], [ -45.867361189141512, -23.705470292183765 ], [ -45.86780771685148, -23.705652943466902 ], [ -45.868282236139123, -23.705766793778636 ], [ -45.868536544335953, -23.705806010446587 ], [ -45.868764908139418, -23.705778536091977 ], [ -45.868971220752123, -23.705679833050315 ], [ -45.869262848168063, -23.705429817460807 ], [ -45.869412599550962, -23.705232983555739 ], [ -45.869491664727072, -23.705174735058755 ], [ -45.869585795607328, -23.705169690228622 ], [ -45.869705345369262, -23.705299981332349 ], [ -45.869807521573627, -23.705472820018798 ], [ -45.869992328562212, -23.705681321828415 ], [ -45.870425823542639, -23.705968808968862 ], [ -45.870579770471394, -23.706108841013741 ], [ -45.870889267393579, -23.706334704044714 ], [ -45.871272089344139, -23.706524025923656 ], [ -45.871446713677372, -23.706675682131714 ], [ -45.871859239769194, -23.707201725749769 ], [ -45.872026148468699, -23.707520515162869 ], [ -45.87207292478675, -23.707769532425978 ], [ -45.872060886803553, -23.708319643899632 ], [ -45.872037538174069, -23.708348677574079 ], [ -45.87198771929593, -23.708675010440398 ], [ -45.871831258868767, -23.709190711118175 ], [ -45.871728596030351, -23.709978872372691 ], [ -45.871673225153039, -23.711093722308711 ], [ -45.871739966328533, -23.711837575851462 ], [ -45.87185167600839, -23.712410472781386 ], [ -45.872078832623657, -23.712937559372794 ], [ -45.872349398958413, -23.713354211520517 ], [ -45.872799809216303, -23.713820427426114 ], [ -45.873128952574859, -23.714047077581064 ], [ -45.873429921996767, -23.714167309572769 ], [ -45.873877931915949, -23.714272259461296 ], [ -45.874380554339439, -23.714329030356666 ], [ -45.875094625633622, -23.714320477264039 ], [ -45.875928757377082, -23.714222728585987 ], [ -45.876218125066202, -23.714221090096107 ], [ -45.876683503702367, -23.714282580320912 ], [ -45.877328775552222, -23.714400853332336 ], [ -45.87777530819141, -23.714284518736704 ], [ -45.877971860014434, -23.714192181316982 ], [ -45.878392078390377, -23.713808650090062 ], [ -45.878863755004801, -23.713492564743817 ], [ -45.878988069436339, -23.713379863018599 ], [ -45.879112383654068, -23.713267161198274 ], [ -45.879264780559218, -23.713026949957605 ], [ -45.879297089773338, -23.712871417740182 ], [ -45.879272028697613, -23.712644859503062 ], [ -45.879208373699612, -23.712514258700104 ], [ -45.879214302123849, -23.712081597100656 ], [ -45.879345402524613, -23.711883956687313 ], [ -45.879548264765518, -23.71170939125868 ], [ -45.879771265136263, -23.711612385351582 ], [ -45.879951524147138, -23.711577942311227 ], [ -45.880613373976047, -23.711537146258735 ], [ -45.88074849976708, -23.7115011527648 ], [ -45.88087232632823, -23.711389355568166 ], [ -45.880911040150771, -23.711311460874992 ], [ -45.880921144569392, -23.711209342923169 ], [ -45.880715626382283, -23.710695694667475 ], [ -45.880716854489812, -23.710586401693327 ], [ -45.880681373095179, -23.710561314330128 ], [ -45.880703760838017, -23.710243264090174 ], [ -45.880771730944289, -23.710139913603022 ], [ -45.880784717357052, -23.710028747307636 ], [ -45.881042358202144, -23.709832191615916 ], [ -45.881323365250729, -23.709755626665391 ], [ -45.881584708248468, -23.709818264440113 ], [ -45.881871268070697, -23.710130038425707 ], [ -45.882022058493497, -23.710235755358905 ], [ -45.882264808635099, -23.710304820262802 ], [ -45.882335006546271, -23.71024119673622 ], [ -45.882361754276467, -23.710134467855461 ], [ -45.882344095111939, -23.709696521597536 ], [ -45.882367350557033, -23.709653939073757 ], [ -45.882387538644139, -23.709446993552387 ], [ -45.882469855546773, -23.709289369127863 ], [ -45.882617049290417, -23.709152148027226 ], [ -45.882855609146539, -23.709036082086229 ], [ -45.883244265405033, -23.708922771925742 ], [ -45.883632920961333, -23.708809460807426 ], [ -45.883772691851632, -23.708735504256847 ], [ -45.883890311659314, -23.708576774316679 ], [ -45.883929968428241, -23.708348040863697 ], [ -45.883873173589947, -23.707925672567001 ], [ -45.883863239871722, -23.707615935282298 ], [ -45.88389804957562, -23.707104531113721 ], [ -45.883956953099649, -23.706675179575171 ], [ -45.883954787050982, -23.70635365642249 ], [ -45.883930972931317, -23.706313148904343 ], [ -45.883914976504542, -23.706122667210423 ], [ -45.883874757150373, -23.705976580201792 ], [ -45.883715687173023, -23.705660468953415 ], [ -45.883552526113029, -23.705173677991393 ], [ -45.883460914813497, -23.704970080056128 ], [ -45.883396440825187, -23.704572141270713 ], [ -45.883394853956403, -23.704336417740919 ], [ -45.883419388868759, -23.704192670464263 ], [ -45.883463941584871, -23.704108419483177 ], [ -45.883587594808091, -23.703972235082954 ], [ -45.883850792933579, -23.703874994128519 ], [ -45.8841135635898, -23.703859945452294 ], [ -45.884473813453113, -23.703900337078498 ], [ -45.88462966770966, -23.703884995276475 ], [ -45.885232011677672, -23.703753298308332 ], [ -45.885312555242756, -23.703769998230499 ], [ -45.885384569948876, -23.703831003179488 ], [ -45.885417723329809, -23.703947325013132 ], [ -45.885379684527251, -23.704124567801724 ], [ -45.885076315501479, -23.704519190517843 ], [ -45.884954174121077, -23.704733944944799 ], [ -45.884908513170082, -23.704944649231184 ], [ -45.884918534199265, -23.705267030668935 ], [ -45.885020279196482, -23.705518438803679 ], [ -45.885081548173339, -23.705585827644516 ], [ -45.885384116525422, -23.705799056083045 ], [ -45.885455072749323, -23.705993739055632 ], [ -45.885467282496201, -23.706349525875957 ], [ -45.885529795526942, -23.706601158027414 ], [ -45.885631701265517, -23.706876047655324 ], [ -45.88583326501913, -23.707237976146747 ], [ -45.885946057926773, -23.707381840752252 ], [ -45.886152044518077, -23.707526978031446 ], [ -45.886383831274642, -23.707570810051923 ], [ -45.886673036994367, -23.707547476732618 ], [ -45.88692154527125, -23.707453024206814 ], [ -45.887590552509359, -23.7070237865302 ], [ -45.888068216760793, -23.706584805898217 ], [ -45.888346974431599, -23.706177674135649 ], [ -45.88841444109292, -23.706001164991129 ], [ -45.888481907580072, -23.70582465581856 ], [ -45.888549953383652, -23.705444022576614 ], [ -45.888546137235977, -23.704880454469965 ], [ -45.888574011232443, -23.704506374112395 ], [ -45.88851031945142, -23.7040813376701 ], [ -45.888357222802753, -23.703489724334517 ], [ -45.888299368371058, -23.703057428674683 ], [ -45.88817035435148, -23.702400647159823 ], [ -45.888198586909724, -23.702224363198759 ], [ -45.888338601551538, -23.702042921765671 ], [ -45.888447312827402, -23.702018814847143 ], [ -45.88851319850535, -23.702043725978175 ], [ -45.888670065096228, -23.702178303822929 ], [ -45.889012858969892, -23.702683024489293 ], [ -45.889167704043203, -23.702808581506375 ], [ -45.889351704657813, -23.70289423049234 ], [ -45.889507740627131, -23.702905978483702 ], [ -45.889672248853479, -23.702865292617734 ], [ -45.889908847616717, -23.702751937002944 ], [ -45.890036630365728, -23.702647335494657 ], [ -45.890434107904468, -23.702103135846126 ], [ -45.890723969045219, -23.701600198066906 ], [ -45.890873928381559, -23.701150450009838 ], [ -45.890982625627302, -23.700691004257578 ], [ -45.891025252985408, -23.700179553754275 ], [ -45.890971045188863, -23.699852008080391 ], [ -45.890929116092487, -23.699743866698732 ], [ -45.890738970828451, -23.699474907394404 ], [ -45.890668163929661, -23.699302805631142 ], [ -45.89070252864088, -23.699163516745468 ], [ -45.89079420810581, -23.699087121259961 ], [ -45.890993057182953, -23.699048946067393 ], [ -45.891200187503259, -23.698930339076934 ], [ -45.8912865762493, -23.69879707284494 ], [ -45.891412581561227, -23.69843145875765 ], [ -45.891598390186687, -23.698206397697628 ], [ -45.891690522468309, -23.69819683512053 ], [ -45.891844439020957, -23.698330523662751 ], [ -45.891918041900311, -23.69848093218263 ], [ -45.892001312886251, -23.698755021920409 ], [ -45.892106716801607, -23.699399291609552 ], [ -45.892124386091318, -23.6996900166552 ], [ -45.892172937581947, -23.699906502213494 ], [ -45.892238677028729, -23.700054246317293 ], [ -45.892337647083458, -23.700184638215003 ], [ -45.892444039992533, -23.700252667190092 ], [ -45.892713956182803, -23.700280012790969 ], [ -45.892963777212742, -23.700237025117762 ], [ -45.8930521904066, -23.700257288382556 ], [ -45.893107514571291, -23.70031567645902 ], [ -45.893080170255622, -23.700765622282866 ], [ -45.892964461083665, -23.701202530059497 ], [ -45.8929279301869, -23.701455633672815 ], [ -45.89293657783211, -23.701717508531569 ], [ -45.893023149603529, -23.701899453206497 ], [ -45.893221521962857, -23.702078946286765 ], [ -45.893505911249342, -23.702214589515247 ], [ -45.893701443614752, -23.702264942381866 ], [ -45.894347391115105, -23.702345207817665 ], [ -45.894720968508523, -23.702470398294441 ], [ -45.894909166325107, -23.702595756636391 ], [ -45.89505625024028, -23.702733093976914 ], [ -45.895055675979272, -23.702792707711314 ], [ -45.894984080988905, -23.702937631848453 ], [ -45.894681004574181, -23.70322659795967 ], [ -45.894507358429188, -23.703509396395809 ], [ -45.894430382300328, -23.703728412834941 ], [ -45.89430243375336, -23.703952239717207 ], [ -45.894128307307938, -23.704452708879309 ], [ -45.893991974263621, -23.705029730538243 ], [ -45.89386664373685, -23.705350183094026 ], [ -45.89362963229847, -23.705691150573447 ], [ -45.893399058234792, -23.705825250464539 ], [ -45.893166103963843, -23.70589794692955 ], [ -45.892882864718082, -23.706076606244853 ], [ -45.892736850602482, -23.706240925667267 ], [ -45.892683580103949, -23.706340583663579 ], [ -45.892640572643302, -23.70650701839168 ], [ -45.892626175500773, -23.706697674142895 ], [ -45.89267785999008, -23.70708574695653 ], [ -45.892823026956187, -23.707517536654478 ], [ -45.893167323858961, -23.708094493418532 ], [ -45.89352095556287, -23.708457339899173 ], [ -45.893869328026867, -23.708767830966352 ], [ -45.895499154489663, -23.710429304710757 ], [ -45.896004668178229, -23.71105409350487 ], [ -45.896433621836877, -23.711527588628289 ], [ -45.896774149961203, -23.711836311766 ], [ -45.897416398748753, -23.712229087162882 ], [ -45.897622805227897, -23.712289306580331 ], [ -45.89785738564526, -23.7123096220371 ], [ -45.897957633997123, -23.712337942267773 ], [ -45.898172398859373, -23.712329470259672 ], [ -45.898305797043207, -23.712185089157035 ], [ -45.898483378068633, -23.712046773704081 ], [ -45.898702675917683, -23.711697773279234 ], [ -45.898789692991564, -23.711513017791496 ], [ -45.898868859700102, -23.711184701129632 ], [ -45.898892137946753, -23.709857784568417 ], [ -45.898922025037287, -23.709781743243013 ], [ -45.898921019437317, -23.709491826116864 ], [ -45.898964681861933, -23.70913571682247 ], [ -45.899097447651812, -23.708756510190007 ], [ -45.899166556445287, -23.708678434547512 ], [ -45.899259403847282, -23.70862912295128 ], [ -45.899366602290847, -23.708670046551017 ], [ -45.899498662897663, -23.708760500837428 ], [ -45.899682576914437, -23.708974390176831 ], [ -45.899827356145757, -23.709202957787952 ], [ -45.900524442904413, -23.710154474104918 ], [ -45.900712748040661, -23.71057877897675 ], [ -45.901048468353842, -23.711614585491333 ], [ -45.901278111057117, -23.712058518878106 ], [ -45.901546010164473, -23.71235952552783 ], [ -45.902012124938629, -23.712812917878988 ], [ -45.902164871000792, -23.712914990512889 ], [ -45.902309484355989, -23.712975563878608 ], [ -45.902616994249627, -23.713045121970382 ], [ -45.903324615007364, -23.713098796220414 ], [ -45.903630070502281, -23.713154816451457 ], [ -45.904045189623332, -23.71332399675676 ], [ -45.90438030610148, -23.713555963379729 ], [ -45.904631325002832, -23.713683651438327 ], [ -45.905115841394363, -23.713816295601557 ], [ -45.905558957233609, -23.713777575339734 ], [ -45.90601351289056, -23.713690918017697 ], [ -45.906183814299617, -23.713635729570388 ], [ -45.90649278470525, -23.713490313220408 ], [ -45.906946833307842, -23.71318869811989 ], [ -45.907096653614119, -23.71315078923789 ], [ -45.907171726000257, -23.71322621665476 ], [ -45.907287439777789, -23.713504622347891 ], [ -45.907339464451937, -23.714076936512978 ], [ -45.907319446535361, -23.714444650169977 ], [ -45.907160820585517, -23.715337023793779 ], [ -45.907163238092032, -23.71568654214099 ], [ -45.907339252374548, -23.716456829683896 ], [ -45.907483609925272, -23.716763065751071 ], [ -45.907600408273872, -23.716914115587787 ], [ -45.907844383313723, -23.71715654390345 ], [ -45.908212917632632, -23.717395531062035 ], [ -45.908436999630652, -23.717456535123272 ], [ -45.909712449788188, -23.717485167624144 ], [ -45.910092665523401, -23.71742783709491 ], [ -45.910561505103423, -23.717277859296331 ], [ -45.910723507592323, -23.717298582121881 ], [ -45.910820547370669, -23.717428972504059 ], [ -45.910821425530287, -23.717555413086185 ], [ -45.910771665743923, -23.717735439624686 ], [ -45.910653360148238, -23.717933030202442 ], [ -45.910101747473192, -23.718453800731165 ], [ -45.909741801802653, -23.718746743157041 ], [ -45.90941436310473, -23.719059363697909 ], [ -45.9089937108035, -23.719510718516062 ], [ -45.908548990344727, -23.720169945926916 ], [ -45.908420395705633, -23.720440753161888 ], [ -45.90830895839369, -23.720781004757981 ], [ -45.908266174511105, -23.721119046766244 ], [ -45.908308277953559, -23.721532457812039 ], [ -45.908349498150073, -23.7216767251827 ], [ -45.908425945225943, -23.721808141070728 ], [ -45.908493119528288, -23.721875485338398 ], [ -45.908879019048939, -23.722070112399582 ], [ -45.909153993949502, -23.722112752458496 ], [ -45.9096383864253, -23.722081002733407 ], [ -45.910271244539508, -23.721956253143116 ], [ -45.910792176084733, -23.721959508961628 ], [ -45.911086916645552, -23.721881905804182 ], [ -45.911264433656712, -23.721734544396355 ], [ -45.91136724091357, -23.721565043403935 ], [ -45.911457680026487, -23.721309812801984 ], [ -45.911496084602923, -23.721048566517901 ], [ -45.911734020754402, -23.720420354969079 ], [ -45.911833034524953, -23.720269842911385 ], [ -45.91199079152026, -23.720102727147825 ], [ -45.91216655686015, -23.719986083333882 ], [ -45.912486758876767, -23.719902908357358 ], [ -45.91266049214402, -23.719917237570872 ], [ -45.912730384052942, -23.719952049329645 ], [ -45.912819341407513, -23.72004816504591 ], [ -45.912890943661139, -23.720328632495882 ], [ -45.912892817399992, -23.720597770074999 ], [ -45.912833752792977, -23.72113189990295 ], [ -45.912855119594013, -23.721805548423106 ], [ -45.912903198917377, -23.722088864176477 ], [ -45.913086217020989, -23.722449960292934 ], [ -45.913653813425888, -23.723236893652668 ], [ -45.913741648976107, -23.723453138654914 ], [ -45.913743203716592, -23.72367621561742 ], [ -45.913700476365321, -23.723879684143835 ], [ -45.913467266447057, -23.724481678141647 ], [ -45.91343730370896, -23.724686877575536 ], [ -45.913473512422712, -23.724814915674557 ], [ -45.91354073488997, -23.724888579622341 ], [ -45.913726120694562, -23.72488477494948 ], [ -45.913912084495578, -23.72482316300934 ], [ -45.914035731601501, -23.724828754589876 ], [ -45.914069223356087, -23.724848426682559 ], [ -45.914059057385757, -23.72507879831036 ], [ -45.913975538264168, -23.725341214811582 ], [ -45.913994253800183, -23.725492838865613 ], [ -45.914139911393193, -23.725559716707409 ], [ -45.914534291341162, -23.725560997953831 ], [ -45.914658317237418, -23.725620777754589 ], [ -45.914713819394443, -23.725701735922222 ], [ -45.914833825217734, -23.726028881299239 ], [ -45.914926027604807, -23.726167425967269 ], [ -45.915026479034417, -23.726222828962367 ], [ -45.91515222820675, -23.726248277228283 ], [ -45.915812489079933, -23.726252497572279 ], [ -45.915994261915728, -23.726292967462882 ], [ -45.916175287394005, -23.726366859305642 ], [ -45.916608860593733, -23.726641567136816 ], [ -45.916839060876683, -23.726873223550438 ], [ -45.916927310358169, -23.727007274467397 ], [ -45.917036216118049, -23.72728932463616 ], [ -45.917166375650638, -23.727524283206876 ], [ -45.917306048621093, -23.727716735710668 ], [ -45.917434305199187, -23.72781984080369 ], [ -45.917610257869917, -23.727869375062426 ], [ -45.917984594415962, -23.727809349919706 ], [ -45.918385721250509, -23.727792517459193 ], [ -45.918538136606948, -23.72784309362871 ], [ -45.918742583123439, -23.728038772740881 ], [ -45.919143105676568, -23.728635202031008 ], [ -45.919288978300877, -23.728731878537822 ], [ -45.919450097428452, -23.728764338403298 ], [ -45.919563475749833, -23.728704054295825 ], [ -45.919591987105314, -23.728572923489015 ], [ -45.919568694283967, -23.728329203071493 ], [ -45.919602167593993, -23.728206171398998 ], [ -45.919676020259224, -23.72810547909193 ], [ -45.919809840473427, -23.728022493754729 ], [ -45.919952920501693, -23.728000869536512 ], [ -45.920225215090447, -23.728078729462069 ], [ -45.921026010152303, -23.728535487827887 ], [ -45.921579927329724, -23.728761595856469 ], [ -45.921712290054458, -23.728889961862457 ], [ -45.921766740727222, -23.728960085412407 ], [ -45.92182939520189, -23.729080738181185 ], [ -45.921850469941141, -23.729287440953502 ], [ -45.921790997531382, -23.7296192627525 ], [ -45.921800287474959, -23.729824229395451 ], [ -45.921833181730364, -23.729898094133112 ], [ -45.921910247014317, -23.729975308239514 ], [ -45.92204789379204, -23.730017840276677 ], [ -45.922192931257804, -23.729995299072836 ], [ -45.922378707193729, -23.729906582576085 ], [ -45.922586384972753, -23.729723804443211 ], [ -45.922836565271759, -23.729446841625297 ], [ -45.922972353069127, -23.729364745005562 ], [ -45.923205788435403, -23.729357029330096 ], [ -45.923516696935117, -23.729484327722112 ], [ -45.923920661837052, -23.72959119958993 ], [ -45.924264104294572, -23.72960179179783 ], [ -45.924703392592072, -23.729570263875232 ], [ -45.924963621308862, -23.72960573799708 ], [ -45.925139942337992, -23.729706742612279 ], [ -45.925164481099372, -23.729847491886868 ], [ -45.924974786017792, -23.730631683767122 ], [ -45.924982883340498, -23.73080594906607 ], [ -45.925039203618397, -23.731001602228599 ], [ -45.925183918024977, -23.731211177387422 ], [ -45.925318057446418, -23.731312434123673 ], [ -45.925573709953241, -23.73139399662605 ], [ -45.92580740383147, -23.731422402615461 ], [ -45.925991414915082, -23.731361690928551 ], [ -45.926182712363371, -23.731221455609642 ], [ -45.92648895030824, -23.73082583472366 ], [ -45.926717944106919, -23.730605893066468 ], [ -45.926900362017591, -23.730597574327966 ], [ -45.927117933258543, -23.730704651607045 ], [ -45.927259429700072, -23.730736317695364 ], [ -45.927348644764699, -23.730727654073672 ], [ -45.927523364747231, -23.730601967416519 ], [ -45.9277146750931, -23.730325350044904 ], [ -45.927824650180611, -23.730061864964476 ], [ -45.927967074857023, -23.729809023285966 ], [ -45.928333975921433, -23.728837709481272 ], [ -45.928426333131043, -23.728718838486348 ], [ -45.928605773247348, -23.728706019781555 ], [ -45.9287745612287, -23.728851321268227 ], [ -45.928848640274914, -23.729060414005165 ], [ -45.92887736926815, -23.729238167782203 ], [ -45.92887183820195, -23.729565151982786 ], [ -45.92875872693876, -23.730077934106987 ], [ -45.928746345901473, -23.730545855386797 ], [ -45.928811880145837, -23.730656552831523 ], [ -45.928956742462248, -23.730747806961574 ], [ -45.929056857391167, -23.730754430931963 ], [ -45.9292201044927, -23.73067126075896 ], [ -45.929399381764, -23.730496772948989 ], [ -45.930013896238087, -23.729996329848454 ], [ -45.93051541708553, -23.729472178491918 ], [ -45.930632522280973, -23.72938476861831 ], [ -45.930799908750352, -23.729332279991169 ], [ -45.930895130445052, -23.729340738614614 ], [ -45.931007100317387, -23.729497217737276 ], [ -45.931017687154217, -23.72974462504753 ], [ -45.930991959609067, -23.730542287044052 ], [ -45.931031976495618, -23.730651330759706 ], [ -45.931121076344567, -23.730764594818847 ], [ -45.9312420429426, -23.730806315805612 ], [ -45.93141877995464, -23.730826927677313 ], [ -45.931563784240474, -23.730799862007199 ], [ -45.931665386228552, -23.730739640112319 ], [ -45.931912663382867, -23.730470809155396 ], [ -45.93233109236202, -23.729851415859581 ], [ -45.932842436429247, -23.729192624348304 ], [ -45.93316600875869, -23.728617153635586 ], [ -45.933330119786874, -23.728104964044359 ], [ -45.933366893067792, -23.727896107807322 ], [ -45.933387771505842, -23.727383879359536 ], [ -45.933433328392063, -23.727168647823792 ], [ -45.933533006657321, -23.726976572232712 ], [ -45.933602089060138, -23.72696531706703 ], [ -45.933671171450293, -23.726954061905374 ], [ -45.93375191475954, -23.726996023809498 ], [ -45.934483066899652, -23.727724085624917 ], [ -45.934591987063101, -23.727865226493254 ], [ -45.934800148961692, -23.728028346861443 ], [ -45.935140183615736, -23.728249376213487 ], [ -45.935316400600833, -23.728335015709487 ], [ -45.935512037974021, -23.728392538967363 ], [ -45.935661226924758, -23.728402474522124 ], [ -45.935923689217013, -23.728338567049665 ], [ -45.936097551983508, -23.72823184287213 ], [ -45.93641106476052, -23.727898478400345 ], [ -45.936496727748036, -23.727667649212549 ], [ -45.936594762507873, -23.727520740633423 ], [ -45.93668067016695, -23.727461513750878 ], [ -45.936760175517932, -23.727467354448393 ], [ -45.936842953069871, -23.727519237362465 ], [ -45.936956335334457, -23.727735313266585 ], [ -45.936952011383291, -23.727816625505774 ], [ -45.936999454398048, -23.728003295965649 ], [ -45.937099303159293, -23.728110169185509 ], [ -45.937171909658481, -23.728111535572825 ], [ -45.937363667227253, -23.727900836071043 ], [ -45.937674803899412, -23.727098734039952 ], [ -45.937865151775213, -23.726828432747364 ], [ -45.938026928894892, -23.726678427214129 ], [ -45.938186208705218, -23.726590755975096 ], [ -45.938332142454932, -23.726557356204353 ], [ -45.93849717384991, -23.726587966076963 ], [ -45.938623444536418, -23.726685646209624 ], [ -45.938618412269371, -23.726804896263651 ], [ -45.938286522796474, -23.727310883539769 ], [ -45.938186542665377, -23.72759689434573 ], [ -45.938146944091557, -23.727821122746303 ], [ -45.93814212619516, -23.728107459377831 ], [ -45.938229998728801, -23.728322785847165 ], [ -45.93830828617655, -23.728432498585285 ], [ -45.938295793512367, -23.728605984552082 ], [ -45.938190453383953, -23.728691522354893 ], [ -45.937823483505099, -23.728820193121621 ], [ -45.937586940761733, -23.728941750080168 ], [ -45.937158464032557, -23.729249621473993 ], [ -45.936919641829732, -23.729464218588475 ], [ -45.936742067236942, -23.729738054126777 ], [ -45.936661437598957, -23.729986916487725 ], [ -45.93663079402458, -23.730229153802217 ], [ -45.936664290442422, -23.730386103903179 ], [ -45.936765773800019, -23.73058418832726 ], [ -45.937128027104229, -23.730892686609483 ], [ -45.937256611890682, -23.731039125283957 ], [ -45.937342993837227, -23.731183110140339 ], [ -45.937414661605089, -23.731464467167655 ], [ -45.937419292546558, -23.731974734506245 ], [ -45.937482621727533, -23.732187500522272 ], [ -45.93771214530932, -23.732455255722414 ], [ -45.938161040578102, -23.732805675217961 ], [ -45.938424130678563, -23.733239410266307 ], [ -45.938539942098302, -23.733519595493952 ], [ -45.938715872028283, -23.734385577672811 ], [ -45.938776009143083, -23.734563138467749 ], [ -45.938874044739038, -23.734689891201153 ], [ -45.939095478542647, -23.734786089558966 ], [ -45.939651746847325, -23.734921799183319 ], [ -45.940174437765293, -23.735163382685595 ], [ -45.940542222175957, -23.735419454382395 ], [ -45.940823807166559, -23.735557733580155 ], [ -45.941162444340073, -23.735580058366974 ], [ -45.941788523443137, -23.735463348948564 ], [ -45.94188869425998, -23.735477189560537 ], [ -45.941943054456218, -23.735532855343315 ], [ -45.941951461194087, -23.735610477325377 ], [ -45.941899379711728, -23.735871812595164 ], [ -45.941924833737012, -23.736137191413093 ], [ -45.94198966055923, -23.736284014204394 ], [ -45.942155048764313, -23.736498865615513 ], [ -45.942459364290229, -23.736795962202425 ], [ -45.942723464045883, -23.736957826941893 ], [ -45.94308312329504, -23.737037822515504 ], [ -45.943407854106816, -23.737035841337288 ], [ -45.943680152867699, -23.736973666720505 ], [ -45.944271397779467, -23.736787615213537 ], [ -45.94462642989815, -23.736770092424024 ], [ -45.944853256069777, -23.736796704851272 ], [ -45.944939817095289, -23.736827786976683 ], [ -45.94544430833205, -23.737128169774412 ], [ -45.945779658107838, -23.737238112461462 ], [ -45.946118430508093, -23.737278488935338 ], [ -45.946371296279018, -23.737242620589331 ], [ -45.946525348869812, -23.737245290234128 ], [ -45.946602375184213, -23.737246624998882 ], [ -45.946679401461232, -23.737247959725323 ], [ -45.946720769151952, -23.737270285801532 ], [ -45.94673343376661, -23.737529419570372 ], [ -45.946834951090722, -23.737729302823684 ], [ -45.94697918516669, -23.737866605238018 ], [ -45.94731209116128, -23.738045200782679 ], [ -45.94755783452576, -23.738109626614801 ], [ -45.9483530932647, -23.73818693927047 ], [ -45.948696872143699, -23.738240826917689 ], [ -45.949453674836562, -23.738426750832161 ], [ -45.949701624188577, -23.738524577097984 ], [ -45.950874764083977, -23.739163135786566 ], [ -45.951689448167173, -23.739482362312923 ], [ -45.951929244078137, -23.739537785893017 ], [ -45.952257212284721, -23.73957550570864 ], [ -45.952639365705181, -23.739509025869015 ], [ -45.953102172598619, -23.739335473368758 ], [ -45.953499042607319, -23.739134327790474 ], [ -45.953821369680462, -23.738936350665863 ], [ -45.954087439367591, -23.73869265823085 ], [ -45.954140997957452, -23.738502661152182 ], [ -45.954156071207827, -23.738282193653731 ], [ -45.9542570561632, -23.738137965680487 ], [ -45.954396308170942, -23.738128977547898 ], [ -45.954517683179688, -23.738224867831445 ], [ -45.954879629643493, -23.738617319649823 ], [ -45.955116310687238, -23.738783847939207 ], [ -45.955319885993447, -23.738850328121782 ], [ -45.955800774940627, -23.738869935082576 ], [ -45.95602765910197, -23.738903755938512 ], [ -45.95627662138083, -23.739005177942708 ], [ -45.956536956050272, -23.739186008429584 ], [ -45.956692211084686, -23.739353037973949 ], [ -45.957146253924108, -23.739995093254809 ], [ -45.957374906841707, -23.740136378745085 ], [ -45.957534039676332, -23.740162488348279 ], [ -45.957795000090726, -23.740159968569134 ], [ -45.957840308040147, -23.740184073493801 ], [ -45.957871091284737, -23.740234460472614 ], [ -45.957828407719269, -23.740703471764544 ], [ -45.957845736176637, -23.740926448148695 ], [ -45.95798133305513, -23.741356421430705 ], [ -45.95807073407083, -23.741506697261158 ], [ -45.958231715227377, -23.741651110275686 ], [ -45.958661683797914, -23.74168276492739 ], [ -45.958889766108562, -23.741745475562805 ], [ -45.958938256048519, -23.741802074642742 ], [ -45.958940037158058, -23.741911347482297 ], [ -45.958879358889888, -23.742066166446765 ], [ -45.95891126694162, -23.742270085534088 ], [ -45.958981067591338, -23.742423191875407 ], [ -45.959250075112692, -23.742715053857125 ], [ -45.960497905361578, -23.743626734636468 ], [ -45.961042854770341, -23.743950295737395 ], [ -45.962099409659899, -23.744464853202164 ], [ -45.96340423181497, -23.745249710576367 ], [ -45.964005887019539, -23.745544005841523 ], [ -45.964236000469917, -23.745614824165688 ], [ -45.964711353814302, -23.745678692636851 ], [ -45.964896785192458, -23.745677535141407 ], [ -45.965174188731297, -23.745641482625675 ], [ -45.965468979278242, -23.745568290971718 ], [ -45.965831781585862, -23.745404356677252 ], [ -45.966202866668482, -23.74516630977563 ], [ -45.966281282499189, -23.745155884700651 ], [ -45.966415320418392, -23.745237235235891 ], [ -45.966760990457601, -23.745543958008984 ], [ -45.96698871445259, -23.745822516437059 ], [ -45.96729235149045, -23.7464158059894 ], [ -45.967523101037699, -23.746970714828993 ], [ -45.967566430522737, -23.747124885738121 ], [ -45.967668060524197, -23.747334688200322 ], [ -45.9677977098155, -23.747485609081082 ], [ -45.967997653783129, -23.747589124681031 ], [ -45.968122144012312, -23.747572991016206 ], [ -45.968222920105013, -23.74753442655442 ], [ -45.96833507570782, -23.747442503697826 ], [ -45.968431292657222, -23.747318166479662 ], [ -45.968595813547324, -23.747010057571377 ], [ -45.96866991826225, -23.746947274403297 ], [ -45.968756998043119, -23.746914214455739 ], [ -45.969030785782259, -23.746919723466533 ], [ -45.969600201906509, -23.747097689543963 ], [ -45.970390551552462, -23.747165886029457 ], [ -45.97075839045015, -23.747284600862994 ], [ -45.971276406566453, -23.747543265587275 ], [ -45.97225626995084, -23.748159388468494 ], [ -45.972777074746283, -23.748396354372403 ], [ -45.972876967995752, -23.748503202727509 ], [ -45.973101470033342, -23.748873895131251 ], [ -45.973323052182792, -23.748983589599792 ], [ -45.973597200020691, -23.749036956129082 ], [ -45.973865636313512, -23.748981977814879 ], [ -45.974109355788343, -23.748901866102312 ], [ -45.974290234997518, -23.74881582802572 ], [ -45.974447196992223, -23.748680266208773 ], [ -45.97461614072364, -23.74857262694368 ], [ -45.97472222417322, -23.748456352275745 ], [ -45.974795513193811, -23.74828428789456 ], [ -45.974831034413427, -23.747915570834522 ], [ -45.974803863691378, -23.747428933991266 ], [ -45.974476818348407, -23.7465955647504 ], [ -45.974418414757707, -23.746394526197921 ], [ -45.974079957296127, -23.745609095802198 ], [ -45.973844034996027, -23.745153578619902 ], [ -45.973526427297763, -23.74466425503924 ], [ -45.973474726068424, -23.744440594560153 ], [ -45.973358830338633, -23.744160438584757 ], [ -45.973235952037911, -23.743996835433141 ], [ -45.972341871883657, -23.743169739471778 ], [ -45.971449356641251, -23.742287534735336 ], [ -45.970445003095243, -23.741405123378858 ], [ -45.969997780991761, -23.740898541951587 ], [ -45.969130179100013, -23.740196800640266 ], [ -45.96889015448707, -23.739978834603093 ], [ -45.968569682226693, -23.739628606039357 ], [ -45.968375295884712, -23.739346228006358 ], [ -45.968204035542804, -23.739006805107081 ], [ -45.968058937877387, -23.738622962705954 ], [ -45.967814053366943, -23.738144911862587 ], [ -45.967736984457062, -23.737805801763557 ], [ -45.967625552300802, -23.737463294011448 ], [ -45.967550193661083, -23.736957086325102 ], [ -45.967421345586892, -23.736381669023292 ], [ -45.96724901747816, -23.736029606998621 ], [ -45.967112802268659, -23.735652030081496 ], [ -45.967116053156687, -23.735560789355837 ], [ -45.967180355297337, -23.735499874629927 ], [ -45.967279280454882, -23.73547757962886 ], [ -45.96746387622975, -23.735498100798747 ], [ -45.968317956116543, -23.735703193173329 ], [ -45.968841499524004, -23.735787521033203 ], [ -45.969539047789027, -23.735786761061025 ], [ -45.970004668707745, -23.735733262939938 ], [ -45.971000028876333, -23.735540961703609 ], [ -45.971271629840111, -23.735519386006413 ], [ -45.97171916820772, -23.735409096544114 ], [ -45.972036026710413, -23.735272532296005 ], [ -45.972386691368307, -23.735064404310869 ], [ -45.972487981849362, -23.734964418432138 ], [ -45.972722757725514, -23.734607995353805 ], [ -45.97282983533978, -23.734362562323732 ], [ -45.972891932746393, -23.734137281989796 ], [ -45.97290407801146, -23.733923154008853 ], [ -45.972828726071633, -23.733155932619692 ], [ -45.972826553821811, -23.732863318825387 ], [ -45.97285784132707, -23.732716808225415 ], [ -45.972929544930253, -23.732596235301003 ], [ -45.973178770454432, -23.732600989111891 ], [ -45.973796467026943, -23.732814764510131 ], [ -45.974234100857728, -23.733089281269638 ], [ -45.97462924987731, -23.73345528477515 ], [ -45.974886600497072, -23.733760740474413 ], [ -45.975040467114262, -23.733870860260073 ], [ -45.97526871735333, -23.733957028300296 ], [ -45.975501079682921, -23.733936595888085 ], [ -45.975697815601293, -23.733874842145777 ], [ -45.976121441884167, -23.733584960094426 ], [ -45.97622537663657, -23.733577078564377 ], [ -45.976309899513538, -23.733597317809267 ], [ -45.976392542533489, -23.733760269846414 ], [ -45.976443370448941, -23.733998385858168 ], [ -45.976526626365562, -23.734243522428997 ], [ -45.976651703448958, -23.73443962356377 ], [ -45.976844726073509, -23.734537752937999 ], [ -45.977199542873727, -23.73449306187765 ], [ -45.977285947681068, -23.73450245062277 ], [ -45.977330861979333, -23.734605128148111 ], [ -45.977310891587443, -23.734952974914673 ], [ -45.977376966923721, -23.735130481739539 ], [ -45.977512682619754, -23.735305741941534 ], [ -45.977681673095709, -23.735469953589785 ], [ -45.978041888958131, -23.735753980223571 ], [ -45.978630301753213, -23.736116040689112 ], [ -45.978808990411324, -23.736264835742467 ], [ -45.979067121392262, -23.736541377590122 ], [ -45.979197879213757, -23.736840401827482 ], [ -45.97922745008885, -23.736990140680774 ], [ -45.979210769927278, -23.737121205922069 ], [ -45.979151735777883, -23.737229960167156 ], [ -45.979050523103538, -23.737339884690115 ], [ -45.978677623266456, -23.737591520510396 ], [ -45.978291341103663, -23.737759245368114 ], [ -45.97726473114281, -23.737971660924309 ], [ -45.976629223425221, -23.738136441108299 ], [ -45.975149740677402, -23.738403183697752 ], [ -45.974548598658849, -23.738572254487426 ], [ -45.974394296114163, -23.738668059986999 ], [ -45.974237500130457, -23.738824393469159 ], [ -45.974162239647562, -23.738994663745174 ], [ -45.974147388727552, -23.739108556771622 ], [ -45.974164133452717, -23.739249345843703 ], [ -45.974231208172121, -23.73942955721407 ], [ -45.974332627292519, -23.739610455246886 ], [ -45.974628298755547, -23.73992199150733 ], [ -45.974982647864131, -23.740207868298505 ], [ -45.975607904350504, -23.740641057818323 ], [ -45.975832183197767, -23.740850983965114 ], [ -45.975963165917797, -23.741048854420747 ], [ -45.976089470987368, -23.741145599271253 ], [ -45.9762980726981, -23.741226470385214 ], [ -45.976529722393401, -23.7412403610818 ], [ -45.976732651416981, -23.741218306119595 ], [ -45.976940975148487, -23.74113028539352 ], [ -45.9771671668693, -23.741070149722329 ], [ -45.97743629283368, -23.741109994092263 ], [ -45.977681592943128, -23.741243918278997 ], [ -45.978599132901081, -23.741925424226583 ], [ -45.978923257678453, -23.742234965291999 ], [ -45.979144193944293, -23.742521676910059 ], [ -45.979402478326357, -23.742948142688487 ], [ -45.979515496349698, -23.743235537438689 ], [ -45.9795858261703, -23.743587327592099 ], [ -45.979599578443093, -23.743851868885265 ], [ -45.97958013033206, -23.744006434017102 ], [ -45.979496901999283, -23.744291459608863 ], [ -45.979200670670153, -23.745089028190044 ], [ -45.979187700822742, -23.745453990519085 ], [ -45.97922321470061, -23.745610916851501 ], [ -45.979334225347777, -23.745892002118236 ], [ -45.979496877766941, -23.74612489209375 ], [ -45.979743351510358, -23.746414150127645 ], [ -45.98043305448067, -23.747061864074507 ], [ -45.980740064313167, -23.747310996971834 ], [ -45.981133529601237, -23.747574934269352 ], [ -45.981555969991767, -23.747777271080505 ], [ -45.982114286625873, -23.747780949535517 ], [ -45.982380848836677, -23.747738612852245 ], [ -45.982823241197643, -23.747592196573201 ], [ -45.983045907773011, -23.747453498937556 ], [ -45.983335977681065, -23.747144576635783 ], [ -45.983456671667177, -23.746884599547741 ], [ -45.983582451507907, -23.746518016218658 ], [ -45.983693584290293, -23.746291517012274 ], [ -45.983731313675889, -23.745958911150993 ], [ -45.983682216582508, -23.745561829798312 ], [ -45.983251790583758, -23.744556633133467 ], [ -45.983152799969353, -23.744047876009716 ], [ -45.983135095748402, -23.743780650869702 ], [ -45.983171692095603, -23.743166263750062 ], [ -45.983330131151781, -23.742445430847045 ], [ -45.983588582622133, -23.741585776681958 ], [ -45.983625587982232, -23.741287495675195 ], [ -45.983590976902057, -23.740728654675468 ], [ -45.983626099125559, -23.740310264231045 ], [ -45.983617868598792, -23.740128779757079 ], [ -45.983691164124252, -23.739698405164496 ], [ -45.983762427127139, -23.739520027489522 ], [ -45.984006393038939, -23.739084050769485 ], [ -45.98474873633112, -23.738122868528055 ], [ -45.985073638493091, -23.737752305940589 ], [ -45.985338280431122, -23.737327033512443 ], [ -45.985402353405718, -23.737106252021885 ], [ -45.985485326011819, -23.736528598477989 ], [ -45.985569881959201, -23.736422388794697 ], [ -45.985676652592609, -23.736400032072371 ], [ -45.985852080034853, -23.736505487431412 ], [ -45.986227233316221, -23.736946550491464 ], [ -45.98653615736221, -23.737191144475847 ], [ -45.987200188666193, -23.737428954860711 ], [ -45.987961455729362, -23.737550535486584 ], [ -45.98847681405578, -23.73771794003083 ], [ -45.988675811117339, -23.737825950855505 ], [ -45.989079175951858, -23.738233408932899 ], [ -45.989347155114032, -23.738381620046816 ], [ -45.989842337662417, -23.738475089257822 ], [ -45.990136654756412, -23.738473204544292 ], [ -45.990604882905622, -23.738375372432074 ], [ -45.991342405455669, -23.738080728184642 ], [ -45.991737855503061, -23.73795987702389 ], [ -45.99199920528477, -23.738009680807327 ], [ -45.992178940142651, -23.738164775319817 ], [ -45.992782522679967, -23.738839178839864 ], [ -45.992815499897318, -23.738918445776608 ], [ -45.992819332810242, -23.739035832856171 ], [ -45.992726437622458, -23.739206224778506 ], [ -45.992594699096244, -23.739300096869886 ], [ -45.991028755023009, -23.73941762031556 ], [ -45.990792280171149, -23.73954377314757 ], [ -45.99060631492528, -23.739602767586646 ], [ -45.990323089501373, -23.739774377682544 ], [ -45.989960275663869, -23.740060295995111 ], [ -45.989536444112019, -23.740451371513959 ], [ -45.989450342949759, -23.740612686415272 ], [ -45.989398722392167, -23.740792747121873 ], [ -45.989567622704044, -23.74133176001979 ], [ -45.989674800539902, -23.741492740820586 ], [ -45.989865438799207, -23.741662218754666 ], [ -45.99022127479062, -23.741880312511459 ], [ -45.991000742042687, -23.742069498252334 ], [ -45.991238772523722, -23.742148353925625 ], [ -45.991391414729073, -23.74222324101861 ], [ -45.991604627993553, -23.742393475102748 ], [ -45.991874369319383, -23.742772880827317 ], [ -45.99208118165501, -23.743004570594092 ], [ -45.992330670114782, -23.743170958130957 ], [ -45.9925185991953, -23.74324110168067 ], [ -45.99287636912031, -23.743195452037675 ], [ -45.993147241241992, -23.743076300273916 ], [ -45.99338525745447, -23.742894137558189 ], [ -45.993604461050452, -23.742689516259119 ], [ -45.994054873218168, -23.742181750428195 ], [ -45.99416506482951, -23.741963378714335 ], [ -45.994486992278262, -23.74146185699362 ], [ -45.994749881833279, -23.740808982589598 ], [ -45.994779465564093, -23.740570356327606 ], [ -45.994647696949485, -23.739626492124415 ], [ -45.9945329835179, -23.739119650598191 ], [ -45.994446063639693, -23.738525926098585 ], [ -45.994289325470639, -23.737910974582594 ], [ -45.994226439403967, -23.737381220112098 ], [ -45.994160415608391, -23.737213655638467 ], [ -45.994094654752622, -23.736822104093527 ], [ -45.994030209826832, -23.736603952054509 ], [ -45.994020270504251, -23.7364577029077 ], [ -45.99388785612944, -23.735944652187072 ], [ -45.993664749525493, -23.735374381438081 ], [ -45.993331187811705, -23.734728050754622 ], [ -45.992662865049411, -23.733534742932637 ], [ -45.99225105719588, -23.732659507208865 ], [ -45.992125880033207, -23.732064219712289 ], [ -45.992106943154958, -23.731636239651433 ], [ -45.992135480985937, -23.73138858857844 ], [ -45.992196378054643, -23.731138923489976 ], [ -45.99223205253405, -23.730797297122457 ], [ -45.99243900004678, -23.730012922481691 ], [ -45.992533425830608, -23.729268106039942 ], [ -45.992671291432167, -23.728689193573224 ], [ -45.992732979880827, -23.72854429068914 ], [ -45.992927479546672, -23.728319056324445 ], [ -45.993188548204827, -23.728075330822858 ], [ -45.993442908668598, -23.727723267861499 ], [ -45.993522219181401, -23.727573735638604 ], [ -45.99364604012478, -23.72721347925162 ], [ -45.993812540580407, -23.726530517497878 ], [ -45.993929421122488, -23.726419579868953 ], [ -45.994056109477889, -23.726437732179363 ], [ -45.99414272896535, -23.726476011625977 ], [ -45.994518546247818, -23.726746352115626 ], [ -45.994737184641757, -23.726858745132731 ], [ -45.995199776651503, -23.726799772631374 ], [ -45.995288248919437, -23.726823588825191 ], [ -45.995325216785908, -23.726911861347975 ], [ -45.995298366479254, -23.727122472234932 ], [ -45.995224017995362, -23.727279198753358 ], [ -45.994903100201078, -23.727779812200414 ], [ -45.994768704878112, -23.728038982748608 ], [ -45.994462210492379, -23.728501569531428 ], [ -45.994329185088922, -23.728812211442815 ], [ -45.994216436453257, -23.729209427007714 ], [ -45.994193460007793, -23.729413690616347 ], [ -45.994218736971462, -23.729642029527888 ], [ -45.994323611350183, -23.729887919991679 ], [ -45.994542885388228, -23.730083400473188 ], [ -45.994828291878974, -23.730202589066856 ], [ -45.995085415056757, -23.730214482217065 ], [ -45.9954645725456, -23.730147917019885 ], [ -45.996012995647902, -23.730150707809706 ], [ -45.996172252815718, -23.730193937136494 ], [ -45.99633770505497, -23.730277768940219 ], [ -45.996487770531829, -23.730402342202549 ], [ -45.996588971975143, -23.730551615787601 ], [ -45.996600250542933, -23.730615667952122 ], [ -45.996735917653886, -23.730781879452405 ], [ -45.996750091223348, -23.730839590799249 ], [ -45.996859799420669, -23.730946360455562 ], [ -45.997061804199248, -23.731063372980341 ], [ -45.997381529354463, -23.731179625942946 ], [ -45.997610191784432, -23.731189892062368 ], [ -45.997759021874359, -23.731151901988419 ], [ -45.997892841224143, -23.731075172441507 ], [ -45.998052597173853, -23.730926022070765 ], [ -45.998089400519611, -23.730863466002621 ], [ -45.998222135176491, -23.730773195714654 ], [ -45.998283986162683, -23.730779118571892 ], [ -45.998346969449827, -23.730804903804547 ], [ -45.998398380343069, -23.730856955543985 ], [ -45.99841179437761, -23.731587530825621 ], [ -45.99845491227817, -23.731967485563349 ], [ -45.998907943827597, -23.732968880764084 ], [ -45.998971682233233, -23.733222258730475 ], [ -45.998998644874426, -23.733541805437326 ], [ -45.999071715612999, -23.733861054202972 ], [ -45.999232869042423, -23.73428088828312 ], [ -45.999330228365181, -23.734440119479071 ], [ -45.999449483322657, -23.734511601947027 ], [ -45.999636353359179, -23.734572712334444 ], [ -45.999910245378452, -23.734595326790693 ], [ -46.000058648944318, -23.734629590472512 ], [ -46.000157247782127, -23.734693980659483 ], [ -46.000174600787062, -23.73478237866766 ], [ -46.00014681966173, -23.734870165483755 ], [ -45.999891239621682, -23.735704537539501 ], [ -45.999886099828259, -23.736059515011831 ], [ -45.999959457594521, -23.736325183721185 ], [ -46.00011667550632, -23.73657166552481 ], [ -46.000182706536037, -23.736612488132376 ], [ -46.000248737643957, -23.736653310744234 ], [ -46.00038639619337, -23.73668541988523 ], [ -46.000511854398852, -23.736684608047032 ], [ -46.000605643436948, -23.73664923478902 ], [ -46.000923571950167, -23.736399709568165 ], [ -46.001166227509181, -23.736314144030715 ], [ -46.001341770994607, -23.736304878721143 ], [ -46.001517915030902, -23.736374184664157 ], [ -46.001708580925538, -23.736546357125501 ], [ -46.0019018443653, -23.73692985308805 ], [ -46.001989550177697, -23.737237263936315 ], [ -46.002007008181522, -23.737467457850197 ], [ -46.001987020173203, -23.737932717292249 ], [ -46.00201187079827, -23.738103254376036 ], [ -46.002091542832673, -23.738386331695214 ], [ -46.002181191609083, -23.738562770864132 ], [ -46.002262474011417, -23.738671526824852 ], [ -46.002745969946112, -23.739159713020545 ], [ -46.002830306977891, -23.739282899498441 ], [ -46.002925070116, -23.739486399909065 ], [ -46.003058132160739, -23.740078915622995 ], [ -46.003199628825577, -23.740363397373631 ], [ -46.003345388165727, -23.740563857022135 ], [ -46.003505594192163, -23.740728999332447 ], [ -46.004290651906118, -23.741262186819338 ], [ -46.004664498639968, -23.741395232121558 ], [ -46.004948544022632, -23.741421359988195 ], [ -46.005095515775103, -23.741434878934761 ], [ -46.00546401140879, -23.741381905341811 ], [ -46.005567693233829, -23.741340588562778 ], [ -46.005691526830908, -23.741240434938454 ], [ -46.005812482741895, -23.741021082328629 ], [ -46.005860713621573, -23.740274755222021 ], [ -46.00590512466249, -23.740053191128798 ], [ -46.005896020988502, -23.739889777706075 ], [ -46.005919091226097, -23.739699963146467 ], [ -46.005992320283013, -23.739526079169714 ], [ -46.006116800036999, -23.739382569185441 ], [ -46.006290239246013, -23.739354345379386 ], [ -46.006384677524643, -23.739387147706704 ], [ -46.006452772986002, -23.739439087880928 ], [ -46.006785830457751, -23.739882178883789 ], [ -46.007003580151348, -23.740130033781636 ], [ -46.007168362125547, -23.740251790516055 ], [ -46.007318603896209, -23.740268874868789 ], [ -46.007380098436499, -23.740227831766909 ], [ -46.007471269733919, -23.740090859934522 ], [ -46.007484804901708, -23.739937233909171 ], [ -46.007371731367108, -23.73952251552144 ], [ -46.007260618711307, -23.739235130331529 ], [ -46.007280137653623, -23.739094109627583 ], [ -46.00735421872669, -23.739031308615498 ], [ -46.007557297195007, -23.739029985193291 ], [ -46.00774108104352, -23.739071235964616 ], [ -46.008177983286792, -23.739239085235344 ], [ -46.008509113111337, -23.739431105547297 ], [ -46.008791684698728, -23.739687566578738 ], [ -46.0088690976119, -23.739802666284184 ], [ -46.008957907517903, -23.739996266779517 ], [ -46.009002618503565, -23.740196477207075 ], [ -46.009005296858057, -23.740416831543822 ], [ -46.008974869668322, -23.740542569839761 ], [ -46.008961398282743, -23.740959015991699 ], [ -46.009055399580092, -23.741316958203857 ], [ -46.009152880492273, -23.741489729158523 ], [ -46.009275598224477, -23.741627111912969 ], [ -46.009416525145546, -23.741708379547621 ], [ -46.009547015081679, -23.741708430536871 ], [ -46.009699477980021, -23.741631569037065 ], [ -46.01023291168918, -23.740829687788722 ], [ -46.010462458315871, -23.740570786072432 ], [ -46.010678882320903, -23.740391448162729 ], [ -46.010798028648558, -23.740320222410574 ], [ -46.010881293652886, -23.740303421010314 ], [ -46.011061879103067, -23.740311271647965 ], [ -46.011106389438254, -23.740357944990102 ], [ -46.011132742429837, -23.740594401268762 ], [ -46.010959410542462, -23.741399349836115 ], [ -46.010916297158481, -23.741787991755967 ], [ -46.010957317567083, -23.742018029951819 ], [ -46.011075726663044, -23.742359554155833 ], [ -46.011307016574172, -23.742707565020126 ], [ -46.01158240773006, -23.743048964769155 ], [ -46.011719604078102, -23.743281985905821 ], [ -46.01177668407567, -23.743431537237843 ], [ -46.011829744775113, -23.743695816464999 ], [ -46.011831279874663, -23.743894528409651 ], [ -46.011834412307628, -23.744300001457159 ], [ -46.011813977775248, -23.744702945599879 ], [ -46.011870903522478, -23.745086416857063 ], [ -46.01208431743833, -23.745405642102725 ], [ -46.012263551229708, -23.745618517741306 ], [ -46.012596424461726, -23.745906252280427 ], [ -46.012900141565801, -23.746102957785869 ], [ -46.013340471196628, -23.746329474532732 ], [ -46.013579621411203, -23.746423641521773 ], [ -46.013879460913387, -23.746499346748429 ], [ -46.01420544102389, -23.746529721817659 ], [ -46.014531113382169, -23.746520359109926 ], [ -46.014709353377782, -23.746477643578942 ], [ -46.014827654667343, -23.746423580319675 ], [ -46.014978907563737, -23.746316917233973 ], [ -46.015094707359303, -23.746193326766619 ], [ -46.015192552964002, -23.746031921375469 ], [ -46.015240215059009, -23.745851879183519 ], [ -46.015254289420056, -23.745515810670422 ], [ -46.015221761053652, -23.745243269590922 ], [ -46.014987320691837, -23.744490669367465 ], [ -46.01493028821811, -23.744094555925155 ], [ -46.014928468678782, -23.74385974581411 ], [ -46.014957573754423, -23.743690663471774 ], [ -46.015008696568117, -23.743577432570557 ], [ -46.015294882006849, -23.743284734951491 ], [ -46.015430777585202, -23.743095984621096 ], [ -46.0154536444279, -23.74300822773327 ], [ -46.01543674287251, -23.742852994931635 ], [ -46.01534724139588, -23.742698239057439 ], [ -46.015148476362228, -23.742497236317632 ], [ -46.014812319098581, -23.742291716357801 ], [ -46.014626505363523, -23.742115916377038 ], [ -46.014505506051918, -23.741947819266208 ], [ -46.014441495137106, -23.741663743343135 ], [ -46.01444799385262, -23.741489390403455 ], [ -46.014522228395677, -23.741320011920596 ], [ -46.014983828259901, -23.740747989661433 ], [ -46.015042399641622, -23.740583229562631 ], [ -46.01502386712891, -23.740344013314449 ], [ -46.014776740054323, -23.739598720664027 ], [ -46.01468773484703, -23.739254296899642 ], [ -46.014694275213976, -23.739085362633066 ], [ -46.014721255060202, -23.739021964185909 ], [ -46.014796159554592, -23.738939284746802 ], [ -46.01489022864736, -23.73892421659836 ], [ -46.015396232472447, -23.739145781287 ], [ -46.015501359232232, -23.739164960341615 ], [ -46.015607173042007, -23.739146201975146 ], [ -46.015675321672532, -23.739078017094858 ], [ -46.015781900040437, -23.738904812872132 ], [ -46.015911279835244, -23.738888608938975 ], [ -46.016037302746952, -23.738945583111473 ], [ -46.016140095698603, -23.739043352147405 ], [ -46.016243246094135, -23.739187180031301 ], [ -46.016304148324117, -23.739323157111805 ], [ -46.016302676463042, -23.739512830792005 ], [ -46.016243210099923, -23.739688435138298 ], [ -46.016109645446313, -23.739924135230147 ], [ -46.016087900289612, -23.740156390761562 ], [ -46.016192698184462, -23.740386008160296 ], [ -46.01639844797905, -23.740602317495053 ], [ -46.016460563390687, -23.74076809083736 ], [ -46.016453009217457, -23.740932515972094 ], [ -46.016214700222513, -23.741451594444936 ], [ -46.016116277059133, -23.741790927099029 ], [ -46.016130565285827, -23.741988625601433 ], [ -46.016280620385103, -23.742360644871265 ], [ -46.016451229942582, -23.742599764073795 ], [ -46.016570900803323, -23.742722710233362 ], [ -46.016673486921071, -23.742793385276688 ], [ -46.016977727705672, -23.742931373940824 ], [ -46.017602328306502, -23.743134990356033 ], [ -46.017801433418647, -23.74325289673947 ], [ -46.017918282195012, -23.743391214131389 ], [ -46.0179448572637, -23.743528319595001 ], [ -46.017974563599672, -23.743563347240716 ], [ -46.017994027099824, -23.743795331494276 ], [ -46.018098334728357, -23.744087268678168 ], [ -46.01828724851098, -23.744408452727132 ], [ -46.018450168112082, -23.74454104714145 ], [ -46.018570296948113, -23.744596251533842 ], [ -46.018771688088307, -23.744629244348832 ], [ -46.018996161856592, -23.744602476125902 ], [ -46.01931540502008, -23.74439806310669 ], [ -46.019735689131629, -23.74406563723112 ], [ -46.019918555090413, -23.743987662031 ], [ -46.020190000101067, -23.74394522841602 ], [ -46.020486538047422, -23.743849342213231 ], [ -46.020674691488608, -23.743694562569623 ], [ -46.020994765535441, -23.743345635002399 ], [ -46.021860655156694, -23.742658930083078 ], [ -46.022052312226222, -23.742576378512368 ], [ -46.022305211715292, -23.742546708162166 ], [ -46.022806061738038, -23.742607519288903 ], [ -46.022929437713323, -23.742575995430208 ], [ -46.023179246044897, -23.742401838458822 ], [ -46.023426738455427, -23.742308077681614 ], [ -46.023554228840723, -23.742300911405486 ], [ -46.023673157679113, -23.742328121821973 ], [ -46.023909604059376, -23.74245299821149 ], [ -46.024301194599538, -23.742468467037845 ], [ -46.024482503735591, -23.742568419397411 ], [ -46.024679560768433, -23.742800128484713 ], [ -46.024780866213831, -23.742831970655033 ], [ -46.024948552907013, -23.742820924101274 ], [ -46.025108962060322, -23.742757542336307 ], [ -46.025298964416614, -23.742589197568851 ], [ -46.025549183098782, -23.742217242144896 ], [ -46.025647470992752, -23.742145376118422 ], [ -46.025661370114328, -23.742135213400985 ], [ -46.025774087415428, -23.742120918048006 ], [ -46.025924094687639, -23.742232817494802 ], [ -46.026017284795792, -23.742355931856615 ], [ -46.026092152983033, -23.742519809953869 ], [ -46.026131745037773, -23.74268934116937 ], [ -46.026135942932321, -23.742974711757672 ], [ -46.026029252656151, -23.743382744982508 ], [ -46.025984403274428, -23.743669344302294 ], [ -46.025986730752606, -23.74396646835676 ], [ -46.0260287452329, -23.744194688846758 ], [ -46.02608061084954, -23.744302723681923 ], [ -46.026173484237979, -23.744385197811184 ], [ -46.026318968590857, -23.744420358229242 ], [ -46.026485527400261, -23.744390351067103 ], [ -46.026750549038979, -23.744404847685754 ], [ -46.026798997690399, -23.744452393309192 ], [ -46.026834989582603, -23.744537954321849 ], [ -46.026745885284882, -23.745061475515374 ], [ -46.02673248878002, -23.745355091292417 ], [ -46.026800049059688, -23.745587657547922 ], [ -46.026869781044304, -23.745721765016736 ], [ -46.02722445026307, -23.746157440407536 ], [ -46.027353782380757, -23.746259540915922 ], [ -46.027853165205407, -23.746506395701726 ], [ -46.027879881855917, -23.746535119097238 ], [ -46.028231143344861, -23.746661031147084 ], [ -46.028479817134198, -23.746717178732617 ], [ -46.028730673267539, -23.746801309272804 ], [ -46.02927417500419, -23.74704334985443 ], [ -46.029429281070421, -23.747178693752574 ], [ -46.029684750729167, -23.747475034252449 ], [ -46.029890057856257, -23.747630815831862 ], [ -46.030062129094702, -23.747677536468817 ], [ -46.030322124114868, -23.747675803408335 ], [ -46.030691214720711, -23.747573091822463 ], [ -46.030865731848792, -23.747556574172553 ], [ -46.03107610937478, -23.747608457134945 ], [ -46.031146493726027, -23.747700109672309 ], [ -46.031147041523987, -23.747894285017978 ], [ -46.031094836658319, -23.748117713398514 ], [ -46.031096209102031, -23.748292013738901 ], [ -46.031159426546367, -23.748443833728182 ], [ -46.031165214765302, -23.748457734420935 ], [ -46.031385377607343, -23.74875521059861 ], [ -46.03160260596497, -23.74917824493771 ], [ -46.031658794107507, -23.749335922504635 ], [ -46.031723417530223, -23.749941509989135 ], [ -46.031892898201917, -23.750448581654229 ], [ -46.032114313782387, -23.750713725541843 ], [ -46.032367059773172, -23.751036271002462 ], [ -46.032912155436129, -23.751601617975982 ], [ -46.03320378267501, -23.752001573618983 ], [ -46.033402684834513, -23.752338927734211 ], [ -46.033596736585679, -23.752558903505534 ], [ -46.033794235780753, -23.752718344381922 ], [ -46.034392141507048, -23.753011481962066 ], [ -46.034518043037352, -23.753050378056098 ], [ -46.034742773679767, -23.753178927980148 ], [ -46.036140830297789, -23.754150388264925 ], [ -46.036305168458888, -23.754334433350479 ], [ -46.036507583473444, -23.754742205708531 ], [ -46.036752441632373, -23.755057570974365 ], [ -46.036907715258224, -23.755211871999645 ], [ -46.037112076330303, -23.755369455985605 ], [ -46.037446374626477, -23.755579453540452 ], [ -46.03766102865994, -23.75567374672848 ], [ -46.037865484652158, -23.755719337649886 ], [ -46.038094219367537, -23.755733154670914 ], [ -46.038369699321819, -23.755702402607479 ], [ -46.039150716719739, -23.755450590224818 ], [ -46.039613920364467, -23.755335482966458 ], [ -46.039875854696049, -23.755205472183643 ], [ -46.040012857523102, -23.755035659896379 ], [ -46.040090502240318, -23.754804832458095 ], [ -46.040148702397559, -23.754102688366562 ], [ -46.040291915972773, -23.753232888025828 ], [ -46.040360680676123, -23.753119530537326 ], [ -46.040443133287461, -23.753123491165795 ], [ -46.040622535536365, -23.753227049202909 ], [ -46.041230074076992, -23.753742271289905 ], [ -46.041672214871063, -23.754187256602943 ], [ -46.041793583635737, -23.75439597051254 ], [ -46.041975925179997, -23.754991726974485 ], [ -46.042048370010868, -23.755340759638187 ], [ -46.042296771495877, -23.755606418263511 ], [ -46.043363773689258, -23.756273873844965 ], [ -46.043777719305837, -23.756380359747538 ], [ -46.044251792340432, -23.756397928959647 ], [ -46.044462521499476, -23.756368506785137 ], [ -46.045009909221662, -23.756228429067633 ], [ -46.045286586031033, -23.75610192214641 ], [ -46.045497206405479, -23.755936122903513 ], [ -46.04563639565216, -23.755795191997152 ], [ -46.04572135340964, -23.755498382225394 ], [ -46.045822975879183, -23.754708337017352 ], [ -46.045837685869003, -23.754338847041755 ], [ -46.045959666222473, -23.753763614787921 ], [ -46.046119456670077, -23.753499714926239 ], [ -46.046543203425863, -23.752991981913549 ], [ -46.046604091650359, -23.752875965650784 ], [ -46.046670966957279, -23.752649723923575 ], [ -46.046699483587872, -23.752412000989828 ], [ -46.04660135916042, -23.751920446072056 ], [ -46.046602671711227, -23.751839153218338 ], [ -46.046657723107543, -23.751729498593615 ], [ -46.046749401404178, -23.751660237800579 ], [ -46.046853178244497, -23.751631537010763 ], [ -46.047346611209271, -23.751618258805635 ], [ -46.047602153439414, -23.751549693143328 ], [ -46.047762257749518, -23.751448357483984 ], [ -46.047929697679109, -23.75128284789659 ], [ -46.048023096785137, -23.751078264384805 ], [ -46.048050034442149, -23.750846158522329 ], [ -46.048070197854337, -23.750667109615339 ], [ -46.048140591334018, -23.750467840858096 ], [ -46.048325470279792, -23.750181652607868 ], [ -46.048516697883869, -23.749789399067847 ], [ -46.048629750159158, -23.749523576921103 ], [ -46.048705956842277, -23.74924195449055 ], [ -46.048719855864263, -23.748772219779763 ], [ -46.048750600576803, -23.748690727222812 ], [ -46.048818757813521, -23.748625237549216 ], [ -46.048956150007101, -23.748628820851511 ], [ -46.049200327489935, -23.748734638721807 ], [ -46.049441996283747, -23.748894662456479 ], [ -46.049702933237114, -23.74901030041978 ], [ -46.050239289549822, -23.749089746569599 ], [ -46.050366208646281, -23.749133138528173 ], [ -46.051098709583187, -23.749567994294566 ], [ -46.051509091594447, -23.749721448196222 ], [ -46.051816647008899, -23.749777157062059 ], [ -46.052090155139787, -23.749747297512119 ], [ -46.052262986324124, -23.749643161261353 ], [ -46.052429683724156, -23.749508359336119 ], [ -46.052451787267238, -23.749480296619474 ], [ -46.052665699984452, -23.749208711140586 ], [ -46.052828720521561, -23.748860789561324 ], [ -46.052855327644757, -23.748753132994363 ], [ -46.05284372465546, -23.748286281497425 ], [ -46.052783100941348, -23.748068131258915 ], [ -46.052232253149029, -23.747039577557892 ], [ -46.052071997496242, -23.746632442866574 ], [ -46.052046862292457, -23.746434823175282 ], [ -46.052074718546422, -23.745871968478838 ], [ -46.052133289854552, -23.745590688759815 ], [ -46.052140349396872, -23.745370271058245 ], [ -46.052099787073452, -23.745084247257328 ], [ -46.052018985998522, -23.744796690964812 ], [ -46.051875765911859, -23.744555620331077 ], [ -46.05166701699779, -23.744340283713157 ], [ -46.051425223768589, -23.74416400723333 ], [ -46.050979608651772, -23.743896994601879 ], [ -46.050588739995803, -23.743605223363549 ], [ -46.050153655915253, -23.743182793977976 ], [ -46.050065160255208, -23.743036180923056 ], [ -46.050069830329683, -23.742884419152052 ], [ -46.05015946614499, -23.74280613887559 ], [ -46.050328203040301, -23.742804089223263 ], [ -46.0506554789741, -23.74287411743099 ], [ -46.050901464027213, -23.742961857562751 ], [ -46.051136273494443, -23.743001806102299 ], [ -46.051477795132797, -23.743013030576584 ], [ -46.051907903362462, -23.743059777668002 ], [ -46.052222542826172, -23.743144338973003 ], [ -46.05253578658359, -23.743299355174461 ], [ -46.052871289868627, -23.743538212456897 ], [ -46.053373481918157, -23.744008043721553 ], [ -46.053571564619297, -23.744238804283697 ], [ -46.053732388739533, -23.744472528033072 ], [ -46.054040281853908, -23.745059285126096 ], [ -46.054232728688504, -23.74556464197406 ], [ -46.054384531493177, -23.74626174435997 ], [ -46.054460384117142, -23.746908788104484 ], [ -46.054447857011397, -23.747302648596467 ], [ -46.054535417232152, -23.747697632457715 ], [ -46.054631465334282, -23.747928184379443 ], [ -46.054802521854853, -23.748213316644929 ], [ -46.054895597377019, -23.748318350311941 ], [ -46.055033833232812, -23.748426688257982 ], [ -46.055187490558502, -23.748500600940595 ], [ -46.055643425193153, -23.74858418996504 ], [ -46.055754982585938, -23.748669227483379 ], [ -46.05580265854114, -23.748741154044442 ], [ -46.05579930932231, -23.748812526012262 ], [ -46.055440080878917, -23.749162693796045 ], [ -46.055378446763712, -23.749306716065291 ], [ -46.055363463763051, -23.749517253089504 ], [ -46.0553874998851, -23.749699525891533 ], [ -46.055540918343041, -23.750033656348378 ], [ -46.055834887095052, -23.750380075274897 ], [ -46.0561086540473, -23.750628357346546 ], [ -46.056315750386709, -23.750776884627605 ], [ -46.056501783905681, -23.750971597163041 ], [ -46.056820489460137, -23.751192496784562 ], [ -46.056831573478682, -23.751228547111005 ], [ -46.056749018415637, -23.751454899981788 ], [ -46.05674281665781, -23.75165905500058 ], [ -46.056838437448071, -23.751957344751979 ], [ -46.056997745282288, -23.752244360990602 ], [ -46.057219982081627, -23.752426180736322 ], [ -46.057333163361818, -23.752468757678422 ], [ -46.057612099253461, -23.752502974940199 ], [ -46.0576585047313, -23.752538783438506 ], [ -46.057670789148467, -23.752601920059391 ], [ -46.057642890489348, -23.752670750654449 ], [ -46.057379871126642, -23.75290646725318 ], [ -46.057285064780658, -23.752952273615648 ], [ -46.056672417798922, -23.753026910242969 ], [ -46.056605228989987, -23.75309059039861 ], [ -46.056598378340887, -23.75321436918183 ], [ -46.056660627974836, -23.753268132696945 ], [ -46.056691437152317, -23.753316692288859 ], [ -46.056683015010783, -23.753367326437839 ], [ -46.056625615657943, -23.753428230207408 ], [ -46.056570317003747, -23.75350627951369 ], [ -46.056585653782392, -23.753582942649381 ], [ -46.056994445550522, -23.753901669271134 ], [ -46.057060659994498, -23.754081846884436 ], [ -46.057031217344161, -23.754324093254063 ], [ -46.056936015243906, -23.754564079992655 ], [ -46.056689428696423, -23.755012827185972 ], [ -46.056529053315593, -23.75520177966629 ], [ -46.056350032664227, -23.755268933862489 ], [ -46.056237322863282, -23.755285057954673 ], [ -46.055849122612337, -23.755208233736962 ], [ -46.055343649343513, -23.755190011375998 ], [ -46.054966775275233, -23.755300963401819 ], [ -46.05474994672263, -23.755425272515232 ], [ -46.054431652140131, -23.755743548602105 ], [ -46.054094350789342, -23.756138721757363 ], [ -46.053936303429801, -23.756373716617215 ], [ -46.053721303813802, -23.756603680807419 ], [ -46.053195808514367, -23.757024520605292 ], [ -46.053015053324913, -23.757242509437521 ], [ -46.052908932618692, -23.757468117820491 ], [ -46.052846986054519, -23.757818060292504 ], [ -46.052843415369303, -23.758350041890445 ], [ -46.052996434681781, -23.75919705979933 ], [ -46.053102242084748, -23.760273800108305 ], [ -46.053090612408802, -23.760779645010516 ], [ -46.053015349686653, -23.761182061068073 ], [ -46.052994176870932, -23.761477536371611 ], [ -46.053016896104502, -23.762349827096521 ], [ -46.053079533833802, -23.762695307573772 ], [ -46.053386336592872, -23.76326310501053 ], [ -46.053496976253172, -23.763720248810621 ], [ -46.05373027106652, -23.764298481387421 ], [ -46.053787103730137, -23.764532010113882 ], [ -46.053820271341287, -23.764873175429365 ], [ -46.054092609366229, -23.765546875010788 ], [ -46.054092559427822, -23.765662478817596 ], [ -46.054056443626969, -23.765808132758053 ], [ -46.05406675173068, -23.765991402318374 ], [ -46.054145085976437, -23.766213946259207 ], [ -46.054290929983097, -23.766411644277365 ], [ -46.054481489741143, -23.766556654063614 ], [ -46.055243306140412, -23.766840459795741 ], [ -46.055550658195919, -23.766987379676483 ], [ -46.055755931598803, -23.767131384122248 ], [ -46.056123669127899, -23.767464842386019 ], [ -46.056424818419543, -23.76769398966028 ], [ -46.056745258341223, -23.767881459342139 ], [ -46.057071371259809, -23.767920772678753 ], [ -46.057663940895793, -23.767903168657046 ], [ -46.058095114293749, -23.767949888709129 ], [ -46.058331404964967, -23.768045810062393 ], [ -46.05844202916596, -23.768134463953686 ], [ -46.05856127086043, -23.768317889547347 ], [ -46.058651372716049, -23.768659566148369 ], [ -46.05866130570957, -23.768916896060048 ], [ -46.058519567485213, -23.769591618109398 ], [ -46.058482845082821, -23.769904359957028 ], [ -46.058394604560952, -23.770277965968418 ], [ -46.058244647698089, -23.770543616748768 ], [ -46.057890158160752, -23.77087930806783 ], [ -46.057791053609449, -23.771001912266719 ], [ -46.057621987531199, -23.771331817091504 ], [ -46.057549112900638, -23.771785697813147 ], [ -46.057566522085558, -23.771996915878926 ], [ -46.057696594311913, -23.772305805737904 ], [ -46.057811012918982, -23.772499199413357 ], [ -46.057997285372551, -23.772719195241052 ], [ -46.058186789537537, -23.772853369377522 ], [ -46.058353205477331, -23.772923577836622 ], [ -46.058646612386312, -23.772921566689774 ], [ -46.058866787813372, -23.772965214657251 ], [ -46.059088324916203, -23.77305581679018 ], [ -46.059619085660309, -23.773400791714685 ], [ -46.059966902920422, -23.773694637881665 ], [ -46.060217492343646, -23.773979216152838 ], [ -46.06045662212609, -23.774302708112938 ], [ -46.060770772068452, -23.774800895390772 ], [ -46.0608128220682, -23.774903565570767 ], [ -46.060837406051547, -23.774909718734989 ], [ -46.060922868149582, -23.775040991429055 ], [ -46.061229704170721, -23.775242091639782 ], [ -46.06188400619758, -23.775450736763535 ], [ -46.062113803382587, -23.775590950758485 ], [ -46.0622956560345, -23.775748654061484 ], [ -46.06241061832813, -23.775886948127081 ], [ -46.062535207048747, -23.776243737951706 ], [ -46.062616585046662, -23.776355168460562 ], [ -46.062786494768282, -23.776492180887669 ], [ -46.063026553384979, -23.776566392881247 ], [ -46.063259184922387, -23.776572016355399 ], [ -46.063649056813482, -23.776363413168038 ], [ -46.064024314589567, -23.77604743505885 ], [ -46.064152933609506, -23.775813536238136 ], [ -46.06423650779243, -23.775350547988424 ], [ -46.064354088868519, -23.77508692117361 ], [ -46.064384296265693, -23.775060521654417 ], [ -46.064370528745712, -23.774815863143189 ], [ -46.064181144534729, -23.774576930785809 ], [ -46.063807779884023, -23.774280561014073 ], [ -46.062943681444231, -23.773735590340394 ], [ -46.062237094526758, -23.773129923321978 ], [ -46.061898077474297, -23.772953431308533 ], [ -46.061559551465805, -23.772716424098061 ], [ -46.061349663642019, -23.772489369854732 ], [ -46.061224167290675, -23.772261735352011 ], [ -46.06107232931604, -23.771690181603432 ], [ -46.06082349269299, -23.771258379057603 ], [ -46.060861557232521, -23.770990785111223 ], [ -46.061199927976872, -23.770483599446827 ], [ -46.061280867166673, -23.77017868164258 ], [ -46.061396734219038, -23.769461687265242 ], [ -46.061665678642242, -23.768985684851053 ], [ -46.061728682935204, -23.76876849567973 ], [ -46.061727686129267, -23.76864567407479 ], [ -46.061551319418903, -23.768074289097434 ], [ -46.0615299855763, -23.767621957352564 ], [ -46.061476257237551, -23.7674100862573 ], [ -46.061413412627587, -23.767284077078173 ], [ -46.061286662356231, -23.767143153461571 ], [ -46.061281499703099, -23.767111578666462 ], [ -46.060806055013977, -23.766808676729671 ], [ -46.060787015892643, -23.766760037340195 ], [ -46.060802906284472, -23.766662387938766 ], [ -46.060964226058239, -23.766589027856089 ], [ -46.061180686120842, -23.766659792880994 ], [ -46.061407479059874, -23.766794610298501 ], [ -46.062124182726542, -23.767321639032978 ], [ -46.062411046819378, -23.76748223313594 ], [ -46.062934116702301, -23.767727903723273 ], [ -46.063171773113957, -23.767870771992005 ], [ -46.063346996637712, -23.76805922722809 ], [ -46.063598940227621, -23.768510873688975 ], [ -46.063756399749032, -23.768686806657175 ], [ -46.0644337696964, -23.769201450812378 ], [ -46.064653418390741, -23.769422111612542 ], [ -46.064906464224123, -23.769767176457165 ], [ -46.06511158358169, -23.770131537498454 ], [ -46.06521876691081, -23.77027891473475 ], [ -46.065477963992556, -23.770535427460722 ], [ -46.065898017706843, -23.770781798052607 ], [ -46.066134223113281, -23.770865966772909 ], [ -46.066372074793676, -23.770911288350405 ], [ -46.066596787114335, -23.770909736546095 ], [ -46.066905152568658, -23.770817291623317 ], [ -46.0669410766955, -23.770770079684677 ], [ -46.0669958366014, -23.770746219497216 ], [ -46.067230216584342, -23.770486299361842 ], [ -46.067735688840287, -23.76965552108442 ], [ -46.068309510755221, -23.768903745585103 ], [ -46.068598518084357, -23.768724729014355 ], [ -46.068876885799412, -23.768684870527792 ], [ -46.069272576760262, -23.76871193544817 ], [ -46.069553269265427, -23.768836432690168 ], [ -46.0699054022787, -23.768936952634689 ], [ -46.070824540170008, -23.768893553537783 ], [ -46.071149852558037, -23.768834399333045 ], [ -46.07184306727914, -23.768644444598628 ], [ -46.071923522981649, -23.76864298305075 ], [ -46.07206233918253, -23.768698014735595 ], [ -46.072098522979111, -23.768802528777513 ], [ -46.072141293296767, -23.769112011689199 ], [ -46.072277810285314, -23.769245632978894 ], [ -46.072458562382593, -23.769268762935582 ], [ -46.072574832645152, -23.76932666012582 ], [ -46.072570459457623, -23.769391717162019 ], [ -46.072343731045677, -23.769745519324744 ], [ -46.072321098617053, -23.769857666839556 ], [ -46.072329655389687, -23.770063525167139 ], [ -46.072404324032533, -23.77019396315119 ], [ -46.072493467537491, -23.770294496697122 ], [ -46.0726365292266, -23.770388333666435 ], [ -46.072804685795262, -23.7705506353978 ], [ -46.072837404908611, -23.770711168415836 ], [ -46.07280791129466, -23.770824266778728 ], [ -46.072801831267242, -23.771040161354669 ], [ -46.07289757446329, -23.77122735095594 ], [ -46.072986430158217, -23.771292663397002 ], [ -46.073091597228647, -23.771312705057763 ], [ -46.0732593289436, -23.77130341115441 ], [ -46.073714117955312, -23.771116910880963 ], [ -46.074227695355169, -23.770799947128378 ], [ -46.0746165524411, -23.770472108709637 ], [ -46.074834516762337, -23.770246611327973 ], [ -46.075011229967181, -23.770016885027129 ], [ -46.075236314107947, -23.769822044574951 ], [ -46.075483467960261, -23.769685754670753 ], [ -46.075737935724852, -23.769603602316302 ], [ -46.076230686579621, -23.769499919964872 ], [ -46.076384923542747, -23.769401305183294 ], [ -46.076394231265724, -23.769220610858671 ], [ -46.076308824886418, -23.769097474891183 ], [ -46.076092554716503, -23.768931899656767 ], [ -46.07578302847142, -23.768762457964815 ], [ -46.075708736129499, -23.768678079587279 ], [ -46.075724318448252, -23.768544305200759 ], [ -46.076164829835008, -23.768174558545354 ], [ -46.076483886647445, -23.767832751674391 ], [ -46.07670827381542, -23.76743470585301 ], [ -46.07688982684509, -23.76719771865055 ], [ -46.07698288142646, -23.766938769639108 ], [ -46.077122864461828, -23.766777936398146 ], [ -46.077313202744669, -23.766654684018583 ], [ -46.077414872083402, -23.766488698886356 ], [ -46.077569526897321, -23.766083913123431 ], [ -46.077818632980922, -23.765828390648995 ], [ -46.07791180475553, -23.765703106137398 ], [ -46.077926834899579, -23.76562171798383 ], [ -46.078036182345329, -23.765554121926833 ], [ -46.078226935906777, -23.765600657271669 ], [ -46.078458299774802, -23.765692969366924 ], [ -46.078802544797107, -23.765908223877059 ], [ -46.079017228575331, -23.766000651603456 ], [ -46.079200719630329, -23.765999369659575 ], [ -46.079448219665331, -23.765906422340734 ], [ -46.079764586943099, -23.765597141079201 ], [ -46.079887529003372, -23.765512288898101 ], [ -46.079973817744531, -23.765504460430808 ], [ -46.080381221480337, -23.765762620829207 ], [ -46.080605569201282, -23.765836915756402 ], [ -46.080944527597403, -23.765886926547715 ], [ -46.081203558439881, -23.765883307261866 ], [ -46.081557164288732, -23.765805870471716 ], [ -46.081821410291461, -23.765720930444836 ], [ -46.08232014790218, -23.765631637608479 ], [ -46.082828119491303, -23.765591048330926 ], [ -46.083328564020427, -23.765471033350423 ], [ -46.0854326040347, -23.764662396807978 ], [ -46.086072727460632, -23.764465527235835 ], [ -46.086328697896242, -23.764330061680095 ], [ -46.08654164291552, -23.764094649161645 ], [ -46.086745223714651, -23.763795178908666 ], [ -46.08678360980182, -23.763691047077046 ], [ -46.086879805331563, -23.762985916513049 ], [ -46.086845722720362, -23.762781142194775 ], [ -46.086568295180122, -23.761986519129252 ], [ -46.086176617633583, -23.761140316225152 ], [ -46.086142088362763, -23.76111798034416 ], [ -46.086125040068538, -23.760955533885063 ], [ -46.08615801026712, -23.760790026286692 ], [ -46.0862346858259, -23.76080664696244 ], [ -46.08642253064329, -23.761094332816931 ], [ -46.086509543222647, -23.761174100882236 ], [ -46.086802008692437, -23.761298484072061 ], [ -46.086877967291663, -23.761465031689422 ], [ -46.086980173927422, -23.761838214980024 ], [ -46.087006361810232, -23.762037625984728 ], [ -46.087119086583741, -23.762495630844786 ], [ -46.087160234751551, -23.762842149241479 ], [ -46.087338497588739, -23.763629340812326 ], [ -46.08734105662019, -23.763937295461414 ], [ -46.08727293785072, -23.76424213504545 ], [ -46.087252230817391, -23.764466260908343 ], [ -46.087304937205253, -23.764786506594323 ], [ -46.087404375004873, -23.765062169118785 ], [ -46.087429040750557, -23.765078252118762 ], [ -46.087411217546233, -23.765295132515956 ], [ -46.087169081230343, -23.765442243387096 ], [ -46.087001855445202, -23.765629468281624 ], [ -46.086550976953383, -23.766400314403139 ], [ -46.086473303001782, -23.766500206806992 ], [ -46.086105229294112, -23.766844184542968 ], [ -46.085775984234793, -23.767255624375007 ], [ -46.085652206192229, -23.767475958846685 ], [ -46.085341843048333, -23.768626038160487 ], [ -46.085342817065957, -23.768743440234793 ], [ -46.085423235615188, -23.768974080348556 ], [ -46.085514605242672, -23.769105297401683 ], [ -46.08594038396793, -23.76956471461105 ], [ -46.086062884941832, -23.769663199184059 ], [ -46.086411237592621, -23.770133997170348 ], [ -46.08650016778865, -23.770325741458251 ], [ -46.086500574231309, -23.77049282044262 ], [ -46.08644942349239, -23.770714450841243 ], [ -46.086482961898497, -23.770971611235879 ], [ -46.08660043224058, -23.771173089215551 ], [ -46.086807221363458, -23.771376648000299 ], [ -46.086847680411552, -23.771521769617532 ], [ -46.086824979456971, -23.771742296714187 ], [ -46.086632565509817, -23.772206060934142 ], [ -46.08658924972719, -23.772425829916724 ], [ -46.086591830566952, -23.772736493595243 ], [ -46.08670407701274, -23.773135796874623 ], [ -46.086737249060022, -23.773348705576407 ], [ -46.086730580243717, -23.773727170151609 ], [ -46.086636382834129, -23.774201080859548 ], [ -46.086449821264189, -23.77454287909077 ], [ -46.085955387628722, -23.775154173484886 ], [ -46.085905573699385, -23.775182521279607 ], [ -46.085775593732869, -23.775365870542895 ], [ -46.085354520823849, -23.776185273632841 ], [ -46.085151151005569, -23.776512738272316 ], [ -46.084733726182037, -23.776944665079412 ], [ -46.084597180795512, -23.777165088453696 ], [ -46.084560789507677, -23.777273721445411 ], [ -46.08455198748053, -23.777395707809344 ], [ -46.084618896876712, -23.77765353717421 ], [ -46.084838982673382, -23.777802816138163 ], [ -46.085022078089118, -23.777870168579781 ], [ -46.085607321231826, -23.777911211978719 ], [ -46.086300187526007, -23.777912660752929 ], [ -46.086575376359477, -23.77784298855736 ], [ -46.087284281603203, -23.777530929067545 ], [ -46.088163382625467, -23.777387458134008 ], [ -46.088712439455577, -23.777325786402876 ], [ -46.089245843906603, -23.777387953857254 ], [ -46.089605119008191, -23.77739896604745 ], [ -46.090044380392101, -23.777351611564271 ], [ -46.090261826202664, -23.777301306526091 ], [ -46.09050611606628, -23.777174947560695 ], [ -46.09107388112843, -23.776768134554739 ], [ -46.091286865177608, -23.776653736468102 ], [ -46.091617508109472, -23.776526765461625 ], [ -46.09249814536571, -23.776098769147179 ], [ -46.092722057549679, -23.775883139806414 ], [ -46.093144977272253, -23.775407802412637 ], [ -46.093491141257502, -23.774907719524901 ], [ -46.093598154760187, -23.774678466453011 ], [ -46.093839723604177, -23.773993076044576 ], [ -46.093865967943742, -23.773728269183874 ], [ -46.093913348638978, -23.773643941232422 ], [ -46.094294941187073, -23.773625884116576 ], [ -46.094752513292697, -23.7734230462273 ], [ -46.09482738584645, -23.773457738001476 ], [ -46.095098588957889, -23.773851391583715 ], [ -46.095202085627257, -23.773905749318267 ], [ -46.095447046991687, -23.773978069445285 ], [ -46.095809632457609, -23.773916792550242 ], [ -46.096179371496113, -23.773772374927184 ], [ -46.096588842736743, -23.773568066821316 ], [ -46.096815251583337, -23.773417440316855 ], [ -46.097033988016591, -23.773171134893509 ], [ -46.097103670805922, -23.773055037593348 ], [ -46.097261150351017, -23.772525580251596 ], [ -46.097454814565353, -23.772449243229566 ], [ -46.09758324073956, -23.772433880190622 ], [ -46.098842156556351, -23.772534207554788 ], [ -46.099097971840429, -23.772613669848543 ], [ -46.099661434635451, -23.77286795709615 ], [ -46.100025336221989, -23.772963807798909 ], [ -46.100272748161998, -23.772977398562496 ], [ -46.100758292177993, -23.772951359727507 ], [ -46.100989083157522, -23.772972292980132 ], [ -46.101171654120478, -23.773093818504645 ], [ -46.101469438379361, -23.773378893809049 ], [ -46.101678892951533, -23.77354628714636 ], [ -46.102050047201352, -23.77368723826719 ], [ -46.102227781700499, -23.773700420008261 ], [ -46.102420973157862, -23.773684590626605 ], [ -46.102879316180541, -23.773574747102444 ], [ -46.102970985715608, -23.773506356762095 ], [ -46.10312061817757, -23.773329175352796 ], [ -46.103207402517, -23.773147023978087 ], [ -46.103246719554242, -23.772921860871676 ], [ -46.10323963590956, -23.772780118272689 ], [ -46.103275087255817, -23.772445702671515 ], [ -46.10336348911077, -23.772106393030914 ], [ -46.103565434428241, -23.771616350518865 ], [ -46.103772677344601, -23.770940222726029 ], [ -46.103947260416675, -23.77058042765983 ], [ -46.104104345583941, -23.770124121391166 ], [ -46.104238613543032, -23.769871184925744 ], [ -46.10446118630626, -23.769616713744565 ], [ -46.104598577421775, -23.769268924826687 ], [ -46.104702714751987, -23.768701910230352 ], [ -46.105038229077067, -23.768226263838375 ], [ -46.105323549761408, -23.767617311041999 ], [ -46.105443552279283, -23.767418664214702 ], [ -46.105809085516917, -23.767012343301992 ], [ -46.105850282101173, -23.767010242057662 ], [ -46.106310221469784, -23.76720834882045 ], [ -46.10658705214162, -23.767220815961313 ], [ -46.106623121066207, -23.767192560134337 ], [ -46.106673156420108, -23.767191298502379 ], [ -46.106793805872137, -23.767069413030416 ], [ -46.10686252609667, -23.766956931068769 ], [ -46.107102584486427, -23.766334752458082 ], [ -46.107255009501763, -23.766141290742382 ], [ -46.10739023541818, -23.766118645882475 ], [ -46.10751310015003, -23.766258655002879 ], [ -46.107583016981906, -23.76640355937986 ], [ -46.107702079594603, -23.766558045840576 ], [ -46.107928810283852, -23.766680149970892 ], [ -46.108142204006832, -23.766733710699707 ], [ -46.108407190058273, -23.766738131299192 ], [ -46.108629707675242, -23.76671034318133 ], [ -46.108961656109798, -23.766626677501172 ], [ -46.109311219135513, -23.766653067800348 ], [ -46.109466512965732, -23.766798261195987 ], [ -46.10958849033107, -23.767064714610747 ], [ -46.109598884773042, -23.76713327865264 ], [ -46.109447228069207, -23.767417051143585 ], [ -46.10946425182847, -23.767688774196902 ], [ -46.109526006787867, -23.767912309454253 ], [ -46.109863772119027, -23.768629685658688 ], [ -46.109836112237339, -23.768839413027404 ], [ -46.10961047679109, -23.769194162215925 ], [ -46.109479017441487, -23.769545525193102 ], [ -46.109413163602582, -23.769880160241957 ], [ -46.109430854192048, -23.770230451640984 ], [ -46.109585888492781, -23.770922949613226 ], [ -46.109753160641901, -23.7714383439126 ], [ -46.109954709633847, -23.771945363321279 ], [ -46.110027545335093, -23.772202234719039 ], [ -46.110051210839558, -23.772215611709125 ], [ -46.110060893008473, -23.772315790643578 ], [ -46.110037756082072, -23.77248032845171 ], [ -46.109952868049717, -23.77253783643539 ], [ -46.109573988846357, -23.772527915280119 ], [ -46.109379036909182, -23.772567247817854 ], [ -46.109279045536297, -23.77269530886818 ], [ -46.10927389223918, -23.772897649294794 ], [ -46.109352661699482, -23.773044295280293 ], [ -46.109602219332317, -23.773310734887964 ], [ -46.109831777218453, -23.773417462013995 ], [ -46.110719928883938, -23.77353751582498 ], [ -46.110800785117597, -23.773582994331061 ], [ -46.110805486393332, -23.774020983279851 ], [ -46.110909848978487, -23.774292077536384 ], [ -46.110940491370648, -23.774318048147698 ], [ -46.110944861428379, -23.774370398799427 ], [ -46.111408753814842, -23.774798761311828 ], [ -46.11153407738243, -23.774995646785964 ], [ -46.111735768429909, -23.775402413795035 ], [ -46.111915563550752, -23.775657610732448 ], [ -46.11226035583158, -23.775927875516931 ], [ -46.112590750578079, -23.776120573274294 ], [ -46.113214676247701, -23.776555904917753 ], [ -46.113889944989836, -23.777142590832533 ], [ -46.11450205786339, -23.777572583375996 ], [ -46.115069206994832, -23.777908068520418 ], [ -46.115409092646068, -23.778061856402605 ], [ -46.115470350131211, -23.77811018333087 ], [ -46.115638640289092, -23.77816586510027 ], [ -46.11589305513936, -23.77819383009988 ], [ -46.116900069131567, -23.778208224021274 ], [ -46.117114481808017, -23.778263570502602 ], [ -46.11710082677584, -23.778388302324966 ], [ -46.116949302629443, -23.778916831119883 ], [ -46.116875172446932, -23.779314748051892 ], [ -46.11682817900612, -23.780247126211986 ], [ -46.116878214303938, -23.780589956582649 ], [ -46.11714420772379, -23.781398146491341 ], [ -46.117226610742136, -23.781968333051726 ], [ -46.117273914669902, -23.782106170766575 ], [ -46.117570971580932, -23.78264409672752 ], [ -46.117761707505402, -23.782798958552114 ], [ -46.117975548289991, -23.782901270849212 ], [ -46.118221549972809, -23.782977158889551 ], [ -46.118733528831157, -23.783054731796437 ], [ -46.118979477084302, -23.783124297060787 ], [ -46.119202197858669, -23.783231962048834 ], [ -46.119406582635357, -23.783375885173889 ], [ -46.119522986317357, -23.783560184090138 ], [ -46.119540868104714, -23.783700040610753 ], [ -46.119466944872741, -23.784121438435012 ], [ -46.119476605422662, -23.784332702388781 ], [ -46.119592438703179, -23.784564871575814 ], [ -46.11978046777881, -23.784746844441443 ], [ -46.119960823142065, -23.784834946551079 ], [ -46.120137592358262, -23.784848114104715 ], [ -46.120779773614863, -23.78477210505012 ], [ -46.121163708673798, -23.784680809583495 ], [ -46.122031223097217, -23.784330411456491 ], [ -46.122410008695837, -23.784211153172286 ], [ -46.122983722839322, -23.784162726964389 ], [ -46.12321441163062, -23.784169176792904 ], [ -46.123274553804443, -23.784201252087133 ], [ -46.123300088801031, -23.78431757079149 ], [ -46.122872798080898, -23.78484540155447 ], [ -46.122677192170229, -23.785152987382599 ], [ -46.122326356764091, -23.785898819561528 ], [ -46.122137529194561, -23.786081722709717 ], [ -46.122033088283338, -23.786148410849943 ], [ -46.121911584102108, -23.786170969299516 ], [ -46.121520881500139, -23.786160261492636 ], [ -46.12127774894401, -23.78619092819984 ], [ -46.121027082792033, -23.786258677810594 ], [ -46.120796609171492, -23.786392209340903 ], [ -46.120694354598861, -23.786485071689878 ], [ -46.120618893161243, -23.786726756937298 ], [ -46.120643447011922, -23.786957781528752 ], [ -46.120748913476177, -23.787124999128746 ], [ -46.120932069777773, -23.787195920020338 ], [ -46.121185266032157, -23.787194081063014 ], [ -46.121817706161892, -23.78712536318239 ], [ -46.122040696437729, -23.787149030153596 ], [ -46.122409822902412, -23.787275494857848 ], [ -46.123451730984399, -23.788030161212209 ], [ -46.123868829770693, -23.788256521123657 ], [ -46.124102164272173, -23.788341522915228 ], [ -46.124496610052759, -23.788444316505977 ], [ -46.125420725189322, -23.788624530015372 ], [ -46.125537680226927, -23.78875734115363 ], [ -46.125528714034317, -23.788855848262354 ], [ -46.125484495488557, -23.788963643751138 ], [ -46.125309788782303, -23.789190701368085 ], [ -46.125153267514179, -23.789478136277612 ], [ -46.125055176768292, -23.789826558292155 ], [ -46.125079257196781, -23.790001590946339 ], [ -46.125244104166519, -23.79033906475124 ], [ -46.125418909045777, -23.790465132173889 ], [ -46.126270944172497, -23.790821073752383 ], [ -46.126524574579101, -23.790982690020453 ], [ -46.126715559034388, -23.791163729021122 ], [ -46.12688731275049, -23.791504762940875 ], [ -46.127041939485061, -23.791680648167056 ], [ -46.127502658951961, -23.791955448270773 ], [ -46.127677803202012, -23.792120345257445 ], [ -46.127743885997219, -23.792271588933609 ], [ -46.12776504447784, -23.792903628160449 ], [ -46.127870931846751, -23.793345389974526 ], [ -46.128037448378883, -23.793533831011505 ], [ -46.128417878800583, -23.793829986995767 ], [ -46.129046834861413, -23.794377201286832 ], [ -46.129466696935829, -23.79457914014187 ], [ -46.129804981518468, -23.794654333299341 ], [ -46.129959574272903, -23.794711905056928 ], [ -46.130055585702479, -23.794805127838675 ], [ -46.130309578145102, -23.795234062198666 ], [ -46.13057654344712, -23.795460599183915 ], [ -46.130773487889677, -23.795535019323673 ], [ -46.13157873416295, -23.795696196071063 ], [ -46.131811992784819, -23.795770348518232 ], [ -46.132354955474362, -23.796132133866688 ], [ -46.132694477507833, -23.796236211667757 ], [ -46.132842605196331, -23.796226996060255 ], [ -46.133062686169893, -23.796139582599753 ], [ -46.133224274200302, -23.79598486347032 ], [ -46.133365692515341, -23.795767976165486 ], [ -46.133404846980433, -23.795416370047125 ], [ -46.133344849424631, -23.794836096458294 ], [ -46.133371311234342, -23.794718494868537 ], [ -46.1334376569705, -23.794672850945357 ], [ -46.133487811868328, -23.794684223269698 ], [ -46.133571938797957, -23.794764887245446 ], [ -46.133930711466249, -23.795277939980188 ], [ -46.134044658433389, -23.795401734892057 ], [ -46.134226379752782, -23.795531353501033 ], [ -46.134567887922593, -23.795638121979163 ], [ -46.134660582451922, -23.795688015808331 ], [ -46.135109567105502, -23.796416250741075 ], [ -46.135448713992417, -23.796815649274173 ], [ -46.135718769068738, -23.796944615969021 ], [ -46.136149845312417, -23.797079621691928 ], [ -46.136848771935341, -23.797202718552072 ], [ -46.13710146953732, -23.797367032779956 ], [ -46.137258880394718, -23.797522114432489 ], [ -46.137590526438217, -23.797622626715764 ], [ -46.138172158447773, -23.797575890330922 ], [ -46.13829012950481, -23.79759759837664 ], [ -46.138592931007643, -23.797766959216137 ], [ -46.13874745226628, -23.797815491127047 ], [ -46.13950651030224, -23.797855043888994 ], [ -46.139755621918958, -23.797945323353577 ], [ -46.139892879455353, -23.798040041277712 ], [ -46.140073261869347, -23.7982401067521 ], [ -46.140161076267347, -23.798517622159501 ], [ -46.140134643337021, -23.798862813436447 ], [ -46.140184819943201, -23.79898888095698 ], [ -46.14027889849919, -23.798971929371579 ], [ -46.14036590570813, -23.798819560390527 ], [ -46.140413437430048, -23.798530207261624 ], [ -46.140420137973713, -23.798173421098337 ], [ -46.140478757312167, -23.798142281371405 ], [ -46.140537904876247, -23.798171647484235 ], [ -46.140633941984142, -23.798266669443603 ], [ -46.14078228468798, -23.798506708649878 ], [ -46.141034962552823, -23.798780295105438 ], [ -46.141436729155778, -23.799041940673451 ], [ -46.14164668044134, -23.799143344192874 ], [ -46.142138241179957, -23.799234534931241 ], [ -46.14265770415922, -23.799261395217865 ], [ -46.142833694348667, -23.79929531386038 ], [ -46.142862362210387, -23.799318582885714 ], [ -46.143163655948172, -23.799314544604375 ], [ -46.143411468379213, -23.799255811161739 ], [ -46.143672648419511, -23.799266519254633 ], [ -46.143918616182923, -23.799221345593747 ], [ -46.144189611394516, -23.799119991929192 ], [ -46.144432269953199, -23.799145286153401 ], [ -46.144770993062231, -23.799268308426932 ], [ -46.14502049063347, -23.799401926527313 ], [ -46.14517260225184, -23.799622967476058 ], [ -46.145203899113945, -23.79994605558835 ], [ -46.144909585308497, -23.80007467797995 ], [ -46.144769227175537, -23.800186804388385 ], [ -46.14477184702141, -23.800261744699192 ], [ -46.14498451788559, -23.800672896790481 ], [ -46.145002026388497, -23.800878680370161 ], [ -46.144947079690951, -23.800992882439758 ], [ -46.144707314261332, -23.801298113094344 ], [ -46.144655042375632, -23.801493576874492 ], [ -46.144657139626801, -23.801732890621476 ], [ -46.14472980084367, -23.801959940127343 ], [ -46.144873018413016, -23.802173822189022 ], [ -46.145050018496697, -23.802322428084857 ], [ -46.14527587953539, -23.80244628651932 ], [ -46.145404454316193, -23.802445331989713 ], [ -46.145515393395868, -23.802336132797407 ], [ -46.145602728381412, -23.802109702009865 ], [ -46.145727636708138, -23.801914601671317 ], [ -46.145834926416633, -23.801837038886873 ], [ -46.145933019177768, -23.801829988410727 ], [ -46.146081859110652, -23.802125109189042 ], [ -46.146277589202299, -23.802394593765179 ], [ -46.146445726013013, -23.802539651286029 ], [ -46.146712739781947, -23.802655073603024 ], [ -46.147143361279277, -23.802734960103724 ], [ -46.14754387997538, -23.802740109625194 ], [ -46.147799715105954, -23.802700275028066 ], [ -46.148524515257961, -23.80252418955719 ], [ -46.148707063817042, -23.802521927335249 ], [ -46.149018722975171, -23.802691200875771 ], [ -46.14913737171527, -23.802677673342981 ], [ -46.149171302649577, -23.80262955480417 ], [ -46.149300684476543, -23.802162576780322 ], [ -46.149365784284178, -23.802087132153421 ], [ -46.149451205055499, -23.802090108242876 ], [ -46.149661691747937, -23.802251102967656 ], [ -46.149764978111648, -23.802276523987818 ], [ -46.150191244393547, -23.802307665482491 ], [ -46.150419529405049, -23.802371891717627 ], [ -46.150660348274357, -23.802521821292228 ], [ -46.150959839365747, -23.80275801307009 ], [ -46.151333025114312, -23.802891600788644 ], [ -46.151626259183701, -23.802863221450981 ], [ -46.151833689526448, -23.802788519518213 ], [ -46.152026124744303, -23.802794307705522 ], [ -46.152146160955667, -23.802826827003535 ], [ -46.152556340454083, -23.803036901317324 ], [ -46.152811182750263, -23.803218332101409 ], [ -46.152847034523397, -23.80327676748194 ], [ -46.152854805742123, -23.80337876281062 ], [ -46.152816040302497, -23.803435046407184 ], [ -46.152810524962483, -23.803588619295802 ], [ -46.152836633653671, -23.803655255640251 ], [ -46.152939330820857, -23.803724932103108 ], [ -46.153135813000823, -23.803744235491912 ], [ -46.153597099548627, -23.803627895874051 ], [ -46.15380027658113, -23.803627279548412 ], [ -46.153838937784329, -23.803670340530203 ], [ -46.153852327491691, -23.803741587415988 ], [ -46.153427985692872, -23.804040083305392 ], [ -46.153428615775354, -23.804111425664971 ], [ -46.153487744862133, -23.804138077377967 ], [ -46.15356114938394, -23.804225131820314 ], [ -46.153568881327992, -23.804322611773792 ], [ -46.153543178567752, -23.804413116694093 ], [ -46.153182431452286, -23.804799642887215 ], [ -46.153082013783468, -23.80498824397792 ], [ -46.153067816717162, -23.805159041129169 ], [ -46.153157707126198, -23.805334479010995 ], [ -46.153213900191517, -23.805362055904894 ], [ -46.153317939829982, -23.805361278103941 ], [ -46.15347903484794, -23.805263439006055 ], [ -46.153696139447248, -23.805061321255224 ], [ -46.15412394706069, -23.804821501911871 ], [ -46.154414216113622, -23.804790429971266 ], [ -46.154576786599222, -23.804859657216006 ], [ -46.154670493013469, -23.805022421814169 ], [ -46.154779424593812, -23.805130884794522 ], [ -46.154860323193688, -23.805177241755139 ], [ -46.155122903989287, -23.805233979015515 ], [ -46.155160944090895, -23.805317684985202 ], [ -46.155089263227332, -23.805425693803397 ], [ -46.154663316061317, -23.805875930435832 ], [ -46.154545272511847, -23.806069179980554 ], [ -46.154382063923343, -23.80648313040053 ], [ -46.154384107642727, -23.806714315590661 ], [ -46.154463532107933, -23.807037943678377 ], [ -46.154543027691638, -23.807147530166439 ], [ -46.154779152116852, -23.807320066099958 ], [ -46.154925088052117, -23.807394836162079 ], [ -46.154976598417853, -23.807447734930818 ], [ -46.155060929346014, -23.807438072206246 ], [ -46.15527252799798, -23.807168259025872 ], [ -46.155494804032102, -23.806995903215469 ], [ -46.155868752507828, -23.806881113877179 ], [ -46.156196515104789, -23.806871432519227 ], [ -46.156549295430793, -23.806915750472562 ], [ -46.156906650076053, -23.807033186513713 ], [ -46.156951314436547, -23.80708884535564 ], [ -46.156953112066837, -23.807180950751782 ], [ -46.156876406756169, -23.807386535702843 ], [ -46.156880748895851, -23.807433465671043 ], [ -46.156942451310933, -23.807528734287963 ], [ -46.157157948608358, -23.807588530397965 ], [ -46.157436804789427, -23.807598178861639 ], [ -46.157957294924017, -23.807736966330413 ], [ -46.158188785718238, -23.807829153459927 ], [ -46.158776141759212, -23.808202248706966 ], [ -46.15909578439679, -23.808604447345942 ], [ -46.159184546875373, -23.808651645988935 ], [ -46.159384190126538, -23.808694398635666 ], [ -46.159443482824493, -23.808739109226266 ], [ -46.159452845868401, -23.808798645147078 ], [ -46.15942327648829, -23.80889550181341 ], [ -46.159346806778281, -23.809127276740586 ], [ -46.15921843574101, -23.809372988555278 ], [ -46.159141981456131, -23.80960656949464 ], [ -46.159144009851779, -23.809835045013003 ], [ -46.159242697528391, -23.810004994002671 ], [ -46.15968754532431, -23.810246396911786 ], [ -46.159764730633036, -23.81064770727194 ], [ -46.159818833074802, -23.810771028565529 ], [ -46.159944572386209, -23.810892004874344 ], [ -46.159994371790759, -23.810972911603308 ], [ -46.160009284895978, -23.811104655726307 ], [ -46.159831830405459, -23.811571099705294 ], [ -46.159727895004202, -23.812026153175626 ], [ -46.159668217276284, -23.8124908081918 ], [ -46.159583693187052, -23.812700065588547 ], [ -46.159386460854208, -23.812818954653004 ], [ -46.159214259601612, -23.812882564718638 ], [ -46.158583845381933, -23.812969486236803 ], [ -46.158498662086878, -23.81310469180459 ], [ -46.158507444235497, -23.813209388342255 ], [ -46.158585320603777, -23.813356915864617 ], [ -46.158655588768873, -23.813421412947157 ], [ -46.158888280304531, -23.813537070847172 ], [ -46.159052578627538, -23.813578283036843 ], [ -46.159370974880112, -23.813617433572805 ], [ -46.159728337134702, -23.813622874768285 ], [ -46.159888886039852, -23.813683983002704 ], [ -46.160157870554393, -23.813906837795319 ], [ -46.160714353752446, -23.814447234670943 ], [ -46.160948661498502, -23.814854586367428 ], [ -46.161114608776657, -23.815080924371344 ], [ -46.161695858579897, -23.815535334029608 ], [ -46.16205091558998, -23.815722315009317 ], [ -46.162114339765893, -23.815789571374872 ], [ -46.162114355189374, -23.815901558626379 ], [ -46.161817336709063, -23.816059134003819 ], [ -46.161719900755607, -23.816251330383842 ], [ -46.161729095734643, -23.816402082850466 ], [ -46.161881930431349, -23.816809143475151 ], [ -46.161874196636873, -23.817043110849543 ], [ -46.161744262108733, -23.817333992636183 ], [ -46.161776258990891, -23.817509860752605 ], [ -46.161854472216852, -23.81758423074913 ], [ -46.161861632799514, -23.817616689245359 ], [ -46.161972914856058, -23.817656491307886 ], [ -46.162126043743797, -23.817655337343449 ], [ -46.16233372378116, -23.817606809596672 ], [ -46.162719225232756, -23.817463919121163 ], [ -46.162873335432749, -23.817462757022192 ], [ -46.162926639231863, -23.817495770623566 ], [ -46.162907860350387, -23.817701824448243 ], [ -46.16280234683596, -23.817978976021546 ], [ -46.162788741193417, -23.818214793891379 ], [ -46.16286212791173, -23.818408412064088 ], [ -46.162989800588448, -23.818524855256332 ], [ -46.16311203429904, -23.818581733218412 ], [ -46.163509881010562, -23.818612147316465 ], [ -46.163736381467608, -23.81858244121981 ], [ -46.163894966085017, -23.818532475645949 ], [ -46.164079618810923, -23.818433544408752 ], [ -46.164314588119097, -23.818142770914204 ], [ -46.16434986928784, -23.818136182676298 ], [ -46.164379887925108, -23.818089896692658 ], [ -46.164485104236583, -23.818109873985129 ], [ -46.164922509163929, -23.818503041270084 ], [ -46.165180563390308, -23.81881899086514 ], [ -46.165323045300219, -23.819054532383394 ], [ -46.165514511287981, -23.819278866012475 ], [ -46.165679835039313, -23.819433856540002 ], [ -46.166060069736162, -23.819690177800577 ], [ -46.16673437278574, -23.820007491729097 ], [ -46.16702049376952, -23.820167888487102 ], [ -46.167150947013532, -23.820265341431348 ], [ -46.167382288396702, -23.820557104884543 ], [ -46.167680393549247, -23.821178905097998 ], [ -46.1677737568059, -23.82130011950958 ], [ -46.168157697681721, -23.821640397515843 ], [ -46.168370666287892, -23.821743545997784 ], [ -46.168625699463632, -23.821830119123973 ], [ -46.168883410916827, -23.821886868494548 ], [ -46.171343725115825, -23.822127392451655 ], [ -46.171891585579303, -23.82224515060344 ], [ -46.172030562701337, -23.822307312681154 ], [ -46.172161102827182, -23.822413791689492 ], [ -46.172196611777771, -23.822541764934872 ], [ -46.172220300648178, -23.822556034787912 ], [ -46.172223691798422, -23.822824235952396 ], [ -46.172392168044361, -23.823328702697651 ], [ -46.172415857081667, -23.823342972512677 ], [ -46.17244587461019, -23.823624517996983 ], [ -46.172482130547117, -23.823726294935959 ], [ -46.172542708346327, -23.823803502614201 ], [ -46.173633258683402, -23.824444548393874 ], [ -46.17365638508273, -23.824453347802113 ], [ -46.169070484950211, -23.82410232212931 ], [ -46.16494460428013, -23.827112931394865 ], [ -46.162123744057183, -23.828118934197541 ], [ -46.162308554847222, -23.828117560111707 ], [ -46.162610240898942, -23.828149571621168 ], [ -46.162819994645922, -23.828443310137011 ], [ -46.163012589486883, -23.828788713929068 ], [ -46.162995716285252, -23.829101285339792 ], [ -46.162923084509067, -23.829431477715328 ], [ -46.162982010144411, -23.829656829104632 ], [ -46.163078270867132, -23.829881867124719 ], [ -46.163437211761945, -23.829948681303254 ], [ -46.164116802138253, -23.830081757623745 ], [ -46.164532669355737, -23.830148134593529 ], [ -46.164949773894463, -23.830353675701463 ], [ -46.165592849440088, -23.830573636033687 ], [ -46.165875580977477, -23.830571476850093 ], [ -46.166272927124922, -23.83046582218045 ], [ -46.16715901212055, -23.832310799051463 ], [ -46.162352943662178, -23.838508363068271 ], [ -46.16627702418365, -23.84240401724691 ], [ -46.166933654929217, -23.843343105398006 ], [ -46.16753316442982, -23.843934811829723 ], [ -46.168300070869613, -23.845121494385161 ], [ -46.16857727844716, -23.845914389172687 ], [ -46.168746901593302, -23.846757786785311 ], [ -46.168812057497192, -23.847999475119053 ], [ -46.173962597626712, -23.851867055896509 ], [ -46.174239137771401, -23.852434381082432 ], [ -46.1742946717007, -23.852550034151779 ], [ -46.174355808444588, -23.852787947583735 ], [ -46.174624147870823, -23.853362993334187 ], [ -46.174908208908683, -23.853721170520092 ], [ -46.175274520123963, -23.854053432226856 ], [ -46.175372319463783, -23.854118613500791 ], [ -46.176164189257598, -23.854492780715447 ], [ -46.176276053460903, -23.854593075510635 ], [ -46.176392652570613, -23.854782742577346 ], [ -46.176472850908333, -23.855182210640496 ], [ -46.176600264599813, -23.855481975155023 ], [ -46.176766105677437, -23.855687521774914 ], [ -46.177233533611023, -23.856124670394347 ], [ -46.177249020729533, -23.856208541854787 ], [ -46.177150764681507, -23.856310441872232 ], [ -46.176255177264927, -23.856739942967042 ], [ -46.176030076664382, -23.856866087091422 ], [ -46.178898820209952, -23.858818115590761 ], [ -46.178495976817032, -23.859017629769692 ], [ -46.178118982134428, -23.859135210011143 ], [ -46.177576251431553, -23.85916826076593 ], [ -46.176852787775942, -23.859087092002792 ], [ -46.176333296176992, -23.859083836138801 ], [ -46.176119428987597, -23.85910624129848 ], [ -46.175749231608293, -23.859215635837277 ], [ -46.174909397268117, -23.859514655268111 ], [ -46.174609186428647, -23.859544942013081 ], [ -46.174602687672902, -23.859586534960176 ], [ -46.174568475654993, -23.859603955099594 ], [ -46.17449473492114, -23.859593680150599 ], [ -46.174529471498332, -23.859743332538883 ], [ -46.175598669290167, -23.860703314569122 ], [ -46.175648539388924, -23.860788729872272 ], [ -46.175628400049987, -23.860842167454848 ], [ -46.175639682062453, -23.860895365185797 ], [ -46.175507351563773, -23.860921662652853 ], [ -46.174909593034158, -23.860733860825675 ], [ -46.174446467600177, -23.860666047447253 ], [ -46.174393900149376, -23.860717022893258 ], [ -46.174334234546848, -23.860852042235205 ], [ -46.174418018364989, -23.860995901891012 ], [ -46.174580518695613, -23.861157223413002 ], [ -46.175131753550723, -23.861521489187982 ], [ -46.175216219108698, -23.861631927850727 ], [ -46.175471698866012, -23.862085148282748 ], [ -46.175816645531192, -23.862441051689263 ], [ -46.176152087998247, -23.862722971343914 ], [ -46.176680667752009, -23.863078373007497 ], [ -46.176878506802538, -23.863237615629892 ], [ -46.176814449902437, -23.86332119181607 ], [ -46.176596212861838, -23.863404139993477 ], [ -46.176064640186489, -23.863478644055427 ], [ -46.175972794906173, -23.863529919999962 ], [ -46.175945904119637, -23.863596955948211 ], [ -46.175982863641437, -23.863666213559714 ], [ -46.176072953902853, -23.863746805887288 ], [ -46.176333702614642, -23.863912793585477 ], [ -46.17658231745429, -23.864366064227649 ], [ -46.176782070639042, -23.864628247401111 ], [ -46.176750311153718, -23.864699836262517 ], [ -46.176656493266258, -23.864750224600311 ], [ -46.176475086344183, -23.864779607380992 ], [ -46.176039742024322, -23.864745002320358 ], [ -46.175833846836262, -23.864672519366987 ], [ -46.175429456236223, -23.864476921584139 ], [ -46.175212063728281, -23.864436134560446 ], [ -46.174581908639119, -23.864468939569626 ], [ -46.174156927302704, -23.864385481833814 ], [ -46.173514885581142, -23.864188981632015 ], [ -46.173324323780612, -23.864183208925496 ], [ -46.173213535159988, -23.864203018586789 ], [ -46.173073886792508, -23.86450752963157 ], [ -46.172984491489423, -23.864612972190056 ], [ -46.172891556427729, -23.864652514149494 ], [ -46.17279011508608, -23.864619871543258 ], [ -46.17220856275803, -23.864270278423426 ], [ -46.171936644399523, -23.86417210238929 ], [ -46.17174799774341, -23.864160894465524 ], [ -46.171651012931719, -23.864186919749471 ], [ -46.171463834589517, -23.864120610203244 ], [ -46.171243797538807, -23.86400397585227 ], [ -46.171028240792459, -23.863948719031072 ], [ -46.170892092033633, -23.863987685334465 ], [ -46.170894616651481, -23.864159258322097 ], [ -46.171159783211536, -23.864380311434012 ], [ -46.171335164033643, -23.86466345907824 ], [ -46.1713361712535, -23.864775437887836 ], [ -46.171229830217293, -23.864962288847114 ], [ -46.171246987138097, -23.865122913115112 ], [ -46.1713874972219, -23.865350332665578 ], [ -46.172265381806092, -23.866109493844302 ], [ -46.172592501439382, -23.866448380752512 ], [ -46.172767343356163, -23.866671021826996 ], [ -46.173052064742812, -23.867099639098551 ], [ -46.173214839966057, -23.867290762476664 ], [ -46.17343437437836, -23.86745977830784 ], [ -46.173626386931012, -23.867517017237578 ], [ -46.173951605250913, -23.867535309397148 ], [ -46.174037757772339, -23.867505752737635 ], [ -46.174313560073621, -23.867489199466515 ], [ -46.174429790537189, -23.867528049975874 ], [ -46.17495056279266, -23.86788712890144 ], [ -46.175707842889913, -23.868336517787213 ], [ -46.175741365164249, -23.868459988574298 ], [ -46.175628687522853, -23.868597219439177 ], [ -46.17562828098476, -23.868769717570196 ], [ -46.175702622298957, -23.868845914646847 ], [ -46.175978143406752, -23.869015402158343 ], [ -46.176184159822292, -23.869100527358238 ], [ -46.17647892180711, -23.869225614280786 ], [ -46.177097944644053, -23.870022848431862 ], [ -46.177591026171022, -23.870358648524224 ], [ -46.17774993482211, -23.870446841227892 ], [ -46.178025576310333, -23.870628967508836 ], [ -46.17804699070274, -23.870716405745952 ], [ -46.177979878968273, -23.870788265362684 ], [ -46.177801089780921, -23.870890782170132 ], [ -46.177588438874132, -23.870941177209215 ], [ -46.177399927238042, -23.871054605353798 ], [ -46.177339033582733, -23.871162541694193 ], [ -46.177514561664147, -23.871350853195551 ], [ -46.178083901905538, -23.871648137339829 ], [ -46.178229260702217, -23.871758107893083 ], [ -46.178229676312512, -23.871912537241741 ], [ -46.178171885538163, -23.871929235646885 ], [ -46.178174168249768, -23.871964439612341 ], [ -46.177997808862372, -23.872010041922064 ], [ -46.177813240495482, -23.872125246620719 ], [ -46.17774193685996, -23.872276612277854 ], [ -46.177733687111633, -23.872341699635637 ], [ -46.177794574752632, -23.872667258030969 ], [ -46.177901886754277, -23.873022263937727 ], [ -46.178000968674837, -23.873227415745735 ], [ -46.178280084654673, -23.873575687727122 ], [ -46.178366385117343, -23.873779130891798 ], [ -46.178455164051343, -23.874147824838023 ], [ -46.178452960154658, -23.874446772453663 ], [ -46.17829763474564, -23.874755020305809 ], [ -46.178121762092552, -23.87485480593811 ], [ -46.177879979343892, -23.874942452190425 ], [ -46.177294898675918, -23.874969506244671 ], [ -46.176659916553582, -23.874908434370909 ], [ -46.176453300224729, -23.874866664236549 ], [ -46.176084968748, -23.874861350976389 ], [ -46.175964335129493, -23.874879431852989 ], [ -46.175885541908229, -23.874963120350419 ], [ -46.175827482237487, -23.875167667739696 ], [ -46.175848673859683, -23.875882772460503 ], [ -46.175923196064041, -23.876087210089747 ], [ -46.176067010349442, -23.876243253140455 ], [ -46.176546003590254, -23.876647800004697 ], [ -46.17685939900926, -23.876876601203517 ], [ -46.177065167280212, -23.876932827006975 ], [ -46.177336987222041, -23.876908170133468 ], [ -46.17745223026661, -23.87683684567136 ], [ -46.177801208530532, -23.876547888446627 ], [ -46.178328566206559, -23.875893610101205 ], [ -46.178479324319632, -23.875840075288743 ], [ -46.178607012487348, -23.875841806915098 ], [ -46.178878272524479, -23.875972487245097 ], [ -46.179156644316222, -23.876237676499571 ], [ -46.179214796639123, -23.876369085580929 ], [ -46.179670198479833, -23.876986937882293 ], [ -46.180276127234791, -23.877633437109047 ], [ -46.180503151601933, -23.877759034933163 ], [ -46.180968051923458, -23.877907191331509 ], [ -46.181111430176422, -23.877906091086349 ], [ -46.181187775413569, -23.877877508657235 ], [ -46.181325766361162, -23.877715695462847 ], [ -46.181328727253813, -23.877609105414773 ], [ -46.181085503512591, -23.877213602358431 ], [ -46.180431314116554, -23.876552123558923 ], [ -46.179961834500283, -23.875898256929872 ], [ -46.179746049463482, -23.875495316151156 ], [ -46.17947742487334, -23.874896804283274 ], [ -46.179419592264473, -23.874692240653161 ], [ -46.179417783911767, -23.874492666357085 ], [ -46.179643426782562, -23.874249805872591 ], [ -46.180148394669558, -23.874052668798686 ], [ -46.180331866853791, -23.873924826106744 ], [ -46.180498512691621, -23.873674288783889 ], [ -46.180561638230117, -23.873487763265935 ], [ -46.1806906446865, -23.872877172112787 ], [ -46.180891755921991, -23.871662747778046 ], [ -46.181023839231422, -23.870525617375918 ], [ -46.181215799189182, -23.869602065328401 ], [ -46.18130868326358, -23.86934035272423 ], [ -46.181386985184474, -23.868445669075822 ], [ -46.181385190736371, -23.868247900868631 ], [ -46.181287487572092, -23.867761872089407 ], [ -46.180975601819959, -23.867156468998179 ], [ -46.180942377183847, -23.866958038720025 ], [ -46.180956533264691, -23.866894712139135 ], [ -46.181066732965647, -23.866809877195479 ], [ -46.181356606258078, -23.86672095429785 ], [ -46.181871675246803, -23.866666426868179 ], [ -46.18210766115336, -23.866483089258807 ], [ -46.182162566858501, -23.866365262864747 ], [ -46.18218267770569, -23.866200741684988 ], [ -46.182026248474713, -23.865952683239119 ], [ -46.181751645307337, -23.86534338285901 ], [ -46.181557613328003, -23.864738882260021 ], [ -46.181517498651218, -23.86453869872668 ], [ -46.181534246470036, -23.864328144528344 ], [ -46.18156980806846, -23.86424297890397 ], [ -46.181803349510567, -23.86389890620174 ], [ -46.181972375599329, -23.863479466833283 ], [ -46.18208935345821, -23.86327627119632 ], [ -46.182247744199408, -23.86309172293846 ], [ -46.18269300927313, -23.862705383111958 ], [ -46.183013764158311, -23.862341673418175 ], [ -46.183110406165987, -23.862170242294322 ], [ -46.183189523570661, -23.862123575571957 ], [ -46.183275801502752, -23.862108462751191 ], [ -46.183456606549633, -23.862121523112357 ], [ -46.183602609401987, -23.862086985692166 ], [ -46.183736550036159, -23.8620218349675 ], [ -46.183823164363154, -23.86204374695923 ], [ -46.183913159549803, -23.862113497984048 ], [ -46.18411396125169, -23.862597829335201 ], [ -46.184357995190162, -23.862868692949739 ], [ -46.184517149676033, -23.862876499849079 ], [ -46.184747648099311, -23.862846729978578 ], [ -46.184981560524307, -23.862868411021733 ], [ -46.185168509040928, -23.86301688908263 ], [ -46.185363852130678, -23.863332378308353 ], [ -46.185626902799079, -23.863318612576268 ], [ -46.185867076351762, -23.863165039983109 ], [ -46.186012949681583, -23.862792736805815 ], [ -46.186041775867572, -23.862399660354146 ], [ -46.185951925937772, -23.862130321393543 ], [ -46.18584983763995, -23.861918875901175 ], [ -46.185802778272389, -23.861711522140414 ], [ -46.185816750634018, -23.861628328069411 ], [ -46.186200170684401, -23.861569381893684 ], [ -46.186407646236212, -23.861491921985735 ], [ -46.186481728961247, -23.861431745668625 ], [ -46.186566739005812, -23.861277561319 ], [ -46.186610972074959, -23.861066794999115 ], [ -46.186563821382819, -23.86084950794487 ], [ -46.186591408294333, -23.860751759100946 ], [ -46.186728703089827, -23.860731735690198 ], [ -46.18709690903691, -23.860835465062326 ], [ -46.187441774087617, -23.860856287108053 ], [ -46.187539005973477, -23.860965717155139 ], [ -46.187630286829233, -23.861176341706869 ], [ -46.187837804689849, -23.861426709730665 ], [ -46.187970009160431, -23.861386855998244 ], [ -46.188117349138267, -23.86117619694754 ], [ -46.188084402309933, -23.86111684565018 ], [ -46.188199955044382, -23.861081635771612 ], [ -46.188315160221897, -23.86111596821911 ], [ -46.188806847342512, -23.861514961575573 ], [ -46.189008964578562, -23.861603712364008 ], [ -46.189501994030067, -23.861611645091724 ], [ -46.189577032089467, -23.861656221070568 ], [ -46.189562797815213, -23.861817988260334 ], [ -46.189471494949011, -23.862035440666467 ], [ -46.18906111350438, -23.862690657738597 ], [ -46.188961929103712, -23.862905461395801 ], [ -46.188970831539422, -23.863020087968 ], [ -46.189094645131242, -23.863029066137333 ], [ -46.189306065804168, -23.862845907605831 ], [ -46.189623550937327, -23.86244879482669 ], [ -46.189991475004831, -23.862413439823754 ], [ -46.19022332443955, -23.862531761871427 ], [ -46.190397884595953, -23.862720969271017 ], [ -46.190426979468853, -23.862788477787117 ], [ -46.190414759902353, -23.863063118466847 ], [ -46.190474138225987, -23.86322070409889 ], [ -46.190624877945517, -23.863489569242098 ], [ -46.190951508108299, -23.863770620538542 ], [ -46.19112532766129, -23.863878552580719 ], [ -46.19183674620426, -23.8641421749352 ], [ -46.192020989729912, -23.864315952444084 ], [ -46.192058881939431, -23.864378876932211 ], [ -46.192025354238467, -23.864792761816609 ], [ -46.192189252869611, -23.865103969572413 ], [ -46.192176630070428, -23.865226890557999 ], [ -46.191988290563522, -23.865464060968922 ], [ -46.191693141336437, -23.865726441936982 ], [ -46.191598001336068, -23.86584638908278 ], [ -46.191517879606792, -23.865997828869805 ], [ -46.191425249770219, -23.866284832211971 ], [ -46.191466272630791, -23.8665825417078 ], [ -46.191604919614797, -23.866709710595039 ], [ -46.191873424694435, -23.866862064337415 ], [ -46.192558546861612, -23.867147560950997 ], [ -46.192790603175602, -23.867180081512874 ], [ -46.1929516581637, -23.86707316959999 ], [ -46.192992238410973, -23.867000606233589 ], [ -46.192928792435147, -23.866721133249982 ], [ -46.192894275128701, -23.866705144692588 ], [ -46.192768470216024, -23.866371968061603 ], [ -46.192766476678223, -23.866154333598661 ], [ -46.192847036329631, -23.865729246967188 ], [ -46.193007005723032, -23.865504035789399 ], [ -46.193441598798742, -23.865348944997415 ], [ -46.19354053202273, -23.865214517593326 ], [ -46.193572828552142, -23.865202526787371 ], [ -46.193650826230538, -23.865033943339348 ], [ -46.193704245255503, -23.864969408284935 ], [ -46.193797248137223, -23.864937981409401 ], [ -46.193848582245103, -23.86496738609473 ], [ -46.194044127728191, -23.865195260064109 ], [ -46.19463224773294, -23.865719018154209 ], [ -46.194995559795096, -23.866143370372875 ], [ -46.195152908529131, -23.866488943726399 ], [ -46.19521951990307, -23.866577834647025 ], [ -46.195248900062772, -23.866676045653623 ], [ -46.195237925164022, -23.866871202872616 ], [ -46.19529176760534, -23.867066759941842 ], [ -46.195500958450367, -23.867282785477013 ], [ -46.195920781828747, -23.867443891119922 ], [ -46.196251803736871, -23.867666193993504 ], [ -46.196454314242509, -23.86790304158049 ], [ -46.196456034763891, -23.867983405040718 ], [ -46.196231403028413, -23.868117907882617 ], [ -46.196169370388567, -23.86820689471223 ], [ -46.196088068633102, -23.868443238301069 ], [ -46.196057626736277, -23.868764079109337 ], [ -46.196087326368641, -23.868790038556657 ], [ -46.196091992601417, -23.868870379167273 ], [ -46.196213634750151, -23.869069924608461 ], [ -46.196248639683041, -23.869245759178117 ], [ -46.196201493823018, -23.86935178946219 ], [ -46.195977055473641, -23.869614532172186 ], [ -46.195933427561258, -23.869782849696161 ], [ -46.195964161264399, -23.87002825698892 ], [ -46.195811546856319, -23.870305794403052 ], [ -46.195742461685697, -23.870482437594575 ], [ -46.195751910037792, -23.870655761438524 ], [ -46.195791750147208, -23.870823430517436 ], [ -46.19593898872116, -23.871136569154565 ], [ -46.19595349977169, -23.87121954258679 ], [ -46.195984190236203, -23.871246397462041 ], [ -46.195951792099422, -23.87156815646204 ], [ -46.195743238893279, -23.871743173799164 ], [ -46.195568767956189, -23.87177975027285 ], [ -46.195191359919377, -23.871747459680488 ], [ -46.19492628031508, -23.871755839361271 ], [ -46.194750947384392, -23.871912535314195 ], [ -46.194786245749448, -23.87222744692663 ], [ -46.19518062460412, -23.872717483719395 ], [ -46.195181992657041, -23.872866486319001 ], [ -46.195091981233674, -23.873117346774091 ], [ -46.1951739148912, -23.873270239395826 ], [ -46.19550380968797, -23.873261355812087 ], [ -46.195776023455267, -23.873280916023965 ], [ -46.196057138782827, -23.873414198487779 ], [ -46.196357410709602, -23.873601518134322 ], [ -46.196466471357212, -23.873606992229568 ], [ -46.196516346062623, -23.873584026797655 ], [ -46.196663175951528, -23.873424841127957 ], [ -46.196701459842032, -23.873316170294302 ], [ -46.196693680909519, -23.873217791796336 ], [ -46.196612663592141, -23.872951101023645 ], [ -46.196137990260517, -23.872380412173147 ], [ -46.196066625708283, -23.872202150863245 ], [ -46.196101333222472, -23.872024871541761 ], [ -46.196168512749303, -23.87185456479931 ], [ -46.196293563163813, -23.871676583430826 ], [ -46.19644440222185, -23.871526397939071 ], [ -46.19655183999766, -23.871462345146309 ], [ -46.196810620017672, -23.871409759249246 ], [ -46.196987238935442, -23.871286466125493 ], [ -46.197220312170288, -23.87078794303353 ], [ -46.197705823861376, -23.870508717792966 ], [ -46.197759676590827, -23.870384572703543 ], [ -46.197750832058382, -23.870277171432779 ], [ -46.19760726899095, -23.869936912705235 ], [ -46.197614777680897, -23.869792356656276 ], [ -46.197674754671617, -23.869693451028379 ], [ -46.198458535942933, -23.868958541503812 ], [ -46.198660590619554, -23.868718547383288 ], [ -46.198792942504802, -23.868374334996304 ], [ -46.198904657469271, -23.867815342969106 ], [ -46.199005658671062, -23.867692636534489 ], [ -46.199064567906703, -23.867691274643192 ], [ -46.199164610758928, -23.867784418906865 ], [ -46.199338473774723, -23.868322221250523 ], [ -46.199439640395347, -23.868537276397486 ], [ -46.199559164781213, -23.868932810402153 ], [ -46.199719932866472, -23.869114888924873 ], [ -46.199922884536683, -23.869292122925096 ], [ -46.2000229960274, -23.869499057829898 ], [ -46.200054137073877, -23.869894377120961 ], [ -46.200118448886229, -23.870159390024728 ], [ -46.200387520628901, -23.870477896047145 ], [ -46.200768997734663, -23.87084519581833 ], [ -46.2008518442805, -23.871096517070264 ], [ -46.200884093456452, -23.871292240231124 ], [ -46.20088689242607, -23.871595663145879 ], [ -46.200767841336393, -23.871891005456373 ], [ -46.200543467430244, -23.872266642784037 ], [ -46.200401503747663, -23.872420375361202 ], [ -46.200156854804163, -23.872620967048665 ], [ -46.199956961012582, -23.872882620917505 ], [ -46.199958334542593, -23.873031623253034 ], [ -46.200038285128059, -23.873288386132284 ], [ -46.200178603519213, -23.873382118609456 ], [ -46.200329249470542, -23.873424293219426 ], [ -46.200524991899542, -23.873351421059215 ], [ -46.200672032984279, -23.873215710902226 ], [ -46.201041093725763, -23.872768502073534 ], [ -46.201313404074028, -23.872585755328451 ], [ -46.201434461578359, -23.872401479357436 ], [ -46.201601797431337, -23.872230388728497 ], [ -46.201704389793449, -23.872173595094477 ], [ -46.201898507371403, -23.872137761435475 ], [ -46.202113480127778, -23.872127051716753 ], [ -46.202225902545102, -23.872177650955702 ], [ -46.202258043539537, -23.872255067284257 ], [ -46.202217583912308, -23.872765639803799 ], [ -46.202240728650352, -23.8728259673398 ], [ -46.202381882104923, -23.873010002136223 ], [ -46.202515127561341, -23.873082113099219 ], [ -46.202803843486947, -23.873080760443269 ], [ -46.203618347689449, -23.872908221782634 ], [ -46.203905145740009, -23.872805733946937 ], [ -46.204550861067368, -23.872222693047906 ], [ -46.204625521956729, -23.871906923951851 ], [ -46.20462005760762, -23.871808147887563 ], [ -46.204610190743452, -23.871629789661817 ], [ -46.204562090741838, -23.871394213667266 ], [ -46.204527896867631, -23.87122674411355 ], [ -46.204365256556912, -23.870843292368544 ], [ -46.20417213638212, -23.870031102222391 ], [ -46.204232634603173, -23.869989085998586 ], [ -46.204418286258807, -23.869993955359043 ], [ -46.204623380879767, -23.8700835646139 ], [ -46.204933877414007, -23.87031413664263 ], [ -46.204949451468259, -23.870330576577242 ], [ -46.205077062079212, -23.8704652816348 ], [ -46.205326929396058, -23.870055095164407 ], [ -46.205345518095285, -23.870024579504701 ], [ -46.205573568040514, -23.869632866743082 ], [ -46.205915100412547, -23.869024544556275 ], [ -46.20986980898946, -23.862097703862748 ], [ -46.213225262468157, -23.858949866406626 ], [ -46.216889800181889, -23.85723247026057 ], [ -46.227121859889841, -23.855109381281451 ], [ -46.232682335884007, -23.852282362113442 ], [ -46.234791328803055, -23.849132490482233 ], [ -46.235002371305107, -23.84164146191349 ], [ -46.227736003850303, -23.828955783950796 ], [ -46.222539724831002, -23.825876179756122 ], [ -46.221479711162509, -23.824407129504099 ], [ -46.220687332635528, -23.81852512269796 ], [ -46.2185594704073, -23.813343404932944 ], [ -46.218777703917517, -23.809654799645251 ], [ -46.220927152840183, -23.808737761882636 ], [ -46.227300942353757, -23.808918684614451 ], [ -46.229919269092079, -23.807867942430647 ], [ -46.231986694184997, -23.805987399942211 ], [ -46.233716898790078, -23.801626831772097 ], [ -46.234858833714938, -23.800642133308777 ], [ -46.238113201898003, -23.79843315070233 ], [ -46.235790339291952, -23.790782320905873 ], [ -46.235657014933558, -23.789888721417427 ], [ -46.227387355694383, -23.79996052851623 ], [ -46.227211556635417, -23.799997412438039 ], [ -46.227087397266537, -23.800033812185507 ], [ -46.226685931380352, -23.800151508931069 ], [ -46.226058199111947, -23.800198041731868 ], [ -46.225173242646683, -23.800132822748164 ], [ -46.22401413512857, -23.800244074514609 ], [ -46.223626338435778, -23.800233603920674 ], [ -46.223123526370578, -23.800308936730829 ], [ -46.222362584323868, -23.800490171210988 ], [ -46.222191812889221, -23.800491524109511 ], [ -46.222059657135482, -23.800423934385002 ], [ -46.221840063243214, -23.800137580715848 ], [ -46.22182913223795, -23.800123217460133 ], [ -46.221455022537782, -23.79979202799602 ], [ -46.221196365620663, -23.79963151520943 ], [ -46.220793125660023, -23.799438730882162 ], [ -46.220674522801943, -23.799140738868935 ], [ -46.220657683199804, -23.798914190756015 ], [ -46.220551884623532, -23.798515851770926 ], [ -46.220445926598657, -23.798415541254407 ], [ -46.220144298637848, -23.798382705408937 ], [ -46.219588288049387, -23.798541533648013 ], [ -46.218890065451049, -23.798817081986954 ], [ -46.218700960486139, -23.798851990949792 ], [ -46.218439907444107, -23.798854955837047 ], [ -46.21831455340125, -23.798884845344588 ], [ -46.218185703034337, -23.798960821133214 ], [ -46.217654603996337, -23.7994761757367 ], [ -46.217626824088988, -23.799549547196559 ], [ -46.217616785864003, -23.799630906639955 ], [ -46.21759820084678, -23.799743039372586 ], [ -46.21756833170479, -23.799802880606588 ], [ -46.21753628083313, -23.7998392580784 ], [ -46.217490540241549, -23.799881162239053 ], [ -46.217425941823002, -23.799900637349246 ], [ -46.217300291967689, -23.799898919426223 ], [ -46.21719239221472, -23.799906092504877 ], [ -46.217129798661325, -23.799930067244354 ], [ -46.217125278514203, -23.799971646151739 ], [ -46.217149354868234, -23.800027449270981 ], [ -46.217138166563032, -23.800090755489389 ], [ -46.217108701064603, -23.800193942870411 ], [ -46.216921761233607, -23.800356171694524 ], [ -46.216679955129877, -23.800634431569069 ], [ -46.216393861627303, -23.801110822148981 ], [ -46.216313786222528, -23.801154802917086 ], [ -46.21605527756266, -23.801115297505785 ], [ -46.215665536441691, -23.80089620295518 ], [ -46.21496255789927, -23.800240660964754 ], [ -46.21475417949744, -23.80010322219762 ], [ -46.214383571149042, -23.800146779843487 ], [ -46.214136975925022, -23.800015962787594 ], [ -46.213894164718347, -23.799975426986929 ], [ -46.213381624361702, -23.800060739003811 ], [ -46.212861449298501, -23.800275254736647 ], [ -46.21229264094778, -23.800960673675153 ], [ -46.211997272014827, -23.801179741828552 ], [ -46.211814922642688, -23.801202848987874 ], [ -46.211618380504412, -23.801177299183696 ], [ -46.211385971624743, -23.80098856694357 ], [ -46.211172159045361, -23.80089993411617 ], [ -46.210995556272877, -23.800907642225201 ], [ -46.210796411505349, -23.801024803941829 ], [ -46.210698335247002, -23.800927134095701 ], [ -46.210593154652592, -23.800804232677496 ], [ -46.210409736698452, -23.800606083318254 ], [ -46.210163506571206, -23.800408426445806 ], [ -46.20949099243407, -23.799965754782857 ], [ -46.209341297592523, -23.799805270528594 ], [ -46.209328483548092, -23.799693384637894 ], [ -46.209427465234157, -23.799465023709992 ], [ -46.209424296417197, -23.799122767768523 ], [ -46.209243317025951, -23.798869507694757 ], [ -46.208803677590957, -23.798559571534181 ], [ -46.207922558381732, -23.798164585507468 ], [ -46.207617408989627, -23.797962869898878 ], [ -46.20723003741135, -23.797785277988197 ], [ -46.207116655591548, -23.797730171841366 ], [ -46.206867997434209, -23.797481050657737 ], [ -46.206530970417859, -23.796909304391225 ], [ -46.206422936157232, -23.796795453311507 ], [ -46.206032648053167, -23.79651402260091 ], [ -46.205510834779837, -23.796231812195877 ], [ -46.204781302228213, -23.795775114096724 ], [ -46.204366975558308, -23.795440582716992 ], [ -46.204147777676177, -23.79519212993139 ], [ -46.20392721598752, -23.794795576202826 ], [ -46.203646898043147, -23.794411228757486 ], [ -46.203503953663507, -23.794342803610395 ], [ -46.203309261099676, -23.794303681618029 ], [ -46.203123758830372, -23.794303321801905 ], [ -46.202924026037699, -23.794356356571527 ], [ -46.202376300183793, -23.794562923633691 ], [ -46.202091758412209, -23.794572365392618 ], [ -46.201897773099937, -23.79450343322987 ], [ -46.201771722299853, -23.794350884928299 ], [ -46.20170813290688, -23.794159919160517 ], [ -46.201646942591942, -23.793696193113217 ], [ -46.201621653234753, -23.793507638385648 ], [ -46.201557539878557, -23.793366348080724 ], [ -46.201470263334777, -23.79326768463309 ], [ -46.201199258061472, -23.793147873398102 ], [ -46.201046010655922, -23.793132810051034 ], [ -46.200768598833548, -23.793170190463528 ], [ -46.200067468859785, -23.79334452746016 ], [ -46.199780867095903, -23.793343143503595 ], [ -46.199488532454623, -23.79314492373716 ], [ -46.198890937424331, -23.792623049395086 ], [ -46.198386790446989, -23.792230496005136 ], [ -46.197454572100703, -23.791606452026343 ], [ -46.197111419576274, -23.791431199742224 ], [ -46.195619554398831, -23.790889152507546 ], [ -46.194541595282907, -23.790316793718038 ], [ -46.193694994696138, -23.790037055018097 ], [ -46.192667974167257, -23.789560019370789 ], [ -46.192087573853811, -23.789196933349437 ], [ -46.19174604305968, -23.788982821934827 ], [ -46.191376226587963, -23.788787893584594 ], [ -46.191261326041307, -23.788672277911303 ], [ -46.190698960008369, -23.788348784512642 ], [ -46.190319598990712, -23.788075355601674 ], [ -46.189766322877567, -23.787563939319242 ], [ -46.189314386658552, -23.78729558279132 ], [ -46.188843178379067, -23.787066207559839 ], [ -46.18826709865953, -23.786636242094563 ], [ -46.187303304287454, -23.786091851250365 ], [ -46.186839292919352, -23.785897636025666 ], [ -46.186577776422013, -23.785738890862778 ], [ -46.18631482020794, -23.785529581434567 ], [ -46.186174018658548, -23.785370810852218 ], [ -46.186142449707802, -23.785244616324722 ], [ -46.186162506859013, -23.785075578327493 ], [ -46.186130936039447, -23.784841009127906 ], [ -46.186086904860403, -23.784747422760105 ], [ -46.185995916994003, -23.784670453321446 ], [ -46.185838108056373, -23.784584062870028 ], [ -46.1855920935607, -23.784510993398868 ], [ -46.185415305269053, -23.78449609492624 ], [ -46.1851639844134, -23.784487187231239 ], [ -46.185054131834583, -23.784494352477264 ], [ -46.18493889779743, -23.784449177850203 ], [ -46.18482826763497, -23.784370552251996 ], [ -46.184720229677119, -23.784253072371648 ], [ -46.1841331423702, -23.783255110646895 ], [ -46.184006640367372, -23.782940891063358 ], [ -46.183618281462493, -23.782212339506902 ], [ -46.183311464726856, -23.781818220497112 ], [ -46.183282917076703, -23.781700130177743 ], [ -46.183143088343861, -23.781539542793485 ], [ -46.181823640680342, -23.780619431912367 ], [ -46.181310654715773, -23.780106771181334 ], [ -46.179447437794309, -23.778738333292338 ], [ -46.179228697953988, -23.778532285514515 ], [ -46.179133915356147, -23.778251234542861 ], [ -46.179132563539213, -23.778101326195952 ], [ -46.179146550007843, -23.77801993816362 ], [ -46.17923688146567, -23.777480985958601 ], [ -46.179248941849323, -23.77729485017721 ], [ -46.179212450975783, -23.77716598205356 ], [ -46.179081052471993, -23.777068544930252 ], [ -46.178655382905021, -23.776985998119265 ], [ -46.177667074737187, -23.776649448807095 ], [ -46.17753169583537, -23.776545718781549 ], [ -46.177405089165561, -23.776326321753693 ], [ -46.177134305909298, -23.776006873752564 ], [ -46.176650300984072, -23.775548162656857 ], [ -46.176026585466097, -23.775048970278011 ], [ -46.175746190386221, -23.774751267835377 ], [ -46.175464198507967, -23.774384939437482 ], [ -46.175210056234278, -23.77395066405926 ], [ -46.17505687993706, -23.77350387927709 ], [ -46.174921374469498, -23.772730028136614 ], [ -46.17461865305841, -23.771693735894065 ], [ -46.174359726296892, -23.771381417173934 ], [ -46.174000389418872, -23.771143014569013 ], [ -46.173699424377183, -23.771066730278061 ], [ -46.173462920825578, -23.77106581816512 ], [ -46.173196946456997, -23.771170795446409 ], [ -46.172776895749699, -23.771602971203805 ], [ -46.172744781801079, -23.77163301826111 ], [ -46.172738253174529, -23.771670999170549 ], [ -46.172805251736847, -23.771810475002024 ], [ -46.17281566342087, -23.771877227319198 ], [ -46.172791715226602, -23.771942434291212 ], [ -46.172667882058782, -23.772030977996153 ], [ -46.172550480272839, -23.772070703915251 ], [ -46.172399319265317, -23.772066432860893 ], [ -46.17194524125857, -23.772206251708099 ], [ -46.17155815432055, -23.772375364240766 ], [ -46.171086309478454, -23.772394296408962 ], [ -46.170801406742122, -23.772358525390132 ], [ -46.170098138957997, -23.772176908438425 ], [ -46.169972029870209, -23.772120966921346 ], [ -46.16987278206112, -23.771996184110197 ], [ -46.169669598944317, -23.771551578303306 ], [ -46.169460343610389, -23.77130570616233 ], [ -46.168978724462633, -23.770889398271827 ], [ -46.168065936080311, -23.77021083095633 ], [ -46.167824401911183, -23.769976038072105 ], [ -46.167530167908069, -23.769553792551807 ], [ -46.167398275882277, -23.76928926988997 ], [ -46.167039999058559, -23.768287698986107 ], [ -46.16663832865639, -23.767921354120602 ], [ -46.166190865259807, -23.767591479010239 ], [ -46.165848178051142, -23.767456790598988 ], [ -46.165361518203916, -23.767352991065366 ], [ -46.164953235572327, -23.76734523358914 ], [ -46.164512098490732, -23.767284438159027 ], [ -46.164094994003193, -23.767167466273673 ], [ -46.163830558047472, -23.767004186479589 ], [ -46.163605066025482, -23.76680629391134 ], [ -46.163411312260443, -23.766535911539727 ], [ -46.163321840520972, -23.76629544993871 ], [ -46.163246846330061, -23.766027785316407 ], [ -46.163225636793022, -23.764525137486316 ], [ -46.163160361402191, -23.764136380179483 ], [ -46.162990889588656, -23.763616550386477 ], [ -46.162721482707767, -23.76311372892496 ], [ -46.16270352443523, -23.763080448320721 ], [ -46.162652571516247, -23.762867693156466 ], [ -46.162509494341755, -23.76255719014387 ], [ -46.16240638951205, -23.762217486012116 ], [ -46.162348470085163, -23.761772678710752 ], [ -46.162361246543377, -23.761554025075853 ], [ -46.162424867477682, -23.761315120010956 ], [ -46.162680427518545, -23.76070177764333 ], [ -46.162899942668233, -23.760338873283445 ], [ -46.162919277075545, -23.760306215067018 ], [ -46.162923853883591, -23.760269152256338 ], [ -46.162996199413918, -23.760018440573219 ], [ -46.162993276155753, -23.759799905101758 ], [ -46.162769891289287, -23.759506263012128 ], [ -46.162397991876567, -23.759173097207778 ], [ -46.162170869246992, -23.75890025427017 ], [ -46.161796199456212, -23.758254624548943 ], [ -46.161629829386079, -23.757751025527327 ], [ -46.161407583641051, -23.757253265034368 ], [ -46.161019074536682, -23.756595093246389 ], [ -46.160854087277237, -23.756468088358702 ], [ -46.160589116324957, -23.756462853950666 ], [ -46.159992252306566, -23.756540489930476 ], [ -46.15974009196357, -23.756541479813077 ], [ -46.159566883755694, -23.756483173183376 ], [ -46.15955080669508, -23.75632976151747 ], [ -46.159803770514607, -23.755976544751036 ], [ -46.159892498362943, -23.755802477462659 ], [ -46.16006633118122, -23.755156336602251 ], [ -46.160081105595118, -23.754941280415153 ], [ -46.159938163975433, -23.754644320203131 ], [ -46.159807471533902, -23.754511637822205 ], [ -46.159509940729713, -23.754374788606096 ], [ -46.158960142624757, -23.754226284244027 ], [ -46.158667361071984, -23.754182420294946 ], [ -46.158386846785092, -23.754083372788934 ], [ -46.158189392443681, -23.75394577067965 ], [ -46.158107782287324, -23.753815428250025 ], [ -46.158071064025521, -23.753657655360907 ], [ -46.158092198197537, -23.753384751100619 ], [ -46.15817892458832, -23.753206184065171 ], [ -46.158272616048507, -23.753149487592047 ], [ -46.15842820542305, -23.753102261500377 ], [ -46.158624443842889, -23.753102596447686 ], [ -46.158833668522519, -23.7531290245573 ], [ -46.159136418787583, -23.753190876123824 ], [ -46.159421738579816, -23.753167963447599 ], [ -46.159930276672171, -23.75297900484119 ], [ -46.160130388029202, -23.752862804852381 ], [ -46.160334876301818, -23.752686965007381 ], [ -46.160523820327597, -23.752085866723597 ], [ -46.160653022539037, -23.751829310086467 ], [ -46.160764664273209, -23.75169480799191 ], [ -46.160917872322813, -23.751600634505525 ], [ -46.161103284230983, -23.751597435170353 ], [ -46.161807758567868, -23.751707741020947 ], [ -46.162386027650193, -23.751748548761952 ], [ -46.163428584354207, -23.751700965049942 ], [ -46.163636304648833, -23.751668694511142 ], [ -46.164233716708303, -23.751434799407207 ], [ -46.164542305759539, -23.751270813705048 ], [ -46.164699949969133, -23.751124221552175 ], [ -46.164799378376223, -23.750834113513474 ], [ -46.16479697995581, -23.750564517975779 ], [ -46.164702979578898, -23.750287187447679 ], [ -46.164483572840311, -23.749770332268952 ], [ -46.16450428926607, -23.749672638088466 ], [ -46.164517301609663, -23.749591258276887 ], [ -46.164536144163378, -23.749503512605376 ], [ -46.164266325195591, -23.749282472388003 ], [ -46.16383942750943, -23.748719425013316 ], [ -46.163578101923108, -23.748570569993401 ], [ -46.16324316188701, -23.748528838057915 ], [ -46.162831764997293, -23.748716172891712 ], [ -46.162712225927017, -23.748734231789182 ], [ -46.162566801923049, -23.748710038168415 ], [ -46.162415662915933, -23.748594671189007 ], [ -46.162375782794818, -23.74808108952011 ], [ -46.162285899133664, -23.747902945543192 ], [ -46.162142257207023, -23.747747784088329 ], [ -46.161320656696141, -23.747371935542407 ], [ -46.16054291851826, -23.746630887882002 ], [ -46.160188684878172, -23.746404151983931 ], [ -46.159751382296179, -23.746214163889551 ], [ -46.158905379151022, -23.746072396247733 ], [ -46.158811731087141, -23.746022523049941 ], [ -46.158722421034533, -23.745908494863265 ], [ -46.158613606539532, -23.745585989288688 ], [ -46.158618521040417, -23.744588894336218 ], [ -46.158558932970571, -23.744063717928611 ], [ -46.158442366693372, -23.743641022488305 ], [ -46.158332246543289, -23.743281497887391 ], [ -46.158157744829367, -23.742852914360441 ], [ -46.157783350823053, -23.742119665923994 ], [ -46.157425143846297, -23.741330300965213 ], [ -46.157128953506692, -23.740897208315875 ], [ -46.156897400705638, -23.740673158159122 ], [ -46.156736553700867, -23.740456706764572 ], [ -46.156670570536519, -23.740317214875876 ], [ -46.15648658737372, -23.73992482527224 ], [ -46.156239276852943, -23.739804752265798 ], [ -46.155823447810292, -23.739710323566321 ], [ -46.154928700750048, -23.739709785913778 ], [ -46.154442367255662, -23.739630330323905 ], [ -46.152931998620112, -23.739128622175965 ], [ -46.152424514830962, -23.738875012915791 ], [ -46.151975083288541, -23.73852884963269 ], [ -46.151201355791557, -23.737673925943891 ], [ -46.150565344658368, -23.736971506078557 ], [ -46.150115278365327, -23.736328210213948 ], [ -46.149907452020223, -23.735898960645187 ], [ -46.149830305527892, -23.735604209163423 ], [ -46.149796016387498, -23.734938853453965 ], [ -46.149774768991719, -23.734529891127234 ], [ -46.149590195523878, -23.733955063144027 ], [ -46.14946844937645, -23.733720249918036 ], [ -46.149038605520737, -23.733143631859988 ], [ -46.148810044654262, -23.732586289167216 ], [ -46.148781121043804, -23.732420327066208 ], [ -46.14878010051445, -23.732415818966594 ], [ -46.149184981093299, -23.731264924615623 ], [ -46.149164929514242, -23.730656360014066 ], [ -46.148842481567215, -23.730467291165009 ], [ -46.148660000891347, -23.730241959639908 ], [ -46.148513949836719, -23.729919721739535 ], [ -46.148252088643957, -23.729031065607945 ], [ -46.148135812149192, -23.728636463641415 ], [ -46.147958248041199, -23.72830000884278 ], [ -46.147789433828102, -23.728066446389562 ], [ -46.147583827369317, -23.727888248143884 ], [ -46.147395782587061, -23.727811070570755 ], [ -46.14708905301022, -23.727847665280837 ], [ -46.147086612547803, -23.727849038102839 ], [ -46.147084172085037, -23.727850410890309 ], [ -46.146516203467428, -23.728189686597492 ], [ -46.146171998252427, -23.728315967940205 ], [ -46.145899362780327, -23.72832521350924 ], [ -46.145168177447232, -23.728173484033309 ], [ -46.144886895163808, -23.728203564034995 ], [ -46.144555897710667, -23.728382125955996 ], [ -46.144511729041902, -23.72849173247257 ], [ -46.144514610498263, -23.728709367213675 ], [ -46.144674445725272, -23.729375602527632 ], [ -46.144591480950979, -23.72953607189546 ], [ -46.144445719958242, -23.729695199738725 ], [ -46.144069023779103, -23.729921062093375 ], [ -46.143012089598507, -23.730326258758389 ], [ -46.142532523276422, -23.730568231169713 ], [ -46.142002976651241, -23.730928882300546 ], [ -46.141622500613842, -23.731284818634062 ], [ -46.141270798464923, -23.731565581254245 ], [ -46.141253227758831, -23.731575645444888 ], [ -46.141015045927901, -23.731711970742193 ], [ -46.140803269171073, -23.731726177294988 ], [ -46.140689838015042, -23.731655666238989 ], [ -46.14057182294632, -23.731509325353596 ], [ -46.140386245268317, -23.731152148428723 ], [ -46.140239602673233, -23.730985246206362 ], [ -46.140056979476789, -23.730854734648553 ], [ -46.139865857999659, -23.730762217294679 ], [ -46.139691138791768, -23.730750861233847 ], [ -46.139348072938667, -23.730784096090844 ], [ -46.139021235819769, -23.730878624068517 ], [ -46.138670823800268, -23.731082604704344 ], [ -46.138372864147158, -23.731339483554873 ], [ -46.138082585679904, -23.731690231696316 ], [ -46.137909778676836, -23.731899225312436 ], [ -46.137675497907743, -23.732372387449317 ], [ -46.137616268674819, -23.732669052592026 ], [ -46.137588326302648, -23.73317953125817 ], [ -46.137467325628521, -23.733593155631489 ], [ -46.137267745523737, -23.733882724868998 ], [ -46.136421669175412, -23.73462590676295 ], [ -46.136308541067841, -23.734703504996769 ], [ -46.135819934458937, -23.735037643900135 ], [ -46.135219672745919, -23.73539337335454 ], [ -46.134660247186808, -23.736046836627271 ], [ -46.13437859353553, -23.73626294731498 ], [ -46.134136182571787, -23.736365877294343 ], [ -46.13385468396104, -23.736373360917803 ], [ -46.133676764432479, -23.736333121291771 ], [ -46.133321344221493, -23.736187612381642 ], [ -46.133100206703183, -23.736141366934099 ], [ -46.132925863213167, -23.736174254452973 ], [ -46.132173986250343, -23.736583465510183 ], [ -46.132022150183069, -23.73660986525655 ], [ -46.131530972926619, -23.736534887896259 ], [ -46.13133587930708, -23.736550765884999 ], [ -46.131094321493961, -23.736639234714811 ], [ -46.130755210137728, -23.736905432050307 ], [ -46.130464377689727, -23.737309455921189 ], [ -46.130313772842442, -23.73770613209712 ], [ -46.130282308996023, -23.73787751400809 ], [ -46.130340965500153, -23.738067358960379 ], [ -46.130442043809865, -23.738217526678046 ], [ -46.130550645551722, -23.738413567453197 ], [ -46.130616316360637, -23.738590238603852 ], [ -46.13063928248625, -23.738773783239061 ], [ -46.130626387624737, -23.738931345514171 ], [ -46.130570617863903, -23.739076098985347 ], [ -46.130321810680847, -23.739319982981311 ], [ -46.130028612518338, -23.739677963311848 ], [ -46.129970935321523, -23.739815662070605 ], [ -46.129815897994042, -23.740722643743673 ], [ -46.129753992627933, -23.740938946398551 ], [ -46.129435376087514, -23.741421744666891 ], [ -46.129212945677033, -23.741909258509182 ], [ -46.129177410141523, -23.742111821249452 ], [ -46.104910363674833, -23.733079630632773 ], [ -46.078565387824213, -23.723268218124247 ], [ -46.078269081985212, -23.723194871354259 ], [ -46.077912007502647, -23.723075434791735 ], [ -46.077501437383745, -23.722892246302592 ], [ -46.077129800613953, -23.72267175632577 ], [ -46.076358518953043, -23.722044919118801 ], [ -46.075193302880251, -23.721347661262445 ], [ -46.074933604373989, -23.721259151016302 ], [ -46.074581216522688, -23.721231795504199 ], [ -46.074301911254381, -23.72126444281481 ], [ -46.073978768548983, -23.721334423272609 ], [ -46.073771416353132, -23.721409018234727 ], [ -46.073362286119249, -23.721520236183768 ], [ -46.072924472469268, -23.721602751189746 ], [ -46.072661737797418, -23.721622636500598 ], [ -46.072358961732178, -23.721544355301837 ], [ -46.072121927445757, -23.721348207911365 ], [ -46.071953747831387, -23.721054945600812 ], [ -46.07190928038613, -23.720775276305758 ], [ -46.071958283012087, -23.720169824070286 ], [ -46.071854998332277, -23.719774958665884 ], [ -46.071664113439112, -23.719463790155988 ], [ -46.071275517883663, -23.719086254229744 ], [ -46.07091358547941, -23.718850327753323 ], [ -46.070099955087791, -23.718436894961012 ], [ -46.06933189345159, -23.717957212527853 ], [ -46.068971596244715, -23.717800747538085 ], [ -46.068444845241032, -23.717681557601786 ], [ -46.068099159939543, -23.717512345454537 ], [ -46.067768515050467, -23.717262647930273 ], [ -46.067389954861902, -23.71679020111268 ], [ -46.066841560521169, -23.716300861466163 ], [ -46.066228411279972, -23.715809256533429 ], [ -46.066024374226828, -23.715687833560921 ], [ -46.065545914041287, -23.71547437248152 ], [ -46.065296839228722, -23.715363193396314 ], [ -46.064673162875962, -23.715144407335252 ], [ -46.064113984332018, -23.715016393778559 ], [ -46.063228979136468, -23.714868038838802 ], [ -46.062649505342499, -23.714656165897409 ], [ -46.062489545860402, -23.714526306921101 ], [ -46.06246996642578, -23.71428891143136 ], [ -46.062613120602563, -23.714039560414101 ], [ -46.062622146238112, -23.713942860765204 ], [ -46.062582063499882, -23.713838369975711 ], [ -46.062492960374961, -23.713736925316759 ], [ -46.061290706618053, -23.712929626970382 ], [ -46.060534945835627, -23.712507616252516 ], [ -46.06040093824145, -23.712432669580558 ], [ -46.060141033012222, -23.712315233976042 ], [ -46.059905933802547, -23.712232851130722 ], [ -46.0595502720154, -23.71216122825426 ], [ -46.059195999782929, -23.712140171857456 ], [ -46.058919636706847, -23.712170964506662 ], [ -46.058655502750028, -23.712258571892345 ], [ -46.058219246029097, -23.712531600153842 ], [ -46.058211450302004, -23.712537975580126 ], [ -46.044632215041389, -23.704199255446415 ], [ -46.044593708722402, -23.704044171766046 ], [ -46.04448403275395, -23.703820025026651 ], [ -46.044364237044057, -23.703679940381868 ], [ -46.043783565667901, -23.703430972691372 ], [ -46.043520214450282, -23.703369527299014 ], [ -46.042780514336897, -23.703350127591811 ], [ -46.041946381565623, -23.703419869906728 ], [ -46.041589842877407, -23.703357242243079 ], [ -46.041341726461411, -23.703237888251227 ], [ -46.040981543408598, -23.702963040769848 ], [ -46.040640110756378, -23.702578783786851 ], [ -46.039929546738193, -23.70177974591661 ], [ -46.039728282592257, -23.701631173222452 ], [ -46.03950274297911, -23.70151347081843 ], [ -46.03927556408614, -23.701436421313716 ], [ -46.038649150153617, -23.701353922657141 ], [ -46.03841094600228, -23.701370874685679 ], [ -46.03840702292856, -23.701370901005536 ], [ -46.038134243949223, -23.701232740744448 ], [ -46.038042399374923, -23.701029242079205 ], [ -46.038018520422213, -23.700862317247225 ], [ -46.038096297616796, -23.700651358852063 ], [ -46.038116474187873, -23.700474203741042 ], [ -46.037948024154502, -23.700257671342126 ], [ -46.037755834114236, -23.700139742587538 ], [ -46.037487007226197, -23.700128900446298 ], [ -46.037116881192091, -23.700207246529672 ], [ -46.036946201127073, -23.700204777392987 ], [ -46.036576652286371, -23.700107904808242 ], [ -46.036399474477143, -23.700027806643348 ], [ -46.03619582046511, -23.699824152200826 ], [ -46.035943780709019, -23.699206269640083 ], [ -46.035814558621723, -23.698988569047472 ], [ -46.035674009823722, -23.698826940175277 ], [ -46.035253364948687, -23.698593125401672 ], [ -46.034870890387182, -23.698224482912476 ], [ -46.034736418491249, -23.697962561418404 ], [ -46.034580911908833, -23.69776942075654 ], [ -46.034503985756267, -23.697591108546913 ], [ -46.034423820124232, -23.697499521636217 ], [ -46.03409543482384, -23.697273215372888 ], [ -46.033742873716783, -23.697090421712652 ], [ -46.033542277839729, -23.697024927038044 ], [ -46.033284103266887, -23.696995942999624 ], [ -46.033168867037404, -23.69693439389156 ], [ -46.033137447894013, -23.696805451175159 ], [ -46.033169051448709, -23.696708601765298 ], [ -46.033256734335801, -23.696633957113431 ], [ -46.033498192588702, -23.69653299730199 ], [ -46.0338732429652, -23.696458239817726 ], [ -46.034238294678083, -23.696483799408405 ], [ -46.03528998223215, -23.69676939433738 ], [ -46.036156077339633, -23.696901783530123 ], [ -46.036627602333994, -23.69687243492324 ], [ -46.037297354890363, -23.696608740760389 ], [ -46.037829131300498, -23.696633174537411 ], [ -46.037968818530622, -23.696561791300443 ], [ -46.037957925966033, -23.696052480596133 ], [ -46.038068735895052, -23.695926197962564 ], [ -46.038169593268677, -23.695905652057313 ], [ -46.038342950681503, -23.695999321434535 ], [ -46.038690086041683, -23.696363676657075 ], [ -46.038903897222127, -23.696487781451584 ], [ -46.039033417591895, -23.696495040648326 ], [ -46.039288801138788, -23.696419266983742 ], [ -46.039405007082173, -23.696355265415164 ], [ -46.0394295548858, -23.696234979974601 ], [ -46.039355459287847, -23.695919370635462 ], [ -46.039172781537921, -23.695763446751823 ], [ -46.038708658762197, -23.69561212078311 ], [ -46.038052851407109, -23.6955298160727 ], [ -46.037865479196924, -23.695400113770528 ], [ -46.037787038503062, -23.695278712660329 ], [ -46.037752847168207, -23.695047732177922 ], [ -46.03783599719506, -23.69452424346871 ], [ -46.037834190932742, -23.694295755357263 ], [ -46.037784408437631, -23.694077523667822 ], [ -46.03769324085615, -23.693958917261273 ], [ -46.037222988144592, -23.693651380441185 ], [ -46.036562880211477, -23.693395690568302 ], [ -46.035985063919433, -23.693252342540212 ], [ -46.035781260100919, -23.693152551881941 ], [ -46.035704195279891, -23.69308081436607 ], [ -46.035641646351564, -23.692859957724426 ], [ -46.035668818627229, -23.692699012883253 ], [ -46.036133230101633, -23.69239153943786 ], [ -46.03610212723968, -23.692178601013772 ], [ -46.035929664567718, -23.692073181747457 ], [ -46.035465710074867, -23.69206544741785 ], [ -46.03527798422185, -23.6920143193318 ], [ -46.03516557970589, -23.691938301993186 ], [ -46.035028435562111, -23.691709815296729 ], [ -46.034856791337319, -23.6915836165789 ], [ -46.034194482580311, -23.691544690143093 ], [ -46.033817867749889, -23.691418956047254 ], [ -46.033704476773728, -23.691342041039636 ], [ -46.033666513352223, -23.691129147783588 ], [ -46.033879584069531, -23.690787232286105 ], [ -46.033857141469227, -23.690677196130888 ], [ -46.033760280592773, -23.690582107471062 ], [ -46.033653932926853, -23.690527724486632 ], [ -46.033529208261463, -23.690505977974926 ], [ -46.033312761222383, -23.690543549222916 ], [ -46.033123439225477, -23.690663127121368 ], [ -46.03250241309464, -23.691258842324178 ], [ -46.032233979834693, -23.691420492287957 ], [ -46.032019605857883, -23.691472498578324 ], [ -46.031792952401588, -23.691459558566148 ], [ -46.031629753002697, -23.691409165688345 ], [ -46.031487483377482, -23.691276445237616 ], [ -46.031304276890452, -23.690926334642636 ], [ -46.031167167573876, -23.690326643410721 ], [ -46.030647297284553, -23.689316753894325 ], [ -46.030626800247703, -23.689079357950167 ], [ -46.030723946214252, -23.688961299882134 ], [ -46.031100061121151, -23.688649913346925 ], [ -46.031790089096717, -23.688224442116834 ], [ -46.032669252328418, -23.687906086396143 ], [ -46.032869301402627, -23.687779212246397 ], [ -46.032966025230927, -23.687607868932933 ], [ -46.03304547373817, -23.687359871815396 ], [ -46.033151840880109, -23.686793781105401 ], [ -46.033256856570503, -23.686679281659121 ], [ -46.033395683359288, -23.686624165396278 ], [ -46.033386388430202, -23.686439981831217 ], [ -46.033336723319273, -23.686359931612962 ], [ -46.03323915547216, -23.686299167462497 ], [ -46.031750964133977, -23.685740999293643 ], [ -46.031123305289547, -23.685364947353477 ], [ -46.030471102734069, -23.68511008020409 ], [ -46.030306870365287, -23.684926927240042 ], [ -46.030271895065923, -23.68459389186571 ], [ -46.030161740539128, -23.684428442217147 ], [ -46.030005521305441, -23.684391548376492 ], [ -46.029768234720947, -23.684396739081073 ], [ -46.029476227185469, -23.68430204180672 ], [ -46.029291092462863, -23.684079287302161 ], [ -46.029053564323107, -23.683678053894592 ], [ -46.028881830272532, -23.683538301068815 ], [ -46.02866883465223, -23.6835144273339 ], [ -46.02834006990436, -23.683609636821288 ], [ -46.028095934281659, -23.683616676743348 ], [ -46.028094939486323, -23.68361487700756 ], [ -46.027980512600863, -23.683404295757462 ], [ -46.027928217489631, -23.683112920223859 ], [ -46.02785677107758, -23.683005917656502 ], [ -46.027639732366197, -23.682841175395712 ], [ -46.027430102484182, -23.682745927469604 ], [ -46.027073294013917, -23.682640817364327 ], [ -46.02554988609279, -23.682336610805709 ], [ -46.025053478898307, -23.682187261976054 ], [ -46.02486580021818, -23.68201419286363 ], [ -46.024605566006713, -23.681591426264113 ], [ -46.024536394283857, -23.681524146341253 ], [ -46.024370239837133, -23.681470152221156 ], [ -46.023618233365923, -23.681365841008326 ], [ -46.022641212886811, -23.681330749551307 ], [ -46.022166575827093, -23.681205633006545 ], [ -46.021895774588032, -23.681062010071845 ], [ -46.021737688667642, -23.680910417704339 ], [ -46.021612522639373, -23.680704418009846 ], [ -46.021567676037499, -23.680486147239812 ], [ -46.021594584639217, -23.680037095445268 ], [ -46.021565477227007, -23.679825043054695 ], [ -46.021440600455684, -23.679656071096897 ], [ -46.021200789527327, -23.679461664988949 ], [ -46.020833605946478, -23.679281645577589 ], [ -46.020081711277911, -23.679063516808277 ], [ -46.019619159554942, -23.678851608389348 ], [ -46.019195986968313, -23.678406422036655 ], [ -46.01882581858569, -23.67784076437502 ], [ -46.01861079568743, -23.677680511381176 ], [ -46.018071848043917, -23.67760638213548 ], [ -46.01737192132255, -23.67763897909499 ], [ -46.016989329050617, -23.677620718654012 ], [ -46.016709154069567, -23.677531337854958 ], [ -46.016330109852078, -23.677337837671757 ], [ -46.01605579846467, -23.677245707683827 ], [ -46.015472315288008, -23.677118574431201 ], [ -46.015154604062232, -23.67712065691537 ], [ -46.01446422918805, -23.677247107720365 ], [ -46.014272909252632, -23.677234813044873 ], [ -46.013889426290461, -23.677100945022353 ], [ -46.013685405883351, -23.676967708056161 ], [ -46.012909755110982, -23.676463394344463 ], [ -46.012555554714808, -23.676438614977791 ], [ -46.011991293608219, -23.676514555946177 ], [ -46.011753011021163, -23.676516112513251 ], [ -46.011503267589362, -23.67643013601198 ], [ -46.011365728745837, -23.676270269828347 ], [ -46.011374909407017, -23.676061577582679 ], [ -46.011506294320817, -23.675804219449329 ], [ -46.01151115586849, -23.675671421698169 ], [ -46.011435540319852, -23.67553011771712 ], [ -46.011332871918412, -23.675441374199185 ], [ -46.011174414902023, -23.675366542340978 ], [ -46.010557792056723, -23.675263992076925 ], [ -46.00999583248425, -23.675128568802016 ], [ -46.009670296881438, -23.675005150208928 ], [ -46.009418034493464, -23.674846029858688 ], [ -46.009268628939481, -23.674672691388153 ], [ -46.009236355789817, -23.674556392632041 ], [ -46.009287565683657, -23.674329363168741 ], [ -46.009186104808492, -23.674142164681122 ], [ -46.009027539570447, -23.674052880482012 ], [ -46.008403963249258, -23.673937722320794 ], [ -46.00809967566321, -23.673643462666615 ], [ -46.007668438289912, -23.673546016319953 ], [ -46.007498135692522, -23.673460419545314 ], [ -46.007376501540989, -23.673327541217031 ], [ -46.00724140042967, -23.673100820548186 ], [ -46.007172324990037, -23.673044369832091 ], [ -46.006506589011039, -23.672801227587808 ], [ -46.006290573824437, -23.672636447328347 ], [ -46.006169251502513, -23.672415958344381 ], [ -46.0060995026301, -23.671887152806043 ], [ -46.00597616284341, -23.671402950614375 ], [ -46.005940819869338, -23.671340682570403 ], [ -46.005846942617133, -23.671175287175387 ], [ -46.005699804228847, -23.671040766614642 ], [ -46.005014580515621, -23.670683944375202 ], [ -46.004282818820407, -23.67039606174913 ], [ -46.003881287807289, -23.670206288309583 ], [ -46.003045645813067, -23.669668893948902 ], [ -46.002358133251882, -23.669138665199082 ], [ -46.00181255605672, -23.668832405555875 ], [ -46.001462109569147, -23.668747530264401 ], [ -46.001178463918009, -23.668699187306775 ], [ -46.000780958455543, -23.668721825771541 ], [ -46.000487220275708, -23.668778916418347 ], [ -46.00032617140829, -23.668832850286648 ], [ -46.000289822935322, -23.668824053219385 ], [ -46.000251602735503, -23.66882700947453 ], [ -46.000184974574033, -23.668833761810792 ], [ -46.000091028900712, -23.668858753914886 ], [ -45.999951156108573, -23.668904815354939 ], [ -45.999878692749789, -23.668917927441019 ], [ -45.999809972919827, -23.668907532805239 ], [ -45.999745120298392, -23.66888988780445 ], [ -45.999354275853833, -23.6686855824308 ], [ -45.999068370037953, -23.668483308976466 ], [ -45.998658937613648, -23.668026232960429 ], [ -45.998239250621801, -23.667767920125947 ], [ -45.998083895411867, -23.667582867058208 ], [ -45.998011802856439, -23.667386439492176 ], [ -45.9980665886427, -23.666853213926625 ], [ -45.998061089502237, -23.666774673195683 ], [ -45.99802893124459, -23.666671918501002 ], [ -45.997966507285611, -23.66658651901237 ], [ -45.997908094614679, -23.666512834919519 ], [ -45.997861681257497, -23.666469781465217 ], [ -45.997641929454403, -23.66632668858475 ], [ -45.996715573417923, -23.665845838959246 ], [ -45.996471434306663, -23.665719158340785 ], [ -45.99583172575413, -23.665539023143957 ], [ -45.995398649060483, -23.665194083414264 ], [ -45.994742617079957, -23.664540784740296 ], [ -45.994047104160593, -23.664111723780859 ], [ -45.993647587725228, -23.663924619226968 ], [ -45.993051367536083, -23.663788448883171 ], [ -45.992510333367832, -23.663428838454696 ], [ -45.992032231626069, -23.663222363016338 ], [ -45.991930130767443, -23.663205856226565 ], [ -45.991852691057581, -23.663178480102623 ], [ -45.991666643143603, -23.663112709086629 ], [ -45.991540670049801, -23.663051196043163 ], [ -45.991390041752567, -23.662970873910016 ], [ -45.991299618550947, -23.662942550712948 ], [ -45.991053392438758, -23.662927868387712 ], [ -45.990952224775143, -23.662905032737566 ], [ -45.990854700079069, -23.662845143531044 ], [ -45.990796510776534, -23.662800356775591 ], [ -45.990695330210677, -23.662645657400173 ], [ -45.990616455518243, -23.662588358329302 ], [ -45.990547487845028, -23.66254454353269 ], [ -45.990398168629163, -23.662377507147742 ], [ -45.990359167694969, -23.662276600666051 ], [ -45.990343909392962, -23.662203540927852 ], [ -45.990325580416332, -23.662113340450464 ], [ -45.99028175881768, -23.662023302867183 ], [ -45.990153370751152, -23.661901291232294 ], [ -45.989947286734292, -23.661748164669973 ], [ -45.989663826619427, -23.66160637003556 ], [ -45.9892533319249, -23.661131210584671 ], [ -45.989242342797809, -23.661104185437946 ], [ -45.988957159224327, -23.661124069036447 ], [ -45.988891582563703, -23.661139841485525 ], [ -45.98885953917015, -23.661181592045796 ], [ -45.988745289049277, -23.661374697559356 ], [ -45.988714171693431, -23.661409216778551 ], [ -45.988661361484667, -23.661427617210272 ], [ -45.988615278836832, -23.661427911180148 ], [ -45.988543520356352, -23.661403983176779 ], [ -45.988486333335622, -23.661361898636361 ], [ -45.988434784821052, -23.661287263772028 ], [ -45.988397753486637, -23.661187247334272 ], [ -45.988397973664142, -23.661086090152619 ], [ -45.988415964608564, -23.661001076839945 ], [ -45.988451787465337, -23.660940335535056 ], [ -45.988444448890725, -23.660877159981656 ], [ -45.9884292800918, -23.660815840726336 ], [ -45.988400282828302, -23.660741062011997 ], [ -45.988354732859086, -23.660681742825936 ], [ -45.988287592130931, -23.660619851816961 ], [ -45.98824328067316, -23.660594845401381 ], [ -45.988150980251405, -23.66057737039203 ], [ -45.988079290142238, -23.660562473486753 ], [ -45.98802021732623, -23.660530335708113 ], [ -45.987986494413207, -23.66047906961137 ], [ -45.987951573900247, -23.660398909514033 ], [ -45.987919167386352, -23.660261833221679 ], [ -45.987882988343593, -23.660144650859682 ], [ -45.987836566912883, -23.660099787908191 ], [ -45.987777372252907, -23.66005139362969 ], [ -45.98755951460614, -23.659896532378333 ], [ -45.987491204303922, -23.65980935947055 ], [ -45.987447588893744, -23.659746414978301 ], [ -45.987355835630161, -23.659671132688739 ], [ -45.987281839382973, -23.659610188045733 ], [ -45.98719436070953, -23.659581843597351 ], [ -45.987109986208949, -23.659575155588463 ], [ -45.987056162132639, -23.659589046035883 ], [ -45.987001499939787, -23.659621908504569 ], [ -45.986958860891022, -23.659689015143723 ], [ -45.986946751948302, -23.659773990865656 ], [ -45.98695612519581, -23.659847088530068 ], [ -45.987043816637659, -23.660034390875662 ], [ -45.987056888158037, -23.660077660111735 ], [ -45.987051351033337, -23.660123757383499 ], [ -45.987031161082342, -23.660177173415683 ], [ -45.986996196229633, -23.660221651768875 ], [ -45.986812734744824, -23.660338426644181 ], [ -45.986607221406288, -23.660391216141729 ], [ -45.986524820909409, -23.660386321588099 ], [ -45.986443299252649, -23.660367873776746 ], [ -45.986325012322332, -23.660284631150855 ], [ -45.986199665796697, -23.660175241203717 ], [ -45.986101401764721, -23.66014696477281 ], [ -45.98600916957573, -23.660138519806793 ], [ -45.985873816926407, -23.66013305860886 ], [ -45.985674313832611, -23.660072008333724 ], [ -45.985670375003913, -23.660069775440853 ], [ -45.985666436212682, -23.660067542547718 ], [ -45.985387663092403, -23.659895905187462 ], [ -45.98508389916028, -23.659791261276872 ], [ -45.984900787551183, -23.659693075504311 ], [ -45.98469232594794, -23.659483056555999 ], [ -45.984391342987969, -23.659094795830484 ], [ -45.983996541507963, -23.658747773097915 ], [ -45.98373959434408, -23.658478450860148 ], [ -45.983594804611577, -23.658390858359454 ], [ -45.983516084089203, -23.658353424429457 ], [ -45.983416868476041, -23.658328765000284 ], [ -45.983333488844572, -23.658323874957016 ], [ -45.983019667324534, -23.658315930646538 ], [ -45.982707233113267, -23.658231206816222 ], [ -45.982455972323415, -23.658197575717281 ], [ -45.982063178961951, -23.658249739783212 ], [ -45.981926521457311, -23.658331891623412 ], [ -45.981767953688582, -23.658499984048071 ], [ -45.98165416618788, -23.658493479347467 ], [ -45.981380280312003, -23.658450054860264 ], [ -45.98107599709045, -23.658274958292576 ], [ -45.98052597101124, -23.657885556268738 ], [ -45.979781351944432, -23.657303198989247 ], [ -45.979229379511921, -23.656914707571335 ], [ -45.979219548106734, -23.656911156987352 ], [ -45.978965885931657, -23.656817925518261 ], [ -45.977904514894028, -23.656622313222162 ], [ -45.977777127376868, -23.656579399918964 ], [ -45.977578173388842, -23.656512377533577 ], [ -45.977400679233291, -23.656377116826455 ], [ -45.977089517713729, -23.655934714426351 ], [ -45.977051861097699, -23.6554851685415 ], [ -45.976945981238323, -23.65535487489209 ], [ -45.976869272167903, -23.655323747056247 ], [ -45.976784806815282, -23.65530440938166 ], [ -45.976686896984518, -23.655323089911501 ], [ -45.976569894653039, -23.655411435482794 ], [ -45.976509402365693, -23.655451556483193 ], [ -45.971080639800853, -23.6551400440561 ], [ -45.968106971073773, -23.6549693280454 ], [ -45.958116664238013, -23.654395370237477 ], [ -45.955972274249099, -23.654272087015396 ], [ -45.939667644214033, -23.653333737368502 ], [ -45.938600070515022, -23.653278793669667 ], [ -45.938479165404772, -23.653395989903007 ], [ -45.938131308774487, -23.65356337852694 ], [ -45.937373267252198, -23.653682668820927 ], [ -45.936714817483988, -23.653743549715447 ], [ -45.936500291423172, -23.653818541320216 ], [ -45.936470305583299, -23.653829023389395 ], [ -45.936292977645017, -23.653986345850427 ], [ -45.936180740724822, -23.654334750611682 ], [ -45.936158157967142, -23.654605843009474 ], [ -45.936200766809883, -23.654944280685701 ], [ -45.936368301532077, -23.655477052033223 ] ] ] } }
]
}
