{
"type": "FeatureCollection",
"name": "planoManejoPerb",
"crs": { "type": "name", "properties": { "name": "urn:ogc:def:crs:OGC:1.3:CRS84" } },
"features": [
{ "type": "Feature", "properties": { "legislacao": "Resolução SMA n°203/2018", "setor": "II", "gid": 23, "objetivo": "Minimizar os impactos ambientais negativos sobre a unidade de conservação, especialmente os causados pelas atividades industriais e pelo adensamento ou verticalização de áreas urbanas; fomentar a conservação dos corredores ecológicos e incentivar o desen", "descricao": "Situado entre o Setor I da Zona de Amortecimento do Parque Estadual Restinga de Bertioga e a faixa de areia à beira mar, tem aproximadamente 4.216,57 hectares e compreende porções do município de Bertioga. Abrange extensão territorial limitada. Caracteri", "area": "597.5", "nome_concat": "Zona de Amortecimento - Setor II" }, "geometry": { "type": "Polygon", "coordinates": [ [ [ -45.914157251999939, -23.766822069999932 ], [ -45.914243790999933, -23.766783460999932 ], [ -45.914610348999986, -23.766869614999962 ], [ -45.92585569299996, -23.769495956999947 ], [ -45.926885004999974, -23.769779068999981 ], [ -45.932999625999969, -23.77146072499994 ], [ -45.937220930999956, -23.772416240999974 ], [ -45.937235444999942, -23.772363605999942 ], [ -45.940713298999981, -23.773281931999975 ], [ -45.945280553999964, -23.774621016999959 ], [ -45.945304967999959, -23.774500892999981 ], [ -45.948672580999983, -23.775527656999941 ], [ -45.949307966999982, -23.775716748999969 ], [ -45.954553294999982, -23.777277649999974 ], [ -45.954569431999971, -23.776846582999951 ], [ -45.954628808999985, -23.77686627199995 ], [ -45.954680308999968, -23.776975738999965 ], [ -45.954953639999985, -23.777069633999929 ], [ -45.955161446999966, -23.777080296999941 ], [ -45.955246023999962, -23.776957885999934 ], [ -45.95532155799998, -23.77678209499993 ], [ -45.955294196999944, -23.776591093999969 ], [ -45.954897052999968, -23.776432249999971 ], [ -45.954721004999953, -23.776325804999942 ], [ -45.955167810999967, -23.776141374999952 ], [ -45.955166991999931, -23.776133003999973 ], [ -45.955204280999965, -23.775905757999965 ], [ -45.955046964999951, -23.77569763799994 ], [ -45.954857542999946, -23.775537508999946 ], [ -45.954643158999943, -23.775514937999958 ], [ -45.954619538999964, -23.775507992999962 ], [ -45.954638240999941, -23.775008372999935 ], [ -45.954839197999945, -23.775176554999973 ], [ -45.955017726999984, -23.775178437999955 ], [ -45.955247855999971, -23.775101482999958 ], [ -45.95558903899996, -23.775258174999976 ], [ -45.956050523999977, -23.775338955999928 ], [ -45.956419341999947, -23.775175371999978 ], [ -45.956456191999962, -23.774888386999976 ], [ -45.956330325999943, -23.77454266899997 ], [ -45.955888622999964, -23.77450358599998 ], [ -45.955468051999958, -23.774691384999983 ], [ -45.955286255999965, -23.774686535999933 ], [ -45.954980648999936, -23.774616736999974 ], [ -45.954934579999986, -23.774604736999947 ], [ -45.954657147999967, -23.774692284999958 ], [ -45.954656747999934, -23.774513972999955 ], [ -45.954680358999951, -23.773883216999934 ], [ -45.954746451999938, -23.773413465999965 ], [ -45.957541292999963, -23.773619702999952 ], [ -45.957520417999945, -23.773050828999942 ], [ -45.956499578999967, -23.772841856999946 ], [ -45.956527599999959, -23.772103516999948 ], [ -45.956793095999956, -23.769564423999952 ], [ -45.956237897999983, -23.76952143699998 ], [ -45.956227831999968, -23.768638818999932 ], [ -45.956225976999974, -23.767317814999956 ], [ -45.956443376999971, -23.767294263999929 ], [ -45.956547261999958, -23.767115989999979 ], [ -45.956562972999961, -23.766862636999974 ], [ -45.956318384999975, -23.766622951999977 ], [ -45.956390997999961, -23.766344706999973 ], [ -45.956678645999943, -23.766248805999965 ], [ -45.956723962999945, -23.766125157999966 ], [ -45.956808591999959, -23.76575367199996 ], [ -45.956469787999936, -23.765579534999972 ], [ -45.95631272299994, -23.765631883999959 ], [ -45.956233466999947, -23.765661647999934 ], [ -45.955981114999986, -23.765770743999951 ], [ -45.955924771999946, -23.766054861999976 ], [ -45.956159485999933, -23.766196787999945 ], [ -45.95613820899996, -23.766394064999929 ], [ -45.954889763999972, -23.766097108999929 ], [ -45.954771034999965, -23.76583796999995 ], [ -45.95495135699997, -23.765642696999976 ], [ -45.955096281999943, -23.765835530999937 ], [ -45.955112592999967, -23.765944884999954 ], [ -45.955317769999965, -23.766042188999961 ], [ -45.955447976999949, -23.766095150999945 ], [ -45.955629520999935, -23.766067143999976 ], [ -45.955781375999948, -23.765973605999932 ], [ -45.955819108999947, -23.765807590999941 ], [ -45.955852974999971, -23.765556468999932 ], [ -45.955598834999932, -23.765420637999966 ], [ -45.955261296999936, -23.765419737999935 ], [ -45.955276890999983, -23.765333017999978 ], [ -45.95550090699993, -23.765343579999978 ], [ -45.955744111999934, -23.765315191999946 ], [ -45.955853651999973, -23.76518565899994 ], [ -45.95592116499995, -23.765116950999982 ], [ -45.955922293999947, -23.764827199999957 ], [ -45.955661074999966, -23.764610761999961 ], [ -45.955298208999977, -23.764696643999969 ], [ -45.955270378999955, -23.764756557999931 ], [ -45.955181597999967, -23.764912048999975 ], [ -45.955153524999957, -23.765083145999938 ], [ -45.955229573999929, -23.765235606999966 ], [ -45.954692648999981, -23.76577268799997 ], [ -45.954366436999976, -23.765717728999959 ], [ -45.954227, -23.765361749999954 ], [ -45.954320671999938, -23.765250220999974 ], [ -45.95439969399996, -23.765363681999929 ], [ -45.954625323999949, -23.765476236999973 ], [ -45.954840151999974, -23.765447920999975 ], [ -45.954986080999959, -23.765354059999936 ], [ -45.955098095999972, -23.765077491999932 ], [ -45.955074217999936, -23.764930704999983 ], [ -45.954952692999939, -23.764784696999982 ], [ -45.954857105999963, -23.764735215999963 ], [ -45.954652650999947, -23.764736479999954 ], [ -45.954578896999976, -23.764775047999933 ], [ -45.954532812999958, -23.76477007799997 ], [ -45.954325743999959, -23.764857981999967 ], [ -45.954181511999934, -23.765106797999977 ], [ -45.95399574399994, -23.764555340999948 ], [ -45.954477205999979, -23.764602360999959 ], [ -45.954525081999975, -23.764561757999957 ], [ -45.954654435999942, -23.764536335999935 ], [ -45.954728663999958, -23.764479123999934 ], [ -45.954827873999932, -23.764287338999964 ], [ -45.954774728999951, -23.764120392999928 ], [ -45.95457887699996, -23.763966276999952 ], [ -45.954183231999934, -23.764007552999942 ], [ -45.954132406999975, -23.764125301999968 ], [ -45.953990941999962, -23.764341796999929 ], [ -45.953721993999977, -23.764400210999952 ], [ -45.953638793999971, -23.764207147999969 ], [ -45.953346910999983, -23.764145639999981 ], [ -45.953131258999974, -23.764363236999941 ], [ -45.952979164999931, -23.764609677999943 ], [ -45.953078905999973, -23.764779055999952 ], [ -45.953214063999951, -23.764960186999929 ], [ -45.953383651999957, -23.764983129999962 ], [ -45.953617829999985, -23.764927708999949 ], [ -45.953812257999971, -23.764782572999934 ], [ -45.953896395999948, -23.764704087999974 ], [ -45.954255425999975, -23.765685429999962 ], [ -45.95399010899996, -23.765938955999957 ], [ -45.953546107999955, -23.765815753999959 ], [ -45.953558571999963, -23.765737711999975 ], [ -45.953773640999941, -23.765742380999939 ], [ -45.953942486999949, -23.765663372999938 ], [ -45.953966975999947, -23.765447318999975 ], [ -45.953926699999954, -23.765285639999945 ], [ -45.953866876999939, -23.765124081999943 ], [ -45.95364520499993, -23.765107458999978 ], [ -45.953365414999951, -23.765163161999965 ], [ -45.953294657999948, -23.765289541999948 ], [ -45.953354873999956, -23.765505073999975 ], [ -45.953420687999937, -23.765594626999928 ], [ -45.953421474999971, -23.765702573999931 ], [ -45.953402582999956, -23.76579264999998 ], [ -45.95288052199993, -23.765687919999948 ], [ -45.952905580999982, -23.765549827999962 ], [ -45.953048887999955, -23.765542945999982 ], [ -45.953211261999968, -23.765469975999963 ], [ -45.95323597099997, -23.765283906999969 ], [ -45.953228012999944, -23.765086044999975 ], [ -45.95302811199997, -23.764934695999955 ], [ -45.952790471999947, -23.764915419999966 ], [ -45.952668357999983, -23.764963553999962 ], [ -45.952529204999962, -23.76509335399993 ], [ -45.952490873999977, -23.765198543999929 ], [ -45.952528086999962, -23.765387229999931 ], [ -45.95263139399998, -23.765508936999936 ], [ -45.952676170999951, -23.765629862999958 ], [ -45.951987025999983, -23.765478784999971 ], [ -45.952270616999954, -23.765202227999964 ], [ -45.952269373999968, -23.76503151299994 ], [ -45.952128512999934, -23.764852124999948 ], [ -45.951881476999972, -23.764799880999931 ], [ -45.951667718999943, -23.764860938999959 ], [ -45.951586211999938, -23.76503319699998 ], [ -45.951530141999967, -23.765356143999952 ], [ -45.951322309999966, -23.765339501999961 ], [ -45.951164057999961, -23.764999951999982 ], [ -45.950832208999941, -23.76488848799994 ], [ -45.950726404999955, -23.764620303999948 ], [ -45.951012166999931, -23.764642440999978 ], [ -45.951349550999964, -23.764622440999972 ], [ -45.95154340199997, -23.764501764999977 ], [ -45.951809995999952, -23.764565837999953 ], [ -45.951968697999973, -23.764518417999966 ], [ -45.952067586999931, -23.764507495999965 ], [ -45.952267774999939, -23.764365870999939 ], [ -45.952346951999971, -23.764096547999941 ], [ -45.952205663999962, -23.763858454999934 ], [ -45.951861291999933, -23.763809797999954 ], [ -45.951569844999938, -23.763898217999952 ], [ -45.951537732999952, -23.764008221999973 ], [ -45.951316512999938, -23.763866531999952 ], [ -45.950991184999964, -23.76388155799998 ], [ -45.951003156999946, -23.763581957999975 ], [ -45.950914031999957, -23.763419846999966 ], [ -45.950819147999937, -23.763314390999938 ], [ -45.950464845999932, -23.763238907999948 ], [ -45.950267707999956, -23.763353628999937 ], [ -45.950280805999967, -23.763469726999972 ], [ -45.950252514999931, -23.763482394999983 ], [ -45.950130097999931, -23.763491396999939 ], [ -45.950093306999975, -23.763471196999944 ], [ -45.949830198999962, -23.763439956999946 ], [ -45.949542039999983, -23.763534326999945 ], [ -45.949551369999938, -23.763925573999927 ], [ -45.949711668999953, -23.764100824999957 ], [ -45.949916811999969, -23.76405227999993 ], [ -45.950113415999965, -23.76400575599996 ], [ -45.95028113099994, -23.763861344999953 ], [ -45.950346296999953, -23.763896788999944 ], [ -45.950632424999981, -23.764862833999928 ], [ -45.950361855999972, -23.765145281999935 ], [ -45.950036410999985, -23.765021826999941 ], [ -45.950217021999947, -23.764865389999954 ], [ -45.950286987999959, -23.764667813999949 ], [ -45.950162276999947, -23.764477409999927 ], [ -45.949950246999947, -23.764329360999966 ], [ -45.949671603999946, -23.764393801999972 ], [ -45.949584369999968, -23.764426073999971 ], [ -45.94950070799996, -23.764547192999942 ], [ -45.949469640999951, -23.764738554999951 ], [ -45.949539093999931, -23.764917350999951 ], [ -45.949119860999986, -23.764839277999954 ], [ -45.949206335999975, -23.764680431999977 ], [ -45.94942911499993, -23.764520748999928 ], [ -45.949456311999938, -23.764381200999935 ], [ -45.949424157999943, -23.764370044999964 ], [ -45.949440600999935, -23.764314571999932 ], [ -45.949341637999964, -23.764094137999962 ], [ -45.949023379999971, -23.764066222999929 ], [ -45.948948577999943, -23.764100232999965 ], [ -45.948813235999978, -23.764178034999929 ], [ -45.948757502999968, -23.764100713999937 ], [ -45.948570644999961, -23.763877418999982 ], [ -45.948244107999983, -23.763852117999932 ], [ -45.947961139999961, -23.764068278999957 ], [ -45.94789570599994, -23.764330339999958 ], [ -45.948011821999955, -23.764733335999949 ], [ -45.947971166999935, -23.764981020999983 ], [ -45.947942944999966, -23.765027699999962 ], [ -45.947826637999981, -23.765077221999945 ], [ -45.947734361999949, -23.765331686999957 ], [ -45.947791664999954, -23.765594196999928 ], [ -45.948158951999972, -23.765682794999975 ], [ -45.948389641999938, -23.765512862999969 ], [ -45.94851118899993, -23.765267177999931 ], [ -45.948437453999929, -23.764945028999932 ], [ -45.948456058999966, -23.764825432999942 ], [ -45.949119234999955, -23.764976685999954 ], [ -45.949010625999961, -23.765216316999954 ], [ -45.948796692999963, -23.765253475999941 ], [ -45.948694574999934, -23.765493067999955 ], [ -45.948754550999979, -23.765707766999981 ], [ -45.948817750999979, -23.76579234299993 ], [ -45.948952264999946, -23.765818392999961 ], [ -45.949107202999983, -23.765778783999963 ], [ -45.949297789999946, -23.765655142999947 ], [ -45.949414709999985, -23.765666372999931 ], [ -45.949306928999931, -23.766019157999949 ], [ -45.949138152999979, -23.766663302999973 ], [ -45.94894734899998, -23.767338759999973 ], [ -45.948936046999961, -23.767463039999939 ], [ -45.948794505999956, -23.767637157999957 ], [ -45.948491299999944, -23.767895906999968 ], [ -45.948101114999986, -23.767796742999963 ], [ -45.948113706999948, -23.767742898999927 ], [ -45.948340711999947, -23.767717608999931 ], [ -45.948566547999974, -23.767531024999982 ], [ -45.948616741999956, -23.767291751999949 ], [ -45.94853564999994, -23.767102158999933 ], [ -45.948505524999973, -23.767095620999953 ], [ -45.948204055999952, -23.766998567999963 ], [ -45.948131642999954, -23.767014478999954 ], [ -45.947938344999955, -23.767056952999951 ], [ -45.947805781999932, -23.767126468999948 ], [ -45.947649043999945, -23.766923840999937 ], [ -45.947042401999965, -23.766856558999962 ], [ -45.946786036999981, -23.767037136999932 ], [ -45.946817514999964, -23.767340154999943 ], [ -45.946818897999947, -23.76734793299994 ], [ -45.947021605999964, -23.767522582999959 ], [ -45.947256053999979, -23.767628678999984 ], [ -45.947250081999982, -23.767700404999971 ], [ -45.946952109999984, -23.767785869999955 ], [ -45.946816926999986, -23.767942024999968 ], [ -45.94668878899995, -23.767890429999966 ], [ -45.938976638999975, -23.76533941699995 ], [ -45.938536404999979, -23.765203120999956 ], [ -45.938585326999942, -23.764940983999963 ], [ -45.938420891999954, -23.764697677999948 ], [ -45.938214946999949, -23.764635882999983 ], [ -45.938332952999986, -23.764375098999949 ], [ -45.938425667999979, -23.764169634999973 ], [ -45.938420195999981, -23.764030936999973 ], [ -45.938341493999985, -23.763917905999961 ], [ -45.937990184999933, -23.763806531999933 ], [ -45.937923921999982, -23.763855470999943 ], [ -45.937769094999965, -23.763719862999949 ], [ -45.937820143999943, -23.763628340999958 ], [ -45.937773767999943, -23.763497190999942 ], [ -45.937597621999942, -23.763372803999971 ], [ -45.937422503999983, -23.763391788999968 ], [ -45.937267199999951, -23.763458446999948 ], [ -45.93718380599995, -23.763596357999972 ], [ -45.937217584999985, -23.763781350999977 ], [ -45.937292510999953, -23.763857650999967 ], [ -45.937242277999985, -23.763924633999977 ], [ -45.937089252999954, -23.764025797999977 ], [ -45.936946432999946, -23.763986115999955 ], [ -45.93676495099993, -23.764023060999932 ], [ -45.936682197999971, -23.764112696999973 ], [ -45.936497491999944, -23.764290530999972 ], [ -45.936577089999957, -23.764529013999947 ], [ -45.936838170999977, -23.764730550999957 ], [ -45.935901631999968, -23.764473365999947 ], [ -45.935731677999968, -23.764307120999945 ], [ -45.935731207999936, -23.764241407999975 ], [ -45.935909617999982, -23.764208244999963 ], [ -45.93597183299994, -23.764305665999927 ], [ -45.936134270999958, -23.764328577999947 ], [ -45.936335480999958, -23.764327357999946 ], [ -45.936496806999969, -23.764194949999933 ], [ -45.93656107299995, -23.764104947999954 ], [ -45.936575048999941, -23.764015369999981 ], [ -45.936584556999946, -23.76396221899995 ], [ -45.936579432999963, -23.763949509999975 ], [ -45.936416140999938, -23.763807120999957 ], [ -45.93620177899993, -23.76378452299997 ], [ -45.936059240999953, -23.763821231999941 ], [ -45.936227484999961, -23.763748522999947 ], [ -45.936593551999977, -23.763605113999972 ], [ -45.936670874999948, -23.763575571999979 ], [ -45.936715025999945, -23.763396080999939 ], [ -45.936771944999975, -23.763186641999937 ], [ -45.936654301999965, -23.76307384699993 ], [ -45.936478285999954, -23.762967378999974 ], [ -45.936296377999952, -23.762944585999946 ], [ -45.936101958999984, -23.762987582999983 ], [ -45.935972787999958, -23.763077976999966 ], [ -45.935941188999948, -23.763197650999928 ], [ -45.935955123999975, -23.763323528999933 ], [ -45.935927923999941, -23.763325781999981 ], [ -45.935849775999941, -23.763254795999956 ], [ -45.935869578999984, -23.763168214999951 ], [ -45.935829780999939, -23.763048972999968 ], [ -45.935712223999985, -23.76294812499998 ], [ -45.935536635999938, -23.762901395999961 ], [ -45.935393842999986, -23.762902259999976 ], [ -45.935173930999952, -23.763011125999981 ], [ -45.935083787999986, -23.763113231999967 ], [ -45.935077680999939, -23.76316703599997 ], [ -45.935124353999981, -23.763340002999939 ], [ -45.935187130999964, -23.763417508999964 ], [ -45.935098296999968, -23.763456898999948 ], [ -45.93477276599998, -23.763435226999945 ], [ -45.934491114999958, -23.76356302399995 ], [ -45.934329615999957, -23.763729497999975 ], [ -45.934308789999932, -23.763870277999956 ], [ -45.933334524999964, -23.763543312999957 ], [ -45.933547983999972, -23.763387467999962 ], [ -45.93356788799997, -23.763341964999938 ], [ -45.93365089699995, -23.763336967999976 ], [ -45.933837930999971, -23.763168561999976 ], [ -45.933830033999982, -23.762971462999928 ], [ -45.933714875999954, -23.762819748999959 ], [ -45.933617405999939, -23.762736769999947 ], [ -45.933500403999972, -23.762713580999957 ], [ -45.933377040999972, -23.762708351999947 ], [ -45.933253889999946, -23.762732992999929 ], [ -45.933142185999941, -23.76254249599998 ], [ -45.933536364999952, -23.762295174999963 ], [ -45.933622702999969, -23.762569462999977 ], [ -45.933731940999962, -23.762779722999937 ], [ -45.933796599999937, -23.762834259999977 ], [ -45.933939435999946, -23.762839370999927 ], [ -45.934192569999936, -23.762837839999975 ], [ -45.934302525999954, -23.762783407999962 ], [ -45.934418716999971, -23.762693093999928 ], [ -45.934494896999979, -23.762453667999978 ], [ -45.93444182099995, -23.762292686999956 ], [ -45.934200517999955, -23.76213284499994 ], [ -45.933862667999961, -23.76208709499997 ], [ -45.933758154999964, -23.762175497999976 ], [ -45.933410501999958, -23.762119487999939 ], [ -45.933127784999954, -23.762097553999979 ], [ -45.932912327999929, -23.761901834999946 ], [ -45.932517743999938, -23.761801765999962 ], [ -45.932364372999984, -23.761904000999948 ], [ -45.932268936999947, -23.762054901999932 ], [ -45.93224446399995, -23.762264144999961 ], [ -45.932081816999982, -23.762211358999934 ], [ -45.931850771999962, -23.762227017999976 ], [ -45.931763990999968, -23.762243146999936 ], [ -45.931654373999947, -23.762345367999956 ], [ -45.931590914999958, -23.762548870999979 ], [ -45.931637879999982, -23.762763656999937 ], [ -45.931807187999937, -23.762840298999947 ], [ -45.931913296999937, -23.762841286999958 ], [ -45.932003764999934, -23.762971228999959 ], [ -45.93201595499994, -23.763100784999949 ], [ -45.930959974999951, -23.762746375999939 ], [ -45.930948099999966, -23.762622957999952 ], [ -45.931048239999939, -23.762597857999936 ], [ -45.93114382899995, -23.76265910099994 ], [ -45.931364508999934, -23.762657770999965 ], [ -45.931512899999973, -23.76253141899997 ], [ -45.931554213999959, -23.762367117999929 ], [ -45.931543141999953, -23.762220581999941 ], [ -45.931312680999952, -23.762116387999981 ], [ -45.931210995999947, -23.762064269999939 ], [ -45.93097699499998, -23.762017887999946 ], [ -45.930814603999977, -23.762000943999965 ], [ -45.930665872999953, -23.762079503999928 ], [ -45.93062399799993, -23.761667540999952 ], [ -45.930794239999955, -23.761875609999947 ], [ -45.931054329999938, -23.761939757999983 ], [ -45.931325954999977, -23.761800715999982 ], [ -45.931476400999941, -23.761660965999965 ], [ -45.931519246999983, -23.761599416999957 ], [ -45.93151831199998, -23.76146799199995 ], [ -45.931426210999973, -23.761295296999947 ], [ -45.931315574999985, -23.761254144999953 ], [ -45.93104916599998, -23.761213931999976 ], [ -45.930835445999946, -23.761280935999935 ], [ -45.930768281999974, -23.761418275999972 ], [ -45.930417854999973, -23.76150707599993 ], [ -45.930403314999978, -23.761508119999974 ], [ -45.930310689999942, -23.761421501999962 ], [ -45.930109142999981, -23.761374921999959 ], [ -45.929920917999937, -23.761376054999971 ], [ -45.929745970999932, -23.761418926999966 ], [ -45.929629734999935, -23.761503264999931 ], [ -45.92955948499997, -23.761664988999939 ], [ -45.929547818999936, -23.761850256999935 ], [ -45.929626553999981, -23.761969265999937 ], [ -45.929762775999961, -23.762102081999956 ], [ -45.92984209499997, -23.762200279999945 ], [ -45.929622397999935, -23.762297867999962 ], [ -45.929618803999972, -23.762309582999933 ], [ -45.928863516999968, -23.762073618999977 ], [ -45.928862023999955, -23.761863194999933 ], [ -45.928604098999983, -23.761715009999932 ], [ -45.92848188399995, -23.761647572999948 ], [ -45.928313001999982, -23.761630664999927 ], [ -45.928266635999933, -23.761499512999933 ], [ -45.928609362999964, -23.761318228999983 ], [ -45.928766153999959, -23.761460665999948 ], [ -45.92881995099998, -23.761576931999969 ], [ -45.928936815999975, -23.761728475999973 ], [ -45.92925506499995, -23.76175643199997 ], [ -45.929403880999985, -23.761689821999937 ], [ -45.929468192999934, -23.761605796999959 ], [ -45.929473876999964, -23.761492253999961 ], [ -45.929486051999959, -23.761378671999978 ], [ -45.929465901999947, -23.761283206999963 ], [ -45.929380760999948, -23.761176184999954 ], [ -45.92927644599996, -23.761111096999969 ], [ -45.929198516999975, -23.761105591999979 ], [ -45.929106945999933, -23.76110380199998 ], [ -45.929062512999963, -23.761148228999957 ], [ -45.928941076999934, -23.761012729999948 ], [ -45.928833521999934, -23.76089271799998 ], [ -45.928969016999986, -23.760778394999932 ], [ -45.92905250299998, -23.76065243599993 ], [ -45.929116431999944, -23.760514645999933 ], [ -45.929011566999975, -23.76037189799996 ], [ -45.928847668999936, -23.760245587999975 ], [ -45.928727352999942, -23.760196336999968 ], [ -45.928549300999975, -23.760171555999932 ], [ -45.928427270999975, -23.760229949999939 ], [ -45.928245498999956, -23.760349618999953 ], [ -45.928149411999982, -23.760529420999944 ], [ -45.928175750999969, -23.76071722699993 ], [ -45.928307429999961, -23.760845099999983 ], [ -45.92844423899993, -23.760915967999949 ], [ -45.928645741999958, -23.760956574999966 ], [ -45.928758073999973, -23.76091837499996 ], [ -45.928859705999969, -23.761054637999962 ], [ -45.928550206999944, -23.761214036999945 ], [ -45.928240355999947, -23.761454864999962 ], [ -45.928096843999981, -23.761354166999979 ], [ -45.928193777999979, -23.761293842999976 ], [ -45.928277095999931, -23.761143988999947 ], [ -45.928256734999934, -23.76101865499993 ], [ -45.92809264999994, -23.760762752999938 ], [ -45.927807278999978, -23.760794337999982 ], [ -45.927593430999934, -23.760843414999954 ], [ -45.927383998999971, -23.760599732999935 ], [ -45.927824802999965, -23.760519421999959 ], [ -45.928065235999952, -23.760635597999965 ], [ -45.928051545999949, -23.760458318999952 ], [ -45.928102749999937, -23.76035645099995 ], [ -45.928212452999958, -23.760266179999974 ], [ -45.928325993999977, -23.760171248999939 ], [ -45.928233145999968, -23.760117432999948 ], [ -45.927915068999937, -23.759938084999931 ], [ -45.927426183999955, -23.759791308999979 ], [ -45.927220322999972, -23.759768877999932 ], [ -45.927040039999952, -23.759690740999929 ], [ -45.926780421999979, -23.759692298999937 ], [ -45.926681378999945, -23.759757340999954 ], [ -45.925943423999968, -23.759611038999935 ], [ -45.925524390999954, -23.759684476999951 ], [ -45.925363329999982, -23.759913985999958 ], [ -45.925390965999952, -23.760189648999983 ], [ -45.925546251999947, -23.760354216999929 ], [ -45.925641213999938, -23.760463978999951 ], [ -45.925774227999966, -23.760591464999948 ], [ -45.925955919999979, -23.760584401999949 ], [ -45.926149873999975, -23.760475704999976 ], [ -45.926362114999961, -23.760199621999959 ], [ -45.926490170999955, -23.760867957999949 ], [ -45.926328076999937, -23.760892825999974 ], [ -45.926242600999956, -23.760738010999944 ], [ -45.926040802999978, -23.760655582999959 ], [ -45.925846087999957, -23.760656749999953 ], [ -45.925627017999943, -23.760689326999966 ], [ -45.925561285999947, -23.760716100999957 ], [ -45.925542681999957, -23.760891559999948 ], [ -45.925618143999941, -23.761059993999936 ], [ -45.925858381999944, -23.761194098999965 ], [ -45.925843886999985, -23.761263137999947 ], [ -45.925746275999984, -23.761227877999943 ], [ -45.925537986999984, -23.761145488999944 ], [ -45.925167435999981, -23.761064069999975 ], [ -45.924999145999948, -23.76113079299995 ], [ -45.924789886999974, -23.760911002999933 ], [ -45.924471302999962, -23.760835245999942 ], [ -45.924211766999974, -23.760848746999955 ], [ -45.924121067999977, -23.760873186999959 ], [ -45.924067119999961, -23.760586750999948 ], [ -45.923825873999931, -23.760432865999974 ], [ -45.923559510999951, -23.76039861299995 ], [ -45.923914927999931, -23.760175444999959 ], [ -45.924092659999985, -23.760526855999956 ], [ -45.92447707599996, -23.760733650999953 ], [ -45.92471018599997, -23.76065459199998 ], [ -45.924817448999931, -23.760613619999958 ], [ -45.924806927999953, -23.76048941199997 ], [ -45.924909449999973, -23.76037858899997 ], [ -45.924895370999934, -23.760223345999975 ], [ -45.924758352999959, -23.760122605999982 ], [ -45.924614971999972, -23.760039825999968 ], [ -45.924485161999939, -23.760040602999936 ], [ -45.92437992999993, -23.760093251999933 ], [ -45.924506466999958, -23.759824545999948 ], [ -45.924624742999981, -23.759828191999929 ], [ -45.924663378999981, -23.759855064999954 ], [ -45.924733491999973, -23.759831543999951 ], [ -45.925118863999955, -23.759702256999958 ], [ -45.925229276999971, -23.759511097999962 ], [ -45.925194426999951, -23.759373226999969 ], [ -45.925070052999956, -23.759224618999951 ], [ -45.924952718999975, -23.759153630999947 ], [ -45.924763989999974, -23.759083071999953 ], [ -45.924632349999968, -23.759072326999956 ], [ -45.924446590999935, -23.759174582999947 ], [ -45.924356990999968, -23.759354343999973 ], [ -45.924430326999982, -23.759628714999963 ], [ -45.924237047999952, -23.759832991999929 ], [ -45.924061804999951, -23.759834040999976 ], [ -45.924125907999951, -23.759720148999975 ], [ -45.92413720199994, -23.759481114999971 ], [ -45.924126847999958, -23.759417013999951 ], [ -45.92411014299995, -23.759325949999948 ], [ -45.923934183999961, -23.759225441999945 ], [ -45.923720083999967, -23.759238669999945 ], [ -45.923506152999948, -23.759275793999961 ], [ -45.923470054999939, -23.759348212999953 ], [ -45.92338583999998, -23.759366182999941 ], [ -45.923306992999983, -23.75956672999996 ], [ -45.923523622999937, -23.75991193599998 ], [ -45.923958821999975, -23.759957125999961 ], [ -45.923578075999956, -23.760270057999946 ], [ -45.923433514999942, -23.760020008999959 ], [ -45.923165719999986, -23.759782643999984 ], [ -45.923080669999933, -23.759687564999979 ], [ -45.923000547999948, -23.759725037999942 ], [ -45.922879422999983, -23.759682793999957 ], [ -45.923054075999971, -23.759598111999935 ], [ -45.923222237999937, -23.759513468999955 ], [ -45.923218505999955, -23.759312113999954 ], [ -45.923139947999971, -23.759099800999934 ], [ -45.923036037999964, -23.758934923999959 ], [ -45.922985218999941, -23.758905174999938 ], [ -45.922685681999951, -23.75890133799993 ], [ -45.922675948999938, -23.758660918999965 ], [ -45.922614005999947, -23.758582806999982 ], [ -45.922501423999961, -23.758402220999983 ], [ -45.92232985399994, -23.75835595999996 ], [ -45.922035859999937, -23.758408120999945 ], [ -45.921911091999959, -23.758589332999975 ], [ -45.921893639999951, -23.75887619599996 ], [ -45.921946909999974, -23.759067049999942 ], [ -45.921686561999934, -23.759118441999931 ], [ -45.921505234999984, -23.759196248999956 ], [ -45.921386754999958, -23.759393975999956 ], [ -45.921439846999931, -23.759637965999957 ], [ -45.921573535999983, -23.759712603999958 ], [ -45.92174971299994, -23.759747536999953 ], [ -45.921990624999978, -23.759722109999927 ], [ -45.922178902999974, -23.759625028999949 ], [ -45.922353896999937, -23.759492042999966 ], [ -45.92246948199994, -23.760175050999976 ], [ -45.922272573999976, -23.75997231599996 ], [ -45.922141710999938, -23.75989513199994 ], [ -45.921926227999961, -23.759830446999956 ], [ -45.921426351999969, -23.759729123999932 ], [ -45.920605545999933, -23.759464012999956 ], [ -45.920650595999973, -23.759422007999945 ], [ -45.920923468999945, -23.75926276499996 ], [ -45.921204513999953, -23.759048305999954 ], [ -45.921262949999971, -23.758835175999934 ], [ -45.921235766999985, -23.758622554999931 ], [ -45.921123297999941, -23.758457727999939 ], [ -45.920993593999981, -23.758277241999963 ], [ -45.92072684599998, -23.758089691999942 ], [ -45.920411133999949, -23.758083926999973 ], [ -45.920156243999941, -23.758253293999928 ], [ -45.920023094999976, -23.758702147999941 ], [ -45.91992498299993, -23.758595196999977 ], [ -45.919548370999962, -23.758573542999954 ], [ -45.919432172999961, -23.758663845999934 ], [ -45.919251783999982, -23.758856092999963 ], [ -45.919141823999951, -23.758910513999979 ], [ -45.919066108999971, -23.758295626999939 ], [ -45.91949606999998, -23.758520086999965 ], [ -45.919630889999951, -23.758527036999965 ], [ -45.919923345999962, -23.758362214999977 ], [ -45.919999718999975, -23.758146690999979 ], [ -45.919972905999941, -23.758023255999944 ], [ -45.919877506999967, -23.757850444999974 ], [ -45.919637388999945, -23.757796708999933 ], [ -45.91950824099996, -23.757695026999954 ], [ -45.919403838999983, -23.757459222999955 ], [ -45.91922287899996, -23.757294801999933 ], [ -45.918871402999969, -23.757233845999963 ], [ -45.918597535999936, -23.757251235999945 ], [ -45.918394098999954, -23.757544036999946 ], [ -45.918344497999954, -23.757796518999953 ], [ -45.91831093299993, -23.757883214999936 ], [ -45.918174262999969, -23.75792157199993 ], [ -45.91805768699993, -23.757958108999958 ], [ -45.917987214999982, -23.75808995899996 ], [ -45.917936845999975, -23.75827179099997 ], [ -45.91808760899994, -23.758522488999972 ], [ -45.918347727999958, -23.758592631999932 ], [ -45.918601147999937, -23.758632944999931 ], [ -45.91873024299997, -23.758530616999963 ], [ -45.918857954999964, -23.758231149999972 ], [ -45.918974739999953, -23.758224480999957 ], [ -45.91901686999995, -23.758678265999947 ], [ -45.918659980999962, -23.758692336999957 ], [ -45.918400782999981, -23.758753618999947 ], [ -45.918121945999985, -23.758791120999945 ], [ -45.918036480999945, -23.758636300999967 ], [ -45.91793828699997, -23.758517401999939 ], [ -45.917834021999965, -23.758458279999957 ], [ -45.917658696999979, -23.758447372999967 ], [ -45.917549027999939, -23.758497537999972 ], [ -45.916465980999931, -23.758162760999937 ], [ -45.911557512999934, -23.756645404999972 ], [ -45.910953881999944, -23.756458790999943 ], [ -45.910932344999935, -23.756294662999949 ], [ -45.910866402999943, -23.756145697999955 ], [ -45.910752618999936, -23.756096026999955 ], [ -45.910763276999944, -23.756036679999966 ], [ -45.910839776999978, -23.756050267999967 ], [ -45.911002075999932, -23.756055284999945 ], [ -45.911190169999941, -23.75603625399998 ], [ -45.911293099999966, -23.75590421499993 ], [ -45.911285070999952, -23.755683218999934 ], [ -45.91117947999993, -23.755432926999958 ], [ -45.911029205999967, -23.755290432999971 ], [ -45.910814735999963, -23.755249877999972 ], [ -45.910697221999953, -23.755300846999944 ], [ -45.91045846399993, -23.755297675999941 ], [ -45.910315391999973, -23.755484557999978 ], [ -45.910218960999941, -23.75544456199998 ], [ -45.909959182999955, -23.755422195999927 ], [ -45.909738804999961, -23.755465312999945 ], [ -45.909681678999959, -23.755650847999959 ], [ -45.909676392999984, -23.755824129999951 ], [ -45.909813933999942, -23.756002544999944 ], [ -45.909879718999946, -23.756054845999927 ], [ -45.90983893799995, -23.756089410999948 ], [ -45.909832639999934, -23.756110636999949 ], [ -45.908071120999978, -23.755555798999978 ], [ -45.907811190999951, -23.755476649999935 ], [ -45.907959638999955, -23.755356293999967 ], [ -45.908069434999959, -23.755277984999964 ], [ -45.908087786999943, -23.755116574999931 ], [ -45.90808683399996, -23.75497917499996 ], [ -45.90799476899997, -23.754806464999945 ], [ -45.907799729999965, -23.754759817999968 ], [ -45.907598407999956, -23.754743077999933 ], [ -45.907378567999956, -23.754863851999971 ], [ -45.907262322999941, -23.754948172999946 ], [ -45.906447008999976, -23.754595859999938 ], [ -45.906409781999969, -23.754618623999932 ], [ -45.906015779999962, -23.754895745999931 ], [ -45.904674583999963, -23.754450701999929 ], [ -45.90296968399997, -23.753869486999974 ], [ -45.902477536999982, -23.754175654999983 ], [ -45.902054082999939, -23.754023792999931 ], [ -45.901999369999942, -23.754306027999974 ], [ -45.901887913999985, -23.754322477999949 ], [ -45.901752359999932, -23.754430803999981 ], [ -45.901681830999962, -23.754556672999968 ], [ -45.901663141999961, -23.754670291999957 ], [ -45.901689843999975, -23.754777670999943 ], [ -45.901746245999959, -23.754887100999952 ], [ -45.90148146599995, -23.754719842999975 ], [ -45.901397925999959, -23.754658396999957 ], [ -45.901280124999971, -23.754659083999968 ], [ -45.901089114999934, -23.754725913999948 ], [ -45.90103350499993, -23.754662015999941 ], [ -45.900925376999965, -23.754568916999972 ], [ -45.900948340999946, -23.754547509999952 ], [ -45.90103768299997, -23.754325944999948 ], [ -45.900964850999969, -23.754117272999963 ], [ -45.900775894999981, -23.754010839999978 ], [ -45.900639455999965, -23.753990725999927 ], [ -45.900454340999943, -23.753970894999952 ], [ -45.900292475999947, -23.75402859299993 ], [ -45.900187438999978, -23.754116719999956 ], [ -45.900213268999948, -23.754308346999949 ], [ -45.900207301999956, -23.754384551999976 ], [ -45.900273148999986, -23.754521573999966 ], [ -45.900494721999962, -23.754651714999966 ], [ -45.900722003999931, -23.754668312999968 ], [ -45.900818400999981, -23.754630109999937 ], [ -45.900989306999975, -23.754841498999951 ], [ -45.900743416999944, -23.754950467999947 ], [ -45.900505761999966, -23.754772816999946 ], [ -45.900248910999949, -23.754774313999974 ], [ -45.900069603999953, -23.754846285999974 ], [ -45.899986316999957, -23.755185648999941 ], [ -45.900108347999947, -23.755500172999973 ], [ -45.900328649999949, -23.755528357999935 ], [ -45.900403253999968, -23.755508047999967 ], [ -45.900662372999932, -23.755434847999936 ], [ -45.900777429999948, -23.75517728799997 ], [ -45.900829352999949, -23.755176984999935 ], [ -45.901058855999963, -23.755516174999968 ], [ -45.901337938999973, -23.755514546999962 ], [ -45.901603382999951, -23.755417410999939 ], [ -45.901707597999973, -23.755470570999933 ], [ -45.901712275999955, -23.755863945999977 ], [ -45.901701080999942, -23.756492836999939 ], [ -45.901878393999937, -23.75656338899995 ], [ -45.901402043999951, -23.758727029999932 ], [ -45.90115734699998, -23.758630641999957 ], [ -45.900779537999938, -23.758475227999952 ], [ -45.900479382999947, -23.758406049999962 ], [ -45.900171695999973, -23.758486651999931 ], [ -45.900104392999935, -23.758660422999981 ], [ -45.899933641999951, -23.758732345999931 ], [ -45.899772048999978, -23.758890903999941 ], [ -45.89963673699998, -23.759135998999966 ], [ -45.899466634999953, -23.759302486999957 ], [ -45.899237194999955, -23.759556010999972 ], [ -45.899109305999957, -23.75963556399995 ], [ -45.898861819999979, -23.759755216999963 ], [ -45.898743467999964, -23.759976569999935 ], [ -45.898762052999984, -23.760189244999935 ], [ -45.898763242999962, -23.760362616999942 ], [ -45.898404610999933, -23.760506558999964 ], [ -45.898424061999947, -23.760845322999955 ], [ -45.898665639999933, -23.761111866999954 ], [ -45.898735488999932, -23.761308481999947 ], [ -45.89883053899996, -23.761434022999936 ], [ -45.89896796499994, -23.761496269999952 ], [ -45.899182071999974, -23.761502904999929 ], [ -45.89932364799995, -23.761315221999951 ], [ -45.898759409999968, -23.760927229999936 ], [ -45.89895256799997, -23.760699086999978 ], [ -45.899447, -23.760863485999948 ], [ -45.89968074199993, -23.760874072999968 ], [ -45.899867735999976, -23.760693758999935 ], [ -45.900094658999933, -23.760656591999975 ], [ -45.900371410999981, -23.760314451999932 ], [ -45.900155537999979, -23.760070768999981 ], [ -45.900205777999986, -23.759825535999937 ], [ -45.900460428999963, -23.759899507999933 ], [ -45.900531680999961, -23.759784896999975 ], [ -45.900733229999958, -23.759129457999961 ], [ -45.901292398999942, -23.759269576999941 ], [ -45.901149246999978, -23.759875238999939 ], [ -45.900682555999936, -23.761994907999963 ], [ -45.899473986999965, -23.761810776999937 ], [ -45.898927461999961, -23.761622784999929 ], [ -45.897880898999972, -23.760926342999937 ], [ -45.897930449999933, -23.760864725999966 ], [ -45.898121993999951, -23.760289197999953 ], [ -45.897387396999932, -23.761485986999958 ], [ -45.897766874999945, -23.762512154999968 ], [ -45.89936837099998, -23.763286360999928 ], [ -45.90496404299995, -23.764602052999976 ], [ -45.909355489999939, -23.76563443799995 ], [ -45.909332366999934, -23.765705372999946 ], [ -45.914157251999939, -23.766822069999932 ] ] ] } },
{ "type": "Feature", "properties": { "legislacao": "Resolução SMA n°203/2018", "setor": "IV", "gid": 3, "objetivo": "Minimizar os impactos ambientais negativos sobre a unidade de conservação; fomentar a conservação dos corredores ecológicos entre a serra do mar e o oceano e incentivar o desenvolvimento de práticas sustentáveis.", "descricao": "Situado em áreas urbanas do Município de Bertioga, possui aproximadamente 3.953,27 hectares. Caracteriza-se por ambientes naturais com vegetação preservada em área urbana do município de Bertioga, com ocupação de média a alta densidade. As atividades est", "area": "272.24", "nome_concat": "Zona de Amortecimento - Setor IV" }, "geometry": { "type": "Polygon", "coordinates": [ [ [ -45.847994218999986, -23.743514040999969 ], [ -45.84747725099993, -23.750475227999971 ], [ -45.833684418999951, -23.74984961399997 ], [ -45.840092260999938, -23.755942937999976 ], [ -45.843242269999962, -23.756061461999934 ], [ -45.852720481999938, -23.757282678999957 ], [ -45.86074111399995, -23.758069019999937 ], [ -45.861266310999952, -23.748211140999956 ], [ -45.861360700999967, -23.744595018999973 ], [ -45.858570594999946, -23.744405165999979 ], [ -45.858570594999946, -23.744405165999979 ], [ -45.852489294999941, -23.743991186999949 ], [ -45.848760765999941, -23.743737249999981 ], [ -45.848598000999971, -23.743732670999975 ], [ -45.848195140999962, -23.743619634999959 ], [ -45.847994218999986, -23.743514040999969 ] ] ] } },
{ "type": "Feature", "properties": { "legislacao": "Resolução SMA n°203/2018", "setor": "I", "gid": 6, "objetivo": "Minimizar os impactos ambientais negativos sobre a unidade de conservação, especialmente os efeitos de borda; incrementar a conectividade para possibilitar o fluxo gênico e o movimento da biota; fomentar a conservação dos corredores ecológicos e incentiv", "descricao": "Situado no entorno imediato do Parque Estadual Restinga de Bertioga, e em menor escala em trechos entre esta UC e o mar, tem aproximadamente 5.640,25 hectares e está inserido no município de Bertioga. Caracteriza-se pela predominância de áreas com signif", "area": "27.89", "nome_concat": "Zona de Amortecimento - Setor I" }, "geometry": { "type": "Polygon", "coordinates": [ [ [ -46.11371040299997, -23.78208910799998 ], [ -46.113722084999949, -23.782089474999964 ], [ -46.113734532999956, -23.782087578999949 ], [ -46.113747746999934, -23.782083419999935 ], [ -46.113761824999983, -23.782077086999948 ], [ -46.113792476999947, -23.78205780899998 ], [ -46.113826486999983, -23.782029475999934 ], [ -46.113890929999968, -23.781967777999967 ], [ -46.113941693999948, -23.781913223999936 ], [ -46.113963153999975, -23.781886245999942 ], [ -46.113983213999973, -23.781856296999933 ], [ -46.114001971999983, -23.781823287999941 ], [ -46.114019526999982, -23.781787305999956 ], [ -46.114035680999962, -23.781748173999972 ], [ -46.11405063199993, -23.781706069999927 ], [ -46.114064377999966, -23.781660813999963 ], [ -46.114076724999961, -23.781612496999969 ], [ -46.114098170999966, -23.781526363999944 ], [ -46.114115135999953, -23.781467265999936 ], [ -46.114120431999936, -23.781443836999983 ], [ -46.114121887999943, -23.781418899999949 ], [ -46.11411940499994, -23.781392455999935 ], [ -46.11411308299995, -23.781364503999953 ], [ -46.11410144499996, -23.781334783999966 ], [ -46.114083603999973, -23.781302670999935 ], [ -46.114059266999959, -23.781268255999976 ], [ -46.114028628999961, -23.781231538999975 ], [ -46.113963507999983, -23.78115605499994 ], [ -46.113903591999986, -23.781081074999975 ], [ -46.113803519999976, -23.780946415999949 ], [ -46.113783736999949, -23.780916754999964 ], [ -46.113767005999932, -23.780888065999932 ], [ -46.113753419999966, -23.780860075999954 ], [ -46.113742884999965, -23.78083296799997 ], [ -46.113735001999942, -23.780806200999962 ], [ -46.113729274999969, -23.780779148999954 ], [ -46.113725608999971, -23.780751990999931 ], [ -46.113724099999956, -23.780724635999945 ], [ -46.113725238999962, -23.780696991999946 ], [ -46.113729710999962, -23.780668961999936 ], [ -46.113737614999934, -23.780640636999976 ], [ -46.113748754999961, -23.780611926999939 ], [ -46.113765184999977, -23.780582185999947 ], [ -46.113788665999948, -23.780550586999937 ], [ -46.113819295999974, -23.780517310999983 ], [ -46.113857075999931, -23.780482357999972 ], [ -46.113983112999961, -23.780370181999956 ], [ -46.114003254999943, -23.780349895999962 ], [ -46.114020155999981, -23.780329363999954 ], [ -46.11403381599996, -23.78030849299995 ], [ -46.114044234999938, -23.78028728399994 ], [ -46.114051392999954, -23.780275039999935 ], [ -46.11406382399997, -23.780259686999955 ], [ -46.114104603999976, -23.780219744999954 ], [ -46.114166768999951, -23.780167275999929 ], [ -46.114222512999959, -23.780123920999984 ], [ -46.114251001999946, -23.780101641999977 ], [ -46.114278875999958, -23.780078861999982 ], [ -46.11430883099996, -23.780056179999974 ], [ -46.114361278999979, -23.780017304999944 ], [ -46.114420093999968, -23.77997479499993 ], [ -46.114505470999973, -23.77991673899993 ], [ -46.114591939999968, -23.779860119999967 ], [ -46.114675292999948, -23.77980641299996 ], [ -46.114758345999974, -23.77975216699997 ], [ -46.114843719999953, -23.779693839999936 ], [ -46.114918830999954, -23.779640373999939 ], [ -46.114970701999937, -23.779600621999975 ], [ -46.115016322999963, -23.77956452799998 ], [ -46.115073075999931, -23.779521760999955 ], [ -46.115135517999931, -23.779478771999948 ], [ -46.115166955999939, -23.779459759999952 ], [ -46.11519840699998, -23.779442192999966 ], [ -46.115230339999982, -23.779423627999961 ], [ -46.115263221999953, -23.779401263999944 ], [ -46.115296954999963, -23.779375189999939 ], [ -46.115331734999984, -23.779345225999975 ], [ -46.115475003999961, -23.779217118999952 ], [ -46.115546478999931, -23.779151576999936 ], [ -46.115614990999973, -23.77908397799996 ], [ -46.115680489999932, -23.779019742999935 ], [ -46.115743314999975, -23.778964106999979 ], [ -46.115774504999933, -23.778939045999948 ], [ -46.115806783999972, -23.778915059999974 ], [ -46.115840249999962, -23.778892148999944 ], [ -46.115874804999976, -23.77887031399996 ], [ -46.115911718999939, -23.778849004999927 ], [ -46.11595226299994, -23.778827487999934 ], [ -46.116044436999971, -23.778784102999964 ], [ -46.116080997999973, -23.778767319999929 ], [ -46.116306513999973, -23.77820462699998 ], [ -46.115950161999933, -23.778199532999963 ], [ -46.115695746999961, -23.778171567999948 ], [ -46.115527456999985, -23.778115885999966 ], [ -46.115466198999968, -23.778067558999965 ], [ -46.115126312999962, -23.77791377099993 ], [ -46.114559162999967, -23.777578285999937 ], [ -46.113947048999933, -23.777148292999982 ], [ -46.113271778999945, -23.776561605999973 ], [ -46.112647851999952, -23.776126273999978 ], [ -46.112622743999964, -23.776111629999946 ], [ -46.112317456999961, -23.775933575999943 ], [ -46.11197266399995, -23.77566331099996 ], [ -46.111792867999952, -23.775408113999958 ], [ -46.11159117699998, -23.775001345999954 ], [ -46.11146585299997, -23.774804460999974 ], [ -46.111001959999953, -23.774376097999948 ], [ -46.110997589999954, -23.774323746999983 ], [ -46.110966946999952, -23.774297775999969 ], [ -46.11086258399996, -23.774026681999942 ], [ -46.110857882999937, -23.773588691999976 ], [ -46.110777025999937, -23.773543213999972 ], [ -46.109888872999932, -23.773423159999936 ], [ -46.109659314999931, -23.773316432999934 ], [ -46.109614069999964, -23.773268127999927 ], [ -46.109562986999947, -23.773208410999928 ], [ -46.108091234999961, -23.773864653999965 ], [ -46.110900472999958, -23.778181011999948 ], [ -46.111490468999932, -23.779087199999935 ], [ -46.112542535999978, -23.780703479999943 ], [ -46.112578036999935, -23.780745729999978 ], [ -46.11370588799997, -23.782088280999972 ], [ -46.11371040299997, -23.78208910799998 ] ] ] } },
{ "type": "Feature", "properties": { "legislacao": "Resolução SMA n°203/2018", "setor": "I", "gid": 8, "objetivo": "Minimizar os impactos ambientais negativos sobre a unidade de conservação, especialmente os efeitos de borda; incrementar a conectividade para possibilitar o fluxo gênico e o movimento da biota; fomentar a conservação dos corredores ecológicos e incentiv", "descricao": "Situado no entorno imediato do Parque Estadual Restinga de Bertioga, e em menor escala em trechos entre esta UC e o mar, tem aproximadamente 5.640,25 hectares e está inserido no município de Bertioga. Caracteriza-se pela predominância de áreas com signif", "area": "0.54", "nome_concat": "Zona de Amortecimento - Setor I" }, "geometry": { "type": "Polygon", "coordinates": [ [ [ -45.928325993999977, -23.760171248999939 ], [ -45.928212452999958, -23.760266179999974 ], [ -45.928102749999937, -23.76035645099995 ], [ -45.928051545999949, -23.760458318999952 ], [ -45.928065235999952, -23.760635597999965 ], [ -45.927824802999965, -23.760519421999959 ], [ -45.927383998999971, -23.760599732999935 ], [ -45.927593430999934, -23.760843414999954 ], [ -45.927807278999978, -23.760794337999982 ], [ -45.92809264999994, -23.760762752999938 ], [ -45.928256734999934, -23.76101865499993 ], [ -45.928277095999931, -23.761143988999947 ], [ -45.928193777999979, -23.761293842999976 ], [ -45.928096843999981, -23.761354166999979 ], [ -45.928240355999947, -23.761454864999962 ], [ -45.928550206999944, -23.761214036999945 ], [ -45.928859705999969, -23.761054637999962 ], [ -45.928758073999973, -23.76091837499996 ], [ -45.928645741999958, -23.760956574999966 ], [ -45.92844423899993, -23.760915967999949 ], [ -45.928307429999961, -23.760845099999983 ], [ -45.928175750999969, -23.76071722699993 ], [ -45.928149411999982, -23.760529420999944 ], [ -45.928245498999956, -23.760349618999953 ], [ -45.928427270999975, -23.760229949999939 ], [ -45.928549300999975, -23.760171555999932 ], [ -45.928672111999958, -23.760188647999939 ], [ -45.928229388999966, -23.760045056999957 ], [ -45.927946015999964, -23.759955533999971 ], [ -45.928233145999968, -23.760117432999948 ], [ -45.928325993999977, -23.760171248999939 ] ] ] } },
{ "type": "Feature", "properties": { "legislacao": "Resolução SMA n°203/2018", "setor": "II", "gid": 20, "objetivo": "Minimizar os impactos ambientais negativos sobre a unidade de conservação, especialmente os causados pelas atividades industriais e pelo adensamento ou verticalização de áreas urbanas; fomentar a conservação dos corredores ecológicos e incentivar o desen", "descricao": "Situado entre o Setor I da Zona de Amortecimento do Parque Estadual Restinga de Bertioga e a faixa de areia à beira mar, tem aproximadamente 4.216,57 hectares e compreende porções do município de Bertioga. Abrange extensão territorial limitada. Caracteri", "area": "56.31", "nome_concat": "Zona de Amortecimento - Setor II" }, "geometry": { "type": "Polygon", "coordinates": [ [ [ -45.863346713999931, -23.744854502999942 ], [ -45.867449317999956, -23.745657079999944 ], [ -45.869264351999959, -23.734915954999963 ], [ -45.868809081999984, -23.734883603999947 ], [ -45.868640312999958, -23.734994057999927 ], [ -45.86854152799998, -23.735016793999932 ], [ -45.868421751999961, -23.735018090999972 ], [ -45.868327896999972, -23.735001800999953 ], [ -45.868180866999978, -23.734954632999973 ], [ -45.867914417999941, -23.734799811999949 ], [ -45.867688136999959, -23.734640403999947 ], [ -45.867489444999933, -23.734461262999957 ], [ -45.867400834999955, -23.734345557999973 ], [ -45.866176830999962, -23.734319911999933 ], [ -45.866097810999975, -23.735177987999975 ], [ -45.865718790999949, -23.735268839999947 ], [ -45.865499670999952, -23.735275658999967 ], [ -45.863831860999937, -23.73523301299997 ], [ -45.86341946999994, -23.74296904199997 ], [ -45.863346713999931, -23.744854502999942 ] ] ] } },
{ "type": "Feature", "properties": { "legislacao": "Resolução SMA n°203/2018", "setor": "II", "gid": 17, "objetivo": "Minimizar os impactos ambientais negativos sobre a unidade de conservação, especialmente os causados pelas atividades industriais e pelo adensamento ou verticalização de áreas urbanas; fomentar a conservação dos corredores ecológicos e incentivar o desen", "descricao": "Situado entre o Setor I da Zona de Amortecimento do Parque Estadual Restinga de Bertioga e a faixa de areia à beira mar, tem aproximadamente 4.216,57 hectares e compreende porções do município de Bertioga. Abrange extensão territorial limitada. Caracteri", "area": "27.47", "nome_concat": "Zona de Amortecimento - Setor II" }, "geometry": { "type": "Polygon", "coordinates": [ [ [ -45.863066171999947, -23.752007527999979 ], [ -45.862905930999943, -23.755194345999939 ], [ -45.860895252999967, -23.755175951999945 ], [ -45.860740571999941, -23.758079189999933 ], [ -45.862751444999958, -23.758266595999942 ], [ -45.864702582999939, -23.758448409999971 ], [ -45.865280200999962, -23.75850222899993 ], [ -45.865280412999937, -23.75849025499997 ], [ -45.866338119999966, -23.752232205999974 ], [ -45.863066171999947, -23.752007527999979 ] ] ] } },
{ "type": "Feature", "properties": { "legislacao": "Resolução SMA n°203/2018", "setor": "II", "gid": 18, "objetivo": "Minimizar os impactos ambientais negativos sobre a unidade de conservação, especialmente os causados pelas atividades industriais e pelo adensamento ou verticalização de áreas urbanas; fomentar a conservação dos corredores ecológicos e incentivar o desen", "descricao": "Situado entre o Setor I da Zona de Amortecimento do Parque Estadual Restinga de Bertioga e a faixa de areia à beira mar, tem aproximadamente 4.216,57 hectares e compreende porções do município de Bertioga. Abrange extensão territorial limitada. Caracteri", "area": "24.39", "nome_concat": "Zona de Amortecimento - Setor II" }, "geometry": { "type": "Polygon", "coordinates": [ [ [ -45.867379885999981, -23.746067938999943 ], [ -45.86330935899997, -23.745822534999945 ], [ -45.863085974999933, -23.751611208999975 ], [ -45.866392681999969, -23.751909369999964 ], [ -45.867379885999981, -23.746067938999943 ] ] ] } },
{ "type": "Feature", "properties": { "legislacao": "Resolução SMA n°203/2018", "setor": "I", "gid": 10, "objetivo": "Minimizar os impactos ambientais negativos sobre a unidade de conservação, especialmente os efeitos de borda; incrementar a conectividade para possibilitar o fluxo gênico e o movimento da biota; fomentar a conservação dos corredores ecológicos e incentiv", "descricao": "Situado no entorno imediato do Parque Estadual Restinga de Bertioga, e em menor escala em trechos entre esta UC e o mar, tem aproximadamente 5.640,25 hectares e está inserido no município de Bertioga. Caracteriza-se pela predominância de áreas com signif", "area": "2487.75", "nome_concat": "Zona de Amortecimento - Setor I" }, "geometry": { "type": "Polygon", "coordinates": [ [ [ -46.000662566999949, -23.736654921999957 ], [ -46.000568777999945, -23.73669029499996 ], [ -46.000443318999942, -23.736691106999956 ], [ -46.000405348999948, -23.736681673999954 ], [ -45.997583867999936, -23.772748552999929 ], [ -45.992305248999969, -23.771085871999958 ], [ -45.992163771999969, -23.791656079999939 ], [ -45.992164073999959, -23.791657477999934 ], [ -45.992161691999968, -23.791683545999945 ], [ -45.992743803999986, -23.792343531999961 ], [ -45.993321270999957, -23.79313904299994 ], [ -45.993746311999985, -23.79274960999993 ], [ -45.994025737999948, -23.792249704999961 ], [ -45.994124610999961, -23.791694962999941 ], [ -45.994248745999982, -23.773607547999973 ], [ -45.996943932999955, -23.774455681999939 ], [ -46.002542190999975, -23.776024212999971 ], [ -46.007692877999943, -23.77707062199994 ], [ -46.008275926999943, -23.777107069999943 ], [ -46.008844790999945, -23.776983919999964 ], [ -46.009349037999982, -23.776712088999943 ], [ -46.009743965999974, -23.776315676999957 ], [ -46.009975413999939, -23.775866952999934 ], [ -46.043708682999977, -23.78601234599995 ], [ -46.045779560999961, -23.785121295999943 ], [ -46.048624907999965, -23.787490153999954 ], [ -46.056557658999964, -23.789874328999929 ], [ -46.056560156999979, -23.788748290999933 ], [ -46.056647152999972, -23.788757774999965 ], [ -46.056700981999938, -23.788814231999936 ], [ -46.056738005999932, -23.788987058999965 ], [ -46.056792302999952, -23.789015171999949 ], [ -46.05685968399996, -23.788757050999948 ], [ -46.057012049999969, -23.788629954999976 ], [ -46.057103326999936, -23.788608159999967 ], [ -46.057140854999943, -23.788621070999966 ], [ -46.057237087999965, -23.788693945999967 ], [ -46.057545971999957, -23.788749234999955 ], [ -46.057706349999933, -23.788719577999927 ], [ -46.057782682999971, -23.788715342999978 ], [ -46.057782746999976, -23.788686393999967 ], [ -46.058293581999976, -23.788696319999929 ], [ -46.058478234999939, -23.78867164899998 ], [ -46.058887639999966, -23.788534526999968 ], [ -46.05894230399997, -23.788525756999945 ], [ -46.059053060999986, -23.788684494999927 ], [ -46.059189892999939, -23.788683555999967 ], [ -46.059434895999971, -23.788522376999936 ], [ -46.059498613999949, -23.788505150999981 ], [ -46.059526932999972, -23.788622480999948 ], [ -46.059636396999963, -23.788621728999942 ], [ -46.059846748999973, -23.788687441999969 ], [ -46.059928575999947, -23.788653301999943 ], [ -46.060189643999934, -23.788223382999945 ], [ -46.06046269199993, -23.788145955999937 ], [ -46.06051701399997, -23.788095214999942 ], [ -46.06062641099993, -23.788086067999927 ], [ -46.060991223999963, -23.788075165999942 ], [ -46.061474826999984, -23.788088630999937 ], [ -46.061977765999984, -23.788236273999928 ], [ -46.062242372999947, -23.788242847999982 ], [ -46.062479092999979, -23.78815941299996 ], [ -46.062544655999943, -23.788160758999936 ], [ -46.062685658999953, -23.788272599999971 ], [ -46.062772274999986, -23.788321143999951 ], [ -46.062966567999979, -23.788326191999943 ], [ -46.063220944999955, -23.788406305999956 ], [ -46.063334019999957, -23.78849226899996 ], [ -46.063394419999952, -23.788538187999961 ], [ -46.064585988999966, -23.788928830999964 ], [ -46.064595978999932, -23.788932105999947 ], [ -46.064595840999971, -23.788929460999952 ], [ -46.07004365399996, -23.790703531999952 ], [ -46.071361252999964, -23.791132569999945 ], [ -46.071636239999975, -23.791222108999932 ], [ -46.072305591999964, -23.791440056999932 ], [ -46.07699152999993, -23.792965741999978 ], [ -46.077090056999964, -23.789696086999982 ], [ -46.080905579999978, -23.789870407999956 ], [ -46.08096562399993, -23.789004157999955 ], [ -46.082348511999953, -23.789009828999951 ], [ -46.083224177999966, -23.789016338999943 ], [ -46.083656472999962, -23.789019550999967 ], [ -46.083688621999954, -23.789205891999927 ], [ -46.08370174199996, -23.789281940999956 ], [ -46.083758539999963, -23.789432271999942 ], [ -46.083868490999976, -23.789555131999975 ], [ -46.084299762999933, -23.789892615999975 ], [ -46.084415558999979, -23.789960105999967 ], [ -46.084547123999982, -23.789995490999956 ], [ -46.085184048999963, -23.790080622999938 ], [ -46.085305009999956, -23.790082921999954 ], [ -46.085422905999962, -23.790057917999945 ], [ -46.086167409999973, -23.789807749999966 ], [ -46.086250718999963, -23.789771257999973 ], [ -46.086435928999947, -23.789669462999939 ], [ -46.087506269999949, -23.789651275999972 ], [ -46.088898596999968, -23.789610871999969 ], [ -46.089410113999975, -23.789580196999964 ], [ -46.08990444799997, -23.789649209999936 ], [ -46.089970362999964, -23.789675811999928 ], [ -46.089567485999964, -23.790225110999927 ], [ -46.088944897999966, -23.790757170999939 ], [ -46.088221859999976, -23.790931501999978 ], [ -46.087466571999983, -23.791181884999958 ], [ -46.087293297999963, -23.791281409999954 ], [ -46.086642404999964, -23.791859489999979 ], [ -46.08655368999996, -23.791965989999937 ], [ -46.086502903999985, -23.792091776999939 ], [ -46.086177199999952, -23.793521834999979 ], [ -46.08594592299994, -23.794623552999951 ], [ -46.085844838999947, -23.794876073999944 ], [ -46.08542323599994, -23.794596829999932 ], [ -46.085307564999937, -23.794540066999957 ], [ -46.084571850999964, -23.794288360999928 ], [ -46.084399685999983, -23.794260052999959 ], [ -46.084227664999958, -23.794289097999979 ], [ -46.083993117999967, -23.79437048799997 ], [ -46.083593281999981, -23.794292429999928 ], [ -46.082858388999966, -23.794235982999965 ], [ -46.083428000999959, -23.793562952999935 ], [ -46.083613897999953, -23.793414970999947 ], [ -46.083716711999955, -23.793301004999933 ], [ -46.083773919999942, -23.793162557999949 ], [ -46.083779365999931, -23.793014525999979 ], [ -46.083732465999958, -23.792872834999969 ], [ -46.083578879999948, -23.792587880999974 ], [ -46.083463027999983, -23.792449191999935 ], [ -46.082942357999968, -23.792253452999944 ], [ -46.082923951999931, -23.792083498999943 ], [ -46.082814792999955, -23.79188537999994 ], [ -46.082698934999939, -23.791772488999982 ], [ -46.08238089699995, -23.791683357999943 ], [ -46.082216321999965, -23.791717656999936 ], [ -46.081698899999935, -23.791933843999971 ], [ -46.08155256799995, -23.792022968999959 ], [ -46.081402441999955, -23.792155440999977 ], [ -46.08131112999996, -23.792265393999969 ], [ -46.081260290999978, -23.792395628999941 ], [ -46.081254700999978, -23.792533915999968 ], [ -46.081294883999931, -23.792667266999956 ], [ -46.081377066999949, -23.792783158999953 ], [ -46.081493532999957, -23.792870706999963 ], [ -46.081633341999975, -23.792921688999968 ], [ -46.081887637999955, -23.792974869999966 ], [ -46.082305435999956, -23.793117979999977 ], [ -46.081685781999965, -23.793824950999976 ], [ -46.081361535999974, -23.794316729999935 ], [ -46.081322267999951, -23.794362169999943 ], [ -46.081070423999961, -23.794430293999937 ], [ -46.080769904999954, -23.794362043999968 ], [ -46.080615846999933, -23.794350136999981 ], [ -46.080465407999952, -23.794382921999954 ], [ -46.080233268999962, -23.794565441999964 ], [ -46.080101364999962, -23.794983607999939 ], [ -46.080089096999984, -23.795112226999947 ], [ -46.080116885999985, -23.795238783999935 ], [ -46.080182462999971, -23.795352930999968 ], [ -46.080280463999941, -23.795445335999943 ], [ -46.080402878999962, -23.79550844399995 ], [ -46.080916870999943, -23.79569037899995 ], [ -46.081061011999964, -23.795719521999956 ], [ -46.081208050999976, -23.79570791499998 ], [ -46.08134469099997, -23.795656606999955 ], [ -46.081871497999941, -23.795400957999959 ], [ -46.082266932999971, -23.795477651999931 ], [ -46.082418153999981, -23.795485008999947 ], [ -46.082564612999931, -23.795449592999944 ], [ -46.082692364999957, -23.795374774999971 ], [ -46.083048873999985, -23.795326958999965 ], [ -46.083580119999965, -23.795451617999959 ], [ -46.083616353999957, -23.796007200999952 ], [ -46.083837870999957, -23.79755141399994 ], [ -46.083545449999974, -23.799324019999972 ], [ -46.083529600999952, -23.800493156999948 ], [ -46.083569507999982, -23.80067543399997 ], [ -46.083781024999951, -23.801127965999967 ], [ -46.083856260999937, -23.80124019699997 ], [ -46.08396352799997, -23.801327644999958 ], [ -46.084093676999942, -23.801382850999971 ], [ -46.084235609999951, -23.801401107999936 ], [ -46.084943260999978, -23.801396132999969 ], [ -46.085070902999973, -23.801379660999942 ], [ -46.085189481999976, -23.801333179999972 ], [ -46.085290817999976, -23.80125989499993 ], [ -46.085962830999961, -23.800625984999954 ], [ -46.086555439999984, -23.800060265999946 ], [ -46.086644564999972, -23.799942219999934 ], [ -46.087079119999942, -23.799108785999977 ], [ -46.087107223999965, -23.79904162899993 ], [ -46.087533420999932, -23.797716765999951 ], [ -46.088067404999947, -23.79687432399993 ], [ -46.088676386999964, -23.796254918999978 ], [ -46.08883044199996, -23.796205651999969 ], [ -46.088991815999975, -23.796224909999978 ], [ -46.089417818999948, -23.796866841999929 ], [ -46.09047252199997, -23.797274545999983 ], [ -46.09065177399998, -23.797305566999967 ], [ -46.091083396999977, -23.797182817999953 ], [ -46.09123337799997, -23.797097116999964 ], [ -46.091340693999939, -23.796968122999942 ], [ -46.091660500999978, -23.796392365999964 ], [ -46.091708592999964, -23.796255327999972 ], [ -46.091707351999958, -23.796111327999938 ], [ -46.091632546999961, -23.795705630999976 ], [ -46.091567573999953, -23.795545870999945 ], [ -46.091507147999948, -23.795372346999955 ], [ -46.093416422999951, -23.796436674999939 ], [ -46.094403015999944, -23.796834187999934 ], [ -46.095214791999979, -23.797285667999972 ], [ -46.095217919999982, -23.797279911999965 ], [ -46.096536482999966, -23.798001104999969 ], [ -46.096055415999956, -23.807210292999969 ], [ -46.096504227999958, -23.808079290999956 ], [ -46.096559628999955, -23.808228358999941 ], [ -46.099099238999941, -23.809382380999978 ], [ -46.099434108999958, -23.80903815299996 ], [ -46.09964056299998, -23.80888135999993 ], [ -46.099778668999932, -23.808318829999962 ], [ -46.100218750999943, -23.808148422999977 ], [ -46.100700606999965, -23.808312253999929 ], [ -46.100872131999949, -23.808633619999966 ], [ -46.101534168999933, -23.808604997999964 ], [ -46.101841979999961, -23.808148783999968 ], [ -46.101968704999933, -23.80777749799995 ], [ -46.10221370499994, -23.807572635999975 ], [ -46.102524334999941, -23.807450937999931 ], [ -46.102756247999935, -23.807234220999931 ], [ -46.102898274999973, -23.80713762299996 ], [ -46.103027114999975, -23.807017223999935 ], [ -46.103406200999984, -23.807313206999936 ], [ -46.103732742999966, -23.807537877999948 ], [ -46.104578886999946, -23.807782723999935 ], [ -46.10519882899996, -23.807384007999929 ], [ -46.106149460999973, -23.807699782999975 ], [ -46.106710243999942, -23.807982505999973 ], [ -46.106804885999964, -23.80842389399993 ], [ -46.106861079999931, -23.808925295999927 ], [ -46.106917273999954, -23.809426697999982 ], [ -46.107089422999934, -23.809819737999931 ], [ -46.107157489999963, -23.810189629999968 ], [ -46.107043053999973, -23.810477196999955 ], [ -46.106954689999952, -23.810776524999937 ], [ -46.106880525999941, -23.811219123999933 ], [ -46.106909535999932, -23.811577347999958 ], [ -46.107010062999962, -23.811891752999941 ], [ -46.109899723999945, -23.81277175699995 ], [ -46.110422484999958, -23.812364541999955 ], [ -46.110913387999972, -23.812062312999956 ], [ -46.111352856999986, -23.811820191999971 ], [ -46.111713902999952, -23.811518896999928 ], [ -46.111971777999941, -23.81130197899995 ], [ -46.112230566999983, -23.811192582999979 ], [ -46.112644772999943, -23.81103427499994 ], [ -46.112967672999957, -23.810828833999949 ], [ -46.113238935999959, -23.81065960799998 ], [ -46.113381365999942, -23.810610788999952 ], [ -46.112131064999971, -23.81489363399993 ], [ -46.114085761999945, -23.815513428999964 ], [ -46.114611013999934, -23.81558389199995 ], [ -46.114769455999976, -23.81489004499997 ], [ -46.115061365999964, -23.813651049999976 ], [ -46.115885555999967, -23.813737854999943 ], [ -46.11625919599993, -23.811203144999979 ], [ -46.117932486999962, -23.812122165999938 ], [ -46.117861940999944, -23.812982911999939 ], [ -46.118316635999975, -23.813003510999977 ], [ -46.118265377999933, -23.813733645999946 ], [ -46.118531028999939, -23.814499478999949 ], [ -46.119748985999934, -23.815522848999933 ], [ -46.119922319999944, -23.815614941999968 ], [ -46.12094764699998, -23.815900131999967 ], [ -46.122187814999961, -23.815519637999955 ], [ -46.122294527999941, -23.815470499999947 ], [ -46.122385196999971, -23.815399120999928 ], [ -46.122726387999933, -23.815056127999981 ], [ -46.123270128999934, -23.814082403999976 ], [ -46.12338568499996, -23.814011682999933 ], [ -46.123789138999939, -23.813946373999954 ], [ -46.124057038999979, -23.81414155899995 ], [ -46.124287011999968, -23.814456495999934 ], [ -46.124501530999964, -23.814484801999981 ], [ -46.124767940999959, -23.814506753999979 ], [ -46.125021673999981, -23.814564641999937 ], [ -46.125147867999942, -23.814892282999949 ], [ -46.125164045999952, -23.81526254299996 ], [ -46.125451686999952, -23.815487449999978 ], [ -46.125736752999956, -23.815413682999974 ], [ -46.12588763399998, -23.815591796999968 ], [ -46.125864032999971, -23.815866765999942 ], [ -46.125950706999959, -23.816128981999952 ], [ -46.126205525999978, -23.816312310999933 ], [ -46.126674713999932, -23.816506019999963 ], [ -46.126979723999966, -23.816485869999951 ], [ -46.12733419999995, -23.816178612999977 ], [ -46.127619317999972, -23.816110815999934 ], [ -46.127989874999969, -23.816161869999974 ], [ -46.129124022999974, -23.816661345999933 ], [ -46.129727084999956, -23.816567321999969 ], [ -46.130075785999964, -23.816343734999975 ], [ -46.130738211999983, -23.816356800999984 ], [ -46.131127524999954, -23.816324075999944 ], [ -46.131563995999954, -23.816488140999979 ], [ -46.131910292999976, -23.81673650099998 ], [ -46.132063617999961, -23.817195359999971 ], [ -46.132399316999965, -23.817718592999938 ], [ -46.13302522999993, -23.818012686999964 ], [ -46.133646104999968, -23.818474081999966 ], [ -46.134004670999957, -23.818638712999928 ], [ -46.134311449999984, -23.818821644999957 ], [ -46.134585763999951, -23.819004814999971 ], [ -46.134944591999954, -23.819199310999977 ], [ -46.135129253999935, -23.819526511999982 ], [ -46.135145252999962, -23.819872875999977 ], [ -46.135302955999975, -23.820086772999957 ], [ -46.136308699999972, -23.820001703999935 ], [ -46.137081889999934, -23.820055742999955 ], [ -46.137377094999977, -23.820400046999964 ], [ -46.137665913999967, -23.820756345999939 ], [ -46.137880149999944, -23.821495518999939 ], [ -46.138072148999981, -23.821918242999971 ], [ -46.13839993199997, -23.822274251999943 ], [ -46.138757991999967, -23.822379136999928 ], [ -46.139369598999963, -23.822517989999938 ], [ -46.139968532999944, -23.822692776999929 ], [ -46.140593232999947, -23.822843475999946 ], [ -46.141086660999974, -23.822833850999928 ], [ -46.141536412999983, -23.823027656999955 ], [ -46.141837658999975, -23.823318143999927 ], [ -46.142078795999964, -23.823417911999968 ], [ -46.142396804999976, -23.823397634999935 ], [ -46.142733298999985, -23.823263716999975 ], [ -46.14303879199997, -23.823297294999975 ], [ -46.14344194399996, -23.82336001799996 ], [ -46.14374047299998, -23.823339881999971 ], [ -46.144056438999939, -23.82308663799995 ], [ -46.144107783999971, -23.823038709999935 ], [ -46.144536455999969, -23.823305631999972 ], [ -46.144650230999957, -23.823358140999972 ], [ -46.145288396999945, -23.823562484999968 ], [ -46.145394024999973, -23.823584659999938 ], [ -46.145712504999949, -23.823618135999936 ], [ -46.145898149999937, -23.823604948999957 ], [ -46.146485997999946, -23.823450143999935 ], [ -46.146757713999932, -23.823334619999969 ], [ -46.147303293999983, -23.822972805999939 ], [ -46.147410581999964, -23.822871726999949 ], [ -46.147664320999979, -23.82279697499996 ], [ -46.14802693799993, -23.822680772999945 ], [ -46.148374411999953, -23.822319756999946 ], [ -46.148711054999978, -23.822203746999946 ], [ -46.148866047999945, -23.822107010999957 ], [ -46.149224588999971, -23.822265631999983 ], [ -46.149860649999937, -23.822231019999947 ], [ -46.150505678999934, -23.82247710799993 ], [ -46.150921396999934, -23.82249192699993 ], [ -46.15128385099996, -23.822357796999938 ], [ -46.152003049999962, -23.822913961999973 ], [ -46.152395170999966, -23.823197773999937 ], [ -46.152708793999977, -23.823416459999976 ], [ -46.152834327999983, -23.823660446999952 ], [ -46.152803233999975, -23.82381599799993 ], [ -46.152582518999964, -23.823823621999964 ], [ -46.152199843999938, -23.823874272999944 ], [ -46.152105658999972, -23.823924722999948 ], [ -46.152605114999972, -23.824446261999981 ], [ -46.152679243999955, -23.824523668999973 ], [ -46.153144365999935, -23.825009349999959 ], [ -46.153462478999984, -23.825695916999962 ], [ -46.153469583999936, -23.826499633999958 ], [ -46.153352386999984, -23.827361692999943 ], [ -46.153520746999959, -23.827766879999956 ], [ -46.152622625999982, -23.828387723999981 ], [ -46.15195121499994, -23.828834803999939 ], [ -46.151467160999971, -23.829172952999954 ], [ -46.150964783999939, -23.82964266099998 ], [ -46.150445450999939, -23.830399236999938 ], [ -46.150222233999955, -23.830860884999936 ], [ -46.150021296999967, -23.831451903999948 ], [ -46.15009534099994, -23.831895370999973 ], [ -46.150010195999982, -23.832321256999933 ], [ -46.150019153999949, -23.832398788999967 ], [ -46.150026053999966, -23.832437654999978 ], [ -46.150038841999958, -23.832492276999972 ], [ -46.150055570999939, -23.832544162999966 ], [ -46.150104171999942, -23.832648180999968 ], [ -46.150165155999957, -23.832761135999931 ], [ -46.150210207999976, -23.832857413999932 ], [ -46.15023722199993, -23.832927913999981 ], [ -46.150276215999952, -23.833053492999966 ], [ -46.150301505999948, -23.83315795599998 ], [ -46.150320797999939, -23.833261740999944 ], [ -46.150327791999985, -23.833311169999945 ], [ -46.150334224999938, -23.833379654999931 ], [ -46.150333256999943, -23.833462642999962 ], [ -46.150317385999983, -23.833544839999945 ], [ -46.150313876999974, -23.833697824999945 ], [ -46.150324825999974, -23.833828488999927 ], [ -46.150341236999964, -23.83391766799997 ], [ -46.15038218799998, -23.834108876999949 ], [ -46.150429466999981, -23.834310783999967 ], [ -46.150448549999965, -23.834381612999948 ], [ -46.150461957999937, -23.834423332999961 ], [ -46.152046801999973, -23.834705547999931 ], [ -46.152033163999931, -23.834593148999943 ], [ -46.152483004999965, -23.834683309999946 ], [ -46.15285365099993, -23.834664031999978 ], [ -46.156534917999977, -23.835293566999951 ], [ -46.157211002999929, -23.835316001999956 ], [ -46.157346483999959, -23.83524757899994 ], [ -46.157484560999933, -23.835177843999929 ], [ -46.157783477999942, -23.83472980099998 ], [ -46.157900421999955, -23.834255262999932 ], [ -46.158410848999949, -23.833749904999934 ], [ -46.158817509999949, -23.833011966999948 ], [ -46.158320495999931, -23.832762835999972 ], [ -46.158292480999933, -23.832192941999949 ], [ -46.158405179999932, -23.83195982999996 ], [ -46.158817756999952, -23.831893383999954 ], [ -46.15904296399998, -23.831406044999937 ], [ -46.159175984999933, -23.830877169999951 ], [ -46.159219637999968, -23.830623461999949 ], [ -46.159470795999937, -23.830473766999944 ], [ -46.159790057999942, -23.830239100999961 ], [ -46.160182517999942, -23.83002248799994 ], [ -46.160514555999953, -23.829873176999968 ], [ -46.160661804999961, -23.829726329999971 ], [ -46.160862442999985, -23.829608862999976 ], [ -46.160966308999946, -23.829497169999968 ], [ -46.161419270999943, -23.829553218999934 ], [ -46.161447143999965, -23.829621126999939 ], [ -46.161475526999936, -23.829690275999951 ], [ -46.161513628999955, -23.829783103999944 ], [ -46.161521953999966, -23.82980338699997 ], [ -46.161639344999969, -23.830032923999966 ], [ -46.161699978999934, -23.830091674999949 ], [ -46.162182450999978, -23.829963362999933 ], [ -46.162245643999938, -23.829939799999977 ], [ -46.162590561999934, -23.829811185999972 ], [ -46.163523549999979, -23.830165123999961 ], [ -46.164319922999937, -23.830504392999956 ], [ -46.164704684999947, -23.830603500999928 ], [ -46.165436515999943, -23.830506355999944 ], [ -46.165006973999937, -23.830359432999956 ], [ -46.16458986899994, -23.830153891999942 ], [ -46.164174000999935, -23.830087514999946 ], [ -46.163560608999944, -23.829967401999966 ], [ -46.163494408999952, -23.829954438999948 ], [ -46.16313546799995, -23.829887624999969 ], [ -46.16303920699994, -23.829662585999984 ], [ -46.162980280999932, -23.829437234999943 ], [ -46.162983462999932, -23.829422769999951 ], [ -46.163005440999939, -23.829322856999966 ], [ -46.163052912999945, -23.829107041999976 ], [ -46.163069785999937, -23.828794469999934 ], [ -46.16287719099995, -23.828449065999962 ], [ -46.162712648999957, -23.828218641999968 ], [ -46.162667436999982, -23.828155326999934 ], [ -46.162514286999965, -23.827883275999966 ], [ -46.162191532999941, -23.827972916999954 ], [ -46.161751006999964, -23.82809674799995 ], [ -46.16092876099998, -23.828324775999931 ], [ -46.160669503999941, -23.828303492999964 ], [ -46.160401761999935, -23.828198867999959 ], [ -46.160163199999943, -23.828086381999981 ], [ -46.159849923999957, -23.827909525999928 ], [ -46.159484329999941, -23.827691244999983 ], [ -46.158976095999947, -23.827497930999982 ], [ -46.158318143999963, -23.827263923999965 ], [ -46.157725340999946, -23.827053319999948 ], [ -46.157022575999974, -23.826891329999967 ], [ -46.156507441999963, -23.826871299999937 ], [ -46.156240899999943, -23.826860047999958 ], [ -46.155948538999951, -23.82682172799997 ], [ -46.155730466999955, -23.826710945999935 ], [ -46.155583534999948, -23.826544780999939 ], [ -46.155503174999978, -23.826395337999941 ], [ -46.155350497999962, -23.82611615199994 ], [ -46.15528424699994, -23.825951601999975 ], [ -46.155228871999952, -23.825817947999951 ], [ -46.155192157999977, -23.825718472999938 ], [ -46.155170047999945, -23.825655058999928 ], [ -46.155131372999961, -23.825561377999975 ], [ -46.155089758999964, -23.825446179999972 ], [ -46.155062977999933, -23.825354216999983 ], [ -46.155038507999961, -23.825278645999958 ], [ -46.155003492999981, -23.825155432999964 ], [ -46.154977661999965, -23.825076466999974 ], [ -46.154957907999972, -23.824990908999951 ], [ -46.15492196699995, -23.824889982999935 ], [ -46.154886602999966, -23.824793161999935 ], [ -46.154842689999953, -23.824625529999935 ], [ -46.154810013999963, -23.824508618999971 ], [ -46.154764650999937, -23.824346936999973 ], [ -46.154733943999986, -23.824201418999962 ], [ -46.154701016999979, -23.824091619999933 ], [ -46.154679382999973, -23.823985692999941 ], [ -46.154661767999983, -23.823914387999935 ], [ -46.154641333999962, -23.823807429999931 ], [ -46.154609424999933, -23.82367937999993 ], [ -46.154596926999943, -23.823609390999934 ], [ -46.154572457999961, -23.823512352999956 ], [ -46.154550044999951, -23.823375877999979 ], [ -46.154536640999936, -23.82331993899993 ], [ -46.154517546999955, -23.823186825999983 ], [ -46.154476805999934, -23.823003750999931 ], [ -46.154471501999978, -23.822960312999953 ], [ -46.154468497999972, -23.82293571799994 ], [ -46.154457431999958, -23.822827831999973 ], [ -46.154432176999933, -23.822708491999947 ], [ -46.154422795999949, -23.822591290999981 ], [ -46.154408970999953, -23.822517157999982 ], [ -46.154406666999932, -23.822504801999969 ], [ -46.154401335999978, -23.822423786999934 ], [ -46.154391288999932, -23.822364526999934 ], [ -46.154390961999979, -23.822358206999979 ], [ -46.15437331399994, -23.822260846999939 ], [ -46.154365351999957, -23.822107013999982 ], [ -46.154364962999978, -23.822096654999939 ], [ -46.154348206999941, -23.821994681999968 ], [ -46.154347319999943, -23.821971048999956 ], [ -46.154344292999951, -23.821890375999942 ], [ -46.154330018999985, -23.821802788999946 ], [ -46.154321695999954, -23.821749701999977 ], [ -46.154316191999953, -23.821704586999942 ], [ -46.154307704999951, -23.821433170999967 ], [ -46.154292898999984, -23.82129085899993 ], [ -46.154288862999977, -23.821184184999936 ], [ -46.154282511999952, -23.821115503999977 ], [ -46.154278640999962, -23.82106631299996 ], [ -46.154275610999946, -23.821006773999954 ], [ -46.15427270899994, -23.820944976999954 ], [ -46.154265955999961, -23.820847398999945 ], [ -46.154264741999953, -23.820801909999943 ], [ -46.154263605999972, -23.820759316999954 ], [ -46.154253468999968, -23.820651017999978 ], [ -46.154252246999931, -23.820557236999946 ], [ -46.15424554599997, -23.820498854999983 ], [ -46.154243802999986, -23.820429417999947 ], [ -46.154241456999955, -23.820391729999983 ], [ -46.154230566999956, -23.820309264999935 ], [ -46.154226779999931, -23.82026960099995 ], [ -46.15422045899993, -23.820226343999934 ], [ -46.154210391999982, -23.820148207999978 ], [ -46.154199584999958, -23.820080644999962 ], [ -46.15418927099995, -23.820013303999929 ], [ -46.154183940999985, -23.819982320999941 ], [ -46.154164682999976, -23.819874947999949 ], [ -46.154149460999975, -23.819796579999945 ], [ -46.154140441999971, -23.819764631999931 ], [ -46.154128632999971, -23.819733607999979 ], [ -46.154096943999946, -23.819630346999929 ], [ -46.154025160999936, -23.819450212999982 ], [ -46.15400623599993, -23.819391515999939 ], [ -46.153973288999964, -23.819295850999936 ], [ -46.153918466999983, -23.819163139999944 ], [ -46.153904287999978, -23.819124998999939 ], [ -46.153880295999954, -23.819065120999937 ], [ -46.153843026999937, -23.818969125999956 ], [ -46.153830003999985, -23.818939555999975 ], [ -46.153803203999985, -23.818822891999957 ], [ -46.153761725999971, -23.818722728999944 ], [ -46.153747643999964, -23.818689957999936 ], [ -46.153720681999971, -23.818627214999935 ], [ -46.153702721999935, -23.818588830999943 ], [ -46.153682759999981, -23.818568342999981 ], [ -46.15367361899996, -23.818550348999963 ], [ -46.153659601999948, -23.818524940999964 ], [ -46.153639445999943, -23.818493617999934 ], [ -46.153628119999951, -23.818478303999939 ], [ -46.15360857099995, -23.818454562999932 ], [ -46.153585423999971, -23.818429131999949 ], [ -46.153566105999971, -23.818409526999972 ], [ -46.153533964999951, -23.818376909999927 ], [ -46.153401469999949, -23.81827489899996 ], [ -46.153389372999982, -23.818261216999929 ], [ -46.153315616999976, -23.81819091899996 ], [ -46.153231160999951, -23.818020587999968 ], [ -46.153226656999948, -23.81799966899996 ], [ -46.15298671499994, -23.817695622999963 ], [ -46.152725462999967, -23.817345153999952 ], [ -46.152486876999944, -23.817110787999979 ], [ -46.152231786999948, -23.816987926999957 ], [ -46.151906385999951, -23.816933871999936 ], [ -46.151531044999956, -23.816940362999958 ], [ -46.151082533999954, -23.817073954999955 ], [ -46.150693256999944, -23.81731436299998 ], [ -46.150470114999962, -23.817507562999936 ], [ -46.150164916999984, -23.817839277999951 ], [ -46.14997555399998, -23.818085854999936 ], [ -46.149853035999968, -23.818291876999979 ], [ -46.149769960999947, -23.818445034999968 ], [ -46.14970864999998, -23.818572471999971 ], [ -46.149620012999947, -23.81875174399994 ], [ -46.149577473999955, -23.818828615999962 ], [ -46.149530592999952, -23.818920730999935 ], [ -46.14948123299996, -23.819023107999953 ], [ -46.149364945999935, -23.819211779999932 ], [ -46.149313063999955, -23.819317651999938 ], [ -46.149245530999963, -23.819424272999981 ], [ -46.14921346999995, -23.81948452499995 ], [ -46.149196012999937, -23.819514367999943 ], [ -46.149163075999979, -23.819564284999956 ], [ -46.149143376999973, -23.819595905999961 ], [ -46.149091656999985, -23.819670031999976 ], [ -46.149049959999957, -23.819734148999942 ], [ -46.14899261599993, -23.819810573999973 ], [ -46.148935698999935, -23.819896614999948 ], [ -46.148804912999935, -23.820072118999974 ], [ -46.148740888999953, -23.820148096999958 ], [ -46.148720567999931, -23.820175929999948 ], [ -46.148662349999938, -23.820242332999953 ], [ -46.148619251999946, -23.820297879999941 ], [ -46.148607053999967, -23.820311792999973 ], [ -46.148569084999963, -23.820353393999937 ], [ -46.148496525999974, -23.820441221999943 ], [ -46.148435731999939, -23.820504983999967 ], [ -46.148387200999935, -23.820562286999973 ], [ -46.148321361999933, -23.820627305999949 ], [ -46.148296571999936, -23.820654945999934 ], [ -46.148261568999942, -23.820687808999935 ], [ -46.148186611999961, -23.820765268999935 ], [ -46.148112634999961, -23.820831431999977 ], [ -46.148091392999959, -23.820855116999951 ], [ -46.148078373999965, -23.820870566999929 ], [ -46.148031595999953, -23.820916566999983 ], [ -46.148002024999982, -23.820946094999954 ], [ -46.147956314999931, -23.820995383999957 ], [ -46.147902890999944, -23.821046648999982 ], [ -46.147857790999979, -23.821089308999944 ], [ -46.147816602999967, -23.821131432999948 ], [ -46.147752213999979, -23.82119344299997 ], [ -46.147656531999985, -23.821276863999969 ], [ -46.147579564999944, -23.821350046999953 ], [ -46.147504003999984, -23.82141951899996 ], [ -46.147455700999956, -23.821469324999953 ], [ -46.147432124999966, -23.821495509999977 ], [ -46.147408078999945, -23.821524001999933 ], [ -46.147349186999975, -23.82158772799994 ], [ -46.147224983999934, -23.821715296999969 ], [ -46.147136356999965, -23.821810057999983 ], [ -46.147044029999961, -23.821897386999979 ], [ -46.146968829999935, -23.821973814999978 ], [ -46.146888859999933, -23.822049014999948 ], [ -46.146833941999944, -23.822105778999969 ], [ -46.146793542999944, -23.822138953999968 ], [ -46.146753297999965, -23.822173119999945 ], [ -46.146710692999932, -23.822206716999972 ], [ -46.146658025999955, -23.822246483999947 ], [ -46.146610963999933, -23.822281197999928 ], [ -46.14660848799997, -23.822283040999935 ], [ -46.146559802999946, -23.822318110999959 ], [ -46.146503493999944, -23.822356235999962 ], [ -46.146419237999964, -23.822409107999931 ], [ -46.146372516999975, -23.822436498999934 ], [ -46.146313119999945, -23.822465529999931 ], [ -46.146262079999985, -23.822488758999953 ], [ -46.146226642999977, -23.822507485999949 ], [ -46.146195646999956, -23.822519958999976 ], [ -46.146123973999977, -23.822546952999971 ], [ -46.146076783999945, -23.822567127999946 ], [ -46.146016118999967, -23.822584376999941 ], [ -46.146001729999966, -23.822589179999966 ], [ -46.145973674999937, -23.82259724599993 ], [ -46.145954222999933, -23.822601137999982 ], [ -46.145926740999982, -23.822607347999963 ], [ -46.145908557999974, -23.822610553999937 ], [ -46.145882797999946, -23.822613651999973 ], [ -46.145853535999947, -23.822618384999942 ], [ -46.145821327999954, -23.822621136999942 ], [ -46.145778138999958, -23.822621818999949 ], [ -46.14574896299996, -23.822625151999944 ], [ -46.14570535799993, -23.822623217999933 ], [ -46.14563871799993, -23.822619558999975 ], [ -46.145567350999954, -23.82261430899996 ], [ -46.145489078999958, -23.822599717999935 ], [ -46.145443816999943, -23.822587906999956 ], [ -46.145364811999968, -23.822562438999967 ], [ -46.145303539999929, -23.822538554999937 ], [ -46.145232340999939, -23.82250769999996 ], [ -46.145146323999938, -23.822460698999976 ], [ -46.145079314999975, -23.82242789999998 ], [ -46.145027097999957, -23.822393804999933 ], [ -46.144950358999949, -23.822335625999983 ], [ -46.144863150999981, -23.822264745999973 ], [ -46.144812654999953, -23.822213764999958 ], [ -46.144763989999944, -23.822150922999981 ], [ -46.14472937599993, -23.822100511999963 ], [ -46.144692432999932, -23.822013001999949 ], [ -46.144666809999933, -23.821940218999941 ], [ -46.144652153999971, -23.821892145999982 ], [ -46.14463214899996, -23.821810696999933 ], [ -46.144610987999954, -23.821727796999937 ], [ -46.14459786599997, -23.821656749999931 ], [ -46.144575762999978, -23.821550538999929 ], [ -46.144568696999954, -23.82148766499995 ], [ -46.144558219999965, -23.821397477999938 ], [ -46.144548623999981, -23.821331394999959 ], [ -46.14454408499995, -23.821281089999957 ], [ -46.144538646999933, -23.82119559299997 ], [ -46.144535823999945, -23.821142373999976 ], [ -46.144534851999936, -23.821048320999978 ], [ -46.144537284999956, -23.820956363999983 ], [ -46.144538137999973, -23.820867387999954 ], [ -46.144542900999966, -23.820774692999976 ], [ -46.144547054999975, -23.820710369999972 ], [ -46.144557749999933, -23.820597805999967 ], [ -46.144561623999948, -23.820547065999961 ], [ -46.144572503999939, -23.820466832999955 ], [ -46.144582844999945, -23.820403491999969 ], [ -46.144592821999936, -23.820343314999946 ], [ -46.144605878999982, -23.820276295999975 ], [ -46.144620170999985, -23.820210125999949 ], [ -46.144628929999953, -23.820173393999937 ], [ -46.144653731999938, -23.820074361999957 ], [ -46.14467362399995, -23.819997493999949 ], [ -46.144694371999947, -23.819896796999956 ], [ -46.144721503999961, -23.819798630999969 ], [ -46.144731441999966, -23.819756425999969 ], [ -46.144777801999965, -23.819597040999952 ], [ -46.144798840999954, -23.81951664199994 ], [ -46.144812763999937, -23.819469936999951 ], [ -46.144831522999937, -23.819415022999976 ], [ -46.144914049999954, -23.819149871999969 ], [ -46.144957248999958, -23.819018238999945 ], [ -46.144978808999952, -23.818958111999962 ], [ -46.145006130999946, -23.818868597999938 ], [ -46.145030353999971, -23.81878749699996 ], [ -46.145076556999982, -23.818626893999976 ], [ -46.145100366999941, -23.818537939999942 ], [ -46.14512293599995, -23.818452967999974 ], [ -46.145157894999954, -23.818331237999928 ], [ -46.14517069599998, -23.818285308999975 ], [ -46.145191716999932, -23.818197278999946 ], [ -46.145211361999941, -23.81812032199997 ], [ -46.145220977999941, -23.818075138999973 ], [ -46.145235758999945, -23.818008738999936 ], [ -46.145244731999981, -23.81796288399994 ], [ -46.145250931999954, -23.81793109299997 ], [ -46.145256590999963, -23.817899215999944 ], [ -46.145272366999961, -23.817806391999966 ], [ -46.145282407999957, -23.81774246699996 ], [ -46.145295537999971, -23.817650249999929 ], [ -46.145308717999967, -23.817552433999936 ], [ -46.145316143999935, -23.817492545999983 ], [ -46.145323777999977, -23.817422812999951 ], [ -46.145326279999949, -23.817389152999965 ], [ -46.14533800199996, -23.817276309999954 ], [ -46.145340798999939, -23.817186653999954 ], [ -46.145342755999934, -23.817158009999957 ], [ -46.145349299999964, -23.817081465999934 ], [ -46.145354973999986, -23.817023397999947 ], [ -46.145361261999938, -23.816948097999955 ], [ -46.145371122999961, -23.816822060999982 ], [ -46.145373847999963, -23.816757873999961 ], [ -46.145374601999947, -23.816686359999949 ], [ -46.14538470399998, -23.816585385999929 ], [ -46.145390601999964, -23.81649419699994 ], [ -46.145394132999968, -23.816412636999928 ], [ -46.145405905999951, -23.81627406399997 ], [ -46.14541922899997, -23.816140247999954 ], [ -46.145422476999954, -23.816051671999958 ], [ -46.145422675999953, -23.816001636999943 ], [ -46.14543062599995, -23.815867327999968 ], [ -46.145435611999972, -23.815753134999966 ], [ -46.14543522799994, -23.815687124999954 ], [ -46.145433699999955, -23.815621885999974 ], [ -46.145428591999973, -23.815557208999962 ], [ -46.145420007999974, -23.815501864999931 ], [ -46.145417278999957, -23.81547311199995 ], [ -46.145423646999973, -23.815449297999976 ], [ -46.145394182999951, -23.815277312999967 ], [ -46.14537052299994, -23.815188099999943 ], [ -46.145355325999958, -23.815116934999935 ], [ -46.145335806999981, -23.815057202999981 ], [ -46.145322571999941, -23.815014447999943 ], [ -46.145315875999984, -23.814989706999938 ], [ -46.14530038099997, -23.814952160999951 ], [ -46.145288050999966, -23.81492308199995 ], [ -46.145279483999957, -23.814903185999981 ], [ -46.145265758999983, -23.814877367999941 ], [ -46.145249182999976, -23.814850938999939 ], [ -46.145234975999983, -23.814831581999954 ], [ -46.145225252999978, -23.814814313999932 ], [ -46.145208343999968, -23.81479466199994 ], [ -46.145183212999939, -23.814766624999947 ], [ -46.145150759999979, -23.814735405999954 ], [ -46.145108338999933, -23.814696827999967 ], [ -46.145034679999981, -23.814631219999967 ], [ -46.145007352999983, -23.814604490999955 ], [ -46.144960573999981, -23.814570582999977 ], [ -46.144910127999935, -23.814538173999949 ], [ -46.144872676999967, -23.814515602999961 ], [ -46.14482695199996, -23.814484242999981 ], [ -46.144777734999934, -23.814457717999971 ], [ -46.144721292999975, -23.814428441999951 ], [ -46.144666093999945, -23.814404654999976 ], [ -46.144599747999962, -23.814383242999952 ], [ -46.144525485999964, -23.81436631899993 ], [ -46.144436333999977, -23.814347382999983 ], [ -46.144386127999951, -23.814336736999962 ], [ -46.144337211999982, -23.814327707999951 ], [ -46.144272171999944, -23.814321461999953 ], [ -46.144215611999982, -23.814313843999969 ], [ -46.14412039299998, -23.814308272999938 ], [ -46.144060651999951, -23.81430731699993 ], [ -46.143998172999943, -23.814306672999976 ], [ -46.143927977999965, -23.814306719999934 ], [ -46.143879045999938, -23.814307128999928 ], [ -46.143828706999955, -23.814309262999927 ], [ -46.14373046999998, -23.81431215899994 ], [ -46.143671598999958, -23.814317351999932 ], [ -46.143596711999976, -23.814330100999939 ], [ -46.143516491999947, -23.814343476999966 ], [ -46.143433216999938, -23.814362108999944 ], [ -46.143327880999948, -23.814383059999955 ], [ -46.143244336999942, -23.814399121999941 ], [ -46.143175536999934, -23.814411869999958 ], [ -46.143142631999979, -23.814420738999956 ], [ -46.143105542999933, -23.814428328999952 ], [ -46.143071597999949, -23.81443616699994 ], [ -46.143001007999942, -23.814451862999931 ], [ -46.142930545999945, -23.814465344999974 ], [ -46.142893418999961, -23.81447419999995 ], [ -46.14283611999997, -23.814488667999967 ], [ -46.142726102999973, -23.81450840399998 ], [ -46.142677945999935, -23.814518739999983 ], [ -46.14258971299995, -23.81454310099997 ], [ -46.142566349999981, -23.814548782999964 ], [ -46.142532317999951, -23.814557885999932 ], [ -46.142510580999954, -23.814564278999967 ], [ -46.14242193299998, -23.814591622999956 ], [ -46.142380811999942, -23.814603983999973 ], [ -46.14235221499996, -23.814611691999971 ], [ -46.142308512999932, -23.814626375999978 ], [ -46.142238655999961, -23.814647303999948 ], [ -46.142165128999977, -23.814667360999977 ], [ -46.142054438999935, -23.814696443999935 ], [ -46.141964787999939, -23.814723835999928 ], [ -46.141877056999931, -23.814752712999962 ], [ -46.141753895999955, -23.814796116999958 ], [ -46.141658500999938, -23.81483168799997 ], [ -46.141587687999959, -23.81485943499996 ], [ -46.141587331999972, -23.814861214999951 ], [ -46.141584322999961, -23.814860752999948 ], [ -46.141546921999975, -23.814875407999978 ], [ -46.141480642999966, -23.814895812999964 ], [ -46.141479330999971, -23.814896249999947 ], [ -46.141423130999954, -23.81491824699998 ], [ -46.141391083999963, -23.814929907999954 ], [ -46.141338833999953, -23.81495418999998 ], [ -46.141282732999969, -23.814976596999941 ], [ -46.141218928999933, -23.815005697999936 ], [ -46.141125439999939, -23.815048437999963 ], [ -46.141062665999982, -23.815093697999941 ], [ -46.140970498999934, -23.815145370999971 ], [ -46.140795362999938, -23.815233596999974 ], [ -46.140733243999932, -23.81527519399998 ], [ -46.140656281999952, -23.815320016999976 ], [ -46.14045155499997, -23.815415049999956 ], [ -46.140337983999984, -23.815477618999978 ], [ -46.14025737999998, -23.815521338999929 ], [ -46.140088850999973, -23.815602421999984 ], [ -46.139880386999948, -23.815713602999949 ], [ -46.139760839999951, -23.815771970999947 ], [ -46.139668460999985, -23.815816274999975 ], [ -46.139563063999958, -23.815870608999944 ], [ -46.139472478999949, -23.815912460999982 ], [ -46.139379326999972, -23.81595830599997 ], [ -46.139208791999977, -23.816028880999966 ], [ -46.13903042499993, -23.816113241999972 ], [ -46.138933444999964, -23.816147960999956 ], [ -46.138753236999946, -23.816223799999932 ], [ -46.138559684999962, -23.816305148999959 ], [ -46.138324085999955, -23.816401723999945 ], [ -46.137938432999931, -23.816546298999981 ], [ -46.137559608999936, -23.816704630999936 ], [ -46.137395641999944, -23.816777827999942 ], [ -46.137204764999979, -23.816852792999953 ], [ -46.136994690999984, -23.816927670999974 ], [ -46.136749606999956, -23.817005159999951 ], [ -46.136618633999944, -23.817042430999948 ], [ -46.136473593999938, -23.817086703999962 ], [ -46.136303319999968, -23.817131008999979 ], [ -46.136193095999943, -23.81714974199997 ], [ -46.136076369999955, -23.817167328999972 ], [ -46.135976503999984, -23.817182401999958 ], [ -46.135889539999937, -23.817187821999937 ], [ -46.135747950999985, -23.817183786999976 ], [ -46.135619141999939, -23.817156060999935 ], [ -46.135501707999936, -23.817092407999951 ], [ -46.135392034999938, -23.817025113999932 ], [ -46.135301965999986, -23.81697201299994 ], [ -46.135149096999953, -23.816865608999933 ], [ -46.135023794999938, -23.816768472999968 ], [ -46.13486822699997, -23.81665279799995 ], [ -46.134801261999939, -23.81659458699994 ], [ -46.134726341999965, -23.816535937999959 ], [ -46.134653276999984, -23.816470366999965 ], [ -46.134553912999934, -23.816372068999954 ], [ -46.134485592999965, -23.816299056999981 ], [ -46.134387498999956, -23.81620094699997 ], [ -46.134304816999986, -23.816101194999931 ], [ -46.134248950999961, -23.816026861999944 ], [ -46.13419274599994, -23.815958156999955 ], [ -46.134135298999979, -23.815888 ], [ -46.134073365999939, -23.815810062999958 ], [ -46.134007869999948, -23.81571738699995 ], [ -46.133960226999932, -23.81564575799996 ], [ -46.133901262999984, -23.81554792999998 ], [ -46.133845561999976, -23.81544718899994 ], [ -46.133799585999952, -23.815358432999972 ], [ -46.133769577999942, -23.81529412499998 ], [ -46.13372054599995, -23.81519256699994 ], [ -46.133673303999956, -23.815088015999947 ], [ -46.133636100999979, -23.815003394999962 ], [ -46.133611962999964, -23.814948074999961 ], [ -46.133585338999978, -23.814883470999973 ], [ -46.133549699999946, -23.814798070999927 ], [ -46.13349835899993, -23.814668035999944 ], [ -46.133464125999978, -23.81458059299996 ], [ -46.133425937999959, -23.814484283999946 ], [ -46.133357129999979, -23.814298337999958 ], [ -46.133237823999934, -23.81401152199993 ], [ -46.133162605999985, -23.813805121999962 ], [ -46.13311069699995, -23.813669491999974 ], [ -46.133088485999963, -23.813606480999965 ], [ -46.133046589999935, -23.81349376199995 ], [ -46.133008088999929, -23.81338020499993 ], [ -46.132982860999959, -23.813306739999973 ], [ -46.132959915999947, -23.813236102999952 ], [ -46.132936449999931, -23.813162082999952 ], [ -46.132892977999973, -23.813022326999942 ], [ -46.132871274999957, -23.812947751999957 ], [ -46.132837873999961, -23.812820429999931 ], [ -46.132789712999966, -23.812637398999982 ], [ -46.132729090999931, -23.812433649999946 ], [ -46.132705492999946, -23.812326592999966 ], [ -46.132677717999968, -23.812220526999965 ], [ -46.132651796999937, -23.812140608999982 ], [ -46.132634477999943, -23.812056518999952 ], [ -46.132615635999969, -23.811994928999979 ], [ -46.13257878099995, -23.811825771999963 ], [ -46.132549913999981, -23.811717471999941 ], [ -46.132529687999977, -23.811603735999938 ], [ -46.132507550999946, -23.811469134999982 ], [ -46.132471054999939, -23.811305996999977 ], [ -46.132434539999963, -23.811136329999954 ], [ -46.132395842999983, -23.810986930999945 ], [ -46.132372689999954, -23.810897870999952 ], [ -46.132361398999933, -23.810835366999981 ], [ -46.132349051999938, -23.810781179999935 ], [ -46.132331725999961, -23.810690586999954 ], [ -46.13231137799994, -23.810591120999959 ], [ -46.132295246999945, -23.810513840999931 ], [ -46.132279749999952, -23.810441658999935 ], [ -46.13227117699995, -23.810403925999935 ], [ -46.132252273999939, -23.810329555999942 ], [ -46.132238585999971, -23.810273571999971 ], [ -46.132224202999964, -23.810222424999949 ], [ -46.132209044999968, -23.810166767999931 ], [ -46.132200803999979, -23.810138920999975 ], [ -46.132169064999971, -23.810033216999955 ], [ -46.132153221999943, -23.80998352599994 ], [ -46.132144712999946, -23.809958751999943 ], [ -46.132121850999965, -23.809886307999932 ], [ -46.132108131999985, -23.809849334999967 ], [ -46.132095790999983, -23.809812938999983 ], [ -46.132073184999967, -23.809758600999942 ], [ -46.132052984999973, -23.809704425999939 ], [ -46.132038000999955, -23.809668816999931 ], [ -46.132021449999968, -23.809633580999957 ], [ -46.132013395999934, -23.809616028999983 ], [ -46.132000605999963, -23.809590066999931 ], [ -46.131991867999943, -23.809572835999973 ], [ -46.131978149999952, -23.809547377999934 ], [ -46.131964384999947, -23.809522145999949 ], [ -46.131954718999964, -23.809505463999983 ], [ -46.131934263999938, -23.809472830999937 ], [ -46.131919768999978, -23.809448371999963 ], [ -46.131909028999985, -23.809432374999972 ], [ -46.131898977999981, -23.809416552999949 ], [ -46.131876570999964, -23.809385243999941 ], [ -46.131855693999967, -23.809354915999961 ], [ -46.131832214999974, -23.809324471999957 ], [ -46.131821487999957, -23.809309964999954 ], [ -46.131805266999947, -23.80929016999994 ], [ -46.131783287999951, -23.809262830999955 ], [ -46.131749923999962, -23.809224421999943 ], [ -46.131730649999952, -23.809203519999983 ], [ -46.131708297999978, -23.809178441999961 ], [ -46.131669028999966, -23.80913822399998 ], [ -46.131658975999983, -23.809127911999951 ], [ -46.131638932999977, -23.809108776999949 ], [ -46.131599143999949, -23.80907095699996 ], [ -46.131584210999961, -23.809058106999942 ], [ -46.131557697999938, -23.809034412999949 ], [ -46.131541046999985, -23.809021529999939 ], [ -46.131523443999981, -23.809006486999976 ], [ -46.131512480999959, -23.808998799999983 ], [ -46.131477683999947, -23.808970516999977 ], [ -46.131456217999983, -23.808957216999943 ], [ -46.131436949999966, -23.808942501999979 ], [ -46.131426445999978, -23.80893679899998 ], [ -46.131388270999935, -23.808909533999952 ], [ -46.131368016999943, -23.808900063999943 ], [ -46.131329665999942, -23.808875237999928 ], [ -46.131310413999984, -23.808868108999945 ], [ -46.131284315999949, -23.808852585999944 ], [ -46.131272113999955, -23.808849017999933 ], [ -46.131217428999946, -23.808819569999969 ], [ -46.131194860999983, -23.808815038999967 ], [ -46.131135967999967, -23.808786976999954 ], [ -46.131124472999943, -23.808785887999932 ], [ -46.131117256999971, -23.808785669999963 ], [ -46.131086565999965, -23.808772527999963 ], [ -46.131075221999936, -23.808773138999982 ], [ -46.13102848799997, -23.808755057999974 ], [ -46.131019821999985, -23.808756083999981 ], [ -46.130972865999979, -23.808740668999974 ], [ -46.130949643999941, -23.808734200999936 ], [ -46.130937398999947, -23.808737089999966 ], [ -46.130914430999951, -23.808731568999974 ], [ -46.130869251999968, -23.808723003999944 ], [ -46.130857557999946, -23.808727153999939 ], [ -46.13081318899998, -23.808721473999981 ], [ -46.130805610999971, -23.808724870999981 ], [ -46.130776435999962, -23.808722374999945 ], [ -46.130761339999935, -23.808730478999962 ], [ -46.130703549999964, -23.808727876999967 ], [ -46.130665362999935, -23.808727524999938 ], [ -46.130642277999982, -23.808742504999941 ], [ -46.130623335999985, -23.808742914999982 ], [ -46.130595177999965, -23.808744475999958 ], [ -46.130427931999975, -23.808803366999939 ], [ -46.130405744999962, -23.808820146999949 ], [ -46.13038479599993, -23.808838001999959 ], [ -46.13037328799993, -23.808846710999944 ], [ -46.130360044999975, -23.808859000999973 ], [ -46.130335425999931, -23.808883926999954 ], [ -46.130322736999972, -23.808897882999929 ], [ -46.130306026999961, -23.808912274999955 ], [ -46.130282657999942, -23.808939810999959 ], [ -46.130255920999957, -23.80897376799993 ], [ -46.130240205999939, -23.808989732999976 ], [ -46.130232917999933, -23.808998275999954 ], [ -46.130195427999979, -23.809045890999982 ], [ -46.130183590999934, -23.809061917999941 ], [ -46.130168533999949, -23.809080135999977 ], [ -46.130163206999953, -23.809088483999972 ], [ -46.130131727999981, -23.809126013999958 ], [ -46.130124428999977, -23.809139027999947 ], [ -46.130100539999944, -23.80916887099994 ], [ -46.130091390999951, -23.809189257999947 ], [ -46.130068060999974, -23.809221263999973 ], [ -46.130056772999978, -23.809238325999956 ], [ -46.130047142999956, -23.809254155999952 ], [ -46.130040258999941, -23.809275384999978 ], [ -46.130021994999936, -23.809308708999936 ], [ -46.130008496999949, -23.80933693299994 ], [ -46.130005891999986, -23.809347834999983 ], [ -46.129989495999951, -23.80938724899994 ], [ -46.129974751999953, -23.809430255999928 ], [ -46.129971361999935, -23.809452632999978 ], [ -46.129965024999933, -23.809474580999961 ], [ -46.12995545299998, -23.809514207999939 ], [ -46.129954620999968, -23.80952581899993 ], [ -46.129950720999943, -23.809545851999928 ], [ -46.129946025999971, -23.809576186999948 ], [ -46.129946188999952, -23.809600659999944 ], [ -46.129941629999962, -23.809646617999931 ], [ -46.129940313999953, -23.809693048999975 ], [ -46.129941740999982, -23.809710558999939 ], [ -46.129942286999949, -23.809733900999959 ], [ -46.129945395999982, -23.809775602999935 ], [ -46.129948129999946, -23.809796580999944 ], [ -46.129953960999956, -23.80983519199998 ], [ -46.12995983199994, -23.809867074999943 ], [ -46.129967965999981, -23.809899482999981 ], [ -46.129972966999958, -23.809915928999942 ], [ -46.129985085999976, -23.809949481999979 ], [ -46.129992202999972, -23.809966588999941 ], [ -46.130002309999952, -23.810011490999955 ], [ -46.130014511999946, -23.810037637999983 ], [ -46.130023943999959, -23.810055673999955 ], [ -46.130028485999958, -23.810064357999977 ], [ -46.130038702999968, -23.810082345999945 ], [ -46.130045500999984, -23.810107854999956 ], [ -46.130067507999968, -23.810144044999959 ], [ -46.13008014899998, -23.810186985999962 ], [ -46.130115849999981, -23.810240189999945 ], [ -46.130140289999986, -23.810273968999979 ], [ -46.13018309499995, -23.810350156999959 ], [ -46.130212205999953, -23.810411530999943 ], [ -46.130247850999979, -23.810453786999972 ], [ -46.130360440999937, -23.81061121099998 ], [ -46.130469330999972, -23.810807205999936 ], [ -46.130533394999929, -23.810939135999945 ], [ -46.130570924999972, -23.811018894999961 ], [ -46.130609015999937, -23.811101497999971 ], [ -46.130626381999946, -23.811146354999948 ], [ -46.130652951999934, -23.811210733999928 ], [ -46.130666867999935, -23.811252730999968 ], [ -46.130679918999931, -23.811303829999929 ], [ -46.130696359999945, -23.811383049999961 ], [ -46.130699604999961, -23.811395037999944 ], [ -46.130703343999983, -23.811424361999968 ], [ -46.130707469999948, -23.811447406999946 ], [ -46.130711325999982, -23.811490276999962 ], [ -46.130712348999964, -23.811512125999968 ], [ -46.130714084999966, -23.811553837999952 ], [ -46.130713519999972, -23.811584909999965 ], [ -46.130712209999956, -23.811620682999944 ], [ -46.13070847299997, -23.811653900999943 ], [ -46.130705654999986, -23.811679886999968 ], [ -46.130695171999946, -23.81173320299996 ], [ -46.130683774999966, -23.811777449999965 ], [ -46.130673427999966, -23.811806831999945 ], [ -46.13066353499994, -23.811831921999953 ], [ -46.130650475999971, -23.811865523999927 ], [ -46.130639791999954, -23.811888652999983 ], [ -46.130625376999944, -23.811914476999959 ], [ -46.130610519999948, -23.81193912599997 ], [ -46.13059825299996, -23.811961258999929 ], [ -46.130582167999933, -23.811985182999933 ], [ -46.130562487999953, -23.812014688999966 ], [ -46.130544331999943, -23.812042772999973 ], [ -46.130516955999951, -23.812078828999972 ], [ -46.130491269999936, -23.812112817999946 ], [ -46.130467564999947, -23.812142088999963 ], [ -46.130444824999984, -23.812172233999945 ], [ -46.130413506999957, -23.81220773299998 ], [ -46.130387861999964, -23.812234371999978 ], [ -46.130360307999979, -23.812261907999982 ], [ -46.130333259999929, -23.812284689999956 ], [ -46.13030989899994, -23.812306363999937 ], [ -46.130267973999935, -23.812340529999972 ], [ -46.130234683999959, -23.812367370999937 ], [ -46.130186144999982, -23.812402496999937 ], [ -46.130145973999959, -23.812427447999937 ], [ -46.130126938999979, -23.812439733999952 ], [ -46.130097400999944, -23.812457877999975 ], [ -46.130067127999951, -23.812476026999946 ], [ -46.130037892999951, -23.812492754999937 ], [ -46.12999453499998, -23.812516118999952 ], [ -46.12996987799994, -23.812530475999949 ], [ -46.129919484999959, -23.812554822999971 ], [ -46.129869753999969, -23.812581874999978 ], [ -46.129842032999932, -23.812594315999945 ], [ -46.129796798999962, -23.81261361299994 ], [ -46.129771193999943, -23.812626759999944 ], [ -46.129719236999961, -23.812651795999955 ], [ -46.129641708999941, -23.812682528999972 ], [ -46.129623079999931, -23.812690833999966 ], [ -46.129615550999972, -23.812694189999945 ], [ -46.129577351999956, -23.812708329999964 ], [ -46.129538226999955, -23.812724555999978 ], [ -46.129497020999963, -23.812739808999936 ], [ -46.129458272999955, -23.812754225999981 ], [ -46.129415699999981, -23.812769078999963 ], [ -46.129390055999977, -23.812777710999967 ], [ -46.129323934999945, -23.812799508999944 ], [ -46.129272973999946, -23.812814873999969 ], [ -46.129256329999976, -23.81281987899996 ], [ -46.12920556399996, -23.812835145999941 ], [ -46.129180198999961, -23.812841969999965 ], [ -46.129146510999931, -23.812851292999937 ], [ -46.129095620999976, -23.812863496999967 ], [ -46.129062122999983, -23.812872095999978 ], [ -46.128995505999967, -23.812887529999955 ], [ -46.128944307999973, -23.812898200999939 ], [ -46.128877526999986, -23.812911829999962 ], [ -46.128772703999971, -23.812930614999971 ], [ -46.128691655999944, -23.812945167999942 ], [ -46.128635585999973, -23.812955234999947 ], [ -46.128512367999974, -23.812975373999961 ], [ -46.128292650999981, -23.813012022999942 ], [ -46.128123638999966, -23.813037643999962 ], [ -46.12803932099996, -23.813049594999939 ], [ -46.12792697499998, -23.813066808999963 ], [ -46.127803528999948, -23.813083335999977 ], [ -46.127704354999935, -23.81309697599994 ], [ -46.127654785999937, -23.813103072999979 ], [ -46.127579857999933, -23.813111116999949 ], [ -46.127417741999977, -23.813131603999977 ], [ -46.12734162299995, -23.813138120999952 ], [ -46.127302870999983, -23.813140751999981 ], [ -46.12723970199994, -23.81314873499997 ], [ -46.127238338999973, -23.813148804999969 ], [ -46.127161107999939, -23.813152741999943 ], [ -46.127031077999959, -23.813168412999971 ], [ -46.126997253999946, -23.813169562999974 ], [ -46.126878870999974, -23.813173588999973 ], [ -46.126830793999943, -23.813178330999961 ], [ -46.126814088999936, -23.813179977999937 ], [ -46.126802358999953, -23.81318043999994 ], [ -46.126733492999961, -23.813185548999968 ], [ -46.126646649999941, -23.813188967999963 ], [ -46.126609708999979, -23.813190998999971 ], [ -46.126555846999963, -23.813194553999949 ], [ -46.126483816999951, -23.813197066999976 ], [ -46.126395576999982, -23.813203897999983 ], [ -46.126355090999937, -23.813204599999949 ], [ -46.126314365999974, -23.813206115999947 ], [ -46.126245849999975, -23.813206345999959 ], [ -46.126224939999986, -23.813206272999935 ], [ -46.126178781999954, -23.813203809999948 ], [ -46.126150978999931, -23.813201167999978 ], [ -46.126025707999986, -23.813199598999972 ], [ -46.12595362899998, -23.813190777999978 ], [ -46.12594250899997, -23.813189187999967 ], [ -46.125284030999978, -23.813125491999983 ], [ -46.125054668999951, -23.813108063999948 ], [ -46.124660485999982, -23.81309590199993 ], [ -46.12444205099996, -23.813093565999964 ], [ -46.124161238999932, -23.813086084999952 ], [ -46.123864819999937, -23.813101656999947 ], [ -46.123564607999981, -23.813132743999972 ], [ -46.123228936999965, -23.813189738999938 ], [ -46.122994364999954, -23.813262793999968 ], [ -46.122792581999931, -23.813370426999938 ], [ -46.122785355999952, -23.813375807999932 ], [ -46.122664463999968, -23.813465827999948 ], [ -46.122414295999931, -23.813711629999943 ], [ -46.122331089999932, -23.813801645999945 ], [ -46.122322893999979, -23.813813897999978 ], [ -46.122250054999938, -23.813916481999968 ], [ -46.12217601499998, -23.814027157999931 ], [ -46.122095016999936, -23.814168410999969 ], [ -46.121950273999971, -23.814459820999957 ], [ -46.121827326999949, -23.814607568999975 ], [ -46.121719509999934, -23.814713654999935 ], [ -46.121645826999952, -23.814769507999983 ], [ -46.121531832999949, -23.81483585999996 ], [ -46.121389677999957, -23.814908104999972 ], [ -46.121260026999948, -23.814962513999944 ], [ -46.121148458999983, -23.814994325999976 ], [ -46.121050533999949, -23.815007205999962 ], [ -46.120958789999975, -23.815011982999977 ], [ -46.12084219999997, -23.815006383999958 ], [ -46.120729766999943, -23.814980981999952 ], [ -46.120633921999968, -23.81495591099997 ], [ -46.120526190999954, -23.814920189999953 ], [ -46.120417074999978, -23.81488726799995 ], [ -46.120318855999983, -23.814836482999965 ], [ -46.120243, -23.814792573999966 ], [ -46.120127325999931, -23.814726441999937 ], [ -46.119985497999949, -23.814647820999937 ], [ -46.119881997999983, -23.814574184999969 ], [ -46.11979209499998, -23.814509678999968 ], [ -46.11972712599993, -23.814464463999968 ], [ -46.119607723999934, -23.81436969899994 ], [ -46.119521642999985, -23.814301497999963 ], [ -46.119435407999958, -23.814215271999956 ], [ -46.119354275999967, -23.814101150999932 ], [ -46.11930513599998, -23.814008914999931 ], [ -46.119277488999955, -23.81394209299998 ], [ -46.119248162999952, -23.813856223999949 ], [ -46.119226695999942, -23.81377747199997 ], [ -46.119191905999969, -23.813660557999981 ], [ -46.119154579999986, -23.813550835999933 ], [ -46.119106057999943, -23.813347939999971 ], [ -46.119081274999985, -23.813185521999969 ], [ -46.119048489999955, -23.812999249999962 ], [ -46.119023575999961, -23.812842223999951 ], [ -46.119019137999942, -23.81272026299996 ], [ -46.119030606999956, -23.812595538999972 ], [ -46.119050887999947, -23.812484848999929 ], [ -46.119075562999967, -23.812359446999949 ], [ -46.119105278999939, -23.812194702999932 ], [ -46.119154356999957, -23.811988115999952 ], [ -46.119170308999969, -23.811942388999967 ], [ -46.119241640999974, -23.811755373999972 ], [ -46.119356660999983, -23.811425657999962 ], [ -46.119468651999966, -23.811197562999951 ], [ -46.119645300999935, -23.810915782999928 ], [ -46.119707820999963, -23.810804792999932 ], [ -46.119760387999975, -23.810714723999979 ], [ -46.119852977999983, -23.810562729999958 ], [ -46.119965470999944, -23.810415012999954 ], [ -46.120003076999978, -23.81034165899996 ], [ -46.120048861999976, -23.810231120999958 ], [ -46.120162118999986, -23.810053814999947 ], [ -46.120385552999949, -23.809855562999928 ], [ -46.120552011999962, -23.809770570999945 ], [ -46.120630941999934, -23.809714318999966 ], [ -46.120715281999935, -23.809653737999952 ], [ -46.120952691999946, -23.809471520999978 ], [ -46.121029790999955, -23.809413611999958 ], [ -46.121100447999936, -23.809362116999978 ], [ -46.121178201999953, -23.809294809999983 ], [ -46.121189779999952, -23.809286371999974 ], [ -46.121259236999947, -23.809218763999979 ], [ -46.121344121999982, -23.809158719999971 ], [ -46.121354512999972, -23.809151374999942 ], [ -46.121426810999935, -23.809083068999939 ], [ -46.121507134999945, -23.809022064999965 ], [ -46.121515898999974, -23.809015407999937 ], [ -46.121598032999941, -23.808938044999934 ], [ -46.121664693999946, -23.808876372999976 ], [ -46.121668589999956, -23.808872776999976 ], [ -46.12174129999994, -23.808806815999958 ], [ -46.121814298999936, -23.808734485999935 ], [ -46.12189065299998, -23.808669852999969 ], [ -46.121965063999937, -23.808600339999941 ], [ -46.122038976999931, -23.808533258999944 ], [ -46.12209409999997, -23.80847889599994 ], [ -46.122150534999946, -23.808419322999953 ], [ -46.122224158999984, -23.80833931799998 ], [ -46.122275816999945, -23.808275436999963 ], [ -46.12230703299997, -23.808233951999966 ], [ -46.122367013999963, -23.80816595999994 ], [ -46.12243781799998, -23.808084027999939 ], [ -46.122500447999982, -23.808010626999931 ], [ -46.122561962999953, -23.807938080999975 ], [ -46.122625640999956, -23.80785661799996 ], [ -46.122680665999951, -23.807775690999961 ], [ -46.122757074999981, -23.807660572999964 ], [ -46.12280216399995, -23.807594687999938 ], [ -46.12285542799998, -23.807511877999957 ], [ -46.122900528999935, -23.807443001999957 ], [ -46.12295560299998, -23.807367088999968 ], [ -46.123014807999937, -23.807280011999978 ], [ -46.123069544999964, -23.80718406099993 ], [ -46.123119198999973, -23.807108604999939 ], [ -46.123175783999955, -23.807011195999962 ], [ -46.123232002999941, -23.80691676999993 ], [ -46.123286745999962, -23.806827728999963 ], [ -46.123325084999976, -23.80674309699998 ], [ -46.123369994999962, -23.806646359999945 ], [ -46.123435788999984, -23.806467060999978 ], [ -46.123472588999959, -23.80631754999996 ], [ -46.123502267999982, -23.806184797999947 ], [ -46.123504138999976, -23.806094199999961 ], [ -46.123506364999969, -23.805999264999969 ], [ -46.123505849999958, -23.805996468999979 ], [ -46.12350065499993, -23.805814795999936 ], [ -46.123494508999954, -23.805722223999965 ], [ -46.123457755999937, -23.80563177199997 ], [ -46.12343009999995, -23.805537595999965 ], [ -46.123390404999952, -23.805441745999929 ], [ -46.123340567999946, -23.80535933699997 ], [ -46.123336387999984, -23.805352728999935 ], [ -46.12328617299994, -23.805260613999963 ], [ -46.123212594999984, -23.805153597999947 ], [ -46.123189103999948, -23.805124313999954 ], [ -46.123171637999974, -23.80510254099994 ], [ -46.123121087999948, -23.805022845999929 ], [ -46.123043883999969, -23.804948266999929 ], [ -46.122980911999946, -23.804867939999951 ], [ -46.122922034999931, -23.804816438999978 ], [ -46.122896845999946, -23.804794404999939 ], [ -46.122862580999936, -23.804757625999969 ], [ -46.122829526999965, -23.80472214699995 ], [ -46.122759652999946, -23.80464954699994 ], [ -46.122723879999967, -23.804617790999941 ], [ -46.122659802999976, -23.80454582599998 ], [ -46.122620599999948, -23.804511024999954 ], [ -46.122545626999965, -23.804439093999974 ], [ -46.122478674999968, -23.804361368999935 ], [ -46.122407706999979, -23.804289544999961 ], [ -46.122325445999934, -23.804197571999964 ], [ -46.12227926199995, -23.80414602299993 ], [ -46.122205794999957, -23.804054978999943 ], [ -46.122158831999968, -23.803998467999975 ], [ -46.122063691999983, -23.803893628999958 ], [ -46.121993912999983, -23.803847410999936 ], [ -46.121937989999935, -23.803799803999937 ], [ -46.121869667999931, -23.80373061399996 ], [ -46.121794260999934, -23.803669440999954 ], [ -46.121701815999984, -23.803593167999963 ], [ -46.121638124999947, -23.803520251999942 ], [ -46.121566173999952, -23.803450052999949 ], [ -46.121484841999973, -23.80336467199993 ], [ -46.121414633999962, -23.80329306699997 ], [ -46.121361522999962, -23.803234798999938 ], [ -46.121312746999934, -23.803186350999965 ], [ -46.121277761999977, -23.803145179999945 ], [ -46.121227635999958, -23.803085057999965 ], [ -46.12118398399997, -23.803037800999959 ], [ -46.12113627399998, -23.802982375999932 ], [ -46.121074288999978, -23.80291703599994 ], [ -46.121010358999968, -23.802852671999972 ], [ -46.120944974999929, -23.802793615999974 ], [ -46.120879740999953, -23.802730084999951 ], [ -46.120824798999934, -23.802680339999938 ], [ -46.120766576999983, -23.802621912999939 ], [ -46.120701286999974, -23.802567161999946 ], [ -46.120622389999937, -23.802512372999956 ], [ -46.120544180999957, -23.802457578999963 ], [ -46.120462044999954, -23.80240164199995 ], [ -46.120383015999948, -23.802349695999965 ], [ -46.120298877999971, -23.802293738999936 ], [ -46.120226665999951, -23.802245795999966 ], [ -46.120132047999959, -23.802185701999974 ], [ -46.12004653799994, -23.802132269999959 ], [ -46.119962892999979, -23.802084559999969 ], [ -46.119872743999963, -23.802039515999979 ], [ -46.119786566999949, -23.801994125999954 ], [ -46.119686533999982, -23.801935305999962 ], [ -46.119605358999934, -23.801895283999954 ], [ -46.119517720999966, -23.801851259999978 ], [ -46.119427434999977, -23.801817779999965 ], [ -46.11934008399993, -23.801793205999957 ], [ -46.119229451999956, -23.801766875999931 ], [ -46.119128727999964, -23.801736312999935 ], [ -46.11902620799998, -23.801719489999982 ], [ -46.118916793999972, -23.801694273999942 ], [ -46.118816183999968, -23.801667192999957 ], [ -46.118718256999955, -23.801640531999965 ], [ -46.118620834999945, -23.801611614999956 ], [ -46.118513574999952, -23.801585749999958 ], [ -46.118407463999972, -23.80157360499993 ], [ -46.11830572599996, -23.801573574999964 ], [ -46.118201793999958, -23.801569495999956 ], [ -46.118103, -23.801569444999927 ], [ -46.117996606999952, -23.801581820999957 ], [ -46.117892729999937, -23.801578418999952 ], [ -46.117823210999973, -23.801586566999958 ], [ -46.117718257999968, -23.801612343999977 ], [ -46.117687905999958, -23.801615892999962 ], [ -46.117592570999932, -23.801664449999976 ], [ -46.117488732999959, -23.801677122999934 ], [ -46.117473976999975, -23.80167875199993 ], [ -46.117375906999939, -23.801688763999948 ], [ -46.117290786999945, -23.80169815499994 ], [ -46.117282315999944, -23.801699567999947 ], [ -46.11719061499997, -23.801714865999941 ], [ -46.117086409999956, -23.801730567999982 ], [ -46.116992467999978, -23.801758341999971 ], [ -46.116890825999974, -23.801781113999937 ], [ -46.116792074999978, -23.801791763999972 ], [ -46.116687516999946, -23.801817898999957 ], [ -46.116590259999953, -23.801842625999939 ], [ -46.116489348999949, -23.801876139999933 ], [ -46.116383710999969, -23.801896547999945 ], [ -46.116298276999942, -23.801903255999946 ], [ -46.116277283999977, -23.801904903999969 ], [ -46.116179239999951, -23.80191220599994 ], [ -46.116076135999947, -23.801903076999963 ], [ -46.115968168999984, -23.80189145099996 ], [ -46.115870660999974, -23.801868784999954 ], [ -46.115781182999967, -23.801836975999947 ], [ -46.115690927999935, -23.801794206999944 ], [ -46.115587172999938, -23.801749466999979 ], [ -46.115477035999959, -23.801686486999984 ], [ -46.115387648999956, -23.801622966999957 ], [ -46.115324673999964, -23.801570271999935 ], [ -46.115248977999954, -23.801499155999977 ], [ -46.115182170999958, -23.801427765999961 ], [ -46.115109486999984, -23.80133731199993 ], [ -46.115050356999973, -23.801255031999972 ], [ -46.115004726999985, -23.801174720999938 ], [ -46.114954442999931, -23.801075834999949 ], [ -46.114877863999936, -23.800962410999944 ], [ -46.11481391999996, -23.800845357999947 ], [ -46.11477790999993, -23.800738042999967 ], [ -46.114750509999965, -23.800631102999944 ], [ -46.114730581999936, -23.800545847999956 ], [ -46.114700309999932, -23.800423783999975 ], [ -46.114674098999956, -23.80029596299994 ], [ -46.114655685999935, -23.800165715999981 ], [ -46.114645243999973, -23.800069336999968 ], [ -46.11463119299998, -23.799987732999966 ], [ -46.114618088999975, -23.799877660999982 ], [ -46.11461645199995, -23.799783701999957 ], [ -46.114609739999935, -23.799658439999973 ], [ -46.114604118999978, -23.799580584999944 ], [ -46.114605265999955, -23.799450479999962 ], [ -46.114604773999986, -23.799358317999975 ], [ -46.11461038799996, -23.79925130099997 ], [ -46.114609880999978, -23.799140082999941 ], [ -46.114613555999938, -23.799049879999927 ], [ -46.114609299999984, -23.79894546099996 ], [ -46.114607314999944, -23.798845221999954 ], [ -46.114602519999949, -23.798737517999939 ], [ -46.114598826999952, -23.798640580999972 ], [ -46.114593888999934, -23.798536947999935 ], [ -46.114597584999956, -23.79843522799996 ], [ -46.114603989999978, -23.798334571999931 ], [ -46.114613046999978, -23.798234212999944 ], [ -46.114626086999976, -23.798148269999956 ], [ -46.114638498999966, -23.798047937999968 ], [ -46.114648228999954, -23.797922963999952 ], [ -46.114655729999981, -23.797812771999929 ], [ -46.114656122999975, -23.797717969999951 ], [ -46.114661516999945, -23.797599498999944 ], [ -46.114669929999934, -23.797492490999957 ], [ -46.114683874999969, -23.797389990999932 ], [ -46.114690644999939, -23.797286170999939 ], [ -46.114687745999959, -23.79714243799998 ], [ -46.114701618999959, -23.79700427399996 ], [ -46.114684528999931, -23.796902923999937 ], [ -46.114682067999979, -23.796792803999949 ], [ -46.114681965999978, -23.79669458799998 ], [ -46.114673094999944, -23.79659819699998 ], [ -46.114661526999953, -23.796507831999975 ], [ -46.114655611999979, -23.796418803999927 ], [ -46.11465488999994, -23.796322374999932 ], [ -46.114652858999932, -23.796228056999951 ], [ -46.11464660799993, -23.796148220999953 ], [ -46.114636608999945, -23.796031786999947 ], [ -46.114628491999952, -23.795937512999956 ], [ -46.114620280999929, -23.79582635099996 ], [ -46.114615901999969, -23.795721339999943 ], [ -46.114606106999986, -23.795628575999956 ], [ -46.114594626999974, -23.795511475999945 ], [ -46.11458730499993, -23.795413293999957 ], [ -46.114572639999949, -23.795309918999976 ], [ -46.114557256999944, -23.795215290999977 ], [ -46.114543289999972, -23.795124474999966 ], [ -46.114521908999961, -23.795029635999981 ], [ -46.114496522999957, -23.794930157999943 ], [ -46.114476169999932, -23.794833804999939 ], [ -46.114451239999937, -23.794736038999929 ], [ -46.114423603999967, -23.794631654999932 ], [ -46.114397534999966, -23.794538503999945 ], [ -46.114371423999955, -23.79444603099995 ], [ -46.114337959999943, -23.79433148399994 ], [ -46.114305715999933, -23.794227810999928 ], [ -46.114278119999938, -23.794139592999954 ], [ -46.114245882999967, -23.794036596999945 ], [ -46.114216360999933, -23.793939225999964 ], [ -46.114179454999942, -23.793831702999967 ], [ -46.114140735999968, -23.793726417999949 ], [ -46.11408529199997, -23.793575184999952 ], [ -46.114032107999947, -23.793450819999975 ], [ -46.113972769999975, -23.793327166999973 ], [ -46.11392753299998, -23.79323623099998 ], [ -46.113869699999952, -23.79314145799998 ], [ -46.113821486999939, -23.793058264999956 ], [ -46.113766731999931, -23.792973313999937 ], [ -46.113711695999939, -23.792895724999937 ], [ -46.113657025999942, -23.79282066199994 ], [ -46.113590776999956, -23.792751351999982 ], [ -46.113514520999956, -23.792672632999938 ], [ -46.113442551999981, -23.792607438999937 ], [ -46.11334803699998, -23.792524945999958 ], [ -46.113263565999944, -23.792454207999981 ], [ -46.113181832999942, -23.792393654999955 ], [ -46.113126579999971, -23.792353908999928 ], [ -46.11302853899997, -23.792291833999968 ], [ -46.112926819999984, -23.792239996999967 ], [ -46.112814796999942, -23.792197792999957 ], [ -46.112729003999959, -23.79218646299995 ], [ -46.112599088999957, -23.792177841999944 ], [ -46.112464245999945, -23.792189410999981 ], [ -46.112352748999967, -23.792220239999949 ], [ -46.112230480999983, -23.792284279999933 ], [ -46.112128915999961, -23.792367197999965 ], [ -46.112045796999951, -23.792463797999972 ], [ -46.111984709999945, -23.792542903999959 ], [ -46.11192323299997, -23.792636890999972 ], [ -46.111881824999955, -23.792725440999959 ], [ -46.111840989999962, -23.792809369999929 ], [ -46.11180322499996, -23.792878997999935 ], [ -46.111758874999964, -23.792976050999982 ], [ -46.111731478999957, -23.793084172999954 ], [ -46.111731406999979, -23.79308658399998 ], [ -46.111700921999955, -23.793183484999929 ], [ -46.111684132999983, -23.793281226999966 ], [ -46.111672139999939, -23.793383223999967 ], [ -46.111665893999941, -23.79346689099998 ], [ -46.111658991999946, -23.793570579999937 ], [ -46.111661667999954, -23.793669367999939 ], [ -46.111680109999952, -23.793760451999958 ], [ -46.111695896999947, -23.793856793999964 ], [ -46.111717393999982, -23.793949255999962 ], [ -46.111743483999931, -23.794045251999933 ], [ -46.111759959999972, -23.794135988999983 ], [ -46.111788032999982, -23.794240008999964 ], [ -46.111800022999944, -23.794339899999954 ], [ -46.111821929999962, -23.794446086999983 ], [ -46.111845689999939, -23.794539254999961 ], [ -46.111868760999982, -23.79464367199995 ], [ -46.111898796999981, -23.79475932899993 ], [ -46.111916884999971, -23.794860620999941 ], [ -46.111935443999982, -23.794977036999967 ], [ -46.111966944999949, -23.795074393999982 ], [ -46.111988451999935, -23.795173899999952 ], [ -46.112001211999939, -23.795267254999942 ], [ -46.112004982999963, -23.795398254999952 ], [ -46.112006846999975, -23.795547986999964 ], [ -46.11199112099996, -23.795641616999944 ], [ -46.111961552999958, -23.795749844999932 ], [ -46.111931007999942, -23.795839701999967 ], [ -46.111904060999962, -23.795919958999946 ], [ -46.111861384999941, -23.796014463999938 ], [ -46.111810590999937, -23.79611250399995 ], [ -46.111757456999953, -23.796200716999977 ], [ -46.111709708999967, -23.796287491999976 ], [ -46.111658905999946, -23.796372887999951 ], [ -46.111596912999971, -23.796452494999983 ], [ -46.111537243999976, -23.796534025999961 ], [ -46.111454522999964, -23.796636228999944 ], [ -46.111393509999971, -23.79671432899994 ], [ -46.111326893999944, -23.79678652399997 ], [ -46.111255076999953, -23.796849738999981 ], [ -46.11119720399995, -23.796904052999935 ], [ -46.111116515999981, -23.796970213999941 ], [ -46.111039877999985, -23.797014961999935 ], [ -46.110953723999955, -23.797069725999961 ], [ -46.110871090999979, -23.797121328999935 ], [ -46.110774821999939, -23.797165526999947 ], [ -46.110680502999969, -23.797200750999934 ], [ -46.110589269999934, -23.797235229999956 ], [ -46.110486919999971, -23.797261028999969 ], [ -46.110398565999958, -23.797287855999969 ], [ -46.110303803999955, -23.797311476999937 ], [ -46.110205281999981, -23.797331512999961 ], [ -46.110103747999972, -23.797356845999957 ], [ -46.110006545999966, -23.797378453999954 ], [ -46.10990338299996, -23.797391214999948 ], [ -46.109799763999945, -23.797394804999954 ], [ -46.109704247999957, -23.797398923999936 ], [ -46.109589971999981, -23.797401491999949 ], [ -46.109503594999978, -23.797402979999958 ], [ -46.109406130999957, -23.797398771999951 ], [ -46.109302266999975, -23.797395466999944 ], [ -46.109205773999975, -23.797374826999942 ], [ -46.109105074999945, -23.797352385999943 ], [ -46.108990464999977, -23.797327153999959 ], [ -46.108890172999963, -23.797306424999931 ], [ -46.108794903999978, -23.797282621999955 ], [ -46.108686473999967, -23.797256183999934 ], [ -46.108596543999965, -23.797242229999938 ], [ -46.108485955999981, -23.797216130999971 ], [ -46.108380526999952, -23.797186040999975 ], [ -46.108279816999982, -23.797162152999931 ], [ -46.108192488999975, -23.79713645399994 ], [ -46.108092097999986, -23.797098158999972 ], [ -46.107887164999966, -23.797029682999948 ], [ -46.107692459999953, -23.796952100999931 ], [ -46.107522255999982, -23.796870007999928 ], [ -46.107347409999932, -23.796772910999948 ], [ -46.107213005999938, -23.796676607999927 ], [ -46.10702195999994, -23.796561383999972 ], [ -46.106759272999966, -23.796402950999948 ], [ -46.10651040099998, -23.796317289999934 ], [ -46.106232688999967, -23.796240023999928 ], [ -46.105869915999961, -23.796224138999946 ], [ -46.105519880999964, -23.796249088999957 ], [ -46.105150160999983, -23.796232304999933 ], [ -46.104793207999933, -23.796164418999979 ], [ -46.104361969999957, -23.796019877999981 ], [ -46.103931433999946, -23.795778027999972 ], [ -46.103525958999967, -23.795428467999955 ], [ -46.103172520999976, -23.795090481999978 ], [ -46.102916715999982, -23.794781667999928 ], [ -46.102764982999986, -23.794496003999939 ], [ -46.102651747999971, -23.79415630099993 ], [ -46.102597998999954, -23.793941623999956 ], [ -46.102557629999978, -23.793706176999933 ], [ -46.102516265999952, -23.793488190999938 ], [ -46.102509061999967, -23.793336140999941 ], [ -46.102503554999942, -23.793229895999957 ], [ -46.10250586899997, -23.793141523999964 ], [ -46.102512264999973, -23.793072106999944 ], [ -46.102519921999942, -23.792982769999981 ], [ -46.102531122999949, -23.792873005999979 ], [ -46.102548088999981, -23.792784870999981 ], [ -46.102567918999966, -23.79269224799998 ], [ -46.102590374999977, -23.792585834999954 ], [ -46.102599443999964, -23.792496808999942 ], [ -46.102608958999951, -23.792403129999968 ], [ -46.102607450999983, -23.792270293999934 ], [ -46.102587609999944, -23.792134707999935 ], [ -46.10256775199997, -23.791997210999966 ], [ -46.102508779999937, -23.791902049999976 ], [ -46.102419034999969, -23.79185298799996 ], [ -46.102275326999973, -23.791810045999966 ], [ -46.102102751999951, -23.791762399999982 ], [ -46.101633337999942, -23.791644014999974 ], [ -46.10122888199993, -23.791474852999954 ], [ -46.10112653799996, -23.791383112999938 ], [ -46.101032113999963, -23.791298472999983 ], [ -46.100892593999959, -23.791259323999952 ], [ -46.100782784999979, -23.791294516999983 ], [ -46.100742841999931, -23.791368396999928 ], [ -46.100727967999944, -23.791445927999973 ], [ -46.10075655199995, -23.791633066999964 ], [ -46.100759852999943, -23.791778328999953 ], [ -46.100731510999935, -23.791866466999977 ], [ -46.100642254999968, -23.791954353999927 ], [ -46.100586058999966, -23.792023658999938 ], [ -46.100532663999957, -23.792081620999966 ], [ -46.100451162999946, -23.792176173999962 ], [ -46.100342062999971, -23.792297057999974 ], [ -46.100222815999985, -23.792414650999945 ], [ -46.100153198999976, -23.792492726999967 ], [ -46.099932802999945, -23.79276049899994 ], [ -46.099867787999983, -23.792831496999952 ], [ -46.099807361999979, -23.792917229999944 ], [ -46.09972741699994, -23.792998546999968 ], [ -46.099656799999934, -23.793075717999955 ], [ -46.099589207999941, -23.793154142999981 ], [ -46.099515287999964, -23.793232047999936 ], [ -46.099444204999941, -23.793301484999972 ], [ -46.099358028999973, -23.793414270999961 ], [ -46.099304506999943, -23.793492276999928 ], [ -46.099242698999944, -23.793612725999935 ], [ -46.099194961999956, -23.793722362999972 ], [ -46.09916598999996, -23.793813605999958 ], [ -46.099145391999969, -23.793902756999955 ], [ -46.099117148999937, -23.793998961999932 ], [ -46.099081130999934, -23.794101358999967 ], [ -46.099054877999947, -23.794180485999959 ], [ -46.099037357999975, -23.79427381499994 ], [ -46.099015290999944, -23.794374897999944 ], [ -46.098990173999937, -23.794475279999972 ], [ -46.098982967999973, -23.794569618999958 ], [ -46.09896845399993, -23.794666461999952 ], [ -46.098978906999946, -23.794763552999939 ], [ -46.098996937999971, -23.794853557999943 ], [ -46.099017279999941, -23.794949867999946 ], [ -46.099034520999965, -23.795039201999941 ], [ -46.099054143999979, -23.795138024999972 ], [ -46.099084819999973, -23.79523712799994 ], [ -46.09910674899993, -23.795341239999971 ], [ -46.099129433999963, -23.795441822999976 ], [ -46.099147817999949, -23.795532864999927 ], [ -46.099180794999938, -23.795625968999957 ], [ -46.099217833999944, -23.795738191999931 ], [ -46.099240182999949, -23.795807664999927 ], [ -46.099240422999969, -23.795808430999955 ], [ -46.099267769999983, -23.795895885999983 ], [ -46.099298509999983, -23.796003094999946 ], [ -46.099336387999983, -23.796089526999936 ], [ -46.099376630999984, -23.796182985999963 ], [ -46.09941873799994, -23.796270471999946 ], [ -46.099467021999942, -23.796368696999934 ], [ -46.099514462999934, -23.796454481999945 ], [ -46.099556120999978, -23.796541304999948 ], [ -46.09960390599997, -23.79662536099994 ], [ -46.099645295999949, -23.796722873999954 ], [ -46.099705597999957, -23.79682571099994 ], [ -46.099744258999976, -23.796910346999937 ], [ -46.099799916999984, -23.79700265799994 ], [ -46.099843247999956, -23.797100806999936 ], [ -46.099876562999953, -23.797202125999945 ], [ -46.099904045999949, -23.797296096999958 ], [ -46.099924372999965, -23.79738468599993 ], [ -46.099941631999968, -23.797481785999935 ], [ -46.099951193999971, -23.79758392399998 ], [ -46.09995209899995, -23.797691447999966 ], [ -46.099952802999951, -23.797775077999972 ], [ -46.09993284199993, -23.797871733999955 ], [ -46.099907292999944, -23.797933611999952 ], [ -46.099852321999947, -23.798045626999965 ], [ -46.09979521899993, -23.798126722999939 ], [ -46.099646184999983, -23.798238871999956 ], [ -46.099554571999931, -23.798285698999962 ], [ -46.099454246999983, -23.798322256999938 ], [ -46.099348506999945, -23.798353886999962 ], [ -46.099266031999946, -23.798355035999975 ], [ -46.099127701999976, -23.798346498999933 ], [ -46.098968394999986, -23.798317763999933 ], [ -46.09882089499996, -23.798281963999955 ], [ -46.098689257999979, -23.798235076999958 ], [ -46.098596534999956, -23.798203765999972 ], [ -46.098503405999963, -23.798165096999981 ], [ -46.098410288999958, -23.798127827999963 ], [ -46.098320207999961, -23.798089814999969 ], [ -46.098225988999957, -23.798055713999929 ], [ -46.09811986699998, -23.798018492999972 ], [ -46.098030152999968, -23.797977315999958 ], [ -46.097939316999941, -23.797942829999954 ], [ -46.097840425999948, -23.797901717999935 ], [ -46.097743870999977, -23.797864111999957 ], [ -46.097648478999986, -23.797824735999939 ], [ -46.097549623999953, -23.797787823999954 ], [ -46.097453062999932, -23.797749494999948 ], [ -46.097354567999957, -23.797708740999951 ], [ -46.097258352999972, -23.797670770999957 ], [ -46.097171360999937, -23.797626412999932 ], [ -46.097081288999959, -23.797583476999932 ], [ -46.09700012199994, -23.797551167999927 ], [ -46.096902340999975, -23.797504071999981 ], [ -46.096809855999936, -23.797455805999959 ], [ -46.096713269999952, -23.797409832999961 ], [ -46.096619325999939, -23.797360478999963 ], [ -46.096533448999935, -23.797314395999933 ], [ -46.096436080999979, -23.797259467999936 ], [ -46.096347802999958, -23.797210228999973 ], [ -46.096243714999957, -23.797159277999981 ], [ -46.096166769999968, -23.797106117999931 ], [ -46.096072789999937, -23.797047719999966 ], [ -46.095979410999973, -23.796996872999955 ], [ -46.095887583999968, -23.796943232999979 ], [ -46.095809767999981, -23.796896520999951 ], [ -46.095719196999937, -23.796842960999982 ], [ -46.095629526999971, -23.796801058999961 ], [ -46.095537060999959, -23.796747572999948 ], [ -46.095438920999982, -23.796702253999968 ], [ -46.095343081999943, -23.796656196999947 ], [ -46.095247969999946, -23.796603089999962 ], [ -46.095160885999974, -23.796551652999938 ], [ -46.095070806999956, -23.79650382799997 ], [ -46.094984776999979, -23.796454333999975 ], [ -46.094905951999976, -23.796407003999946 ], [ -46.094802150999953, -23.796354072999975 ], [ -46.094717253999931, -23.796315230999937 ], [ -46.094628326999953, -23.79627404699994 ], [ -46.094537874999958, -23.796226550999961 ], [ -46.094448174999968, -23.796186816999978 ], [ -46.094359596999936, -23.796140390999938 ], [ -46.094268400999965, -23.796097822999968 ], [ -46.094172938999975, -23.796055599999931 ], [ -46.094084346999978, -23.796013373999983 ], [ -46.093990649999967, -23.795971522999935 ], [ -46.093884633999949, -23.795924249999928 ], [ -46.093800387999977, -23.795889579999937 ], [ -46.093709166999986, -23.795849810999982 ], [ -46.093607597999949, -23.795799186999943 ], [ -46.093523627999957, -23.795752050999965 ], [ -46.093429240999967, -23.795697537999956 ], [ -46.093358587999944, -23.795657170999959 ], [ -46.09324050999993, -23.795587788999967 ], [ -46.093142973999932, -23.79553247399997 ], [ -46.093048824999983, -23.795488626999941 ], [ -46.09294495599994, -23.795438695999962 ], [ -46.092851832999941, -23.795394378999958 ], [ -46.092769743999952, -23.795343345999981 ], [ -46.092678499999977, -23.795300776999966 ], [ -46.092590276999942, -23.795249741999953 ], [ -46.092500920999953, -23.795203997999977 ], [ -46.092404725999984, -23.795156179999935 ], [ -46.092309988999943, -23.795094984999935 ], [ -46.092227841999943, -23.79503686299995 ], [ -46.092154803999961, -23.794983895999962 ], [ -46.092065117999937, -23.794920695999963 ], [ -46.09197845999995, -23.794868971999961 ], [ -46.09189900399997, -23.794809791999967 ], [ -46.09180424799996, -23.794752073999973 ], [ -46.091710313999954, -23.794710606999956 ], [ -46.091624421999938, -23.794662399999936 ], [ -46.091534382999953, -23.794622981999964 ], [ -46.09144579499997, -23.794575109999982 ], [ -46.091365197999949, -23.794508575999942 ], [ -46.091294146999985, -23.794445135999979 ], [ -46.091254813999967, -23.79441290099993 ], [ -46.091218889999936, -23.794383486999948 ], [ -46.091147060999958, -23.794320819999939 ], [ -46.091063067999983, -23.794270837999932 ], [ -46.090983233999964, -23.794213420999938 ], [ -46.09092203299997, -23.794179256999939 ], [ -46.090862071999936, -23.794149205999929 ], [ -46.090788889999942, -23.794130259999974 ], [ -46.090752254999984, -23.794121442999938 ], [ -46.090717545999951, -23.794119881999961 ], [ -46.090669354999932, -23.79412591199997 ], [ -46.090462294999952, -23.79423019799998 ], [ -46.090430253999955, -23.794256987999972 ], [ -46.090397889999963, -23.794280957999945 ], [ -46.090365256999974, -23.794310630999973 ], [ -46.090347690999977, -23.794334507999963 ], [ -46.090335295999978, -23.794360560999962 ], [ -46.090320173999942, -23.794395032999944 ], [ -46.090312279999978, -23.794431123999971 ], [ -46.090308666999931, -23.794486330999973 ], [ -46.09030501999996, -23.794519727999955 ], [ -46.090305096999941, -23.794617221999943 ], [ -46.090315372999953, -23.794760568999948 ], [ -46.090333810999937, -23.794853055999965 ], [ -46.090377603999968, -23.794942987999946 ], [ -46.090416844999936, -23.795023388999937 ], [ -46.090454320999982, -23.79510946399995 ], [ -46.090506679999976, -23.795192980999957 ], [ -46.090555704999986, -23.795273390999967 ], [ -46.090618483999947, -23.79536289999993 ], [ -46.090671677999978, -23.795450670999969 ], [ -46.090728682999952, -23.795536291999952 ], [ -46.090792134999958, -23.79561238499997 ], [ -46.090825386999938, -23.795671757999969 ], [ -46.090882379999982, -23.795755978999978 ], [ -46.090918299999942, -23.795826034999948 ], [ -46.09094254799993, -23.795876438999983 ], [ -46.090968498999985, -23.795974997999963 ], [ -46.09097789599997, -23.796071990999963 ], [ -46.090974063999965, -23.796153706999974 ], [ -46.090971104999937, -23.796251899999959 ], [ -46.090952970999979, -23.796342928999934 ], [ -46.090891140999986, -23.796429562999947 ], [ -46.09081366099997, -23.796480888999952 ], [ -46.090727244999982, -23.796527997999931 ], [ -46.090626412999939, -23.796553772999971 ], [ -46.090526627999964, -23.796558045999973 ], [ -46.090428035999935, -23.796561274999931 ], [ -46.090304414999935, -23.796529291999946 ], [ -46.090216918999943, -23.79650049199995 ], [ -46.090122260999976, -23.796460382999953 ], [ -46.090116640999952, -23.796457338999971 ], [ -46.090029430999948, -23.796410101999982 ], [ -46.089947731999985, -23.796358702999953 ], [ -46.089871691999974, -23.796291413999938 ], [ -46.089786009999955, -23.796197824999979 ], [ -46.089738694999937, -23.796144147999939 ], [ -46.089677273999939, -23.79606476899994 ], [ -46.089629294999952, -23.795984115999943 ], [ -46.089562144999945, -23.795883376999939 ], [ -46.08951906599998, -23.795812799999965 ], [ -46.089466695999931, -23.795735589999936 ], [ -46.08940815699998, -23.79565417799995 ], [ -46.089355182999952, -23.79558912899995 ], [ -46.089292477999948, -23.795547384999963 ], [ -46.089244038999936, -23.795529573999943 ], [ -46.089192933999982, -23.795527405999962 ], [ -46.089086675999965, -23.795544005999943 ], [ -46.088940461999982, -23.795577234999939 ], [ -46.088844122999944, -23.795594532999928 ], [ -46.088746740999966, -23.79562204299998 ], [ -46.088650518999941, -23.795653383999934 ], [ -46.088559309999937, -23.795691371999965 ], [ -46.088459277999959, -23.795724861999929 ], [ -46.088360725999962, -23.795753418999936 ], [ -46.088256491999971, -23.795799994999982 ], [ -46.088173328999972, -23.795844602999978 ], [ -46.088085424999974, -23.795917692999978 ], [ -46.088017781999952, -23.795980895999946 ], [ -46.087950578999937, -23.796051367999951 ], [ -46.087886282999932, -23.796127278999961 ], [ -46.087822373999984, -23.796196503999965 ], [ -46.08775726999994, -23.796272467999927 ], [ -46.087683113999958, -23.796351922999975 ], [ -46.087615813999946, -23.79643774799996 ], [ -46.087551574999964, -23.796515099999965 ], [ -46.087482328999954, -23.796597728999927 ], [ -46.087414919999958, -23.796665171999962 ], [ -46.087345686999981, -23.796744321999938 ], [ -46.087284499999953, -23.79680960099995 ], [ -46.087221411999963, -23.796895030999963 ], [ -46.08716312599995, -23.796961822999947 ], [ -46.087103205999938, -23.797068318999948 ], [ -46.087058541999966, -23.79714305899995 ], [ -46.087008782999931, -23.797218635999968 ], [ -46.086959185999945, -23.797309852999945 ], [ -46.086912769999969, -23.797383595999975 ], [ -46.086882044999982, -23.797455480999929 ], [ -46.086800513999947, -23.79759458999996 ], [ -46.086752329999968, -23.79770379799993 ], [ -46.08669127099995, -23.79787203799998 ], [ -46.086664399999961, -23.797964815999933 ], [ -46.08663318899994, -23.798046075999935 ], [ -46.086598797999955, -23.798135954999964 ], [ -46.086557895999931, -23.798221996999928 ], [ -46.086524580999935, -23.798327223999934 ], [ -46.086504145999982, -23.798415421999948 ], [ -46.086476708999953, -23.798560735999956 ], [ -46.086457584999948, -23.798684196999943 ], [ -46.086430986999972, -23.79883612499998 ], [ -46.086409144999948, -23.798930159999941 ], [ -46.086383952999938, -23.79902277399998 ], [ -46.08633920099993, -23.799112003999937 ], [ -46.086291026999959, -23.799197012999969 ], [ -46.08624750499996, -23.799292555999955 ], [ -46.086203140999942, -23.799375414999929 ], [ -46.086153792999937, -23.79946079399997 ], [ -46.086083715999962, -23.799544104999939 ], [ -46.086011420999967, -23.799620387999937 ], [ -46.085929634999957, -23.799694298999952 ], [ -46.085860708999974, -23.799762518999955 ], [ -46.085791775999951, -23.79982997299993 ], [ -46.085730964999982, -23.799906218999979 ], [ -46.085670378999964, -23.799985941999978 ], [ -46.085603695999964, -23.800052430999983 ], [ -46.085539294999933, -23.800133759999937 ], [ -46.085476942999946, -23.800201843999957 ], [ -46.08542055199996, -23.800260764999962 ], [ -46.085361602999967, -23.800336681999966 ], [ -46.085305962999939, -23.800397448999945 ], [ -46.085248055999955, -23.800457011999981 ], [ -46.085242318999974, -23.800461865999978 ], [ -46.085150952999982, -23.800534714999969 ], [ -46.085087046999945, -23.800588783999956 ], [ -46.084971671999938, -23.800647887999958 ], [ -46.08487389499993, -23.800675759999933 ], [ -46.084871738999936, -23.800676864999957 ], [ -46.08477159399996, -23.800691341999936 ], [ -46.084670242999948, -23.800690698999972 ], [ -46.084566833999986, -23.800660854999933 ], [ -46.084481670999935, -23.80061191599998 ], [ -46.084399560999941, -23.800552388999961 ], [ -46.084354375999965, -23.800465643999928 ], [ -46.084321247999981, -23.800385806999941 ], [ -46.084298489999981, -23.80028992299998 ], [ -46.084280707999937, -23.80019492699995 ], [ -46.084272364999947, -23.800098730999935 ], [ -46.084269254999981, -23.80000198099998 ], [ -46.084261720999962, -23.799910228999977 ], [ -46.084260840999946, -23.79980429699998 ], [ -46.084255964999954, -23.799701643999981 ], [ -46.084262017999947, -23.799609073999932 ], [ -46.08426693399997, -23.799515428999939 ], [ -46.084281026999975, -23.799421763999931 ], [ -46.084303895999938, -23.799327043999938 ], [ -46.084320980999962, -23.799221391999936 ], [ -46.084342353999943, -23.799123791999932 ], [ -46.084364131999962, -23.799033595999958 ], [ -46.084375527999953, -23.798940310999967 ], [ -46.084386260999963, -23.798832128999948 ], [ -46.084389090999935, -23.798735427999929 ], [ -46.084414244999948, -23.798549519999938 ], [ -46.084430795999936, -23.798409054999979 ], [ -46.084463482999979, -23.798291009999957 ], [ -46.084487147999937, -23.798197638999966 ], [ -46.084510818999945, -23.798104990999946 ], [ -46.084527246999983, -23.798014831999978 ], [ -46.084548555999959, -23.797909555999979 ], [ -46.084555358999978, -23.797812736999958 ], [ -46.084571379999943, -23.797720819999938 ], [ -46.084584258999939, -23.797616957999935 ], [ -46.084597355999961, -23.797507161999931 ], [ -46.084595563999983, -23.797412090999956 ], [ -46.084597986999938, -23.797323655999946 ], [ -46.084597415999951, -23.797254840999983 ], [ -46.084601471999974, -23.797201615999938 ], [ -46.08459402099993, -23.797096196999973 ], [ -46.084584981999967, -23.797008323999933 ], [ -46.084560761999967, -23.79691579699994 ], [ -46.08456031299994, -23.796913892999953 ], [ -46.084550091999972, -23.796809756999949 ], [ -46.084541370999943, -23.796713031999957 ], [ -46.084543222999969, -23.796610962999978 ], [ -46.084537427999976, -23.796515947999978 ], [ -46.084531261999985, -23.79642341899995 ], [ -46.084507058999975, -23.796327765999933 ], [ -46.084491348999961, -23.796238464999931 ], [ -46.084451182999942, -23.796147122999969 ], [ -46.084426625999981, -23.796056077999935 ], [ -46.084428815999956, -23.795959290999974 ], [ -46.084418918999972, -23.795907384999964 ], [ -46.084412417999943, -23.795843713999943 ], [ -46.084403535999968, -23.795797128999936 ], [ -46.084388987999944, -23.795731545999956 ], [ -46.084375085999966, -23.79567052699997 ], [ -46.084350205999954, -23.795581967999965 ], [ -46.084338007999975, -23.795503252999936 ], [ -46.084332720999953, -23.795444270999951 ], [ -46.084337991999973, -23.79537810599993 ], [ -46.084367784999984, -23.795303045999958 ], [ -46.084369163999952, -23.795218923999983 ], [ -46.084351560999949, -23.795163430999935 ], [ -46.084282701999939, -23.795080279999979 ], [ -46.08427566499995, -23.795014615999946 ], [ -46.084300164999945, -23.79497062799993 ], [ -46.084356292999985, -23.794951322999964 ], [ -46.084502583999949, -23.794977177999954 ], [ -46.084658761999947, -23.795020883999939 ], [ -46.084837512999968, -23.795046510999953 ], [ -46.085019633999934, -23.795087047999971 ], [ -46.085202126999945, -23.795172385999933 ], [ -46.085371660999954, -23.795260802999962 ], [ -46.085470567999948, -23.795346152999969 ], [ -46.085563133999983, -23.795434819999969 ], [ -46.085656059999963, -23.795497185999977 ], [ -46.085725004999972, -23.795592857999964 ], [ -46.085823178999931, -23.795687749999956 ], [ -46.085886864999964, -23.79574144999998 ], [ -46.085978036999961, -23.795775578999951 ], [ -46.08613543599995, -23.795794837999949 ], [ -46.086239038999963, -23.795783495999956 ], [ -46.086352495999961, -23.795710906999943 ], [ -46.086413944999947, -23.795618253999976 ], [ -46.086465545999943, -23.795492706999937 ], [ -46.086469358999977, -23.79548343099998 ], [ -46.086495275999937, -23.79538372199994 ], [ -46.086535027999957, -23.795295249999981 ], [ -46.086553099999946, -23.795228384999973 ], [ -46.086558737999951, -23.795207523999977 ], [ -46.086573582999961, -23.795115975999977 ], [ -46.086606012999937, -23.795026471999961 ], [ -46.086645403999967, -23.794941840999968 ], [ -46.086701665999954, -23.794867702999966 ], [ -46.086726429999942, -23.794759195999973 ], [ -46.086722916999975, -23.794661364999968 ], [ -46.086765449999973, -23.794517962999976 ], [ -46.086779505999971, -23.794420098999979 ], [ -46.086795055999971, -23.794313056999954 ], [ -46.086820977999935, -23.794214024999974 ], [ -46.086823209999977, -23.794116514999928 ], [ -46.086846077999951, -23.794016149999948 ], [ -46.086861234999958, -23.793903150999938 ], [ -46.086889786999961, -23.793801661999964 ], [ -46.08691756199994, -23.793695256999968 ], [ -46.086946185999977, -23.793596611999931 ], [ -46.086946313999931, -23.793596152999953 ], [ -46.086951118999934, -23.79357676799998 ], [ -46.086976582999966, -23.793485647999944 ], [ -46.086997274999931, -23.793402166999954 ], [ -46.087020890999952, -23.793303150999975 ], [ -46.087047163999955, -23.793193233999943 ], [ -46.087055745999976, -23.793141761999948 ], [ -46.087062074999949, -23.793103807999955 ], [ -46.087081183999942, -23.793055567999943 ], [ -46.087098363999985, -23.793012199999964 ], [ -46.087111273999938, -23.792918181999937 ], [ -46.087151418999952, -23.792830022999965 ], [ -46.087167032999957, -23.792730702999961 ], [ -46.08721709799994, -23.79264324199994 ], [ -46.087243367999974, -23.792538969999953 ], [ -46.087256070999956, -23.792479091999951 ], [ -46.087289704999932, -23.792392739999968 ], [ -46.087310880999951, -23.792354477999936 ], [ -46.087332629999935, -23.792337842999927 ], [ -46.087332690999972, -23.792337738999947 ], [ -46.087336020999942, -23.792332107999982 ], [ -46.087359632999949, -23.792292178999958 ], [ -46.087455874999932, -23.792121910999981 ], [ -46.087486275999936, -23.792065861999959 ], [ -46.087504831999979, -23.792033997999965 ], [ -46.087522111999931, -23.792008838999948 ], [ -46.087545677999969, -23.791980661999958 ], [ -46.087564119999968, -23.791961225999955 ], [ -46.087589907999984, -23.791934627999979 ], [ -46.087611042999981, -23.791920885999957 ], [ -46.087639175999982, -23.791898876999937 ], [ -46.087661118999961, -23.791887884999937 ], [ -46.087691935999942, -23.791870055999937 ], [ -46.087725324999951, -23.791854557999955 ], [ -46.087750033999953, -23.791845667999951 ], [ -46.087787126999956, -23.791833078999957 ], [ -46.087811517999967, -23.79182726199997 ], [ -46.087862822999966, -23.79181226999998 ], [ -46.087896735999948, -23.791805296999939 ], [ -46.087936016999947, -23.791797258999964 ], [ -46.087986398999931, -23.791789542999936 ], [ -46.088027826999962, -23.791782990999934 ], [ -46.088058944999943, -23.791777753999952 ], [ -46.088132070999961, -23.79176505199996 ], [ -46.088188063999951, -23.791753186999983 ], [ -46.08823231599996, -23.791743147999966 ], [ -46.088289113999963, -23.791725949999943 ], [ -46.088331310999934, -23.791715084999964 ], [ -46.088391710999986, -23.79169726799995 ], [ -46.088429116999976, -23.791685855999958 ], [ -46.08846940799998, -23.791672346999974 ], [ -46.088499705999936, -23.791662096999971 ], [ -46.088525869999955, -23.791653833999931 ], [ -46.08856573099996, -23.791638690999946 ], [ -46.088596801999984, -23.791627718999962 ], [ -46.088715974999957, -23.791576222999936 ], [ -46.088761609999949, -23.791552193999962 ], [ -46.08881563999995, -23.79152509599993 ], [ -46.088859881999952, -23.791505428999983 ], [ -46.088910612999939, -23.791489005999949 ], [ -46.088961947999962, -23.791471799999954 ], [ -46.089015565999944, -23.791457603999959 ], [ -46.089076009999985, -23.791451571999971 ], [ -46.089128747999951, -23.791447863999963 ], [ -46.089179859999945, -23.791439148999928 ], [ -46.089260329999945, -23.791413710999961 ], [ -46.089310803999979, -23.791393998999979 ], [ -46.089360481999961, -23.791372141999943 ], [ -46.089409349999983, -23.791346706999946 ], [ -46.089462302999948, -23.791312250999965 ], [ -46.089501953999957, -23.791291441999931 ], [ -46.089537807999932, -23.791268682999942 ], [ -46.089557284999955, -23.791256217999944 ], [ -46.089588908999986, -23.791235086999961 ], [ -46.089621127999976, -23.791214808999939 ], [ -46.089659641999958, -23.791185793999944 ], [ -46.089700410999967, -23.791153467999948 ], [ -46.089721336999958, -23.791138237999974 ], [ -46.089756668999939, -23.791102765999938 ], [ -46.089776155999971, -23.791085738999982 ], [ -46.089794456999982, -23.791067546999955 ], [ -46.089811623999935, -23.791048939999939 ], [ -46.089811818999976, -23.791048729999943 ], [ -46.089828293999972, -23.791029375999983 ], [ -46.089905789999932, -23.790953912999953 ], [ -46.089921376999939, -23.790934023999966 ], [ -46.089950475999956, -23.790892635999967 ], [ -46.089969936999978, -23.790872447999959 ], [ -46.089996861999964, -23.790829268999971 ], [ -46.09001421399995, -23.790809186999979 ], [ -46.090029553999955, -23.790789163999932 ], [ -46.090056137999966, -23.790746256999967 ], [ -46.090069368999934, -23.790726384999971 ], [ -46.090084953999963, -23.790700340999933 ], [ -46.090113225999971, -23.790659815999959 ], [ -46.09012179299998, -23.790645499999982 ], [ -46.090136743999949, -23.790625930999965 ], [ -46.090160197999978, -23.790584310999975 ], [ -46.09017608399995, -23.790565006999941 ], [ -46.090192854999941, -23.790545922999968 ], [ -46.090210461999959, -23.790527057999952 ], [ -46.09026017399998, -23.79043883099996 ], [ -46.09029626399996, -23.790400147999947 ], [ -46.090310113999976, -23.790377922999937 ], [ -46.090325054999937, -23.790357089999929 ], [ -46.090361024999936, -23.79031578799993 ], [ -46.090377154999942, -23.790296301999945 ], [ -46.090394375999949, -23.790278206999972 ], [ -46.090431032999959, -23.790236900999957 ], [ -46.090467303999958, -23.79020227999996 ], [ -46.090504901999964, -23.790168010999935 ], [ -46.090542854999967, -23.790129132999937 ], [ -46.090561453999953, -23.790111389999936 ], [ -46.090598392999937, -23.790074551999965 ], [ -46.090615850999939, -23.790055507999966 ], [ -46.090649319999955, -23.79002031999994 ], [ -46.090665687999945, -23.789999973999954 ], [ -46.090680965999979, -23.789978325999982 ], [ -46.090712516999986, -23.789942698999937 ], [ -46.090726119999943, -23.789920295999934 ], [ -46.090757308999969, -23.789882413999976 ], [ -46.090768749999938, -23.789859754999952 ], [ -46.090783354999985, -23.78983982799997 ], [ -46.09079253799996, -23.789817002999939 ], [ -46.090805318999969, -23.789796185999933 ], [ -46.090816228999984, -23.789774523999938 ], [ -46.090823249999971, -23.789751443999933 ], [ -46.090832385999931, -23.789728890999982 ], [ -46.090839308999932, -23.789705856999944 ], [ -46.090841568999963, -23.789694415999975 ], [ -46.090845842999954, -23.789671400999964 ], [ -46.090847564999933, -23.789648403999934 ], [ -46.090848453999968, -23.789637333999963 ], [ -46.090847524999958, -23.789614265999944 ], [ -46.090846006999982, -23.789602805999948 ], [ -46.090845523999974, -23.789592016999961 ], [ -46.090843219999954, -23.78958051799998 ], [ -46.090840032999949, -23.789569115999939 ], [ -46.090836060999948, -23.789557764999927 ], [ -46.090825664999954, -23.78953512399994 ], [ -46.09082381099995, -23.789524660999973 ], [ -46.090810128999976, -23.789502223999932 ], [ -46.090806853999936, -23.789492086999928 ], [ -46.090791116999981, -23.789470386999938 ], [ -46.090786519999938, -23.789460529999928 ], [ -46.090769860999956, -23.789440191999972 ], [ -46.09076384399998, -23.789430705999962 ], [ -46.09074626499995, -23.789411773999973 ], [ -46.090738876999978, -23.789402568999947 ], [ -46.090720424999972, -23.789384952999967 ], [ -46.090701099999933, -23.789368425999953 ], [ -46.090684219999957, -23.789351023999927 ], [ -46.090664115999971, -23.789335225999935 ], [ -46.090645774999984, -23.789319098999954 ], [ -46.090624842999944, -23.789304073999972 ], [ -46.090603081999973, -23.789289822999933 ], [ -46.090583329999959, -23.789275059999966 ], [ -46.090562065999961, -23.78926152799994 ], [ -46.090517870999975, -23.789234474999944 ], [ -46.090495733999944, -23.789222167999981 ], [ -46.09045169999996, -23.789196739999966 ], [ -46.090429080999968, -23.789185519999933 ], [ -46.090406703999975, -23.789173755999968 ], [ -46.09038370199994, -23.789163532999964 ], [ -46.090360498999985, -23.789152858999955 ], [ -46.090337063999982, -23.789143721999949 ], [ -46.090313035999941, -23.789134092999973 ], [ -46.090288133999934, -23.789125552999963 ], [ -46.090239953999969, -23.789109094999958 ], [ -46.09021471799997, -23.789101776999928 ], [ -46.090189491999979, -23.789095633999978 ], [ -46.090164276999985, -23.78909079899995 ], [ -46.090114392999965, -23.789075978999961 ], [ -46.090089237999962, -23.789072362999946 ], [ -46.090038793999952, -23.789066893999973 ], [ -46.08999227299995, -23.789055244999929 ], [ -46.089988633999951, -23.789054332999967 ], [ -46.089951310999936, -23.789051011999959 ], [ -46.089902304999953, -23.789041423999947 ], [ -46.089888848999976, -23.78904022699993 ], [ -46.089864281999951, -23.789036606999957 ], [ -46.089762930999939, -23.789028922999933 ], [ -46.089737732999936, -23.789026120999949 ], [ -46.089711756999975, -23.789024136999956 ], [ -46.08968514999998, -23.789022969999962 ], [ -46.089658057999941, -23.789022573999944 ], [ -46.089630775999979, -23.789022946999978 ], [ -46.089472781999973, -23.789013721999936 ], [ -46.089445309999974, -23.789014863999967 ], [ -46.089417599999933, -23.789016774999936 ], [ -46.08936681199998, -23.789011262999963 ], [ -46.089202615999966, -23.789023349999979 ], [ -46.089158612999938, -23.789019370999938 ], [ -46.089121296999963, -23.789016969999977 ], [ -46.089090766999959, -23.789016146999927 ], [ -46.088983892999977, -23.78901708099994 ], [ -46.08882085099998, -23.78902635999998 ], [ -46.088714716999959, -23.78902764999998 ], [ -46.088658987999963, -23.789029849999963 ], [ -46.088603829999954, -23.789029877999951 ], [ -46.088499852999973, -23.789031016999957 ], [ -46.088472370999966, -23.789030939999975 ], [ -46.088444847999938, -23.789031675999979 ], [ -46.088394462999986, -23.789033295999957 ], [ -46.088366896999958, -23.789034889999982 ], [ -46.088339288999975, -23.789037297999982 ], [ -46.088289111999984, -23.789040315999955 ], [ -46.088235367999971, -23.789045209999983 ], [ -46.088184014999968, -23.789048326999932 ], [ -46.088133202999984, -23.789051755999935 ], [ -46.088079385999947, -23.789053624999951 ], [ -46.088029594999966, -23.78905582799996 ], [ -46.087978814999985, -23.789057223999976 ], [ -46.087872546999961, -23.789060140999936 ], [ -46.087847076999935, -23.789060004999953 ], [ -46.087821842999972, -23.789058781999927 ], [ -46.087796844999957, -23.78905642999996 ], [ -46.08777213299993, -23.789052990999949 ], [ -46.087720951999984, -23.789053351999939 ], [ -46.087669947999984, -23.789051272999927 ], [ -46.08756396299998, -23.789035130999935 ], [ -46.087538237999979, -23.789033912999969 ], [ -46.08751183499993, -23.78903364699994 ], [ -46.087484750999977, -23.789034243999936 ], [ -46.087429777999944, -23.789027044999955 ], [ -46.087402113999985, -23.789028549999955 ], [ -46.087350883999932, -23.789022949999946 ], [ -46.087296241999979, -23.789026088999947 ], [ -46.087271394999959, -23.78902414199996 ], [ -46.087219586999936, -23.789025815999935 ], [ -46.087194304999969, -23.78902463999998 ], [ -46.087168684999938, -23.789024232999964 ], [ -46.087118497999938, -23.789025940999977 ], [ -46.087092492999943, -23.78902639599994 ], [ -46.087042857999961, -23.789029679999942 ], [ -46.087018193999938, -23.789032111999973 ], [ -46.086909240999944, -23.789036762999956 ], [ -46.086884632999954, -23.789040006999983 ], [ -46.086860031999947, -23.789044062999949 ], [ -46.086835486999973, -23.789048932999947 ], [ -46.086780652999948, -23.789052524999931 ], [ -46.086731218999944, -23.789062265999974 ], [ -46.086679927999967, -23.789067006999971 ], [ -46.086629842999969, -23.789075126999933 ], [ -46.086579344999961, -23.789080900999977 ], [ -46.086554098999954, -23.789084103999983 ], [ -46.086528846999954, -23.789086629999929 ], [ -46.086476345999984, -23.789093411999943 ], [ -46.086451136999983, -23.789095169999939 ], [ -46.086425921999933, -23.789096160999975 ], [ -46.086373186999936, -23.789104298999973 ], [ -46.086322449999955, -23.789104971999961 ], [ -46.086271250999971, -23.789114814999948 ], [ -46.086220013999935, -23.789114362999953 ], [ -46.086207206999973, -23.789114497999947 ], [ -46.086182429999951, -23.789120994999962 ], [ -46.086169580999979, -23.789121987999977 ], [ -46.086156787999982, -23.789123748999941 ], [ -46.086144001999969, -23.789126367999927 ], [ -46.086131221999949, -23.789129799999955 ], [ -46.086118497999962, -23.789134043999979 ], [ -46.086094621999962, -23.789142700999946 ], [ -46.086081905999947, -23.789147802999935 ], [ -46.086069194999936, -23.78915367299993 ], [ -46.086044868999977, -23.789167164999981 ], [ -46.086021893999941, -23.789177938999956 ], [ -46.08599964299998, -23.789193177999948 ], [ -46.085977569999955, -23.789206202999935 ], [ -46.085957444999963, -23.789223232999973 ], [ -46.085939393999979, -23.789242009999953 ], [ -46.085917319999965, -23.789254854999967 ], [ -46.085908564999954, -23.789264263999939 ], [ -46.085885685999983, -23.789274810999927 ], [ -46.085876480999957, -23.789283229999967 ], [ -46.085852796999973, -23.789291343999935 ], [ -46.085843142999977, -23.789298862999942 ], [ -46.085818654999969, -23.78930467999993 ], [ -46.085808550999957, -23.789311208999948 ], [ -46.085798046999969, -23.789316836999944 ], [ -46.085748127999977, -23.789327257999958 ], [ -46.08573712499998, -23.789331940999944 ], [ -46.085725672999956, -23.789335679999965 ], [ -46.08571372199998, -23.78933847299993 ], [ -46.08566372599995, -23.789351468999939 ], [ -46.08561507099995, -23.789360435999981 ], [ -46.085589958999947, -23.789368018999937 ], [ -46.085564706999946, -23.789376414999936 ], [ -46.085515750999946, -23.789384570999971 ], [ -46.085490309999955, -23.789393871999948 ], [ -46.085464728999966, -23.789404031999936 ], [ -46.08541512599993, -23.789411198999971 ], [ -46.085389297999939, -23.789421179999977 ], [ -46.085363166999969, -23.789430078999942 ], [ -46.085312620999957, -23.789435988999969 ], [ -46.085286136999969, -23.789443761999962 ], [ -46.08526063599993, -23.789445791999981 ], [ -46.085233847999973, -23.789452482999934 ], [ -46.085207242999957, -23.789457546999927 ], [ -46.08518178099996, -23.789458312999955 ], [ -46.085155698999984, -23.789461341999981 ], [ -46.08513032299993, -23.789460797999936 ], [ -46.085104764999983, -23.78946183499994 ], [ -46.085079826999959, -23.789460836999979 ], [ -46.085054440999954, -23.789459027999953 ], [ -46.08502963799998, -23.789456537999968 ], [ -46.085004630999947, -23.789453100999935 ], [ -46.08497947799998, -23.789449710999975 ], [ -46.084954266999944, -23.789445326999953 ], [ -46.084929440999986, -23.789440037999952 ], [ -46.084904024999958, -23.789434706999941 ], [ -46.084879527999931, -23.789427608999972 ], [ -46.084854201999974, -23.789421238999978 ], [ -46.084829454999976, -23.789413645999957 ], [ -46.084805334999942, -23.789404648999948 ], [ -46.084781068999973, -23.789395877999937 ], [ -46.084769687999938, -23.789390448999939 ], [ -46.084745902999941, -23.789380500999982 ], [ -46.084735740999974, -23.789374204999945 ], [ -46.084712927999931, -23.789363075999972 ], [ -46.084691429999964, -23.789350763999948 ], [ -46.084682487999942, -23.789343555999949 ], [ -46.084662255999945, -23.78933006099993 ], [ -46.084654483999941, -23.789321986999937 ], [ -46.084635616999947, -23.789307353999959 ], [ -46.084629112999949, -23.789298367999947 ], [ -46.084611805999941, -23.789282503999971 ], [ -46.084596401999931, -23.789265316999945 ], [ -46.084591068999941, -23.78925546499994 ], [ -46.08457756699994, -23.789236954999978 ], [ -46.084565919999932, -23.789217121999968 ], [ -46.084561805999954, -23.789206358999934 ], [ -46.084551769999962, -23.789185520999979 ], [ -46.084548826999935, -23.789173891999951 ], [ -46.084540157999982, -23.789152276999971 ], [ -46.08453671999996, -23.789128277999964 ], [ -46.084529368999938, -23.789105885999959 ], [ -46.084523435999984, -23.789082716999928 ], [ -46.084522258999982, -23.789059152999982 ], [ -46.084517399999982, -23.789035479999939 ], [ -46.084513275999939, -23.789011620999929 ], [ -46.084514457999944, -23.788988400999983 ], [ -46.08451116699996, -23.788964355999951 ], [ -46.084514607999949, -23.788941526999963 ], [ -46.084512100999973, -23.78891724999994 ], [ -46.084511453999937, -23.788892598999951 ], [ -46.084517010999946, -23.78887029699996 ], [ -46.084519303999969, -23.788845082999956 ], [ -46.084524488999932, -23.788819306999983 ], [ -46.084532012999944, -23.788797668999962 ], [ -46.084540186999959, -23.788771375999943 ], [ -46.084550327999978, -23.788745654999957 ], [ -46.084559820999971, -23.788724634999937 ], [ -46.084571104999952, -23.788700667999933 ], [ -46.084583434999956, -23.788678498999957 ], [ -46.084594895999942, -23.788658142999964 ], [ -46.084608319999973, -23.788637772999948 ], [ -46.084621209999966, -23.788617993999935 ], [ -46.084649893999938, -23.788579724999977 ], [ -46.08466386799995, -23.78856052499998 ], [ -46.08469413399996, -23.788523599999962 ], [ -46.084709043999965, -23.788504889999956 ], [ -46.084725091999985, -23.788487210999961 ], [ -46.084741085999951, -23.788469035999981 ], [ -46.084758415999943, -23.788452160999952 ], [ -46.084776880999982, -23.788436135999973 ], [ -46.084794302999967, -23.788418491999948 ], [ -46.084814051999956, -23.788403315999972 ], [ -46.08483358899997, -23.788386334999927 ], [ -46.084874017999937, -23.788355885999977 ], [ -46.084895523999933, -23.788339567999969 ], [ -46.084919143999969, -23.788323822999928 ], [ -46.084959262999973, -23.788291479999941 ], [ -46.084983679999937, -23.788277082999969 ], [ -46.085003763999964, -23.788261001999956 ], [ -46.08502395499994, -23.788245867999933 ], [ -46.085047995999957, -23.788233460999948 ], [ -46.085068292999949, -23.78821931899995 ], [ -46.085092006999957, -23.788208901999951 ], [ -46.085112409999965, -23.788195707999932 ], [ -46.085133260999953, -23.788183368999967 ], [ -46.085156648999941, -23.788174985999945 ], [ -46.085178044999964, -23.788163229999952 ], [ -46.085200992999944, -23.788155120999932 ], [ -46.085223080999981, -23.788143992999949 ], [ -46.085245623999981, -23.788134395999975 ], [ -46.085268306999978, -23.788123895999945 ], [ -46.085290346999955, -23.788112812999941 ], [ -46.085311932999957, -23.788100242999974 ], [ -46.085335054999973, -23.788089512999932 ], [ -46.085355942999968, -23.788075683999978 ], [ -46.085379252999985, -23.788063823999948 ], [ -46.085399149999944, -23.78804887299998 ], [ -46.085418106999953, -23.788032843999929 ], [ -46.085441602999936, -23.788019944999974 ], [ -46.085459568999966, -23.788002838999944 ], [ -46.085483302999933, -23.787988853999934 ], [ -46.085552016999941, -23.787919460999944 ], [ -46.085599070999933, -23.787889054999937 ], [ -46.085644825999964, -23.787855903999969 ], [ -46.085713341999963, -23.787786285999971 ], [ -46.08573518299994, -23.787769062999928 ], [ -46.085755650999943, -23.787751894999928 ], [ -46.085790134999968, -23.787714758999982 ], [ -46.085809131999952, -23.78769764599997 ], [ -46.085826655999938, -23.787680543999954 ], [ -46.085860474999947, -23.787640160999956 ], [ -46.085876867999957, -23.787622795999937 ], [ -46.085892224999952, -23.787604759999965 ], [ -46.085925801999963, -23.787564695999947 ], [ -46.085940170999947, -23.78754594399993 ], [ -46.08595360299995, -23.78752652299994 ], [ -46.085987358999944, -23.787490294999941 ], [ -46.086014897999974, -23.787450091999972 ], [ -46.08604980299998, -23.787416429999951 ], [ -46.086080962999972, -23.787374936999981 ], [ -46.086118037999938, -23.787342523999939 ], [ -46.08613474699996, -23.787321859999963 ], [ -46.086152004999974, -23.78730218499993 ], [ -46.086169858999938, -23.787283454999965 ], [ -46.086188210999978, -23.787265668999964 ], [ -46.086265682999965, -23.787199013999953 ], [ -46.086303334999968, -23.787165196999979 ], [ -46.086342584999954, -23.787128885999948 ], [ -46.08638088899994, -23.787096779999956 ], [ -46.086424445999967, -23.787058266999964 ], [ -46.086458414999981, -23.787024795999969 ], [ -46.086497082999983, -23.78698925599997 ], [ -46.086578811999971, -23.786901978999936 ], [ -46.086612787999968, -23.786870309999983 ], [ -46.086639372999969, -23.786841807999963 ], [ -46.086661619999973, -23.786819312999967 ], [ -46.086700883999981, -23.786771246999933 ], [ -46.086733391999985, -23.786732588999939 ], [ -46.086765189999937, -23.786694523999927 ], [ -46.086796959999958, -23.786658173999967 ], [ -46.086836896999955, -23.786608034999972 ], [ -46.086865864999936, -23.786576450999974 ], [ -46.086894024999935, -23.786551912999983 ], [ -46.086931344999982, -23.78651954399993 ], [ -46.086952843999939, -23.786502457999973 ], [ -46.086984479999956, -23.786477958999967 ], [ -46.087025523999955, -23.786449879999964 ], [ -46.08706187699994, -23.786425081999937 ], [ -46.087102982999966, -23.786405441999932 ], [ -46.087151808999977, -23.786380599999973 ], [ -46.087189146999947, -23.786366118999979 ], [ -46.087226387999976, -23.786356596999951 ], [ -46.087263413999949, -23.786348090999979 ], [ -46.087293688999978, -23.786345548999975 ], [ -46.087335239999959, -23.786345853999933 ], [ -46.08736513499997, -23.786349824999945 ], [ -46.087388700999952, -23.786354704999951 ], [ -46.087413628999968, -23.786360489999936 ], [ -46.087463387999946, -23.786372195999945 ], [ -46.087512284999946, -23.786386617999938 ], [ -46.087560322999934, -23.786403800999949 ], [ -46.087605830999962, -23.786423664999973 ], [ -46.087629710999977, -23.786433340999963 ], [ -46.087667179999983, -23.786448655999948 ], [ -46.087699126999951, -23.786465157999942 ], [ -46.08775518799996, -23.786492840999983 ], [ -46.087804654999957, -23.786521880999942 ], [ -46.08782469199997, -23.786535602999948 ], [ -46.08786872099995, -23.786561935999941 ], [ -46.087909369999977, -23.78658607899996 ], [ -46.087960604999978, -23.786617327999977 ], [ -46.088005904999932, -23.786641619999955 ], [ -46.088091021999958, -23.786690601999965 ], [ -46.088136189999943, -23.786716790999947 ], [ -46.08818019399996, -23.786744613999929 ], [ -46.088202885999976, -23.78675876899996 ], [ -46.088224157999946, -23.786773384999947 ], [ -46.08824539099993, -23.78678931099995 ], [ -46.088265931999956, -23.786804519999976 ], [ -46.088285691999943, -23.786820320999936 ], [ -46.08830551799997, -23.786838017999969 ], [ -46.088324546999957, -23.786854366999933 ], [ -46.088341964999984, -23.786871764999944 ], [ -46.088360381999962, -23.786891232999949 ], [ -46.088375507999956, -23.786910227999954 ], [ -46.088388338999948, -23.786930728999948 ], [ -46.088403987999982, -23.78695315899995 ], [ -46.088416027999983, -23.786973432999957 ], [ -46.088425701999938, -23.786988132999966 ], [ -46.088437494999937, -23.787005614999941 ], [ -46.088447392999967, -23.787020238999958 ], [ -46.088458912999954, -23.787037705999978 ], [ -46.088471399999946, -23.787057704999938 ], [ -46.088487862999955, -23.787078729999962 ], [ -46.088503628999945, -23.78709794599996 ], [ -46.088511660999984, -23.787107868999954 ], [ -46.088520225999957, -23.787116885999978 ], [ -46.088529417999951, -23.787124632999962 ], [ -46.088538612999969, -23.787132786999962 ], [ -46.088548389999971, -23.787140077999936 ], [ -46.088560470999937, -23.787151464999965 ], [ -46.088586540999984, -23.787163826999972 ], [ -46.08862142199996, -23.787180207999938 ], [ -46.088669928999934, -23.787197869999943 ], [ -46.088724957999943, -23.787217270999975 ], [ -46.088748016999944, -23.787228442999947 ], [ -46.088771364999957, -23.787238934999948 ], [ -46.088795049999931, -23.787248747999968 ], [ -46.088897521999968, -23.787285098999973 ], [ -46.088944843999968, -23.787304679999977 ], [ -46.088991586999953, -23.787325392999946 ], [ -46.08903780199995, -23.787347645999944 ], [ -46.089129819999982, -23.787386405999939 ], [ -46.089186820999942, -23.787410626999929 ], [ -46.089292051999962, -23.787456350999946 ], [ -46.089385132999951, -23.787500128999966 ], [ -46.089450442999976, -23.78753289499997 ], [ -46.089524962999974, -23.787567509999974 ], [ -46.089571059999969, -23.787587324999947 ], [ -46.089592550999953, -23.78759877899995 ], [ -46.089637184999958, -23.78761968699996 ], [ -46.089659505999975, -23.787630637999939 ], [ -46.089704049999966, -23.787652495999964 ], [ -46.089727249999953, -23.78766289899994 ], [ -46.089751280999963, -23.787672844999975 ], [ -46.089773649999984, -23.787683659999971 ], [ -46.089799109999944, -23.787694715999976 ], [ -46.089820870999972, -23.787702924999962 ], [ -46.089843865999967, -23.787712290999934 ], [ -46.089868666999962, -23.787720423999929 ], [ -46.089891998999974, -23.787729019999972 ], [ -46.089916986999981, -23.787736158999962 ], [ -46.089941295999949, -23.787744160999978 ], [ -46.089966570999934, -23.787750304999975 ], [ -46.089992689999974, -23.787757705999979 ], [ -46.090020570999968, -23.787764508999942 ], [ -46.090071893999948, -23.787775390999968 ], [ -46.090101536999953, -23.787781638999945 ], [ -46.090131613999972, -23.787787070999968 ], [ -46.090184207999982, -23.787797401999967 ], [ -46.090213443999971, -23.787801845999979 ], [ -46.090240021999932, -23.78780545199993 ], [ -46.090268414999969, -23.787808863999942 ], [ -46.090295915999945, -23.787811288999933 ], [ -46.090322568999966, -23.787812093999946 ], [ -46.090349519999961, -23.787813348999975 ], [ -46.09037983099995, -23.787813677999964 ], [ -46.090405791999956, -23.787812896999981 ], [ -46.090429481999934, -23.787810119999961 ], [ -46.090482467999948, -23.787802790999933 ], [ -46.090508332999946, -23.78779727999995 ], [ -46.090520824999942, -23.787794662999943 ], [ -46.090532916999962, -23.787791280999954 ], [ -46.090544902999966, -23.787786815999937 ], [ -46.090556596999932, -23.787782758999981 ], [ -46.090567892999957, -23.787777982999955 ], [ -46.090578741999934, -23.787772487999973 ], [ -46.090589787999932, -23.787767170999928 ], [ -46.090600237999979, -23.787761000999978 ], [ -46.090610239999933, -23.78775406699998 ], [ -46.090620443999967, -23.787747807999949 ], [ -46.09063901199994, -23.787732368999968 ], [ -46.090648324999961, -23.787725212999931 ], [ -46.090664667999931, -23.787707801999943 ], [ -46.090687355999933, -23.787680411999929 ], [ -46.09069939799997, -23.787659193999957 ], [ -46.090716801999974, -23.78762768699994 ], [ -46.090723392999962, -23.787617840999928 ], [ -46.090742357999943, -23.787573452999936 ], [ -46.090748097999949, -23.787549794999961 ], [ -46.090760269999976, -23.787502970999981 ], [ -46.090766106999979, -23.787479176999966 ], [ -46.090773481999975, -23.787404434999928 ], [ -46.090774922999969, -23.78735366799998 ], [ -46.090776128999948, -23.787327603999927 ], [ -46.090775807999933, -23.787300918999961 ], [ -46.090768487999981, -23.787176471999942 ], [ -46.090770170999974, -23.787132755999949 ], [ -46.090763312999968, -23.787137977999976 ], [ -46.090760368999952, -23.787120849999951 ], [ -46.090753356999983, -23.78707443299993 ], [ -46.090747395999983, -23.787048148999929 ], [ -46.090737476999948, -23.787000306999971 ], [ -46.090730349999944, -23.786975430999973 ], [ -46.090720763999968, -23.786939552999968 ], [ -46.090710021999939, -23.786903502999962 ], [ -46.09069127999993, -23.78685689799994 ], [ -46.090676198999972, -23.786811428999954 ], [ -46.090658025999971, -23.786762347999968 ], [ -46.090650319999952, -23.786738604999982 ], [ -46.090640468999936, -23.786713114999941 ], [ -46.090629270999955, -23.786688538999954 ], [ -46.090619167999932, -23.78666571499997 ], [ -46.090607792999947, -23.786643352999931 ], [ -46.090595763999943, -23.78661909799996 ], [ -46.090582904999962, -23.786595255999941 ], [ -46.090557856999965, -23.786551584999927 ], [ -46.090544165999972, -23.786528063999981 ], [ -46.090516770999955, -23.786485403999961 ], [ -46.090502200999936, -23.786462385999982 ], [ -46.09048645799993, -23.786440008999932 ], [ -46.090457750999974, -23.786398757999962 ], [ -46.090440933999957, -23.786377065999943 ], [ -46.090411897999957, -23.786337622999952 ], [ -46.090394006999986, -23.786316614999976 ], [ -46.090379126999949, -23.786297618999981 ], [ -46.09035223799998, -23.78626471299998 ], [ -46.090327115999969, -23.786239462999959 ], [ -46.090311165999935, -23.786221557999966 ], [ -46.090275236999958, -23.786185278999938 ], [ -46.090258701999971, -23.786167874999933 ], [ -46.090241435999985, -23.786151152999935 ], [ -46.090223334999962, -23.786134346999972 ], [ -46.090205240999978, -23.78611830899996 ], [ -46.090186269999947, -23.786102998999979 ], [ -46.090167439999959, -23.786086965999971 ], [ -46.090147639999941, -23.786072338999929 ], [ -46.090128080999932, -23.786057168999946 ], [ -46.090107792999959, -23.786042861999931 ], [ -46.090026987999977, -23.785986037999976 ], [ -46.090006066999933, -23.785972366999943 ], [ -46.089996596999981, -23.785966567999935 ], [ -46.089984561999984, -23.785959197999944 ], [ -46.089943894999976, -23.785931441999935 ], [ -46.089911079999979, -23.785909989999936 ], [ -46.089871848999962, -23.785889230999942 ], [ -46.089834334999978, -23.785868769999979 ], [ -46.089789541999949, -23.785846417999949 ], [ -46.089767024999958, -23.785835512999938 ], [ -46.08974359399997, -23.785826781999958 ], [ -46.089719959999968, -23.78581728599994 ], [ -46.089696342999957, -23.785809775999951 ], [ -46.089671591999945, -23.785801595999942 ], [ -46.089623822999954, -23.785787166999967 ], [ -46.089524266999945, -23.785759058999929 ], [ -46.08947550399995, -23.785743236999963 ], [ -46.089450459999966, -23.785735240999941 ], [ -46.089400975999979, -23.785721184999943 ], [ -46.089375052999969, -23.785713690999955 ], [ -46.089320568999938, -23.785700211999938 ], [ -46.089270284999941, -23.785684264999929 ], [ -46.089218919999951, -23.785668235999935 ], [ -46.089162982999937, -23.785657069999957 ], [ -46.089109958999984, -23.78564506999993 ], [ -46.089055078999934, -23.785634123999955 ], [ -46.088992377999944, -23.785621456999934 ], [ -46.088904289999959, -23.785605886999974 ], [ -46.088845295999931, -23.785590401999968 ], [ -46.088797926999973, -23.78557735399994 ], [ -46.088743172999955, -23.785562807999952 ], [ -46.088716206999948, -23.785555468999974 ], [ -46.088680286999931, -23.785545207999974 ], [ -46.08864482499996, -23.785532433999947 ], [ -46.08862116499995, -23.78552564599994 ], [ -46.088596360999929, -23.785517015999972 ], [ -46.08857259399997, -23.785509280999975 ], [ -46.088547808999976, -23.785502907999955 ], [ -46.088522994999948, -23.785498927999981 ], [ -46.088474424999959, -23.78548852299997 ], [ -46.088435667999931, -23.785481936999929 ], [ -46.088400286999956, -23.785474061999935 ], [ -46.088362300999961, -23.785465248999969 ], [ -46.088314388999947, -23.785449337999978 ], [ -46.088270143999978, -23.785437223999963 ], [ -46.088231533999931, -23.785425525999983 ], [ -46.088196197999935, -23.785413371999937 ], [ -46.088160161999951, -23.785399340999959 ], [ -46.088135565999949, -23.785392062999961 ], [ -46.088094620999982, -23.785376809999946 ], [ -46.088057622999941, -23.785361777999981 ], [ -46.088020603999951, -23.785344355999939 ], [ -46.08799490399997, -23.785330466999937 ], [ -46.087972091999973, -23.785319473999948 ], [ -46.087925814999949, -23.785295550999933 ], [ -46.08790412299993, -23.785283510999932 ], [ -46.087881391999986, -23.785270484999955 ], [ -46.087860818999957, -23.785257263999938 ], [ -46.087839107999969, -23.785242875999927 ], [ -46.087819310999976, -23.785228564999954 ], [ -46.087798570999951, -23.785212951999938 ], [ -46.087779401999967, -23.785197461999928 ], [ -46.087759582999979, -23.785180486999934 ], [ -46.087741276999964, -23.785162507999928 ], [ -46.087722637999946, -23.785145795999938 ], [ -46.087706386999969, -23.785127079999938 ], [ -46.087688325999977, -23.785109188999968 ], [ -46.087673124999981, -23.785090163999939 ], [ -46.087652121999952, -23.785062592999964 ], [ -46.087631678999969, -23.785037390999946 ], [ -46.087614749999943, -23.785012619999975 ], [ -46.087600217999977, -23.784994162999965 ], [ -46.087566686999935, -23.784956917999978 ], [ -46.087549958999944, -23.784939875999953 ], [ -46.087532831999965, -23.784922114999972 ], [ -46.087513906999959, -23.784906442999954 ], [ -46.087495568999941, -23.784890495999946 ], [ -46.087485400999981, -23.784883387999969 ], [ -46.087465752999947, -23.784869211999933 ], [ -46.087455344999967, -23.784862826999984 ], [ -46.087434386999973, -23.784850511999934 ], [ -46.087423691999959, -23.784844851999935 ], [ -46.08740157099993, -23.784834305999937 ], [ -46.087390586999959, -23.784829369999954 ], [ -46.087367302999951, -23.784820637999928 ], [ -46.087356030999956, -23.784816427999942 ], [ -46.087331633999952, -23.784809509999945 ], [ -46.087320121999937, -23.784806023999977 ], [ -46.087308321999956, -23.784803261999969 ], [ -46.087282761999973, -23.784798158999934 ], [ -46.087270722999961, -23.784796120999943 ], [ -46.087218598999982, -23.784789081999975 ], [ -46.087193992999971, -23.784786500999928 ], [ -46.087164229999985, -23.784784985999977 ], [ -46.087117102999969, -23.784781216999932 ], [ -46.087063436999983, -23.784780468999941 ], [ -46.08701390899995, -23.784781717999977 ], [ -46.086961678999955, -23.784784530999957 ], [ -46.086859421999975, -23.784792333999974 ], [ -46.086833276999982, -23.784793646999958 ], [ -46.086807483999962, -23.784795815999928 ], [ -46.086781942999949, -23.784798839999951 ], [ -46.086756751999985, -23.784802720999949 ], [ -46.086704801999986, -23.784808322999936 ], [ -46.086607676999961, -23.784821019999981 ], [ -46.086566292999976, -23.784826980999981 ], [ -46.086509373999945, -23.784837245999938 ], [ -46.086467754999944, -23.784843445999968 ], [ -46.08640937399997, -23.784855876999927 ], [ -46.08638377699998, -23.784862197999928 ], [ -46.08633231999994, -23.784872224999958 ], [ -46.086307933999933, -23.784878401999947 ], [ -46.086272846999975, -23.784887351999942 ], [ -46.086232486999961, -23.784899253999981 ], [ -46.086202398999944, -23.784909353999979 ], [ -46.086160163999978, -23.784923876999983 ], [ -46.086137675999964, -23.784934059999955 ], [ -46.086114640999938, -23.784943478999935 ], [ -46.086091010999951, -23.784952089999933 ], [ -46.086042550999935, -23.784966654999948 ], [ -46.086018374999981, -23.784974546999933 ], [ -46.085993942999949, -23.784981131999928 ], [ -46.085945556999945, -23.784992806999981 ], [ -46.085920962999978, -23.784997539999949 ], [ -46.085896352999953, -23.785000467999964 ], [ -46.085856295999974, -23.785007849999943 ], [ -46.085773951999954, -23.785022236999964 ], [ -46.085723505999965, -23.785027422999974 ], [ -46.085671083999955, -23.785031136999976 ], [ -46.085612452999953, -23.785037761999945 ], [ -46.085567450999974, -23.785039087999962 ], [ -46.085516391999931, -23.785039870999981 ], [ -46.085466394999969, -23.785036953999963 ], [ -46.085442608999983, -23.785035610999955 ], [ -46.085416445999954, -23.785031840999977 ], [ -46.085379676999935, -23.785024583999927 ], [ -46.085343350999949, -23.785016729999938 ], [ -46.085294394999949, -23.785007004999954 ], [ -46.085245334999968, -23.784996646999957 ], [ -46.085195308999971, -23.784986849999939 ], [ -46.085145225999952, -23.78497856599995 ], [ -46.085067201999948, -23.784966740999948 ], [ -46.085008735999963, -23.784958255999982 ], [ -46.084965877999934, -23.784954538999955 ], [ -46.084911344999966, -23.784947399999965 ], [ -46.084854471999961, -23.784936715999947 ], [ -46.084804292999934, -23.784930336999935 ], [ -46.084762644999955, -23.78491820399995 ], [ -46.08473778299998, -23.784907506999957 ], [ -46.084702694999976, -23.784890588999929 ], [ -46.084650244999978, -23.784872763999942 ], [ -46.08461456699996, -23.784860550999952 ], [ -46.084582821999959, -23.784849348999956 ], [ -46.084515393999936, -23.78483117299993 ], [ -46.08446294099997, -23.784813884999949 ], [ -46.084415511999964, -23.784799 ], [ -46.084343029999957, -23.784769027999971 ], [ -46.084248380999952, -23.784723000999975 ], [ -46.084201601999951, -23.784703549999961 ], [ -46.084154812999941, -23.784682925999959 ], [ -46.084109883999986, -23.784661791999952 ], [ -46.084063380999964, -23.784640171999968 ], [ -46.084017778999964, -23.784620577999931 ], [ -46.083971952999946, -23.784597733999931 ], [ -46.083895519999942, -23.784563946999981 ], [ -46.083833550999941, -23.784536162999927 ], [ -46.083789167999953, -23.784514989999934 ], [ -46.083742751999978, -23.784492726999929 ], [ -46.083699424999963, -23.784469458999979 ], [ -46.083654161999959, -23.784449365999933 ], [ -46.083610844999953, -23.784427316999938 ], [ -46.083566937999933, -23.784405045999961 ], [ -46.083523042999957, -23.784384265999961 ], [ -46.083479087999933, -23.784362176999934 ], [ -46.083457730999953, -23.784349004999967 ], [ -46.083413431999986, -23.784326827999962 ], [ -46.083346134999942, -23.784294876999979 ], [ -46.083299660999955, -23.784276688999967 ], [ -46.083222930999966, -23.784245596999938 ], [ -46.083161012999938, -23.784220898999934 ], [ -46.083090715999958, -23.784193936999941 ], [ -46.083043264999958, -23.784176386999945 ], [ -46.082994231999976, -23.784163183999965 ], [ -46.082967700999973, -23.784154671999943 ], [ -46.082920890999958, -23.784146397999962 ], [ -46.082867865999958, -23.78414007899994 ], [ -46.082814853999935, -23.784142766999935 ], [ -46.082775455999979, -23.784149455999966 ], [ -46.082724371999973, -23.784155322999936 ], [ -46.082664105999982, -23.784166447999951 ], [ -46.082637992999935, -23.784171507999929 ], [ -46.082607997999958, -23.78417591799996 ], [ -46.082575663999933, -23.784176460999959 ], [ -46.082549994999965, -23.784175827999945 ], [ -46.082524596999974, -23.784172528999932 ], [ -46.082503933999931, -23.784166080999967 ], [ -46.082479107999973, -23.784160655999983 ], [ -46.082429599999955, -23.784146975999931 ], [ -46.082376447999934, -23.784125364999966 ], [ -46.082337821999943, -23.784106237999936 ], [ -46.082316374999948, -23.784093969999958 ], [ -46.082295307999971, -23.784080299999971 ], [ -46.082275535999941, -23.784068877999971 ], [ -46.08225484999997, -23.784053850999953 ], [ -46.082235264999952, -23.784041298999966 ], [ -46.082214862999933, -23.78402486899995 ], [ -46.082195236999951, -23.78400748599995 ], [ -46.082175789999951, -23.783993848999955 ], [ -46.082157141999971, -23.783975871999928 ], [ -46.082137880999937, -23.783961104999946 ], [ -46.082120257999975, -23.783942532999959 ], [ -46.08210162599994, -23.78392654299995 ], [ -46.082085027999938, -23.783907376999935 ], [ -46.082061080999949, -23.783882540999969 ], [ -46.081997121999962, -23.783803195999951 ], [ -46.081975884999963, -23.783776801999977 ], [ -46.081959139999981, -23.783750795999936 ], [ -46.08191587999994, -23.783696557999974 ], [ -46.081887298999959, -23.783649830999934 ], [ -46.081877962999954, -23.783575500999973 ], [ -46.081890567999949, -23.783524685999964 ], [ -46.081884854999942, -23.783487065999964 ], [ -46.08186819499997, -23.783456977999947 ], [ -46.081832739999982, -23.783440021999979 ], [ -46.081780856999956, -23.783446119999951 ], [ -46.08172949599998, -23.783449489999953 ], [ -46.081703316999949, -23.783439347999945 ], [ -46.081666292999955, -23.783408689999931 ], [ -46.081638012999974, -23.78338021299993 ], [ -46.081612768999946, -23.783350328999973 ], [ -46.081587952999939, -23.783322324999972 ], [ -46.081565629999943, -23.783293128999958 ], [ -46.081538837999972, -23.783251726999936 ], [ -46.08151866399993, -23.783218332999979 ], [ -46.081505235999941, -23.783187974999976 ], [ -46.081480988999942, -23.783145696999952 ], [ -46.081473727999935, -23.783122129999981 ], [ -46.081462530999943, -23.783073618999936 ], [ -46.081451457999947, -23.783052021999936 ], [ -46.081441215999973, -23.783029965999958 ], [ -46.081432961999951, -23.782981253999935 ], [ -46.081423599999937, -23.782958785999938 ], [ -46.081415116999949, -23.782935860999942 ], [ -46.081410647999974, -23.782911732999935 ], [ -46.081403684999941, -23.782888570999944 ], [ -46.081397012999957, -23.782865 ], [ -46.081392354999934, -23.782841731999952 ], [ -46.081383478999953, -23.78281871799993 ], [ -46.081350847999943, -23.782655143999932 ], [ -46.081334190999939, -23.782519693999973 ], [ -46.081362267999964, -23.782441319999975 ], [ -46.08137265199997, -23.782378161999929 ], [ -46.081336392999958, -23.782326800999954 ], [ -46.081273839999938, -23.782298564999962 ], [ -46.081213506999973, -23.782310759999973 ], [ -46.08116373799993, -23.782360986999947 ], [ -46.081119193999939, -23.782395029999975 ], [ -46.081036595999933, -23.782454869999981 ], [ -46.080923480999957, -23.782503309999981 ], [ -46.080909497999983, -23.782503633999966 ], [ -46.080897098999969, -23.782505526999955 ], [ -46.080868514999963, -23.782508435999944 ], [ -46.080843670999968, -23.782512673999975 ], [ -46.080819923999968, -23.782519071999957 ], [ -46.080797176999965, -23.782527675999972 ], [ -46.080770848999975, -23.782536103999973 ], [ -46.08074735699995, -23.782543919999966 ], [ -46.080737006999982, -23.782550223999976 ], [ -46.080727152999941, -23.782557292999968 ], [ -46.080699071999959, -23.782570060999944 ], [ -46.080673893999972, -23.782586963999961 ], [ -46.080642004999959, -23.78260959399995 ], [ -46.08063453699998, -23.782620257999952 ], [ -46.080627564999986, -23.78263173199997 ], [ -46.080601065999986, -23.78266218999994 ], [ -46.080568021999966, -23.782694645999982 ], [ -46.08054711099993, -23.782720472999983 ], [ -46.08052284799993, -23.782750505999957 ], [ -46.080499318999955, -23.782777267999961 ], [ -46.080484355999943, -23.782795570999951 ], [ -46.080469343999937, -23.782813829999952 ], [ -46.080454183999962, -23.782831998999939 ], [ -46.080431845999954, -23.782860287999938 ], [ -46.080407230999981, -23.782886380999969 ], [ -46.080380341999955, -23.782910275999939 ], [ -46.080351176999955, -23.782932020999965 ], [ -46.080309728999964, -23.78295791499994 ], [ -46.080269969999961, -23.782986144999938 ], [ -46.080249497999944, -23.782999149999966 ], [ -46.080224973999975, -23.783016645999965 ], [ -46.080199488999938, -23.783037762999982 ], [ -46.08017526499998, -23.783063575999961 ], [ -46.080148141999985, -23.783089007999934 ], [ -46.080130758999985, -23.783105386999978 ], [ -46.08012053899995, -23.783115617999954 ], [ -46.080108454999959, -23.783126043999971 ], [ -46.080092454999942, -23.783143450999944 ], [ -46.080078555999933, -23.783153979999952 ], [ -46.080064573999948, -23.783167116999948 ], [ -46.080046593999953, -23.783181613999943 ], [ -46.080029067999931, -23.783192528999962 ], [ -46.080014891999951, -23.783203905999983 ], [ -46.079996037999933, -23.783215664999943 ], [ -46.07997039199995, -23.783229742999936 ], [ -46.079950379999957, -23.783242752999968 ], [ -46.079920541999968, -23.783255941999982 ], [ -46.079882591999933, -23.783269959999927 ], [ -46.079842265999957, -23.783283111999935 ], [ -46.079819078999947, -23.78329185399997 ], [ -46.079784271999984, -23.783301896999944 ], [ -46.079760326999974, -23.783308114999954 ], [ -46.079731040999945, -23.783315138999967 ], [ -46.079706388999966, -23.783318832999953 ], [ -46.079680120999967, -23.783323035999956 ], [ -46.07965427399995, -23.783324706999963 ], [ -46.079628864999961, -23.783325877999971 ], [ -46.079603488999965, -23.783325107999929 ], [ -46.07957752599998, -23.78332452099994 ], [ -46.079552618999969, -23.783321217999969 ], [ -46.079526108999971, -23.783319732999928 ], [ -46.079476577999969, -23.78331167999994 ], [ -46.079449568999962, -23.783309294999981 ], [ -46.079422111999975, -23.783306009999933 ], [ -46.079372402999979, -23.783300125999972 ], [ -46.079318373999968, -23.783294000999945 ], [ -46.079306249999945, -23.783293543999946 ], [ -46.079294578999964, -23.783294527999942 ], [ -46.079283508999936, -23.783296953999979 ], [ -46.079232445999935, -23.783293517999937 ], [ -46.079221878999931, -23.783297384999969 ], [ -46.07919729799994, -23.783297782999966 ], [ -46.079187330999957, -23.783303089999947 ], [ -46.079163165999944, -23.783306374999938 ], [ -46.079139318999978, -23.783312457999955 ], [ -46.079129853999973, -23.783319206999977 ], [ -46.079106422999985, -23.78332817699993 ], [ -46.079097461999936, -23.783336366999947 ], [ -46.079086123999957, -23.783341955999958 ], [ -46.079075232999969, -23.783348308999962 ], [ -46.079064888999937, -23.783355425999957 ], [ -46.079054991999953, -23.783363306999945 ], [ -46.079046631999972, -23.783372938999946 ], [ -46.079039743999942, -23.783379306999961 ], [ -46.079037280999955, -23.783381583999983 ], [ -46.079028427999958, -23.78339103899998 ], [ -46.079020071999935, -23.783401211999944 ], [ -46.079012453999951, -23.783411651999927 ], [ -46.079004594999958, -23.783422634999965 ], [ -46.078997426999933, -23.783434018999969 ], [ -46.078990790999967, -23.783444587999952 ], [ -46.078984555999966, -23.783456055999977 ], [ -46.07897920399995, -23.783467653999935 ], [ -46.078973502999986, -23.783478395999964 ], [ -46.07896913299993, -23.783490031999975 ], [ -46.078965647999951, -23.78350175199995 ], [ -46.078963095999939, -23.783513600999981 ], [ -46.078958424999939, -23.783524470999964 ], [ -46.078956756999958, -23.783536358999982 ], [ -46.078956070999936, -23.783548330999963 ], [ -46.07895233399995, -23.783559374999982 ], [ -46.078952385999969, -23.783583533999945 ], [ -46.078949632999979, -23.783594706999963 ], [ -46.078950863999978, -23.783619083999952 ], [ -46.078949092999949, -23.783630384999981 ], [ -46.078951503999974, -23.783655023999927 ], [ -46.078950714999962, -23.783666454999945 ], [ -46.078954305999957, -23.783691265999948 ], [ -46.078954201999977, -23.78371429699996 ], [ -46.07895872499995, -23.78373910199997 ], [ -46.078959845999975, -23.78376198899997 ], [ -46.078965249999953, -23.783786471999974 ], [ -46.078967449999936, -23.783809260999931 ], [ -46.078973635999944, -23.783833466999965 ], [ -46.078977061999979, -23.783856111999967 ], [ -46.078984030999948, -23.783879996999929 ], [ -46.078989173999958, -23.783902674999979 ], [ -46.078997022999943, -23.783926101999953 ], [ -46.079005699999982, -23.783948935999945 ], [ -46.079013249999946, -23.783971777999966 ], [ -46.079022756999962, -23.783994018999977 ], [ -46.079032711999957, -23.784017024999969 ], [ -46.079043096999953, -23.784038627999962 ], [ -46.079054607999979, -23.784059861999935 ], [ -46.079066968999939, -23.784083030999966 ], [ -46.07908, -23.784104163999928 ], [ -46.079094411999961, -23.784126144999959 ], [ -46.079108914999949, -23.784147222999934 ], [ -46.079125121999937, -23.784166616999983 ], [ -46.079141045999961, -23.784187548999967 ], [ -46.079159079999954, -23.784208285999966 ], [ -46.079167836999943, -23.784217029999979 ], [ -46.079177031999961, -23.784225139999933 ], [ -46.079197858999976, -23.784245540999962 ], [ -46.079207439999948, -23.784252969999955 ], [ -46.079230963999976, -23.784273080999981 ], [ -46.079241030999981, -23.784279873999935 ], [ -46.079246353999963, -23.784283162999941 ], [ -46.079272622999952, -23.78430289299996 ], [ -46.079309076999948, -23.784325413999966 ], [ -46.079336413999954, -23.784343781999951 ], [ -46.07936319099997, -23.784359625999969 ], [ -46.079406339999935, -23.784385289999932 ], [ -46.079432605999955, -23.784398698999951 ], [ -46.079458311999986, -23.784409626999945 ], [ -46.079546956999934, -23.784459763999962 ], [ -46.079598537999971, -23.784478459999946 ], [ -46.079651579999961, -23.784495790999983 ], [ -46.079674249999982, -23.784507553999958 ], [ -46.079697352999972, -23.784518229999946 ], [ -46.079751119999969, -23.78453415599995 ], [ -46.079774704999977, -23.78454378999993 ], [ -46.079798819999951, -23.784552290999954 ], [ -46.079852574999961, -23.784566816999927 ], [ -46.079901865999943, -23.784581464999974 ], [ -46.079956209999978, -23.784595985999943 ], [ -46.080006755999932, -23.784608050999964 ], [ -46.080062436999981, -23.784624098999927 ], [ -46.080084068999952, -23.784628900999962 ], [ -46.080103793999967, -23.784634653999944 ], [ -46.080187466999973, -23.784653228999957 ], [ -46.080274484999961, -23.784678609999958 ], [ -46.080326803999981, -23.784691564999946 ], [ -46.08037732899993, -23.784707061999939 ], [ -46.080426020999937, -23.784720448999963 ], [ -46.08047671199995, -23.784738291999929 ], [ -46.08057028199994, -23.784766763999983 ], [ -46.080619656999943, -23.784785699999929 ], [ -46.080669108999984, -23.784802061999983 ], [ -46.080715538999982, -23.784820838999963 ], [ -46.080770315999985, -23.784840143999929 ], [ -46.080866324999931, -23.784878712999955 ], [ -46.080894670999953, -23.784888494999961 ], [ -46.080922121999947, -23.784896927999966 ], [ -46.080947762999983, -23.784905914999968 ], [ -46.080974418999972, -23.78491304399995 ], [ -46.08100023999998, -23.784920042999943 ], [ -46.081026288999965, -23.784925098999963 ], [ -46.081052148999959, -23.78493092399998 ], [ -46.081078378999962, -23.784934035999981 ], [ -46.081128709999973, -23.784943798999961 ], [ -46.081155614999943, -23.784945506999975 ], [ -46.081183493999959, -23.784946304999949 ], [ -46.081232931999978, -23.784954945999971 ], [ -46.081261834999964, -23.784954923999976 ], [ -46.081291760999932, -23.784953991999942 ], [ -46.081321937999974, -23.784953734999931 ], [ -46.081424645999959, -23.78497152999995 ], [ -46.081454348999955, -23.784973398999966 ], [ -46.081483530999947, -23.784977393999952 ], [ -46.081536470999936, -23.78498826799995 ], [ -46.081565180999974, -23.784994478999977 ], [ -46.081592875999945, -23.78500263899997 ], [ -46.08164411499996, -23.785015555999962 ], [ -46.081670255999938, -23.785025623999957 ], [ -46.081694840999944, -23.785037552999938 ], [ -46.081792717999974, -23.785064593999948 ], [ -46.08181579799998, -23.785078385999952 ], [ -46.081837370999949, -23.785093949999975 ], [ -46.081860938999966, -23.785101550999968 ], [ -46.081884181999953, -23.785111277999931 ], [ -46.081904197999961, -23.785128522999969 ], [ -46.081927113999939, -23.785140328999944 ], [ -46.081945623999957, -23.78515921099995 ], [ -46.081968164999978, -23.785173186999941 ], [ -46.081989589999978, -23.78518866099995 ], [ -46.082006542999977, -23.785209178999935 ], [ -46.082025865999981, -23.785225570999955 ], [ -46.082033265999939, -23.785236266999959 ], [ -46.082050583999944, -23.785253575999945 ], [ -46.082065799999953, -23.785271803999933 ], [ -46.08207172799996, -23.785282508999956 ], [ -46.082084646999931, -23.785301790999938 ], [ -46.08208915199998, -23.785312551999937 ], [ -46.082099430999961, -23.785333116999936 ], [ -46.082107070999939, -23.785355009999932 ], [ -46.08211010499997, -23.785365780999939 ], [ -46.082115104999957, -23.785388866999938 ], [ -46.082116428999939, -23.785400643999935 ], [ -46.082118088999948, -23.78541142499995 ], [ -46.08211842999998, -23.785422936999964 ], [ -46.082117786999959, -23.785434230999954 ], [ -46.082116160999931, -23.78544526099995 ], [ -46.08211350199997, -23.785456026999952 ], [ -46.082109859999946, -23.78546657399994 ], [ -46.082110046999958, -23.785477364999963 ], [ -46.082105470999977, -23.785487692999936 ], [ -46.082099812999957, -23.785497757999963 ], [ -46.08209852899995, -23.785508604999961 ], [ -46.082095869999932, -23.785519460999978 ], [ -46.082043956999939, -23.785603004999928 ], [ -46.082036483999957, -23.785625048999975 ], [ -46.082027739999944, -23.785647642999947 ], [ -46.082017772999961, -23.785670743999958 ], [ -46.082003620999956, -23.785692111999936 ], [ -46.081988575999958, -23.785712356999966 ], [ -46.081977337999945, -23.785736007999958 ], [ -46.081961499999977, -23.785755175999952 ], [ -46.081955167999979, -23.785766915999943 ], [ -46.081938437999952, -23.785785050999948 ], [ -46.081931315999952, -23.785796208999955 ], [ -46.08192340599993, -23.78580687699997 ], [ -46.081887728999959, -23.785842258999935 ], [ -46.081879077999986, -23.785852389999945 ], [ -46.081869685999948, -23.785861983999951 ], [ -46.08185945699995, -23.785871086999975 ], [ -46.081820936999975, -23.785906895999972 ], [ -46.08180996699997, -23.785915461999934 ], [ -46.081798206999963, -23.785923491999938 ], [ -46.081778182999983, -23.785941062999939 ], [ -46.08175790599995, -23.785957597999982 ], [ -46.081710447999967, -23.785986604999948 ], [ -46.081690015999982, -23.786002191999955 ], [ -46.081669329999954, -23.786016741999958 ], [ -46.081624095999985, -23.786041759999932 ], [ -46.08160378599996, -23.786054320999938 ], [ -46.08158438199996, -23.786063758999944 ], [ -46.081573284999934, -23.786068848999946 ], [ -46.081554788999938, -23.786075255999947 ], [ -46.081537199999957, -23.786078629999963 ], [ -46.081519102999948, -23.786079930999961 ], [ -46.081511022999962, -23.786082701999931 ], [ -46.081507945999931, -23.786083756999972 ], [ -46.081487829999958, -23.78608421499996 ], [ -46.081476515999952, -23.78608677699998 ], [ -46.081454428999962, -23.786086299999965 ], [ -46.081443054999966, -23.786087553999948 ], [ -46.081418948999953, -23.786086141999931 ], [ -46.08140741699998, -23.786086177999948 ], [ -46.08138261299996, -23.786083460999976 ], [ -46.081371021999985, -23.786082187999966 ], [ -46.081346741999937, -23.786077616999933 ], [ -46.081334992999984, -23.786075079999932 ], [ -46.081311238999945, -23.78606874299993 ], [ -46.081299429999945, -23.786064942999928 ], [ -46.081276199999934, -23.786056750999933 ], [ -46.081252907999954, -23.786046934999945 ], [ -46.081230595999955, -23.78603702099997 ], [ -46.081209594999962, -23.786025336999955 ], [ -46.081187218999958, -23.786013661999959 ], [ -46.08116752899997, -23.786000297999976 ], [ -46.081146070999978, -23.78598681099993 ], [ -46.081127691999939, -23.785971766999978 ], [ -46.08111033199998, -23.78595545099995 ], [ -46.081089790999954, -23.785940060999962 ], [ -46.081073112999945, -23.785923062999927 ], [ -46.081057116999943, -23.785905382999943 ], [ -46.081041898999956, -23.785886974999983 ], [ -46.080959278999956, -23.785817875999953 ], [ -46.080896291999977, -23.785737304999941 ], [ -46.080854465999948, -23.78569971099995 ], [ -46.080837214999974, -23.785678742999949 ], [ -46.080796843999963, -23.785639061999973 ], [ -46.080778376999945, -23.785619321999945 ], [ -46.080758643999957, -23.785600719999934 ], [ -46.080720098999961, -23.785562334999952 ], [ -46.080699050999954, -23.785544915999935 ], [ -46.080677227999956, -23.785528811999939 ], [ -46.080640732999939, -23.785495018999939 ], [ -46.080618431999937, -23.78548045399998 ], [ -46.080581368999958, -23.78544914899993 ], [ -46.080558638999946, -23.785436030999961 ], [ -46.080535478999934, -23.785424452999962 ], [ -46.080495181999936, -23.785393620999969 ], [ -46.080472432999954, -23.785384206999936 ], [ -46.080450820999943, -23.785369862999971 ], [ -46.080429420999963, -23.785363464999932 ], [ -46.080406549999964, -23.78535107099998 ], [ -46.080386400999942, -23.785347599999966 ], [ -46.080362219999984, -23.785337111999979 ], [ -46.080352596999944, -23.78533650199995 ], [ -46.080327155999953, -23.78532791899994 ], [ -46.080317931999957, -23.785328073999949 ], [ -46.08030120799998, -23.785329274999981 ], [ -46.080248436999966, -23.785315148999928 ], [ -46.080234857999983, -23.785316823999949 ], [ -46.080224276999957, -23.785318975999928 ], [ -46.080170345999932, -23.785306979999973 ], [ -46.080162907999977, -23.785309605999942 ], [ -46.080151852999961, -23.785307909999972 ], [ -46.080131823999977, -23.785318887999949 ], [ -46.080116061999945, -23.785317655999961 ], [ -46.080103011999938, -23.785318017999941 ], [ -46.080090217999953, -23.78531964299998 ], [ -46.080077580999955, -23.785322485999927 ], [ -46.080065198999932, -23.785326545999965 ], [ -46.080053072999931, -23.785331868999947 ], [ -46.080041153999957, -23.78533845499993 ], [ -46.080018951999932, -23.785353647999955 ], [ -46.079996685999959, -23.785367031999954 ], [ -46.07998659499998, -23.785375230999932 ], [ -46.079977244999952, -23.785383830999933 ], [ -46.079963327999963, -23.785392194999929 ], [ -46.079954618999977, -23.785401196999942 ], [ -46.079946648999965, -23.785410600999967 ], [ -46.079939368999931, -23.785420450999936 ], [ -46.079928729999949, -23.785427478999964 ], [ -46.079922139999951, -23.785437730999945 ], [ -46.079910588999951, -23.785459080999942 ], [ -46.079900787999975, -23.785466690999954 ], [ -46.079891108999959, -23.785489020999933 ], [ -46.079882195999971, -23.78549716699996 ], [ -46.079874340999936, -23.785520522999946 ], [ -46.07986621799995, -23.785529249999968 ], [ -46.079860235999945, -23.785553585999935 ], [ -46.07985304999994, -23.785562848999973 ], [ -46.079846653999937, -23.785572646999981 ], [ -46.07983788599995, -23.785622155999931 ], [ -46.079832377999935, -23.785632534999934 ], [ -46.079827707999982, -23.785643450999942 ], [ -46.079820140999971, -23.785666036999942 ], [ -46.079813874999957, -23.78571534799994 ], [ -46.079808076999939, -23.785738282999944 ], [ -46.079806270999939, -23.785763177999968 ], [ -46.07980224399995, -23.785786506999955 ], [ -46.079801913999972, -23.78581197799997 ], [ -46.079799704999971, -23.785835655999961 ], [ -46.079800754999951, -23.785861703999956 ], [ -46.079803231999961, -23.785888329999977 ], [ -46.079801141999951, -23.785938242999976 ], [ -46.079813564999938, -23.786040211999932 ], [ -46.079812588999971, -23.786094316999936 ], [ -46.079813482999953, -23.786149040999931 ], [ -46.079815594999957, -23.786173049999945 ], [ -46.079815889999963, -23.786196981999979 ], [ -46.079816195999967, -23.786201482999957 ], [ -46.079819409999971, -23.786248751999949 ], [ -46.079817938999952, -23.786272650999933 ], [ -46.079814650999936, -23.786296471999947 ], [ -46.079819767999936, -23.786345521999976 ], [ -46.079816384999958, -23.786369749999949 ], [ -46.079814580999937, -23.786394824999945 ], [ -46.079814254999974, -23.78642070199993 ], [ -46.079819939999936, -23.786467445999961 ], [ -46.07982119199994, -23.786494169999969 ], [ -46.079826133999973, -23.786539924999943 ], [ -46.079828843999962, -23.786594771999944 ], [ -46.079831923999961, -23.786640855999963 ], [ -46.079831896999963, -23.786696986999971 ], [ -46.079837057999953, -23.786789071999976 ], [ -46.079836649999947, -23.786844346999942 ], [ -46.079836640999986, -23.786845565999954 ], [ -46.079837004999945, -23.786852065999938 ], [ -46.079838154999948, -23.786878384999966 ], [ -46.079839696999954, -23.786934323999958 ], [ -46.079839819999961, -23.786961055999939 ], [ -46.079838865999932, -23.786988202999964 ], [ -46.079840488999935, -23.787042018999955 ], [ -46.079838458999973, -23.787069578999933 ], [ -46.079832737999936, -23.78712547799995 ], [ -46.079832709999948, -23.78717560299998 ], [ -46.079825816999971, -23.78723223399993 ], [ -46.079822579999984, -23.787339323999959 ], [ -46.079816175999952, -23.787395815999957 ], [ -46.079814553999938, -23.787425133999932 ], [ -46.079810301999942, -23.787480751999965 ], [ -46.079807795999955, -23.787510031999943 ], [ -46.079804404999948, -23.787539181999932 ], [ -46.079800487999933, -23.787593668999932 ], [ -46.079790861999982, -23.787675877999959 ], [ -46.079781454999932, -23.787731125999983 ], [ -46.079769613999986, -23.78780657599998 ], [ -46.079768152999975, -23.787831693999976 ], [ -46.079763641999932, -23.787879772999929 ], [ -46.079761338999958, -23.787927654999976 ], [ -46.079760409999949, -23.787963742999978 ], [ -46.079761344999952, -23.787999680999974 ], [ -46.079765024999972, -23.788035238999953 ], [ -46.079772378999962, -23.788070003999962 ], [ -46.07979344499995, -23.788119258999927 ], [ -46.079803321999975, -23.788144612999929 ], [ -46.079821833999972, -23.788175641999942 ], [ -46.079850289999968, -23.788210575999983 ], [ -46.079866556999946, -23.788231233999966 ], [ -46.079882950999945, -23.788243582999939 ], [ -46.079901164999967, -23.788262330999942 ], [ -46.079919766999978, -23.78827466499996 ], [ -46.079939925999952, -23.78829118699997 ], [ -46.07996207399998, -23.788305075999972 ], [ -46.079982883999946, -23.788317347999964 ], [ -46.080006924999964, -23.788328649999983 ], [ -46.080032906999975, -23.788337273999957 ], [ -46.080054986999983, -23.788348769999971 ], [ -46.080081652999979, -23.788357072999929 ], [ -46.080104113999937, -23.788367165999944 ], [ -46.080130060999977, -23.788377505999961 ], [ -46.080152902999941, -23.788386196999966 ], [ -46.080201302999967, -23.78840572799993 ], [ -46.080249520999985, -23.788427020999961 ], [ -46.080284, -23.78844249399998 ], [ -46.080308267999953, -23.788451445999954 ], [ -46.080347996999933, -23.788478355999928 ], [ -46.08038038899997, -23.788520142999971 ], [ -46.080393314999981, -23.788575967999975 ], [ -46.080385649999982, -23.788646660999973 ], [ -46.080357797999966, -23.788690838999969 ], [ -46.080350576999933, -23.788701772999957 ], [ -46.080340948999947, -23.788718502999927 ], [ -46.080332540999962, -23.788728360999983 ], [ -46.080323489999955, -23.78873763699994 ], [ -46.080318631999944, -23.788743631999978 ], [ -46.080308987999956, -23.788752368999951 ], [ -46.08029875099993, -23.788760568999976 ], [ -46.08028786999995, -23.78876818699996 ], [ -46.08027986899998, -23.788773886999934 ], [ -46.080268346999958, -23.788781011999959 ], [ -46.080244600999947, -23.78879350699998 ], [ -46.080233505999956, -23.788798912999937 ], [ -46.080209446999959, -23.788809195999931 ], [ -46.080191928999966, -23.788815248999981 ], [ -46.080167605999975, -23.788823321999928 ], [ -46.080135479999967, -23.788831343999959 ], [ -46.080123132999972, -23.788833733999979 ], [ -46.080098476999979, -23.788837021999939 ], [ -46.080073905999939, -23.788838774999931 ], [ -46.080049563999978, -23.788838673999976 ], [ -46.080031205999944, -23.788838464999969 ], [ -46.080013170999962, -23.788835044999928 ], [ -46.079988882999942, -23.788829524999983 ], [ -46.079977038999971, -23.788827349999963 ], [ -46.079941024999982, -23.788816222999969 ], [ -46.079916754999942, -23.788806908999959 ], [ -46.079893425999956, -23.788798672999974 ], [ -46.079868500999964, -23.788789421999979 ], [ -46.079845954999939, -23.788778729999933 ], [ -46.079820285999972, -23.788768252999944 ], [ -46.079795528999966, -23.788757672999964 ], [ -46.07977268999997, -23.788743495999938 ], [ -46.079751641999962, -23.788731928999937 ], [ -46.079728949999947, -23.78871763799998 ], [ -46.07970615399995, -23.788705129999983 ], [ -46.079685001999962, -23.788690534999944 ], [ -46.079664555999955, -23.78867478199993 ], [ -46.079643436999959, -23.788660840999967 ], [ -46.079623868999931, -23.788644449999936 ], [ -46.079604011999947, -23.788628783999968 ], [ -46.079585075999944, -23.788611756999956 ], [ -46.079566381999939, -23.788594230999934 ], [ -46.079548079999938, -23.788576657999954 ], [ -46.079530410999951, -23.788558491999936 ], [ -46.079513275999943, -23.788539736999951 ], [ -46.079496631999973, -23.788520841999969 ], [ -46.079481305999934, -23.788501259999975 ], [ -46.079466027999956, -23.788481452999974 ], [ -46.079452413999945, -23.788461091999977 ], [ -46.079438551999942, -23.788440415999958 ], [ -46.079426055999932, -23.788418827999976 ], [ -46.079414250999946, -23.78839764199995 ], [ -46.079403173999935, -23.788375456999972 ], [ -46.079392689999963, -23.788353853999979 ], [ -46.07938298199997, -23.788331162999953 ], [ -46.079373379999936, -23.788309328999958 ], [ -46.079365042999939, -23.788286221999954 ], [ -46.079356273999963, -23.788264245999983 ], [ -46.079349355999966, -23.788240721999955 ], [ -46.079341468999985, -23.78821860499994 ], [ -46.079335775999937, -23.78819471199995 ], [ -46.079331159999981, -23.788170584999932 ], [ -46.079324446999976, -23.788147962999972 ], [ -46.079320858999949, -23.788123557999938 ], [ -46.07931575799995, -23.788100111999938 ], [ -46.079313198999955, -23.788075473999982 ], [ -46.079309661999957, -23.788051293999956 ], [ -46.079307737999954, -23.788026289999948 ], [ -46.079299337999942, -23.787930073999974 ], [ -46.079296373999966, -23.787880240999982 ], [ -46.079292052999961, -23.787832403999971 ], [ -46.079286464999939, -23.787785524999947 ], [ -46.079282835999948, -23.787762113999975 ], [ -46.079276900999957, -23.787738672999978 ], [ -46.07926895199995, -23.787691223999957 ], [ -46.079260709999971, -23.787667708999948 ], [ -46.079250160999948, -23.78764416599995 ], [ -46.079244863999975, -23.787620720999939 ], [ -46.07923810099993, -23.787598098999979 ], [ -46.079213677999974, -23.787552344999938 ], [ -46.079205498999954, -23.787530545999971 ], [ -46.079192509999984, -23.787508644999946 ], [ -46.079182816999946, -23.787487624999983 ], [ -46.079169341999943, -23.78746635899995 ], [ -46.079157986999974, -23.787446207999949 ], [ -46.079144676999931, -23.787426928999935 ], [ -46.079089917999966, -23.787344537999957 ], [ -46.079074699999978, -23.787326039999982 ], [ -46.079057526999975, -23.787308412999948 ], [ -46.079039594999983, -23.787288426999964 ], [ -46.07902414299997, -23.787271075999968 ], [ -46.079005435999932, -23.787252034999938 ], [ -46.078987473999973, -23.787233941999943 ], [ -46.078967605999935, -23.787214404999929 ], [ -46.078947665999976, -23.787197055999968 ], [ -46.078927965999981, -23.787179313999957 ], [ -46.078904620999936, -23.787160417999928 ], [ -46.078887089999967, -23.787144963999935 ], [ -46.078869102999931, -23.787131945999931 ], [ -46.078849210999977, -23.787117128999967 ], [ -46.078828134999981, -23.78710315099994 ], [ -46.078815620999933, -23.787094205999949 ], [ -46.078795859999957, -23.787083817999928 ], [ -46.078769011999952, -23.787068566999949 ], [ -46.078753104999976, -23.787059274999933 ], [ -46.078729677999945, -23.787048069999969 ], [ -46.078703917999974, -23.787035966999952 ], [ -46.07869093599993, -23.787032760999978 ], [ -46.078677764999952, -23.787030414999947 ], [ -46.078651284999978, -23.787026806999961 ], [ -46.078562502999944, -23.787007692999964 ], [ -46.078536030999942, -23.787005032999957 ], [ -46.078509516999929, -23.787003231999961 ], [ -46.078474177999965, -23.78699652399996 ], [ -46.078447670999935, -23.786995580999928 ], [ -46.078418285999931, -23.786990727999978 ], [ -46.078392116999964, -23.786989149999954 ], [ -46.078389117999961, -23.786988538999935 ], [ -46.078366408999955, -23.786983910999936 ], [ -46.078341055999942, -23.786980113999959 ], [ -46.07831651999993, -23.786974143999942 ], [ -46.078292114999954, -23.786966366999934 ], [ -46.078268345999959, -23.786958223999932 ], [ -46.078245393999964, -23.786947952999981 ], [ -46.078222292999953, -23.786937592999948 ], [ -46.078200157999959, -23.786925283999949 ], [ -46.078178840999954, -23.786910981999938 ], [ -46.078157043999965, -23.786898083999972 ], [ -46.07813654399996, -23.786881699999981 ], [ -46.078116050999938, -23.786866172999964 ], [ -46.078097157999935, -23.786848287999931 ], [ -46.078080708999948, -23.786829300999955 ], [ -46.078061568999942, -23.786811235999949 ], [ -46.07804751599997, -23.786791193999932 ], [ -46.078045045999943, -23.786786695999979 ], [ -46.078035907999947, -23.786770050999962 ], [ -46.078018120999957, -23.786749492999945 ], [ -46.078008176999958, -23.786727841999948 ], [ -46.077999164999937, -23.786706093999953 ], [ -46.07798263199993, -23.786682907999932 ], [ -46.07797450299995, -23.786661153999944 ], [ -46.077959824999937, -23.786636690999956 ], [ -46.077952676999985, -23.78661483999997 ], [ -46.077940204999948, -23.786590135999973 ], [ -46.077929939999933, -23.786565279999934 ], [ -46.077902912999946, -23.786471541999958 ], [ -46.077894854999954, -23.786446535999971 ], [ -46.07788861399996, -23.78642156199993 ], [ -46.077882517999967, -23.786396496999942 ], [ -46.077877504999947, -23.786371785999961 ], [ -46.077872831999969, -23.786346530999936 ], [ -46.077869530999976, -23.786321174999955 ], [ -46.077865795999969, -23.786296725999932 ], [ -46.077863965999939, -23.786271179999972 ], [ -46.077861508999945, -23.786246992999963 ], [ -46.07785873399996, -23.786196028999939 ], [ -46.077854579999951, -23.786096982999936 ], [ -46.077853571999981, -23.786040227999933 ], [ -46.077851119999934, -23.785992829999941 ], [ -46.077851391999957, -23.785936470999957 ], [ -46.077847770999938, -23.785890164999955 ], [ -46.077848979999942, -23.785840392999944 ], [ -46.077845747999959, -23.785793632999969 ], [ -46.077845952999951, -23.785747028999936 ], [ -46.077844666999965, -23.785698267999976 ], [ -46.077841925999962, -23.785651503999929 ], [ -46.077841281999952, -23.785626942999954 ], [ -46.077839660999985, -23.785602885999936 ], [ -46.077836025999943, -23.785554908999927 ], [ -46.077833427999963, -23.785531399999968 ], [ -46.077829852999969, -23.785508439999944 ], [ -46.077827376999949, -23.785458106999954 ], [ -46.077820224999982, -23.785412005999945 ], [ -46.077818830999945, -23.785385869999971 ], [ -46.077816548999976, -23.785359016999962 ], [ -46.077811347999955, -23.785311502999946 ], [ -46.077808225999945, -23.78528393299996 ], [ -46.077806658999975, -23.785272518999932 ], [ -46.077802597999948, -23.785244233999947 ], [ -46.077800013999934, -23.785234271999968 ], [ -46.077796409999962, -23.785225671999967 ], [ -46.077793790999976, -23.785211556999968 ], [ -46.077790339999979, -23.78519771699996 ], [ -46.077785666999944, -23.785190524999962 ], [ -46.077781433999974, -23.785177006999959 ], [ -46.077776368999935, -23.78516385699993 ], [ -46.077770677999979, -23.785158070999955 ], [ -46.077764830999968, -23.785145196999963 ], [ -46.077758200999938, -23.785132688999965 ], [ -46.077751441999965, -23.785128265999958 ], [ -46.07774397999998, -23.785116079999966 ], [ -46.077735784999959, -23.785104170999944 ], [ -46.077728006999962, -23.78510115499995 ], [ -46.077719130999981, -23.785089926999945 ], [ -46.077709819999939, -23.785079560999975 ], [ -46.077700024999956, -23.785070055999938 ], [ -46.077691227999935, -23.785068400999933 ], [ -46.077681047999931, -23.785059801999978 ], [ -46.077670384999976, -23.785052109999981 ], [ -46.07765928799995, -23.785045322999963 ], [ -46.077647755999976, -23.785039397999981 ], [ -46.077638576999959, -23.785039100999938 ], [ -46.077626562999967, -23.785034081999981 ], [ -46.077614309999944, -23.785030057999961 ], [ -46.077602017999936, -23.785027072999981 ], [ -46.077589684999964, -23.785025171999962 ], [ -46.07757731199996, -23.785024354999962 ], [ -46.077564849999931, -23.78502462299997 ], [ -46.077555779999955, -23.785025588999929 ], [ -46.077543277999951, -23.785026940999956 ], [ -46.077530784999965, -23.785029376999944 ], [ -46.077518152999971, -23.785032851999972 ], [ -46.07750587299995, -23.785037407999937 ], [ -46.077494141999978, -23.785042998999927 ], [ -46.077483008999934, -23.785049669999978 ], [ -46.07747414499994, -23.785051943999974 ], [ -46.077463559999956, -23.785059649999937 ], [ -46.07745362199995, -23.785068388999946 ], [ -46.077444231999948, -23.785078208999948 ], [ -46.077435487999935, -23.78508906199994 ], [ -46.077422751999961, -23.78510264199997 ], [ -46.077395029999934, -23.78513391499996 ], [ -46.077373293999983, -23.785164005999945 ], [ -46.077353330999983, -23.785194897999929 ], [ -46.077335139999946, -23.78522645399994 ], [ -46.07732189099994, -23.78524707899993 ], [ -46.077307293999979, -23.785271912999974 ], [ -46.077286322999953, -23.78531092299994 ], [ -46.077274614999965, -23.785331234999944 ], [ -46.077264629999945, -23.785352302999968 ], [ -46.077240482999969, -23.785399434999931 ], [ -46.077230499999985, -23.785420637999948 ], [ -46.077218795999954, -23.78544153699994 ], [ -46.077205195999966, -23.785464436999973 ], [ -46.077191869999979, -23.785484940999936 ], [ -46.077176830999974, -23.785505998999952 ], [ -46.07716183399998, -23.785526152999978 ], [ -46.077145354999971, -23.785545143999968 ], [ -46.077129024999977, -23.785564359999967 ], [ -46.077111155999944, -23.785581327999978 ], [ -46.077093402999935, -23.78559671599993 ], [ -46.077074043999971, -23.785610829999939 ], [ -46.077060119999942, -23.785622754999963 ], [ -46.077044263999937, -23.785634131999927 ], [ -46.077029512999957, -23.785642682999935 ], [ -46.077014390999977, -23.785651032999965 ], [ -46.076999244999968, -23.785656514999971 ], [ -46.076979041999948, -23.785662748999982 ], [ -46.076957651999976, -23.785666840999966 ], [ -46.076944028999947, -23.785668011999974 ], [ -46.076909556999965, -23.785669436999967 ], [ -46.076873914999965, -23.785667783999941 ], [ -46.07683508599996, -23.785665936999976 ], [ -46.076821877999976, -23.785665035999955 ], [ -46.076771361999931, -23.785662452999929 ], [ -46.07674570599994, -23.785660433999965 ], [ -46.076719257999969, -23.785657803999982 ], [ -46.076693463999959, -23.785654704999956 ], [ -46.07666762599996, -23.785650848999978 ], [ -46.076642762999938, -23.78564681499995 ], [ -46.076616515999945, -23.78564172199998 ], [ -46.076592040999969, -23.785636414999942 ], [ -46.076565976999973, -23.785630423999976 ], [ -46.076540908999959, -23.785623509999937 ], [ -46.076516788999982, -23.785616361999928 ], [ -46.076492590999976, -23.785609711999939 ], [ -46.076469832999976, -23.78560106599997 ], [ -46.076446794999981, -23.785590387999946 ], [ -46.076425056999938, -23.785578617999931 ], [ -46.076403278999976, -23.785567886999956 ], [ -46.076382610999985, -23.785554979999972 ], [ -46.076339270999938, -23.785529948999965 ], [ -46.076294335999933, -23.785501948999979 ], [ -46.076209353999957, -23.785443655999927 ], [ -46.07616519499993, -23.785414566999975 ], [ -46.076143422999962, -23.785398642999951 ], [ -46.076110400999937, -23.785374888999968 ], [ -46.076083740999934, -23.78535392699996 ], [ -46.076062583999942, -23.78533688899995 ], [ -46.076042169999937, -23.785319447999939 ], [ -46.076022505999958, -23.785302893999983 ], [ -46.075996262999979, -23.785278905999974 ], [ -46.075966835999964, -23.785252945999957 ], [ -46.075929763999966, -23.785219863999941 ], [ -46.075895105999962, -23.785188494999943 ], [ -46.075856989999977, -23.785154260999946 ], [ -46.075836889999948, -23.785138730999961 ], [ -46.075815830999943, -23.785126035999951 ], [ -46.075793463999958, -23.785115145999953 ], [ -46.075770804999934, -23.785104781999962 ], [ -46.075750224999979, -23.785096435999947 ], [ -46.075732560999938, -23.785088979999955 ], [ -46.075713041999961, -23.785083739999948 ], [ -46.075696641999969, -23.785078835999968 ], [ -46.075683768999966, -23.785076416999971 ], [ -46.075671679999971, -23.785074708999957 ], [ -46.075659209999969, -23.785074078999969 ], [ -46.075645565999935, -23.785072739999976 ], [ -46.075627643999951, -23.785072147999983 ], [ -46.07561246299997, -23.785073328999943 ], [ -46.075596903999951, -23.785075946999939 ], [ -46.075582891999943, -23.785077119999983 ], [ -46.075569270999949, -23.785078647999967 ], [ -46.075552537999954, -23.785080556999958 ], [ -46.075530779999951, -23.785087160999979 ], [ -46.075494645999981, -23.785098164999965 ], [ -46.075472521999984, -23.785107638999932 ], [ -46.075432192999983, -23.78512660399997 ], [ -46.075397619999933, -23.78514077899996 ], [ -46.075361012999963, -23.78515929699995 ], [ -46.075339842999938, -23.785172364999937 ], [ -46.075318921999951, -23.785186130999932 ], [ -46.075292970999953, -23.785203875999969 ], [ -46.075272445999985, -23.785218355999973 ], [ -46.075248427999952, -23.785234294999952 ], [ -46.075225771999953, -23.785248972999966 ], [ -46.075213175999977, -23.785257838999939 ], [ -46.075195319999978, -23.785269460999928 ], [ -46.075164117999975, -23.785288282999943 ], [ -46.075137582999957, -23.785301735999951 ], [ -46.075109707999957, -23.785313498999983 ], [ -46.075089436999974, -23.785320351999928 ], [ -46.075075350999953, -23.785324665999951 ], [ -46.075063508999961, -23.785328722999964 ], [ -46.075051266999935, -23.785331878999955 ], [ -46.075039298999968, -23.785333604999948 ], [ -46.075026067999943, -23.785335129999964 ], [ -46.07501283199997, -23.785335939999982 ], [ -46.075000158999956, -23.785334853999927 ], [ -46.074986756999976, -23.785334269999964 ], [ -46.07497467099995, -23.785332546999939 ], [ -46.074961752999968, -23.785331056999951 ], [ -46.074949317999938, -23.785328659999948 ], [ -46.074937415999955, -23.785325400999966 ], [ -46.07492599699998, -23.78532119099998 ], [ -46.074915695999948, -23.785317976999977 ], [ -46.074903604999975, -23.785313398999961 ], [ -46.074893151999959, -23.78530742099997 ], [ -46.07488323299998, -23.785300580999944 ], [ -46.074873944999979, -23.785293013999933 ], [ -46.074861657999975, -23.785283226999979 ], [ -46.074847766999937, -23.785272377999945 ], [ -46.074840870999935, -23.785263258999976 ], [ -46.074834756999962, -23.78525368399994 ], [ -46.074822310999934, -23.785235111999953 ], [ -46.074812711999982, -23.78521653699994 ], [ -46.074799564999978, -23.785187140999938 ], [ -46.07478890699997, -23.785156191999931 ], [ -46.074784516999955, -23.785138954999979 ], [ -46.074780788999931, -23.785123779999935 ], [ -46.074777630999961, -23.785106743999961 ], [ -46.074775209999984, -23.785089815999982 ], [ -46.074772988999939, -23.785071654999967 ], [ -46.074770063999949, -23.785054854999942 ], [ -46.074766934999957, -23.785037639999928 ], [ -46.074763674999986, -23.785020098999951 ], [ -46.074760998999977, -23.785005799999965 ], [ -46.074757965999936, -23.78498895499996 ], [ -46.074753891999933, -23.784973954999941 ], [ -46.074749491999967, -23.784953169999937 ], [ -46.07474584199997, -23.784935631999929 ], [ -46.074740030999976, -23.784917468999936 ], [ -46.07473426699994, -23.784901660999935 ], [ -46.07472710199994, -23.784884819999945 ], [ -46.074719201999983, -23.784869506999939 ], [ -46.074710602999971, -23.784853595999948 ], [ -46.074701816999948, -23.784839518999945 ], [ -46.074690633999978, -23.784824111999967 ], [ -46.07467976099997, -23.784809921999965 ], [ -46.07466739399996, -23.784796726999957 ], [ -46.074658885999952, -23.784788477999939 ], [ -46.074649934999968, -23.784780095999963 ], [ -46.074640746999933, -23.784772708999981 ], [ -46.074631092999937, -23.78476509799998 ], [ -46.07461817799998, -23.784757660999958 ], [ -46.074599426999953, -23.784748610999941 ], [ -46.074582203999967, -23.78474070599998 ], [ -46.074554090999982, -23.784732298999927 ], [ -46.074525604999963, -23.784726045999946 ], [ -46.074501985999973, -23.784720749999963 ], [ -46.07446293299995, -23.784715783999957 ], [ -46.074411606999945, -23.784710134999955 ], [ -46.074385617999951, -23.784707305999973 ], [ -46.074360289999959, -23.784706048999965 ], [ -46.074334728999986, -23.784706334999953 ], [ -46.074230854999939, -23.784713559999943 ], [ -46.074205194999934, -23.784714144999953 ], [ -46.074139670999955, -23.784718529999964 ], [ -46.074111326999969, -23.784721610999952 ], [ -46.074059950999981, -23.784721116999947 ], [ -46.074044303999983, -23.784718253999984 ], [ -46.074024552999958, -23.784716240999956 ], [ -46.074010241999986, -23.784712755999976 ], [ -46.073996961999967, -23.784708307999949 ], [ -46.073985727999968, -23.784706008999933 ], [ -46.073973929999966, -23.784703471999933 ], [ -46.073962857999959, -23.784699664999948 ], [ -46.073952511999948, -23.784694633999948 ], [ -46.073941359999935, -23.784687170999973 ], [ -46.073931690999984, -23.784680915999957 ], [ -46.073922697999933, -23.784673436999981 ], [ -46.073908279999955, -23.784660415999952 ], [ -46.073895, -23.784646896999959 ], [ -46.073877096999979, -23.784625983999945 ], [ -46.073858696999935, -23.78460628199997 ], [ -46.073841690999984, -23.78458345699994 ], [ -46.073825789999944, -23.784560946999932 ], [ -46.073796180999977, -23.784510892999947 ], [ -46.073771892999957, -23.784463507999931 ], [ -46.073754769999937, -23.784433756999931 ], [ -46.073743988999979, -23.784401617999947 ], [ -46.073725733999936, -23.784358027999929 ], [ -46.073714386999939, -23.784332728999971 ], [ -46.073697625999955, -23.784287507999977 ], [ -46.073687059999941, -23.784261750999974 ], [ -46.073677324999949, -23.784235536999972 ], [ -46.073670221999976, -23.784213187999967 ], [ -46.073663954999972, -23.784190968999951 ], [ -46.073655445999975, -23.784164656999963 ], [ -46.073644567999963, -23.784118761999935 ], [ -46.073637776999931, -23.784092617999931 ], [ -46.073632706999945, -23.784066732999975 ], [ -46.073623420999979, -23.78401757599994 ], [ -46.073620068999958, -23.783991904999937 ], [ -46.07361672199994, -23.783966684999939 ], [ -46.073616582999932, -23.783943835999935 ], [ -46.073615152999935, -23.783919009999977 ], [ -46.073618316999955, -23.783898034999936 ], [ -46.073618753999938, -23.783873601999971 ], [ -46.073621107999941, -23.783849515999975 ], [ -46.073627573999943, -23.783830143999978 ], [ -46.073629685999947, -23.783818478999933 ], [ -46.073632783999983, -23.783807302999946 ], [ -46.073636916999931, -23.783796662999976 ], [ -46.073644404999982, -23.783782250999934 ], [ -46.073649522999972, -23.783772099999965 ], [ -46.073655577999943, -23.783762483999965 ], [ -46.07366266799994, -23.783753402999935 ], [ -46.073672417999944, -23.783739652999941 ], [ -46.073680492999983, -23.783731061999958 ], [ -46.073689504999948, -23.783723005999946 ], [ -46.073709106999956, -23.783707832999937 ], [ -46.073722767999982, -23.783692203999976 ], [ -46.073743309999941, -23.783677925999939 ], [ -46.073760058999937, -23.783661914999982 ], [ -46.07378153999997, -23.783648488999972 ], [ -46.073800066999979, -23.783633818999931 ], [ -46.073822536999955, -23.783621289999928 ], [ -46.073842645999946, -23.783608189999939 ], [ -46.073889996999981, -23.783583881999959 ], [ -46.073911541999962, -23.78357226199995 ], [ -46.073934323999936, -23.783561942999938 ], [ -46.073984567999958, -23.783537433999982 ], [ -46.074008585999934, -23.783528144999934 ], [ -46.074033394999958, -23.783519663999982 ], [ -46.074058116999936, -23.783506486999954 ], [ -46.074082875999977, -23.783497824999984 ], [ -46.074105276999944, -23.783482901999946 ], [ -46.074129094999932, -23.783473207999975 ], [ -46.074151234999931, -23.783462351999958 ], [ -46.074171364999984, -23.783445683999958 ], [ -46.074189826999941, -23.783435124999983 ], [ -46.074202856999932, -23.783426363999979 ], [ -46.07422061699998, -23.783407950999958 ], [ -46.074230414999931, -23.783400025999981 ], [ -46.07423917899996, -23.783391700999971 ], [ -46.074247299999968, -23.783382702999972 ], [ -46.074254435999933, -23.783373260999952 ], [ -46.074261962999969, -23.783363589999965 ], [ -46.074268894999932, -23.783353290999969 ], [ -46.07427367899993, -23.783344271999965 ], [ -46.074279918999935, -23.783333299999981 ], [ -46.074285516999964, -23.783321790999935 ], [ -46.074290228999985, -23.783309971999927 ], [ -46.074292660999959, -23.783301329999972 ], [ -46.074296390999962, -23.783289472999968 ], [ -46.074298992999957, -23.783277668999972 ], [ -46.074300514999948, -23.783265871999959 ], [ -46.074300643999948, -23.783257652999964 ], [ -46.074301086999981, -23.783245953999938 ], [ -46.074300401999949, -23.78323426299994 ], [ -46.074298687999942, -23.783222713999976 ], [ -46.074295894999977, -23.783211218999952 ], [ -46.07429362299996, -23.783203421999929 ], [ -46.074289897999961, -23.783192113999974 ], [ -46.074285390999933, -23.783181081999942 ], [ -46.074280101999932, -23.783170415999962 ], [ -46.074275526999941, -23.783162996999977 ], [ -46.074269552999965, -23.783152651999956 ], [ -46.07426279699996, -23.78314262899994 ], [ -46.074255307999977, -23.78313292699994 ], [ -46.074248330999978, -23.783125930999972 ], [ -46.074240107999969, -23.783116550999978 ], [ -46.074231152999971, -23.783107626999936 ], [ -46.07422171199994, -23.783099292999964 ], [ -46.074212431999968, -23.783092719999956 ], [ -46.074202506999939, -23.78308515699996 ], [ -46.074192244999949, -23.783078409999973 ], [ -46.074181644999953, -23.783072431999983 ], [ -46.074171046999936, -23.783066590999965 ], [ -46.074160062999965, -23.783061563999979 ], [ -46.074148692999984, -23.783057397999983 ], [ -46.07413790399994, -23.783052234999957 ], [ -46.074125706999951, -23.78304884299996 ], [ -46.074110225999959, -23.783046015999957 ], [ -46.074099198999932, -23.783041711999942 ], [ -46.074066959999982, -23.783035794999932 ], [ -46.074031448999961, -23.783031886999936 ], [ -46.073982162999982, -23.783029610999961 ], [ -46.073938218999956, -23.783032535999951 ], [ -46.073894989999985, -23.783038842999929 ], [ -46.073844363999967, -23.783040639999967 ], [ -46.073794969999938, -23.783049156999937 ], [ -46.073741464999955, -23.783052960999953 ], [ -46.073700843999973, -23.78306019799993 ], [ -46.07364498499993, -23.783064243999945 ], [ -46.073618353999962, -23.78306600999997 ], [ -46.073591886999964, -23.783065658999931 ], [ -46.073546098999941, -23.783063305999974 ], [ -46.073515512999961, -23.783061888999953 ], [ -46.073465564999935, -23.783050765999974 ], [ -46.073434371999952, -23.783046681999963 ], [ -46.073398468999983, -23.783038328999965 ], [ -46.073368797999933, -23.783029932999966 ], [ -46.073348609999982, -23.783018211999945 ], [ -46.073338456999977, -23.783012773999928 ], [ -46.073329324999975, -23.783006243999978 ], [ -46.073321165999971, -23.782998623999958 ], [ -46.073313978999977, -23.782989913999927 ], [ -46.073311496999963, -23.782986408999932 ], [ -46.073305282999968, -23.782976652999935 ], [ -46.073300090999965, -23.782965850999972 ], [ -46.073295923999979, -23.78295449999996 ], [ -46.073292838999976, -23.782943232999969 ], [ -46.073290783999937, -23.782932047999964 ], [ -46.073289858999942, -23.782920945999933 ], [ -46.073290012999962, -23.782909925999945 ], [ -46.073291248999965, -23.782898988999932 ], [ -46.073293563999982, -23.782888134999951 ], [ -46.07329700899993, -23.782877363999944 ], [ -46.073297074999971, -23.782873524999957 ], [ -46.073306026999944, -23.782852103999971 ], [ -46.073317137999936, -23.782830801999978 ], [ -46.073323099999982, -23.782815858999982 ], [ -46.073336371999972, -23.782794677999959 ], [ -46.073346900999979, -23.782774193999956 ], [ -46.073362332999977, -23.782753133999961 ], [ -46.07337569699996, -23.782731664999972 ], [ -46.073395757999947, -23.782706298999983 ], [ -46.073421388999975, -23.782678303999944 ], [ -46.073448703999929, -23.782652328999973 ], [ -46.073477753999953, -23.782628418999934 ], [ -46.073507695999979, -23.782605496999963 ], [ -46.073538173999964, -23.782582254999966 ], [ -46.073571483999956, -23.782557230999942 ], [ -46.073632238999949, -23.782516076999968 ], [ -46.073663407999959, -23.782493190999958 ], [ -46.073692852999955, -23.782469549999973 ], [ -46.073720922999939, -23.782445827999936 ], [ -46.073750228999984, -23.782426538999971 ], [ -46.073784313999965, -23.782403361999968 ], [ -46.073829458999967, -23.782367203999968 ], [ -46.073845933999962, -23.782318102999966 ], [ -46.073842221999939, -23.782261376999941 ], [ -46.073826323999981, -23.782222655999931 ], [ -46.073798731999943, -23.782182822999971 ], [ -46.073750986999983, -23.782127213999956 ], [ -46.073716185999956, -23.782091397999977 ], [ -46.073680169999932, -23.78205341499995 ], [ -46.073637627999972, -23.782011295999951 ], [ -46.073521248999953, -23.781917027999953 ], [ -46.073330986999963, -23.781768242999931 ], [ -46.073303419999945, -23.781739578999975 ], [ -46.073283372999981, -23.781718047999959 ], [ -46.073261042999945, -23.781694309999978 ], [ -46.073228335999943, -23.781656301999931 ], [ -46.073204635999957, -23.781625430999952 ], [ -46.073189319999983, -23.781606796999938 ], [ -46.073175270999968, -23.781587114999979 ], [ -46.073149797999974, -23.781550879999941 ], [ -46.073126669999965, -23.781517107999946 ], [ -46.073106708999944, -23.78149009699996 ], [ -46.073089808999953, -23.781469757999957 ], [ -46.073075365999955, -23.781449898999938 ], [ -46.073058780999986, -23.781432086999928 ], [ -46.073042824999959, -23.781413186999941 ], [ -46.073024743999952, -23.781396039999947 ], [ -46.073009086999946, -23.781379958999935 ], [ -46.072990158999971, -23.78136369899994 ], [ -46.072974302999967, -23.781350983999971 ], [ -46.072954071999959, -23.781337261999965 ], [ -46.072938581999949, -23.781327343999976 ], [ -46.072916996999936, -23.781316069999946 ], [ -46.072897997999974, -23.781306979999954 ], [ -46.072879034999971, -23.78130043799996 ], [ -46.072855234999963, -23.781294326999955 ], [ -46.072840776999954, -23.781290497999976 ], [ -46.072816655999929, -23.781287233999933 ], [ -46.072796034999953, -23.781285704999959 ], [ -46.072778223999933, -23.781286055999942 ], [ -46.072753463999959, -23.781288485999937 ], [ -46.072722130999978, -23.781291367999927 ], [ -46.072697321999954, -23.781293887999936 ], [ -46.072672000999944, -23.781296124999983 ], [ -46.072633622999945, -23.781299117999936 ], [ -46.07260969999993, -23.781298469999967 ], [ -46.072587690999967, -23.781298894999964 ], [ -46.072565568999948, -23.781299951999983 ], [ -46.072542182999939, -23.781297982999945 ], [ -46.072518798999965, -23.781296233999967 ], [ -46.072496117999947, -23.781291989999943 ], [ -46.072473253999931, -23.781286368999929 ], [ -46.072462338999969, -23.781283824999946 ], [ -46.072451405999971, -23.781278978999978 ], [ -46.072440975999939, -23.781275664999953 ], [ -46.072430931999975, -23.781271534999973 ], [ -46.072421371999951, -23.781266678999941 ], [ -46.072412247999978, -23.78126105299998 ], [ -46.072401943999978, -23.781255208999937 ], [ -46.072393254999952, -23.781248810999955 ], [ -46.072385001999976, -23.781241643999977 ], [ -46.072375376999958, -23.781234800999982 ], [ -46.072360585999945, -23.781220317999953 ], [ -46.072348357999942, -23.781207171999938 ], [ -46.072329697999976, -23.781187612999929 ], [ -46.072314278999954, -23.781168392999973 ], [ -46.072301554999967, -23.781149587999948 ], [ -46.07229104299995, -23.781134367999982 ], [ -46.072279949999938, -23.781111504999956 ], [ -46.072267797999984, -23.781086259999938 ], [ -46.072257128999979, -23.781062759999941 ], [ -46.07223827699994, -23.781019810999965 ], [ -46.072229156999981, -23.780996707999975 ], [ -46.07222282999993, -23.780973134999954 ], [ -46.072213525999985, -23.780921629999966 ], [ -46.072209991999955, -23.780897539999955 ], [ -46.072205953999969, -23.780871918999935 ], [ -46.072203291999983, -23.780846513999961 ], [ -46.07220013899996, -23.780797087999929 ], [ -46.072198754999931, -23.780771899999934 ], [ -46.07219874599997, -23.780746927999928 ], [ -46.072197738999932, -23.780695861999959 ], [ -46.072197244999984, -23.780671570999971 ], [ -46.072196641999938, -23.780645925999977 ], [ -46.072194047999972, -23.780622822999931 ], [ -46.072190575999969, -23.78059884299995 ], [ -46.072187382999971, -23.780575950999946 ], [ -46.072184189999973, -23.780551632999959 ], [ -46.072179648999963, -23.780532965999953 ], [ -46.072172834999947, -23.78050727699997 ], [ -46.072165750999943, -23.780484792999971 ], [ -46.07215268899995, -23.780450156999962 ], [ -46.072145559999967, -23.78042901699996 ], [ -46.072139882999977, -23.780414436999934 ], [ -46.072128049999947, -23.780386610999983 ], [ -46.072117472999935, -23.780360391999977 ], [ -46.072105569999962, -23.780334971999935 ], [ -46.072087930999942, -23.780296348999968 ], [ -46.072078812999962, -23.780273517999944 ], [ -46.072045548999938, -23.78017837699997 ], [ -46.072038206999935, -23.780156796999961 ], [ -46.072032642999943, -23.780136514999981 ], [ -46.072028905999957, -23.780117529999927 ], [ -46.072019433999969, -23.780075462999946 ], [ -46.072012400999938, -23.780031709999946 ], [ -46.072011539999949, -23.780010445999949 ], [ -46.072007722999956, -23.779963824999982 ], [ -46.072007680999945, -23.77994074999998 ], [ -46.072005563999937, -23.779915972999959 ], [ -46.072004636999964, -23.779892633999964 ], [ -46.072002320999957, -23.779867586999956 ], [ -46.07200060699995, -23.779844071999946 ], [ -46.071954603999984, -23.779637570999967 ], [ -46.071904476999975, -23.779426273999945 ], [ -46.071865953999975, -23.77946121399998 ], [ -46.071857939999973, -23.779452418999938 ], [ -46.071849136999958, -23.779444080999951 ], [ -46.071842754999977, -23.779437667999957 ], [ -46.071832531999974, -23.77942969999998 ], [ -46.071814419999953, -23.779417136999939 ], [ -46.071800522999979, -23.779409917999942 ], [ -46.071779092999975, -23.779399589999969 ], [ -46.071756206999964, -23.77939116899995 ], [ -46.07173677399993, -23.779384981999954 ], [ -46.071707070999935, -23.779383192999944 ], [ -46.071675298999935, -23.779387595999935 ], [ -46.071650749999947, -23.779402103999928 ], [ -46.071626249999952, -23.779422584999963 ], [ -46.071610187999966, -23.77944300799993 ], [ -46.071595380999952, -23.779458045999945 ], [ -46.071577600999944, -23.779482000999963 ], [ -46.071512188999975, -23.779571595999982 ], [ -46.071499370999959, -23.779588212999954 ], [ -46.071486617999938, -23.779606815999955 ], [ -46.071475240999973, -23.779625634999945 ], [ -46.071459038999933, -23.779648551999969 ], [ -46.071448940999971, -23.779667677999953 ], [ -46.071425191999936, -23.77970970399997 ], [ -46.071399276999955, -23.779762853999955 ], [ -46.071386650999955, -23.779785022999931 ], [ -46.071372617999941, -23.779821065999954 ], [ -46.071364304999975, -23.779854494999938 ], [ -46.071361744999933, -23.779890739999928 ], [ -46.071368351999979, -23.779936573999976 ], [ -46.07137802099993, -23.779975695999951 ], [ -46.071389812999939, -23.780020538999963 ], [ -46.071405438999932, -23.780059765999965 ], [ -46.071419151999976, -23.78009841599993 ], [ -46.071433429999956, -23.780146405999972 ], [ -46.071449414999961, -23.780186623999953 ], [ -46.071464229999947, -23.780229349999956 ], [ -46.071480145999942, -23.780270339999959 ], [ -46.071500207999975, -23.780310345999965 ], [ -46.071510946999979, -23.780353283999943 ], [ -46.071504209999944, -23.780386784999962 ], [ -46.07148191999994, -23.780442 ], [ -46.071440542999937, -23.780462597999929 ], [ -46.071349616999953, -23.780457254999931 ], [ -46.071289828999966, -23.780449306999969 ], [ -46.071220914999969, -23.780436641999927 ], [ -46.071148085999937, -23.780421614999966 ], [ -46.071061520999933, -23.780396948999964 ], [ -46.070975007999948, -23.780372634999935 ], [ -46.070872932999976, -23.780335623999974 ], [ -46.07080168899995, -23.780306449999955 ], [ -46.070732009999972, -23.780276496999932 ], [ -46.070686600999977, -23.780256174999977 ], [ -46.070640063999974, -23.780235905999973 ], [ -46.070578644999955, -23.780207753999946 ], [ -46.070531407999965, -23.780180257999973 ], [ -46.070487779999951, -23.780155633999982 ], [ -46.07042509799993, -23.780117277999977 ], [ -46.070388678999961, -23.780092286999945 ], [ -46.070331168999985, -23.780056288999958 ], [ -46.070264254999984, -23.780016426999964 ], [ -46.070228794999935, -23.780000598999948 ], [ -46.070205723999948, -23.779987615999971 ], [ -46.070137236999983, -23.779956322999965 ], [ -46.070074136999949, -23.77995604399996 ], [ -46.070049286999961, -23.779965535999963 ], [ -46.07003236099996, -23.779991459999962 ], [ -46.07001246699997, -23.78003532799994 ], [ -46.069996518999972, -23.780085619999966 ], [ -46.069986820999929, -23.780138018999935 ], [ -46.069985521999968, -23.780169569999941 ], [ -46.069992337999963, -23.780205895999927 ], [ -46.070006544999956, -23.780239033999976 ], [ -46.070034137999983, -23.780270948999942 ], [ -46.070053095999981, -23.780291002999945 ], [ -46.070072909999965, -23.780307664999953 ], [ -46.070089864999943, -23.780316803999938 ], [ -46.070115201999954, -23.780330897999931 ], [ -46.070145683999954, -23.780344053999954 ], [ -46.070189222999943, -23.780363754999939 ], [ -46.070210783999983, -23.780372049999983 ], [ -46.070228330999953, -23.780381638999927 ], [ -46.070251868999947, -23.780391635999933 ], [ -46.070272257999932, -23.780400663999956 ], [ -46.070327834999944, -23.780428276999942 ], [ -46.07035654699996, -23.780440989999931 ], [ -46.070399020999957, -23.780462460999956 ], [ -46.07043996799996, -23.780491164999944 ], [ -46.070474889999957, -23.780517162999956 ], [ -46.070507107999958, -23.780544575999954 ], [ -46.070527595999977, -23.780565702999979 ], [ -46.070542744999955, -23.780581989999973 ], [ -46.070558062999964, -23.780606900999942 ], [ -46.070568230999982, -23.780632118999961 ], [ -46.070574467999961, -23.780650725999976 ], [ -46.070576331999973, -23.780668639999931 ], [ -46.070575568999971, -23.780677405999938 ], [ -46.070568648999938, -23.780701251999972 ], [ -46.070543203999932, -23.780731318999983 ], [ -46.070522142999948, -23.780750705999935 ], [ -46.070489019999968, -23.780774597999937 ], [ -46.070451372999969, -23.780797391999954 ], [ -46.070414762999974, -23.780814850999946 ], [ -46.070392096999967, -23.780821465999963 ], [ -46.070353896999961, -23.780830626999943 ], [ -46.070280685999933, -23.780836865999959 ], [ -46.070229610999945, -23.780837671999961 ], [ -46.070169856999939, -23.780839398999944 ], [ -46.070121875999973, -23.780839620999927 ], [ -46.070092673999966, -23.780839888999935 ], [ -46.070057222999935, -23.780840068999964 ], [ -46.070014719999961, -23.780836228999931 ], [ -46.069965628999967, -23.780827718999944 ], [ -46.069931191999956, -23.780817028999934 ], [ -46.069906982999953, -23.780808842999932 ], [ -46.069884555999977, -23.780796669999972 ], [ -46.069852713999978, -23.780779233999965 ], [ -46.06981204899995, -23.780751021999947 ], [ -46.069783657999949, -23.780727981999974 ], [ -46.069749137999963, -23.780698111999982 ], [ -46.069723277999969, -23.780666650999933 ], [ -46.069700344999944, -23.780637515999956 ], [ -46.06968143499995, -23.780608370999971 ], [ -46.069656180999971, -23.780568491999929 ], [ -46.069634489999942, -23.780526283999961 ], [ -46.069621016999974, -23.780492870999979 ], [ -46.069608906999974, -23.780458182999951 ], [ -46.069602031999977, -23.780433574999961 ], [ -46.06959541699996, -23.780410680999978 ], [ -46.069589318999931, -23.780385118999959 ], [ -46.069580516999963, -23.780334919999973 ], [ -46.069576071999961, -23.780283335999968 ], [ -46.069573548999983, -23.780256935999944 ], [ -46.06957303799993, -23.780216157999973 ], [ -46.06957351799997, -23.780179593999947 ], [ -46.069575594999947, -23.780153059999975 ], [ -46.069578284999977, -23.780128023999964 ], [ -46.069583226999953, -23.780078315999958 ], [ -46.069590103999985, -23.780031169999972 ], [ -46.069596865999983, -23.779990772999952 ], [ -46.069602072999942, -23.77995644799995 ], [ -46.069609598999932, -23.779924135999977 ], [ -46.069619645999978, -23.779887453999947 ], [ -46.069627658999934, -23.779865271999938 ], [ -46.069638418999943, -23.779828591999944 ], [ -46.069651526999962, -23.779783732999931 ], [ -46.069659499999943, -23.779750576999959 ], [ -46.069667038999967, -23.779708674999938 ], [ -46.069672972999967, -23.779674067999963 ], [ -46.069674127999974, -23.779649322999944 ], [ -46.069673013999932, -23.779627022999932 ], [ -46.06967229199995, -23.779604855999935 ], [ -46.069667698999979, -23.779583166999942 ], [ -46.069662168999969, -23.779560987999957 ], [ -46.06965385899997, -23.779540904999976 ], [ -46.069643355999972, -23.779522688999975 ], [ -46.069630439999969, -23.779503450999982 ], [ -46.06961574099995, -23.779488063999963 ], [ -46.069597009999939, -23.779471755999964 ], [ -46.069578211999954, -23.779459242999962 ], [ -46.069555194999964, -23.779446847999964 ], [ -46.069534073999932, -23.779438278999976 ], [ -46.069509826999933, -23.779431492999947 ], [ -46.069486875999985, -23.779427135999981 ], [ -46.069462568999938, -23.779425000999936 ], [ -46.069449711999937, -23.779424909999932 ], [ -46.069432591999941, -23.779426329999978 ], [ -46.069411945999946, -23.779427157999976 ], [ -46.069391331999952, -23.779429569999934 ], [ -46.069375485999956, -23.779433009999934 ], [ -46.069340085999954, -23.779442467999957 ], [ -46.06929508099995, -23.779459487999929 ], [ -46.069262687999981, -23.779476645999978 ], [ -46.069232131999968, -23.779496410999968 ], [ -46.069213220999984, -23.779512075999946 ], [ -46.069193904999963, -23.779526253999961 ], [ -46.06916776199995, -23.779551632999983 ], [ -46.069142707999958, -23.779578177999952 ], [ -46.068988762999936, -23.77977277399998 ], [ -46.068902458999958, -23.779888071999949 ], [ -46.068780197999956, -23.78004380699997 ], [ -46.068763803999957, -23.780053013999975 ], [ -46.068750239999986, -23.780055759999982 ], [ -46.068737112999941, -23.780054097999937 ], [ -46.068726295999966, -23.780047968999952 ], [ -46.06871799399994, -23.780039690999956 ], [ -46.068711601999951, -23.780013211999972 ], [ -46.068709421999984, -23.77990661299998 ], [ -46.068685438999978, -23.779789904999973 ], [ -46.068649282999957, -23.77967091599993 ], [ -46.068626156999983, -23.779609074999939 ], [ -46.06861030999994, -23.779566894999959 ], [ -46.06858426499997, -23.779525495999962 ], [ -46.068562249999957, -23.779500557999938 ], [ -46.068522306999967, -23.779474309999955 ], [ -46.068477907999977, -23.779474616999948 ], [ -46.068439832999957, -23.779486350999946 ], [ -46.068409456999973, -23.779500073999941 ], [ -46.068386291999957, -23.779511613999944 ], [ -46.068354952999982, -23.779525693999972 ], [ -46.068324535999977, -23.779544509999937 ], [ -46.068294137999942, -23.779565536999939 ], [ -46.068262950999951, -23.779586209999934 ], [ -46.068230977999974, -23.77960675199995 ], [ -46.068187980999937, -23.779635407999933 ], [ -46.06815533799994, -23.779656784999929 ], [ -46.068120551999982, -23.779676515999938 ], [ -46.068073474999949, -23.779698291999978 ], [ -46.068048395999938, -23.779709754999942 ], [ -46.068004695999946, -23.779730377999954 ], [ -46.067958806999968, -23.779753318999951 ], [ -46.067914053999971, -23.779777290999959 ], [ -46.06787038899995, -23.779802203999964 ], [ -46.067837317999931, -23.779823866999948 ], [ -46.067794057999947, -23.77984694099996 ], [ -46.06776055399996, -23.779867409999952 ], [ -46.067714463999948, -23.779888719999974 ], [ -46.067692024999985, -23.779898990999982 ], [ -46.067654592999986, -23.779911983999966 ], [ -46.067616003999944, -23.779921643999955 ], [ -46.067563714999949, -23.779930042999979 ], [ -46.06752195599995, -23.779935012999943 ], [ -46.067480818999968, -23.779939773999956 ], [ -46.067430981999962, -23.779942029999972 ], [ -46.067387345999975, -23.779940419999946 ], [ -46.067341647999967, -23.779940735999958 ], [ -46.067287593999936, -23.77993537499998 ], [ -46.067237725999973, -23.779933807999953 ], [ -46.067192027999965, -23.779934123999965 ], [ -46.067119326999943, -23.779934625999942 ], [ -46.06703852499993, -23.779930828999966 ], [ -46.066988658999946, -23.779929547999927 ], [ -46.066951782999979, -23.779926460999945 ], [ -46.06691346599996, -23.779922730999942 ], [ -46.066871338999931, -23.779915135999943 ], [ -46.066832279999971, -23.779901784999936 ], [ -46.066783001999966, -23.77987703499997 ], [ -46.066722695999943, -23.77983730699998 ], [ -46.066684102999943, -23.779803816999959 ], [ -46.06665587699996, -23.779768467999929 ], [ -46.066620717999967, -23.779729287999942 ], [ -46.066598426999974, -23.779700580999929 ], [ -46.066570015999957, -23.77966509099997 ], [ -46.066540324999949, -23.779631083999959 ], [ -46.066487678999977, -23.779577619999941 ], [ -46.066449729999931, -23.779545368999948 ], [ -46.066409372999942, -23.779518688999929 ], [ -46.066342229999975, -23.779492689999927 ], [ -46.066294637999931, -23.779481367999949 ], [ -46.066230936999943, -23.779474034999964 ], [ -46.06618027199994, -23.779471319999971 ], [ -46.066117050999935, -23.779474917999949 ], [ -46.066078772999958, -23.779480510999974 ], [ -46.06602897199997, -23.779493227999978 ], [ -46.065966440999944, -23.779515289999949 ], [ -46.06591732399994, -23.779537116999961 ], [ -46.065850129999944, -23.779567571999962 ], [ -46.065802733999931, -23.779592374999936 ], [ -46.065757435999956, -23.779615717999945 ], [ -46.06571237299994, -23.779637658999945 ], [ -46.065667690999931, -23.779658242999972 ], [ -46.065623290999952, -23.779677425999978 ], [ -46.065559656999937, -23.779708661999962 ], [ -46.065483327999971, -23.779741917999957 ], [ -46.065410328999974, -23.779769662999968 ], [ -46.065362923999942, -23.779783610999971 ], [ -46.065310798999974, -23.779791855999974 ], [ -46.06525856899998, -23.779787197999951 ], [ -46.065221027999939, -23.77976881799998 ], [ -46.065195036999967, -23.779733870999962 ], [ -46.065177636999977, -23.779701730999932 ], [ -46.065157818999978, -23.779659571999957 ], [ -46.065146372999948, -23.779622237999945 ], [ -46.065132451999943, -23.779587923999941 ], [ -46.065121270999953, -23.779552687999967 ], [ -46.065112734999957, -23.779516846999968 ], [ -46.065106403999948, -23.779480583999941 ], [ -46.065098750999937, -23.779432543999974 ], [ -46.065094038999973, -23.779384211999968 ], [ -46.065090095999949, -23.779327395999928 ], [ -46.065091948999964, -23.779284338999958 ], [ -46.065093289999936, -23.779241347999971 ], [ -46.065096467999979, -23.779206500999976 ], [ -46.065099521999969, -23.779153735999955 ], [ -46.065102328999956, -23.779100746999973 ], [ -46.065104838999957, -23.779047443999957 ], [ -46.065105321999965, -23.779015430999948 ], [ -46.065107538999939, -23.77896930299994 ], [ -46.065106783999966, -23.778940896999927 ], [ -46.065103474999944, -23.778906599999971 ], [ -46.065096336999943, -23.778871207999941 ], [ -46.065088943999967, -23.778837118999945 ], [ -46.065077979999955, -23.778804319999949 ], [ -46.065069122999944, -23.778783247999968 ], [ -46.065051647999951, -23.778752389999966 ], [ -46.065031044999955, -23.778722998999967 ], [ -46.065007708999985, -23.778695433999928 ], [ -46.064972983999951, -23.778661262999947 ], [ -46.064952542999947, -23.778645779999977 ], [ -46.064921548999962, -23.778623911999944 ], [ -46.064889443999959, -23.778604127999927 ], [ -46.064856128999963, -23.778586520999966 ], [ -46.064823327999932, -23.778571178999982 ], [ -46.064733671999932, -23.778537435999965 ], [ -46.064610072999983, -23.778505431999974 ], [ -46.064519050999934, -23.778488136999954 ], [ -46.064408482999966, -23.778462016999981 ], [ -46.064273233999984, -23.778409461999956 ], [ -46.064269606999972, -23.778418788999943 ], [ -46.064279513999963, -23.77859910199993 ], [ -46.064285001999963, -23.778911402999938 ], [ -46.06438708099995, -23.784133748999977 ], [ -46.057264460999932, -23.782105099999967 ], [ -46.056615724999972, -23.781920308999929 ], [ -46.056594813999936, -23.776841894999961 ], [ -46.056594698999959, -23.776838808999969 ], [ -46.056581783999945, -23.776844862999951 ], [ -46.056560291999972, -23.776857800999949 ], [ -46.056548804999977, -23.776863124999977 ], [ -46.056537175999949, -23.776867266999943 ], [ -46.056525404999945, -23.77687022799995 ], [ -46.056512810999948, -23.776875357999927 ], [ -46.056500896999978, -23.776877136999929 ], [ -46.056488841999965, -23.776877734999971 ], [ -46.056476643999986, -23.776877150999951 ], [ -46.056465813999978, -23.776880503999962 ], [ -46.056453473999966, -23.776878737999937 ], [ -46.056440991999978, -23.776875790999952 ], [ -46.056428839999967, -23.776871855999957 ], [ -46.056419774999938, -23.776873431999945 ], [ -46.056408424999972, -23.77686870399998 ], [ -46.056397877999984, -23.776863183999978 ], [ -46.056390576999945, -23.776862981999955 ], [ -46.056380831999945, -23.776856668999983 ], [ -46.05637188999998, -23.776849562999928 ], [ -46.056363749999946, -23.776841662999971 ], [ -46.056358213999943, -23.776839683999981 ], [ -46.056350875999954, -23.77683099199993 ], [ -46.056344340999942, -23.776821506999966 ], [ -46.056340568999985, -23.776817749999964 ], [ -46.05632937699994, -23.776797666999983 ], [ -46.056327369999963, -23.776792132999958 ], [ -46.056318328999964, -23.776771407999945 ], [ -46.05631808499993, -23.776764095999965 ], [ -46.056311194999978, -23.776742729999967 ], [ -46.056311975999961, -23.776725383999974 ], [ -46.056307236999942, -23.776703376999933 ], [ -46.056307024999967, -23.776684140999976 ], [ -46.056304688999944, -23.776673157999937 ], [ -46.056301283999971, -23.776629016999948 ], [ -46.056297941999958, -23.776618393999968 ], [ -46.056293591999975, -23.776608130999932 ], [ -46.056288235999943, -23.776598227999955 ], [ -46.056283693999944, -23.776561297999933 ], [ -46.056277330999933, -23.776551754999957 ], [ -46.05626345099995, -23.776526048999983 ], [ -46.056256080999958, -23.776516866999941 ], [ -46.056226964999951, -23.776492516999951 ], [ -46.056218587999979, -23.776483695999957 ], [ -46.056209204999959, -23.776475234999964 ], [ -46.056167895999977, -23.776442664999934 ], [ -46.056147519999968, -23.776427884999976 ], [ -46.056136880999929, -23.776421831999983 ], [ -46.056080403999943, -23.776409867999973 ], [ -46.056069463999961, -23.776404705999937 ], [ -46.056058221999933, -23.776400434999971 ], [ -46.056046679999952, -23.776397054999961 ], [ -46.056000813999958, -23.776389539999968 ], [ -46.05598896999993, -23.776387050999972 ], [ -46.055971630999977, -23.776385561999973 ], [ -46.055959485999949, -23.776383963999933 ], [ -46.055945875999953, -23.776383987999964 ], [ -46.055921440999953, -23.776383032999945 ], [ -46.055890309999938, -23.776384092999933 ], [ -46.055866184999957, -23.776385836999964 ], [ -46.055819772999939, -23.776385894999976 ], [ -46.055795957999976, -23.776390337999942 ], [ -46.055770772999949, -23.776390804999949 ], [ -46.055747267999948, -23.776397945999975 ], [ -46.055725764999977, -23.77639979099996 ], [ -46.055702516999986, -23.77640895899998 ], [ -46.055684695999958, -23.776412180999955 ], [ -46.055670556999985, -23.776416780999966 ], [ -46.055657100999952, -23.776421107999965 ], [ -46.055634057999953, -23.776431628999944 ], [ -46.055618285999969, -23.77643403299993 ], [ -46.055595446999973, -23.776445906999982 ], [ -46.055577359999972, -23.776446387999954 ], [ -46.055554724999979, -23.776459614999965 ], [ -46.055534321999971, -23.77645817299998 ], [ -46.055523, -23.776464457999964 ], [ -46.055511564999961, -23.776469408999958 ], [ -46.055500018999965, -23.776473025999962 ], [ -46.05548835999997, -23.776475307999931 ], [ -46.055476589999955, -23.776476255999967 ], [ -46.055464707999931, -23.776475869999956 ], [ -46.055452712999966, -23.776474149999956 ], [ -46.05544060699998, -23.776471095999966 ], [ -46.055395616999931, -23.776464217999944 ], [ -46.05537101799996, -23.776456123999935 ], [ -46.055345872999965, -23.776446725999961 ], [ -46.05529714499994, -23.776435707999951 ], [ -46.055271451999943, -23.776425006999943 ], [ -46.055245211999932, -23.776413003999949 ], [ -46.055216910999945, -23.776404047999961 ], [ -46.055191142999945, -23.776397693999968 ], [ -46.055179585999952, -23.776394625999956 ], [ -46.055156644999954, -23.776390593999963 ], [ -46.055146220999973, -23.776389699999982 ], [ -46.055068235999954, -23.776381810999965 ], [ -46.055041455999969, -23.776380872999937 ], [ -46.055021676999957, -23.776384777999965 ], [ -46.05499253399995, -23.776399845999947 ], [ -46.054955244999974, -23.776422907999972 ], [ -46.054929100999971, -23.776444727999944 ], [ -46.054899708999983, -23.776474944999961 ], [ -46.054894949999948, -23.776484916999948 ], [ -46.054885720999948, -23.776506756999936 ], [ -46.054874799999936, -23.776528043999974 ], [ -46.054855104999945, -23.776552045999949 ], [ -46.054835810999975, -23.776574400999948 ], [ -46.05481236299994, -23.776598046999936 ], [ -46.054798059999939, -23.776618228999951 ], [ -46.054781614999968, -23.776636416999963 ], [ -46.054772420999939, -23.776644222999948 ], [ -46.054755489999934, -23.776660257999936 ], [ -46.054743084999984, -23.77666751199996 ], [ -46.054725215999952, -23.77667336899998 ], [ -46.054697912999984, -23.776668536999978 ], [ -46.054672900999947, -23.776657954999962 ], [ -46.054646341999955, -23.776648816999966 ], [ -46.054620561999968, -23.776639673999966 ], [ -46.054598694999981, -23.776632653999968 ], [ -46.054572403999941, -23.776628777999974 ], [ -46.054550541999959, -23.776626193999959 ], [ -46.054530881999938, -23.776627381999958 ], [ -46.054517164999936, -23.776625559999957 ], [ -46.054488047999939, -23.776624595999976 ], [ -46.054460761999962, -23.776621914999964 ], [ -46.054415547999952, -23.776621717999944 ], [ -46.054376997999952, -23.776621797999951 ], [ -46.05430612899994, -23.776626119999946 ], [ -46.054252505999955, -23.776623556999937 ], [ -46.054225372999952, -23.776623728999937 ], [ -46.054155306999974, -23.776627322999957 ], [ -46.054128353999943, -23.776628642999981 ], [ -46.05410158199993, -23.776631110999972 ], [ -46.054030725999951, -23.776634009999952 ], [ -46.054004134999957, -23.776637624999978 ], [ -46.053985079999961, -23.776641214999927 ], [ -46.053952506999963, -23.77664735299993 ], [ -46.053897803999973, -23.776655361999929 ], [ -46.053846349999958, -23.776660715999981 ], [ -46.053805168999986, -23.776663162999967 ], [ -46.053771720999976, -23.776669125999945 ], [ -46.053740955999956, -23.776670550999938 ], [ -46.053704767999932, -23.776673883999933 ], [ -46.053669733999982, -23.776676273999954 ], [ -46.053645598999935, -23.776677871999937 ], [ -46.053621451999959, -23.776678036999954 ], [ -46.053596537999965, -23.77667964099993 ], [ -46.053570797999953, -23.776675514999965 ], [ -46.053508217999934, -23.77664296599994 ], [ -46.053440104999936, -23.77660041799993 ], [ -46.053396299999974, -23.776577776999943 ], [ -46.053354191999972, -23.776572328999976 ], [ -46.053330148999976, -23.776585396999963 ], [ -46.053314760999967, -23.776609158999975 ], [ -46.05328756199998, -23.776617229999943 ], [ -46.053271088999963, -23.77660300499997 ], [ -46.05326226699998, -23.776571521999983 ], [ -46.053258688999961, -23.776514195999937 ], [ -46.053261469999939, -23.776472597999941 ], [ -46.053271191999954, -23.776422349999962 ], [ -46.053282615999933, -23.776390012999968 ], [ -46.053304124999954, -23.776351851999948 ], [ -46.053316472999938, -23.776338166999949 ], [ -46.053332157999932, -23.776320660999943 ], [ -46.053347593999945, -23.776306415999954 ], [ -46.053362838999931, -23.776291969999932 ], [ -46.05338375499997, -23.776277489999927 ], [ -46.05341763499996, -23.776259667999966 ], [ -46.053452, -23.776239746999977 ], [ -46.053494673999978, -23.776218665999977 ], [ -46.053524878999951, -23.776202189999935 ], [ -46.053563726999982, -23.776184501999978 ], [ -46.053600431999939, -23.776170570999966 ], [ -46.053625721999936, -23.776161982999952 ], [ -46.053650750999964, -23.776155268999958 ], [ -46.053683368999941, -23.776144973999976 ], [ -46.053710383999942, -23.776136817999941 ], [ -46.053772347999939, -23.776118489999931 ], [ -46.053803022999944, -23.776106879999929 ], [ -46.053838760999952, -23.776095165999948 ], [ -46.053875266999967, -23.77608201299995 ], [ -46.053910242999962, -23.776072453999973 ], [ -46.053943731999937, -23.776065375999963 ], [ -46.054030808999983, -23.776050841999961 ], [ -46.054065802999958, -23.776043433999973 ], [ -46.054091408999966, -23.776031072999956 ], [ -46.05410408299997, -23.776010721999967 ], [ -46.054099951999945, -23.775981358999957 ], [ -46.054082216999973, -23.775953711999932 ], [ -46.054055432999974, -23.77591661799994 ], [ -46.054027904999941, -23.775883828999952 ], [ -46.053994924999984, -23.77585107799996 ], [ -46.053969017999975, -23.775826163999966 ], [ -46.053944709999939, -23.775806256999942 ], [ -46.053918860999943, -23.775788511999963 ], [ -46.053901738999969, -23.775774618999947 ], [ -46.053861237999968, -23.775747800999966 ], [ -46.053840801999968, -23.775734265999972 ], [ -46.053819036999982, -23.775723195999944 ], [ -46.053781878999985, -23.77570628899997 ], [ -46.053740984999934, -23.775693243999967 ], [ -46.053694568999958, -23.77567609099998 ], [ -46.053670144999955, -23.775669948999962 ], [ -46.05364525799996, -23.775664192999955 ], [ -46.053615923999985, -23.775655423999979 ], [ -46.053580564999947, -23.77564345899998 ], [ -46.053556484999945, -23.77563431599998 ], [ -46.053526472999977, -23.775621288999957 ], [ -46.053509255999984, -23.775611369999979 ], [ -46.053485731999956, -23.775592174999929 ], [ -46.053468503999966, -23.775572495999938 ], [ -46.053454106999936, -23.775554287999967 ], [ -46.053440364999972, -23.775536404999968 ], [ -46.05342590999993, -23.775515159999941 ], [ -46.053417213999978, -23.775495353999929 ], [ -46.053403701999969, -23.775465846999964 ], [ -46.053392016999965, -23.775429948999943 ], [ -46.053378370999951, -23.775383659999932 ], [ -46.05337332299996, -23.775362935999965 ], [ -46.053368041999931, -23.775339535999933 ], [ -46.053366662999963, -23.775318566999943 ], [ -46.053363885999943, -23.775285269999983 ], [ -46.053363991999959, -23.775253095999972 ], [ -46.053363710999975, -23.775230212999929 ], [ -46.053366883999956, -23.775198968999973 ], [ -46.05336826599995, -23.775160459999938 ], [ -46.05337534399996, -23.775136514999929 ], [ -46.053392798999937, -23.775111543999969 ], [ -46.053421685999979, -23.775087450999933 ], [ -46.053477513999951, -23.775055527999939 ], [ -46.053522010999984, -23.77503515199993 ], [ -46.053579089999971, -23.774999204999972 ], [ -46.053609880999943, -23.774953592999964 ], [ -46.053616456999976, -23.774897821999957 ], [ -46.053600631999984, -23.774867343999972 ], [ -46.053548465999938, -23.774838068999941 ], [ -46.053448663999973, -23.774826323999946 ], [ -46.053375460999973, -23.774802016999956 ], [ -46.053322777999938, -23.774752865999972 ], [ -46.05331330599995, -23.774740133999956 ], [ -46.053300173999958, -23.774722480999969 ], [ -46.053274877999968, -23.774684123999975 ], [ -46.053263996999931, -23.774664616999928 ], [ -46.053248783999948, -23.774646874999974 ], [ -46.05323427299993, -23.774629841999968 ], [ -46.053215493999971, -23.774605611999959 ], [ -46.053202782999961, -23.774590733999958 ], [ -46.053182095999944, -23.774568668999962 ], [ -46.053165719999981, -23.774552017999952 ], [ -46.053151068999966, -23.774525786999959 ], [ -46.053136177999932, -23.77449267399993 ], [ -46.052274172999944, -23.777966013999958 ], [ -46.050519512999983, -23.785384858999976 ], [ -46.04557263199996, -23.784018764999928 ], [ -46.048540384999967, -23.774870331999978 ], [ -46.043561808999982, -23.771176938999929 ], [ -46.037533285999984, -23.766716406999933 ], [ -46.037289124999973, -23.766426581999951 ], [ -46.036978679999947, -23.765853371999981 ], [ -46.036879341999963, -23.765478144999975 ], [ -46.036830316999954, -23.765223060999972 ], [ -46.036836338999933, -23.764583675999972 ], [ -46.036922845999982, -23.764206749999971 ], [ -46.037175834999971, -23.763425918999928 ], [ -46.037519954999937, -23.762329930999954 ], [ -46.039666044999933, -23.755709502999935 ], [ -46.039793270999951, -23.75532525999995 ], [ -46.039658254999949, -23.755344325999943 ], [ -46.039207703999978, -23.755456288999937 ], [ -46.038426684999934, -23.755708101999971 ], [ -46.038151204999963, -23.755738853999958 ], [ -46.037922469999955, -23.75572503799998 ], [ -46.03771801399995, -23.755679446999977 ], [ -46.03750335899997, -23.75558515299997 ], [ -46.03716905999994, -23.755375155999957 ], [ -46.036964698999952, -23.755217571999935 ], [ -46.036809424999944, -23.755063269999937 ], [ -46.036564565999981, -23.754747904999931 ], [ -46.036362150999935, -23.754340131999982 ], [ -46.036197811999955, -23.754156086999956 ], [ -46.034799752999959, -23.75318462499996 ], [ -46.034575021999956, -23.753056074999961 ], [ -46.034449120999966, -23.753017178999983 ], [ -46.033851213999981, -23.752724041999954 ], [ -46.033653713999968, -23.75256460099996 ], [ -46.033459661999984, -23.752344624999978 ], [ -46.033260759999962, -23.752007269999979 ], [ -46.032969131999948, -23.751607313999955 ], [ -46.032424034999963, -23.751041965999946 ], [ -46.032171288999962, -23.750719420999928 ], [ -46.031949872999974, -23.750454275999971 ], [ -46.031780390999984, -23.749947203999966 ], [ -46.03171576799997, -23.749341615999981 ], [ -46.03165957899995, -23.749183937999931 ], [ -46.031442349999963, -23.748760902999948 ], [ -46.031222186999969, -23.748463426999933 ], [ -46.031216398999959, -23.748449525999945 ], [ -46.031153181999969, -23.74829770599996 ], [ -46.031151808999937, -23.748123404999944 ], [ -46.031204013999968, -23.747899975999928 ], [ -46.031203465999965, -23.747705800999938 ], [ -46.03113308199994, -23.747614147999968 ], [ -46.030922703999977, -23.747562264999942 ], [ -46.030748185999983, -23.747578782999938 ], [ -46.030379094999944, -23.747681494999938 ], [ -46.030119099999979, -23.747683227999971 ], [ -46.029947027999981, -23.747636507999971 ], [ -46.029741720999937, -23.747480725999935 ], [ -46.029486249999934, -23.747184384999969 ], [ -46.029331143999968, -23.747049040999968 ], [ -46.028787641999941, -23.746807 ], [ -46.028536784999972, -23.746722868999939 ], [ -46.028288110999938, -23.746666721999929 ], [ -46.027936848999957, -23.746540809999942 ], [ -46.027910131999931, -23.746512085999939 ], [ -46.027410747999966, -23.746265230999938 ], [ -46.027281415999937, -23.746163130999946 ], [ -46.026926745999958, -23.745727454999951 ], [ -46.026857013999972, -23.745593346999954 ], [ -46.026789453999982, -23.745360780999931 ], [ -46.026802849999967, -23.745067164999966 ], [ -46.02689195399995, -23.74454364199994 ], [ -46.026855961999956, -23.744458081999937 ], [ -46.026807513999984, -23.744410535999975 ], [ -46.02654249099993, -23.74439603999997 ], [ -46.026375931999951, -23.744426046999934 ], [ -46.026230447999978, -23.744390885999962 ], [ -46.026137573999961, -23.744308411999953 ], [ -46.026085707999982, -23.74420037699997 ], [ -46.026056586999971, -23.744042193999974 ], [ -46.026043693999952, -23.743972155999927 ], [ -46.026041365999959, -23.743675031999942 ], [ -46.026086215999953, -23.743388431999961 ], [ -46.026192905999949, -23.742980397999929 ], [ -46.02618870799995, -23.742695026999968 ], [ -46.026149115999942, -23.742525495999928 ], [ -46.02607424699994, -23.742361617999961 ], [ -46.025981056999967, -23.742238502999953 ], [ -46.025831048999976, -23.742126602999974 ], [ -46.02571833199994, -23.742140898999935 ], [ -46.02570443299993, -23.742151060999959 ], [ -46.025606144999983, -23.742222927999933 ], [ -46.025355925999975, -23.742594883999971 ], [ -46.025165922999975, -23.742763228999934 ], [ -46.025005513999986, -23.742826610999941 ], [ -46.024837826999942, -23.742837657999928 ], [ -46.024736521999955, -23.74280581499994 ], [ -46.024539463999986, -23.74257410599995 ], [ -46.024358154999959, -23.742474153999979 ], [ -46.023966562999931, -23.742458684999974 ], [ -46.023730116999957, -23.742333807999955 ], [ -46.023611187999961, -23.742306597999971 ], [ -46.023483696999961, -23.74231376399996 ], [ -46.023236204999932, -23.742407524999976 ], [ -46.022986395999965, -23.742581682999969 ], [ -46.022863019999932, -23.742613206999977 ], [ -46.022362168999962, -23.742552395999951 ], [ -46.022109268999941, -23.742582065999954 ], [ -46.021917611999982, -23.742664617999935 ], [ -46.021051720999935, -23.743351323999946 ], [ -46.020731646999934, -23.74370025199994 ], [ -46.020543492999934, -23.743855031999942 ], [ -46.020246954999948, -23.743950917999939 ], [ -46.019975508999948, -23.743993351999961 ], [ -46.01979264299996, -23.744071327999961 ], [ -46.019372358999931, -23.744403753999961 ], [ -46.019053114999963, -23.744608167999957 ], [ -46.018828640999971, -23.744634935999954 ], [ -46.018627249999952, -23.744601942999964 ], [ -46.018507120999971, -23.744546738999929 ], [ -46.018344200999934, -23.744414143999961 ], [ -46.018302519999963, -23.744344412999965 ], [ -46.008240012999977, -23.775543472999971 ], [ -46.003216950999956, -23.774022941999931 ], [ -46.009921549999945, -23.741631275999964 ], [ -46.009676203999959, -23.741677697999933 ], [ -46.009603953999942, -23.741714120999973 ], [ -46.009473463999939, -23.741714070999933 ], [ -46.009332535999931, -23.741632802999959 ], [ -46.009209817999931, -23.741495419999978 ], [ -46.009112336999976, -23.741322648999983 ], [ -46.00901833599994, -23.740964705999943 ], [ -46.009031806999985, -23.740548258999979 ], [ -46.009062233999941, -23.740422520999971 ], [ -46.009059555999954, -23.74020216599996 ], [ -46.009014843999978, -23.740001955999958 ], [ -46.008926033999956, -23.73980835499998 ], [ -46.00884862099997, -23.739693254999963 ], [ -46.008566048999967, -23.739436792999982 ], [ -46.00823491899996, -23.739244772999939 ], [ -46.007798015999981, -23.73907692399996 ], [ -46.00761423199998, -23.739035672999933 ], [ -46.007411152999964, -23.739036995999982 ], [ -46.007337071999984, -23.739099796999938 ], [ -46.00731755299995, -23.739240817999928 ], [ -46.007428665999953, -23.739528203999953 ], [ -46.007541739999965, -23.739942922999944 ], [ -46.007528204999971, -23.740096548999929 ], [ -46.007437032999974, -23.740233520999936 ], [ -46.007375538999952, -23.740274564999936 ], [ -46.007225296999934, -23.740257479999968 ], [ -46.007060513999932, -23.74013572299998 ], [ -46.006842763999941, -23.739887867999983 ], [ -46.006509705999974, -23.73944477699996 ], [ -46.006441609999968, -23.739392835999979 ], [ -46.006347171999948, -23.739360033999958 ], [ -46.006173731999979, -23.739388257999963 ], [ -46.006049252999958, -23.739531767999949 ], [ -46.00597602299996, -23.739705651999941 ], [ -46.005952952999962, -23.73989546699994 ], [ -46.005962056999977, -23.740058880999982 ], [ -46.005917645999943, -23.740280445999929 ], [ -46.005869415999939, -23.74102677299993 ], [ -46.00574845999995, -23.741246125999965 ], [ -46.005624625999985, -23.741346279999959 ], [ -46.005520943999954, -23.741387596999971 ], [ -46.005152447999933, -23.741440570999941 ], [ -46.005005475999951, -23.741427051999949 ], [ -46.004721429999961, -23.741400923999947 ], [ -46.004347582999969, -23.741267878999963 ], [ -46.00356252399996, -23.740734690999943 ], [ -46.003402316999939, -23.740569548999929 ], [ -46.003256557999975, -23.740369088999955 ], [ -46.00311506099996, -23.740084606999972 ], [ -46.002981997999939, -23.739492089999942 ], [ -46.002887234999946, -23.739288588999955 ], [ -46.00280289799997, -23.739165402999959 ], [ -46.002319400999966, -23.738677215999928 ], [ -46.00223811799998, -23.738568459999954 ], [ -46.002148468999962, -23.738392020999981 ], [ -46.002068796999936, -23.738108942999929 ], [ -46.002043945999958, -23.737938405999955 ], [ -46.002063933999978, -23.737473144999967 ], [ -46.002046475999975, -23.737242950999928 ], [ -46.001958769999931, -23.736935539999934 ], [ -46.00176550599997, -23.73655204399995 ], [ -46.001574839999932, -23.73637987099994 ], [ -46.001398695999967, -23.73631056499994 ], [ -46.001223151999966, -23.736319829999957 ], [ -46.000980495999954, -23.736405395999952 ], [ -46.000662566999949, -23.736654921999957 ] ] ] } },
{ "type": "Feature", "properties": { "legislacao": "Resolução SMA n°203/2018", "setor": "I", "gid": 12, "objetivo": "Minimizar os impactos ambientais negativos sobre a unidade de conservação, especialmente os efeitos de borda; incrementar a conectividade para possibilitar o fluxo gênico e o movimento da biota; fomentar a conservação dos corredores ecológicos e incentiv", "descricao": "Situado no entorno imediato do Parque Estadual Restinga de Bertioga, e em menor escala em trechos entre esta UC e o mar, tem aproximadamente 5.640,25 hectares e está inserido no município de Bertioga. Caracteriza-se pela predominância de áreas com signif", "area": "33.02", "nome_concat": "Zona de Amortecimento - Setor I" }, "geometry": { "type": "Polygon", "coordinates": [ [ [ -45.872497104999979, -23.705067019999944 ], [ -45.871671300999935, -23.710474904999955 ], [ -45.864555737999979, -23.710146400999975 ], [ -45.863616816999979, -23.729596195999932 ], [ -45.868989850999981, -23.729846002999977 ], [ -45.870688972999972, -23.729924960999938 ], [ -45.871088761999943, -23.727291975999947 ], [ -45.873001632999944, -23.714692631999981 ], [ -45.874428783999974, -23.70529111299993 ], [ -45.872497104999979, -23.705067019999944 ] ], [ [ -45.87285653899994, -23.713826128999983 ], [ -45.870536700999935, -23.728976343999932 ], [ -45.867504958999973, -23.728773023999963 ], [ -45.867425375999971, -23.729501988999971 ], [ -45.864053328999944, -23.729345199999955 ], [ -45.864046464999944, -23.729344879999928 ], [ -45.864836577999938, -23.710430666999969 ], [ -45.871649085999934, -23.710745171999974 ], [ -45.871747466999977, -23.71074677799993 ], [ -45.873199239999963, -23.710770459999935 ], [ -45.87285653899994, -23.713826128999983 ] ] ] } },
{ "type": "Feature", "properties": { "legislacao": "Resolução SMA n°203/2018", "setor": "II", "gid": 15, "objetivo": "Minimizar os impactos ambientais negativos sobre a unidade de conservação, especialmente os causados pelas atividades industriais e pelo adensamento ou verticalização de áreas urbanas; fomentar a conservação dos corredores ecológicos e incentivar o desen", "descricao": "Situado entre o Setor I da Zona de Amortecimento do Parque Estadual Restinga de Bertioga e a faixa de areia à beira mar, tem aproximadamente 4.216,57 hectares e compreende porções do município de Bertioga. Abrange extensão territorial limitada. Caracteri", "area": "376.64", "nome_concat": "Zona de Amortecimento - Setor II" }, "geometry": { "type": "Polygon", "coordinates": [ [ [ -45.996854697999936, -23.793198095999969 ], [ -45.999485558999936, -23.778882566999982 ], [ -45.999872133999986, -23.776674107999952 ], [ -46.007097274999978, -23.778789504999963 ], [ -46.010850155999947, -23.779892202999974 ], [ -46.012502853999933, -23.780400029999953 ], [ -46.04216501999997, -23.789249578999943 ], [ -46.049897501999965, -23.791590246999931 ], [ -46.055563500999938, -23.793305074999978 ], [ -46.055896058999963, -23.792681508999976 ], [ -46.057874025999979, -23.793217565999953 ], [ -46.058267021999939, -23.793644995999955 ], [ -46.060949630999971, -23.794606303999956 ], [ -46.064912025999945, -23.794999366999946 ], [ -46.064595978999932, -23.788932105999947 ], [ -46.063394419999952, -23.788538187999961 ], [ -46.063334019999957, -23.78849226899996 ], [ -46.063220944999955, -23.788406305999956 ], [ -46.062966567999979, -23.788326191999943 ], [ -46.062772274999986, -23.788321143999951 ], [ -46.062685658999953, -23.788272599999971 ], [ -46.062544655999943, -23.788160758999936 ], [ -46.062479092999979, -23.78815941299996 ], [ -46.062242372999947, -23.788242847999982 ], [ -46.061977765999984, -23.788236273999928 ], [ -46.061474826999984, -23.788088630999937 ], [ -46.060991223999963, -23.788075165999942 ], [ -46.06062641099993, -23.788086067999927 ], [ -46.06051701399997, -23.788095214999942 ], [ -46.06046269199993, -23.788145955999937 ], [ -46.060189643999934, -23.788223382999945 ], [ -46.059928575999947, -23.788653301999943 ], [ -46.059846748999973, -23.788687441999969 ], [ -46.059636396999963, -23.788621728999942 ], [ -46.059526932999972, -23.788622480999948 ], [ -46.059498613999949, -23.788505150999981 ], [ -46.059434895999971, -23.788522376999936 ], [ -46.059189892999939, -23.788683555999967 ], [ -46.059053060999986, -23.788684494999927 ], [ -46.05894230399997, -23.788525756999945 ], [ -46.058887639999966, -23.788534526999968 ], [ -46.058478234999939, -23.78867164899998 ], [ -46.058293581999976, -23.788696319999929 ], [ -46.057782746999976, -23.788686393999967 ], [ -46.057782682999971, -23.788715342999978 ], [ -46.057706349999933, -23.788719577999927 ], [ -46.057545971999957, -23.788749234999955 ], [ -46.057237087999965, -23.788693945999967 ], [ -46.057140854999943, -23.788621070999966 ], [ -46.057103326999936, -23.788608159999967 ], [ -46.057012049999969, -23.788629954999976 ], [ -46.05685968399996, -23.788757050999948 ], [ -46.056792302999952, -23.789015171999949 ], [ -46.056738005999932, -23.788987058999965 ], [ -46.056700981999938, -23.788814231999936 ], [ -46.056647152999972, -23.788757774999965 ], [ -46.056560156999979, -23.788748290999933 ], [ -46.056557658999964, -23.789874328999929 ], [ -46.048624907999965, -23.787490153999954 ], [ -46.045779560999961, -23.785121295999943 ], [ -46.043708682999977, -23.78601234599995 ], [ -46.009975413999939, -23.775866952999934 ], [ -46.009743965999974, -23.776315676999957 ], [ -46.009349037999982, -23.776712088999943 ], [ -46.008844790999945, -23.776983919999964 ], [ -46.008275926999943, -23.777107069999943 ], [ -46.007692877999943, -23.77707062199994 ], [ -46.002542190999975, -23.776024212999971 ], [ -45.996943932999955, -23.774455681999939 ], [ -45.994248745999982, -23.773607547999973 ], [ -45.994124610999961, -23.791694962999941 ], [ -45.994025737999948, -23.792249704999961 ], [ -45.993746311999985, -23.79274960999993 ], [ -45.993321270999957, -23.79313904299994 ], [ -45.993399901999965, -23.793247363999967 ], [ -45.993691546999969, -23.794034057999966 ], [ -45.993881683999973, -23.795132055999943 ], [ -45.993886955999983, -23.795825008999941 ], [ -45.993737677999945, -23.796464214999958 ], [ -45.994376522999971, -23.796858241999928 ], [ -45.994450882999956, -23.796391788999983 ], [ -45.995048978999932, -23.796495465999953 ], [ -45.995989768999948, -23.797266019999938 ], [ -45.996854697999936, -23.793198095999969 ] ] ] } },
{ "type": "Feature", "properties": { "legislacao": "Resolução SMA n°203/2018", "setor": "II", "gid": 14, "objetivo": "Minimizar os impactos ambientais negativos sobre a unidade de conservação, especialmente os causados pelas atividades industriais e pelo adensamento ou verticalização de áreas urbanas; fomentar a conservação dos corredores ecológicos e incentivar o desen", "descricao": "Situado entre o Setor I da Zona de Amortecimento do Parque Estadual Restinga de Bertioga e a faixa de areia à beira mar, tem aproximadamente 4.216,57 hectares e compreende porções do município de Bertioga. Abrange extensão territorial limitada. Caracteri", "area": "0.77", "nome_concat": "Zona de Amortecimento - Setor II" }, "geometry": { "type": "Polygon", "coordinates": [ [ [ -45.955667662999986, -23.775730277999969 ], [ -45.955646805999947, -23.775985528999968 ], [ -45.955771317999961, -23.776146057999938 ], [ -45.955753982999966, -23.776438895999945 ], [ -45.955502439999975, -23.776661493999939 ], [ -45.955565425999964, -23.776879565999934 ], [ -45.955574903999945, -23.776877241999955 ], [ -45.955865437999933, -23.776660375999938 ], [ -45.956123777999949, -23.776479553999934 ], [ -45.956277557999954, -23.776203792999979 ], [ -45.956399492999935, -23.776011866999966 ], [ -45.956456428999957, -23.775808395999945 ], [ -45.956279068999947, -23.77552273799995 ], [ -45.95592841399997, -23.775506986999972 ], [ -45.955667662999986, -23.775730277999969 ] ] ] } },
{ "type": "Feature", "properties": { "legislacao": "Resolução SMA n°203/2018", "setor": "II", "gid": 19, "objetivo": "Minimizar os impactos ambientais negativos sobre a unidade de conservação, especialmente os causados pelas atividades industriais e pelo adensamento ou verticalização de áreas urbanas; fomentar a conservação dos corredores ecológicos e incentivar o desen", "descricao": "Situado entre o Setor I da Zona de Amortecimento do Parque Estadual Restinga de Bertioga e a faixa de areia à beira mar, tem aproximadamente 4.216,57 hectares e compreende porções do município de Bertioga. Abrange extensão territorial limitada. Caracteri", "area": "11.84", "nome_concat": "Zona de Amortecimento - Setor II" }, "geometry": { "type": "Polygon", "coordinates": [ [ [ -45.852489294999941, -23.743991186999949 ], [ -45.858570594999946, -23.744405165999979 ], [ -45.858673615999976, -23.742659311999944 ], [ -45.852677416999938, -23.742280242999982 ], [ -45.852489294999941, -23.743991186999949 ] ] ] } },
{ "type": "Feature", "properties": { "legislacao": "Resolução SMA n°203/2018", "setor": "III", "gid": 1, "objetivo": "Minimizar os impactos ambientais negativos sobre a unidade de conservação, especialmente os causados por atividades desordenadas de turismo de praia e incentivar o desenvolvimento de práticas sustentáveis.", "descricao": "Situado parcialmente na faixa de areia entre as praias ao sul do Parque Estadual Restinga de Bertioga e nos estuários dos Rio Itaguaré e Guaratuba, possui aproximadamente 301,19 hectares e compreende porções do município de Bertioga. Caracteriza-se por á", "area": "171.9", "nome_concat": "Zona de Amortecimento - Setor III" }, "geometry": { "type": "Polygon", "coordinates": [ [ [ -45.99373191199993, -23.796470942999974 ], [ -45.993736051999974, -23.796471175999955 ], [ -45.993737677999945, -23.796464214999958 ], [ -45.993882157999963, -23.795845551999946 ], [ -45.993886955999983, -23.795825008999941 ], [ -45.993886885999984, -23.79581589299994 ], [ -45.993885575999968, -23.795643687999927 ], [ -45.993881683999973, -23.795132055999943 ], [ -45.993803391999961, -23.79467993999998 ], [ -45.993724398999973, -23.794223772999942 ], [ -45.993691546999969, -23.794034057999966 ], [ -45.99345638799997, -23.793399730999965 ], [ -45.993399901999965, -23.793247363999967 ], [ -45.993207709999979, -23.792982603999974 ], [ -45.992743803999986, -23.792343531999961 ], [ -45.992161691999968, -23.791683545999945 ], [ -45.992164073999959, -23.791657477999934 ], [ -45.992161607999947, -23.791657731999976 ], [ -45.992139269999939, -23.791661 ], [ -45.992091690999985, -23.791663555999946 ], [ -45.992054960999951, -23.791651189999982 ], [ -45.992034869999941, -23.79164549799998 ], [ -45.992008436999981, -23.79163800799995 ], [ -45.991924628999982, -23.791612153999949 ], [ -45.991894903999935, -23.791600779999953 ], [ -45.991865393999944, -23.791591568999934 ], [ -45.991841270999942, -23.791581334999933 ], [ -45.991820169999983, -23.791568738999956 ], [ -45.991785727999968, -23.791544672999976 ], [ -45.991768106999984, -23.791537647999974 ], [ -45.991741960999946, -23.791531845999941 ], [ -45.991703251999979, -23.791527404999954 ], [ -45.991662976999976, -23.791521594999949 ], [ -45.991607289999934, -23.791506631999937 ], [ -45.991554903999941, -23.791495659999953 ], [ -45.991510322999943, -23.791482978999966 ], [ -45.991465663999975, -23.791470994999941 ], [ -45.991416163999986, -23.791454888999965 ], [ -45.991366312999958, -23.79143384899993 ], [ -45.991320532999964, -23.791416818999949 ], [ -45.991267003999951, -23.791398095999966 ], [ -45.99120697799998, -23.791376793999973 ], [ -45.991175566999971, -23.791363263999983 ], [ -45.991114750999941, -23.79134133499997 ], [ -45.991051717999937, -23.791318940999929 ], [ -45.990993935999938, -23.791296092999971 ], [ -45.990933008999946, -23.79127263099997 ], [ -45.990896763999956, -23.791255881999973 ], [ -45.990856823999934, -23.791231306999975 ], [ -45.990799815999935, -23.791195463999941 ], [ -45.990769080999939, -23.791180576999977 ], [ -45.990731150999977, -23.791161672999976 ], [ -45.990685938999945, -23.791140284999983 ], [ -45.990615918999936, -23.791108756999961 ], [ -45.990590226999984, -23.791098621999936 ], [ -45.990541190999977, -23.791077436999956 ], [ -45.990493748999938, -23.791059218999976 ], [ -45.990483413999982, -23.791055309999933 ], [ -45.990438526999981, -23.791037527999947 ], [ -45.990404647999981, -23.791022027999929 ], [ -45.990387142999964, -23.791017167999939 ], [ -45.990355052999973, -23.79100445399996 ], [ -45.990331488999971, -23.790990608999948 ], [ -45.990289983999958, -23.790965104999941 ], [ -45.990288294999971, -23.790964066999948 ], [ -45.990253514999949, -23.790946497999983 ], [ -45.990218496999944, -23.790923877999944 ], [ -45.990198082999939, -23.790911276999964 ], [ -45.990185733999965, -23.790901154999972 ], [ -45.990168677999975, -23.790891239999951 ], [ -45.990130979999947, -23.790876664999928 ], [ -45.990084199999956, -23.790855375999968 ], [ -45.990044019999971, -23.790837386999954 ], [ -45.989987571999961, -23.790811577999932 ], [ -45.989975339999944, -23.790803619999963 ], [ -45.98994838599998, -23.79078704799997 ], [ -45.989896749999957, -23.79076175299997 ], [ -45.989884296999946, -23.790750909999929 ], [ -45.989876329999959, -23.790748429999951 ], [ -45.989830224999935, -23.790749417999962 ], [ -45.989813510999966, -23.790745274999949 ], [ -45.989796571999932, -23.79073752499994 ], [ -45.989762533999965, -23.790718467999966 ], [ -45.989722151999956, -23.79069975799996 ], [ -45.989682982999966, -23.79068528099998 ], [ -45.989669186999947, -23.790678053999954 ], [ -45.989643711999975, -23.790658535999967 ], [ -45.989609490999953, -23.790637354999944 ], [ -45.989575388999981, -23.790630515999965 ], [ -45.989544418999969, -23.790622756999937 ], [ -45.989524335999931, -23.790614483999946 ], [ -45.989488776999963, -23.79059763999993 ], [ -45.989474410999946, -23.790592671999946 ], [ -45.989446923999935, -23.790578938999943 ], [ -45.989403380999931, -23.790557540999941 ], [ -45.989356709999981, -23.790537693999966 ], [ -45.989318959999935, -23.790518403999954 ], [ -45.989298090999966, -23.790510135999966 ], [ -45.989256912999963, -23.790489986999944 ], [ -45.989220115999956, -23.79047757099994 ], [ -45.989176589999943, -23.790458246999947 ], [ -45.98912654399993, -23.790433548999943 ], [ -45.989081784999939, -23.790419374999942 ], [ -45.989052163999986, -23.790408630999934 ], [ -45.989025675999983, -23.790397146999965 ], [ -45.988980458999947, -23.790375036999933 ], [ -45.988943545999973, -23.790360456999963 ], [ -45.988911687999973, -23.790352070999973 ], [ -45.988862752999978, -23.790333074999978 ], [ -45.988820499999974, -23.790308788999937 ], [ -45.988798631999941, -23.790298360999941 ], [ -45.988770916999954, -23.790292657999942 ], [ -45.988725257999931, -23.790276323999933 ], [ -45.988678022999977, -23.790259366999976 ], [ -45.988635049999971, -23.790235799999948 ], [ -45.988593975999947, -23.790216372999964 ], [ -45.988548984999966, -23.79019786899994 ], [ -45.988512525999965, -23.790178865999962 ], [ -45.988472354999942, -23.790150050999955 ], [ -45.988441049999949, -23.790137331999972 ], [ -45.988427352999963, -23.790130104999946 ], [ -45.988414225999975, -23.79012070899995 ], [ -45.988382138999953, -23.790096537999943 ], [ -45.988370016999966, -23.790090022999948 ], [ -45.98833345099996, -23.790081844999975 ], [ -45.988314255999967, -23.790074197999957 ], [ -45.988295078999954, -23.790068715999951 ], [ -45.988259838999966, -23.79005475699995 ], [ -45.988226517999976, -23.790035644999932 ], [ -45.988201717999971, -23.790014678999967 ], [ -45.988190162999956, -23.789993637999942 ], [ -45.988163906999944, -23.789986391999946 ], [ -45.98812116299996, -23.789978610999981 ], [ -45.988079982999977, -23.789970007999955 ], [ -45.98804004699997, -23.789957699999945 ], [ -45.988019957999938, -23.789948704999972 ], [ -45.987979338999935, -23.789924943999949 ], [ -45.98793726599996, -23.789903356999957 ], [ -45.987898111999982, -23.789878775999966 ], [ -45.987871631999951, -23.789856466999936 ], [ -45.987856246999968, -23.789834996999957 ], [ -45.987847158999955, -23.789827561999971 ], [ -45.987837624999941, -23.789813634999973 ], [ -45.987794099999974, -23.789818125999943 ], [ -45.987785683999959, -23.78982069999995 ], [ -45.987775588999966, -23.789821930999949 ], [ -45.987756625999964, -23.789818612999966 ], [ -45.987732723999954, -23.789811263999979 ], [ -45.987691783999935, -23.789796164999927 ], [ -45.987653300999966, -23.78978159299993 ], [ -45.987616375999949, -23.78976556899994 ], [ -45.987596304999954, -23.789758737999932 ], [ -45.987559949999934, -23.789740455999947 ], [ -45.987524032999943, -23.789715765999972 ], [ -45.987506307999979, -23.789708019999978 ], [ -45.98747276499995, -23.789697568999941 ], [ -45.987440675999949, -23.789684854999962 ], [ -45.987392210999985, -23.789661499999966 ], [ -45.987350358999947, -23.789642887999946 ], [ -45.987314898999955, -23.789626042999942 ], [ -45.987255655999945, -23.789592466999977 ], [ -45.987217390999945, -23.789568602999964 ], [ -45.987181379999981, -23.789544543999966 ], [ -45.987147043999983, -23.789521197999932 ], [ -45.987101824999968, -23.789486909999937 ], [ -45.987070625999934, -23.789463364999961 ], [ -45.987054464999972, -23.789454797999952 ], [ -45.987021708999976, -23.789432795999971 ], [ -45.987004317999947, -23.789417921999927 ], [ -45.986977158999935, -23.78939633899995 ], [ -45.986966379999956, -23.789386116999935 ], [ -45.98693721099994, -23.789358861999972 ], [ -45.986912630999939, -23.789340691999939 ], [ -45.986897259999978, -23.789332841999965 ], [ -45.986895696999966, -23.789333662999979 ], [ -45.986886718999983, -23.789327670999967 ], [ -45.986752279999962, -23.789246353999943 ], [ -45.986721093999961, -23.789247976999945 ], [ -45.98666970599993, -23.789250618999972 ], [ -45.986621021999952, -23.789248192999935 ], [ -45.986593203999973, -23.789241768999943 ], [ -45.986540355999978, -23.789222227999971 ], [ -45.986511858999961, -23.789204981999944 ], [ -45.98649434899994, -23.789199399999973 ], [ -45.986456208999982, -23.789190688999952 ], [ -45.986405721999972, -23.789171765999981 ], [ -45.98636477499997, -23.789155854999933 ], [ -45.986305080999955, -23.78913887899995 ], [ -45.986288810999952, -23.789128959999971 ], [ -45.986279722999939, -23.789121524999928 ], [ -45.986253466999983, -23.789090553999984 ], [ -45.986237985999935, -23.789081261999968 ], [ -45.986214763999953, -23.789073096999971 ], [ -45.986191194999947, -23.789058528999931 ], [ -45.986169869999969, -23.789042413999937 ], [ -45.986146317999953, -23.789029920999951 ], [ -45.986099413999966, -23.788993566999977 ], [ -45.98608606199997, -23.788980653999943 ], [ -45.986065629999985, -23.788965886999961 ], [ -45.986052723999933, -23.788959376999969 ], [ -45.986024565999969, -23.788959358999932 ], [ -45.985999447999973, -23.788959232999957 ], [ -45.985958494999977, -23.788954236999928 ], [ -45.985922597999945, -23.788943888999938 ], [ -45.985902291999935, -23.78894418699997 ], [ -45.985883444999956, -23.788943031999963 ], [ -45.985861227999976, -23.788937747999967 ], [ -45.985829592999949, -23.788920699999949 ], [ -45.985800858999937, -23.788898493999966 ], [ -45.985775844999978, -23.788875364999967 ], [ -45.98576438799995, -23.788854321999963 ], [ -45.985741160999964, -23.788845525999932 ], [ -45.985696860999951, -23.788839195999969 ], [ -45.985654889999978, -23.788829874999976 ], [ -45.98559869099995, -23.78880836899998 ], [ -45.985559866999949, -23.788788114999932 ], [ -45.985522059999937, -23.788772095999946 ], [ -45.985479301999931, -23.788750601999936 ], [ -45.985438694999971, -23.788728283999944 ], [ -45.985413782999956, -23.788717421999934 ], [ -45.985374406999938, -23.788701500999935 ], [ -45.985329520999983, -23.788683717999959 ], [ -45.985299448999967, -23.788665849999973 ], [ -45.985270278999963, -23.788650140999948 ], [ -45.985229211999979, -23.788631433999967 ], [ -45.985187203999942, -23.788611363999962 ], [ -45.985149060999959, -23.788590384999964 ], [ -45.985111464999932, -23.78856425999993 ], [ -45.985106863999931, -23.788560969999935 ], [ -45.98507780999995, -23.788540187999956 ], [ -45.985061876999964, -23.788523681999948 ], [ -45.985053794999942, -23.788519127999962 ], [ -45.985041003999982, -23.788514780999947 ], [ -45.985009255999955, -23.788507746999983 ], [ -45.984962816999939, -23.788503774999981 ], [ -45.98493902499996, -23.788497777999964 ], [ -45.984928813999943, -23.788496933999966 ], [ -45.984860375999972, -23.788466656999958 ], [ -45.984823128999949, -23.788450643999965 ], [ -45.984727071999941, -23.788409153999964 ], [ -45.984666884999967, -23.788383194999938 ], [ -45.984593769999947, -23.788351660999979 ], [ -45.984456466999973, -23.788302906999945 ], [ -45.984318944999984, -23.788254656999982 ], [ -45.984198240999945, -23.788178682999956 ], [ -45.984061771999961, -23.788127914999961 ], [ -45.983927822999931, -23.788071869999953 ], [ -45.983796292999955, -23.788011017999963 ], [ -45.983663599999943, -23.787949105999928 ], [ -45.98353231699997, -23.787887802999933 ], [ -45.983400831999973, -23.787826867999968 ], [ -45.98326893199993, -23.787766697999928 ], [ -45.983136503999958, -23.787707519999969 ], [ -45.983003734999954, -23.787648990999969 ], [ -45.982870773999934, -23.787590831999978 ], [ -45.982737764999968, -23.78753276499998 ], [ -45.982604850999962, -23.787474515999975 ], [ -45.982472173999952, -23.78741581099996 ], [ -45.982339897999964, -23.787356345999967 ], [ -45.982208598999932, -23.787295076999953 ], [ -45.98207832199995, -23.787231984999949 ], [ -45.981948798999952, -23.787167593999982 ], [ -45.981819737999956, -23.78710241899995 ], [ -45.981691257999955, -23.787036282999964 ], [ -45.981563847999951, -23.786968415999979 ], [ -45.981437716999949, -23.786898556999972 ], [ -45.981313083999964, -23.78682645799995 ], [ -45.981190181999978, -23.786751885999934 ], [ -45.981069923999939, -23.786673765999979 ], [ -45.980954210999982, -23.78659231499995 ], [ -45.980837862999977, -23.786509312999954 ], [ -45.980723437999984, -23.786424139999951 ], [ -45.980648663999943, -23.78631212099998 ], [ -45.980744895999976, -23.786227659999952 ], [ -45.980676097999947, -23.786165393999966 ], [ -45.980534578999936, -23.786195147999933 ], [ -45.980399150999972, -23.786247815999957 ], [ -45.980252707999966, -23.786255566999955 ], [ -45.980109425999956, -23.786227575999931 ], [ -45.979981399999986, -23.78616111499997 ], [ -45.979865892999953, -23.78607724699998 ], [ -45.979757577999976, -23.785985572999948 ], [ -45.979676884999947, -23.785876137999935 ], [ -45.979533815999957, -23.785899169999936 ], [ -45.979386802999954, -23.785906230999956 ], [ -45.979239621999966, -23.785907104999978 ], [ -45.979093702999933, -23.785891341999957 ], [ -45.978960101999974, -23.785835603999942 ], [ -45.978839332999939, -23.785760998999933 ], [ -45.978705026999933, -23.785688064999931 ], [ -45.978573558999983, -23.785644040999955 ], [ -45.978441146999955, -23.785586043999956 ], [ -45.978369099999952, -23.785473011999954 ], [ -45.978297416999965, -23.785378027999968 ], [ -45.978259840999954, -23.785384344999954 ], [ -45.97815380399993, -23.785410645999946 ], [ -45.978021466999962, -23.785356005999972 ], [ -45.977893297999969, -23.785289372999955 ], [ -45.977761482999938, -23.785229081999944 ], [ -45.977628421999952, -23.785171124999977 ], [ -45.977498304999983, -23.78510782799998 ], [ -45.977375667999979, -23.785032997999963 ], [ -45.97725733599998, -23.784952410999949 ], [ -45.977133415999958, -23.784879309999951 ], [ -45.977021027999967, -23.784792423999932 ], [ -45.97699618799993, -23.784664713999973 ], [ -45.976998950999985, -23.784529268999961 ], [ -45.977000963999956, -23.784393817999955 ], [ -45.976990120999972, -23.784258795999961 ], [ -45.976928707999946, -23.78429787999994 ], [ -45.976937969999938, -23.784432814999946 ], [ -45.976924211999972, -23.784566045999952 ], [ -45.976820260999943, -23.784647168999982 ], [ -45.976687916999936, -23.784589480999955 ], [ -45.97657010699993, -23.784508329999937 ], [ -45.976457837999931, -23.784420712999975 ], [ -45.976347158999943, -23.784331388999931 ], [ -45.976233952999962, -23.784244806999936 ], [ -45.976114695999968, -23.784165438999935 ], [ -45.975991620999935, -23.784091108999974 ], [ -45.975870031999932, -23.784014768999953 ], [ -45.975809807999951, -23.783906655999942 ], [ -45.97588435199998, -23.783792321999954 ], [ -45.975841170999956, -23.78374883999993 ], [ -45.97577040799996, -23.783859943999971 ], [ -45.975780725999982, -23.783980346999954 ], [ -45.975842197999953, -23.78410338499998 ], [ -45.975843084999951, -23.784105520999958 ], [ -45.975894712999946, -23.78422980299996 ], [ -45.97578935699994, -23.784293727999966 ], [ -45.975680896999961, -23.784211490999951 ], [ -45.975616529999968, -23.784311780999928 ], [ -45.975473876999956, -23.784282526999959 ], [ -45.97534223599996, -23.784221885999955 ], [ -45.975211995999985, -23.784158746999935 ], [ -45.97508501599998, -23.784090237999976 ], [ -45.97496343399996, -23.784013925999943 ], [ -45.974853399999972, -23.783924089999971 ], [ -45.974754257999962, -23.783823986999948 ], [ -45.974666626999976, -23.783743682999955 ], [ -45.974579282999969, -23.783652892999953 ], [ -45.974589505999973, -23.783529410999961 ], [ -45.974487168999985, -23.783541414999945 ], [ -45.97447481699993, -23.783655368999973 ], [ -45.97435517599996, -23.783656482999959 ], [ -45.974247785999978, -23.783566377999932 ], [ -45.97411259699993, -23.783530239999948 ], [ -45.97404582799993, -23.783409502999973 ], [ -45.974030558999971, -23.783381891999966 ], [ -45.97395656599997, -23.783342867999977 ], [ -45.973775995999972, -23.783246799999972 ], [ -45.973709631999952, -23.783202802999938 ], [ -45.973556527999961, -23.783069130999934 ], [ -45.97349668399994, -23.782945655999981 ], [ -45.973449735999964, -23.782817545999933 ], [ -45.973495905999982, -23.782692027999929 ], [ -45.973575481999944, -23.782579483999939 ], [ -45.973649073999979, -23.782492115999958 ], [ -45.973717631999932, -23.782417822999946 ], [ -45.973796777999951, -23.782332723999957 ], [ -45.973829102999957, -23.782289157999969 ], [ -45.973884316999943, -23.782209318999946 ], [ -45.973923680999974, -23.782118211999943 ], [ -45.973948345999986, -23.782069555999954 ], [ -45.973992249999981, -23.781995128999938 ], [ -45.97402590799993, -23.781941719999963 ], [ -45.974038200999985, -23.781918792999932 ], [ -45.974046962999978, -23.781895977999966 ], [ -45.974050013999943, -23.781884035999951 ], [ -45.974053356999946, -23.781858545999967 ], [ -45.97405540099993, -23.781803529999934 ], [ -45.97405970799997, -23.781762498999967 ], [ -45.974071395999943, -23.78172422199998 ], [ -45.974106269999936, -23.781649580999954 ], [ -45.974126858999966, -23.78159399599997 ], [ -45.974135457999978, -23.781562601999951 ], [ -45.974146442999938, -23.781508974999952 ], [ -45.974153878999971, -23.78145329299997 ], [ -45.974156297999969, -23.78142220899997 ], [ -45.974157583999954, -23.78137099099996 ], [ -45.974152609999976, -23.781282963999956 ], [ -45.974144606999971, -23.781223133999958 ], [ -45.974138571999958, -23.781190206999952 ], [ -45.974126484999942, -23.781135460999963 ], [ -45.974099853999974, -23.78103871899998 ], [ -45.974060790999943, -23.780919837999932 ], [ -45.974035836999974, -23.780850450999935 ], [ -45.974023745999943, -23.780782067999951 ], [ -45.974015534999978, -23.78074698599994 ], [ -45.973999524999954, -23.780692535999947 ], [ -45.973978292999959, -23.780635318999941 ], [ -45.973965310999972, -23.780605324999954 ], [ -45.973922874999971, -23.780521146999945 ], [ -45.973897819999934, -23.780477771999983 ], [ -45.973856311999953, -23.78041273499997 ], [ -45.973810989999947, -23.780349527999931 ], [ -45.973787209999955, -23.780319150999958 ], [ -45.973762848999968, -23.780289951999976 ], [ -45.973712286999955, -23.780234725999946 ], [ -45.97365919899994, -23.780182947999947 ], [ -45.973622346999946, -23.780149943999959 ], [ -45.973544930999935, -23.780086487999938 ], [ -45.973462622999932, -23.780025139999964 ], [ -45.97342000499998, -23.77999551399995 ], [ -45.973354814999936, -23.77995266299996 ], [ -45.97325544499995, -23.779893228999981 ], [ -45.973189324999964, -23.779857428999946 ], [ -45.973064504999968, -23.779793728999948 ], [ -45.972984401999952, -23.77975151399994 ], [ -45.972920611999939, -23.779712266999979 ], [ -45.972884699999952, -23.779686933999983 ], [ -45.972818858999972, -23.779635777999943 ], [ -45.972746314999938, -23.779580780999936 ], [ -45.972702124999955, -23.779550892999964 ], [ -45.972619814999973, -23.77950218899997 ], [ -45.972516077999956, -23.779449284999941 ], [ -45.972441427999968, -23.779414440999972 ], [ -45.972302605999971, -23.779354983999951 ], [ -45.972232043999952, -23.779328874999976 ], [ -45.972203812999965, -23.779320201999951 ], [ -45.97216862099998, -23.779312474999983 ], [ -45.972153985999967, -23.779310941999938 ], [ -45.972129264999978, -23.779312361999928 ], [ -45.972118981999984, -23.779315225999937 ], [ -45.972101776999978, -23.779324456999973 ], [ -45.972089407999931, -23.779337178999981 ], [ -45.972083689999977, -23.779346878999945 ], [ -45.972078245999967, -23.779367053999977 ], [ -45.972078103999934, -23.779374369999971 ], [ -45.972080957999935, -23.779388621999942 ], [ -45.972087346999956, -23.779403122999952 ], [ -45.972108691999949, -23.779436044999954 ], [ -45.972135496999954, -23.779477330999953 ], [ -45.972145867999984, -23.77949939399997 ], [ -45.972151034999968, -23.779521126999953 ], [ -45.972150914999986, -23.779531514999974 ], [ -45.97214863399995, -23.779541463999976 ], [ -45.972138466999979, -23.779559952999932 ], [ -45.972122399999932, -23.779577032999953 ], [ -45.972109230999934, -23.779587773999936 ], [ -45.972079839999935, -23.779607918999943 ], [ -45.972013024999967, -23.779650155999946 ], [ -45.971983832999967, -23.779670660999955 ], [ -45.971939057999975, -23.779707249999944 ], [ -45.971920772999965, -23.779716306999944 ], [ -45.971914889999937, -23.779717065999932 ], [ -45.971903094999959, -23.779714701999978 ], [ -45.971891263999964, -23.779707369999983 ], [ -45.971883158999958, -23.779699653999955 ], [ -45.971866212999942, -23.779677632999949 ], [ -45.971852307999939, -23.779655411999954 ], [ -45.971816842999942, -23.779597832999968 ], [ -45.971778564999966, -23.779544696999949 ], [ -45.971733522999955, -23.77949250599994 ], [ -45.971708104999948, -23.779466112999955 ], [ -45.97166787599997, -23.77942780099994 ], [ -45.971606755999971, -23.779377878999981 ], [ -45.971587123999939, -23.779364274999978 ], [ -45.971548383999959, -23.779341306999981 ], [ -45.971508888999949, -23.779322498999932 ], [ -45.971419333999961, -23.779289283999958 ], [ -45.971242161999953, -23.779232956999977 ], [ -45.97113860099995, -23.779203532999929 ], [ -45.970993179999937, -23.779167236999967 ], [ -45.970920243999956, -23.779151799999966 ], [ -45.97081441399996, -23.779133949999959 ], [ -45.970715509999934, -23.779123823999953 ], [ -45.970652188999964, -23.779121151999959 ], [ -45.970610280999949, -23.779120963999958 ], [ -45.970525605999967, -23.779123753999954 ], [ -45.970437624999931, -23.77913080999997 ], [ -45.970391932999974, -23.77913642599998 ], [ -45.970320868999977, -23.779148341999928 ], [ -45.970246601999975, -23.779165155999976 ], [ -45.970208110999977, -23.779175693999946 ], [ -45.970168649999948, -23.779187863999937 ], [ -45.970089065999957, -23.779215549999947 ], [ -45.970011759999977, -23.779245929999945 ], [ -45.969963527999937, -23.779266373999974 ], [ -45.969880683999975, -23.77930437599997 ], [ -45.969815768999979, -23.779338290999931 ], [ -45.969786950999946, -23.779356354999948 ], [ -45.969772800999976, -23.779367100999934 ], [ -45.969753511999954, -23.779386459999955 ], [ -45.969744291999973, -23.779400335999981 ], [ -45.969733583999982, -23.779425420999928 ], [ -45.969728001999954, -23.779440357999931 ], [ -45.969715244999975, -23.779453714999931 ], [ -45.969702617999985, -23.779458219999981 ], [ -45.969670565999934, -23.779463659999976 ], [ -45.969619273999967, -23.779468587999929 ], [ -45.969483020999974, -23.779477390999944 ], [ -45.96934373199997, -23.779487206999931 ], [ -45.969277845999954, -23.779496019999954 ], [ -45.969239437999931, -23.779504479999957 ], [ -45.969219171999953, -23.779511200999934 ], [ -45.96918601699997, -23.779526671999974 ], [ -45.969147722999935, -23.779550665999977 ], [ -45.969126053999958, -23.77956669799994 ], [ -45.969076506999954, -23.779608373999963 ], [ -45.969048141999963, -23.77963465299996 ], [ -45.969007389999945, -23.779674922999959 ], [ -45.968940693999969, -23.779835649999939 ], [ -45.968924833999949, -23.779867360999958 ], [ -45.968903993999959, -23.779902534999962 ], [ -45.968866223999953, -23.779957503999981 ], [ -45.968835976999969, -23.779994632999944 ], [ -45.968822725999985, -23.780007630999933 ], [ -45.968803299999934, -23.780021661999967 ], [ -45.968793129999938, -23.780026692999968 ], [ -45.968770607999943, -23.780033517999982 ], [ -45.968728345999978, -23.780038569999931 ], [ -45.968694391999975, -23.780038963999971 ], [ -45.968613679999976, -23.780033689999982 ], [ -45.968375857999945, -23.780004021999957 ], [ -45.968079814999953, -23.779971287999956 ], [ -45.967761966999944, -23.779936069999962 ], [ -45.967604012999971, -23.779917008999973 ], [ -45.96752227099995, -23.779905147999955 ], [ -45.96739942499994, -23.779882344999976 ], [ -45.967280355999947, -23.779852834999929 ], [ -45.967205586999967, -23.779830329999982 ], [ -45.967160133999982, -23.779815259999964 ], [ -45.967081402999952, -23.779785858999958 ], [ -45.967034536999961, -23.77976555999993 ], [ -45.966961445999971, -23.779728987999931 ], [ -45.96691041899993, -23.779703386999927 ], [ -45.966852131999985, -23.779678191999949 ], [ -45.966810498999962, -23.779662104999943 ], [ -45.966727944999946, -23.77963326899993 ], [ -45.966608703999952, -23.779593553999973 ], [ -45.966531430999964, -23.779562335999969 ], [ -45.966466835999938, -23.779533296999944 ], [ -45.966315176999956, -23.779462895999927 ], [ -45.966194456999972, -23.779409009999938 ], [ -45.966115997999964, -23.779376535999972 ], [ -45.965961080999932, -23.779316721999976 ], [ -45.965840017999938, -23.77926987099994 ], [ -45.965712637999957, -23.779217832999962 ], [ -45.965483820999964, -23.779118198999981 ], [ -45.965253176999965, -23.779010357999937 ], [ -45.965023063999979, -23.778907841999967 ], [ -45.964905134999981, -23.778859626999974 ], [ -45.964805944999966, -23.778823938999949 ], [ -45.96474898799994, -23.778805870999975 ], [ -45.964646805999962, -23.778776974999971 ], [ -45.964418479999949, -23.778714681999929 ], [ -45.964307662999943, -23.778686020999942 ], [ -45.96425349499998, -23.778673534999939 ], [ -45.964179295999941, -23.778659637999965 ], [ -45.964136566999969, -23.778654484999947 ], [ -45.964062421999984, -23.778647903999968 ], [ -45.964008865999972, -23.778638573999956 ], [ -45.963970996999933, -23.778627159999928 ], [ -45.963887342999953, -23.778595348999943 ], [ -45.963817176999953, -23.778569413999946 ], [ -45.963739275999956, -23.778545875999953 ], [ -45.963680674999978, -23.778531158999954 ], [ -45.963540504999969, -23.778501235999954 ], [ -45.963272389999986, -23.77844880899994 ], [ -45.963133626999934, -23.778417158999957 ], [ -45.963008739999964, -23.77838352699996 ], [ -45.962931320999985, -23.778358811999965 ], [ -45.96288143299995, -23.77834114999996 ], [ -45.962783595999952, -23.778302381999936 ], [ -45.962686309999981, -23.778258642999958 ], [ -45.962637849999965, -23.778234919999932 ], [ -45.962565929999982, -23.778197254999952 ], [ -45.962460570999951, -23.778136586999949 ], [ -45.962393128999963, -23.77809392599994 ], [ -45.962350322999953, -23.778065110999933 ], [ -45.962272965999944, -23.778008692999947 ], [ -45.962205867999955, -23.777952212999935 ], [ -45.962188370999968, -23.777935070999945 ], [ -45.962161153999944, -23.777904081999964 ], [ -45.962142696999933, -23.777876559999982 ], [ -45.962134230999936, -23.777859632999935 ], [ -45.962124181999968, -23.777827722999973 ], [ -45.962119904999952, -23.77779333899997 ], [ -45.962120522999953, -23.777770665999981 ], [ -45.962122473999955, -23.777755660999958 ], [ -45.962130103999982, -23.77772553799997 ], [ -45.962138965999941, -23.777702902999977 ], [ -45.962153771999965, -23.777674451999928 ], [ -45.962162119999959, -23.777661845999944 ], [ -45.962181879999946, -23.777639774999955 ], [ -45.962188516999959, -23.777634856999953 ], [ -45.962201618999984, -23.777628271999959 ], [ -45.962214649999964, -23.777625210999929 ], [ -45.962239960999966, -23.777623968999933 ], [ -45.962256731999958, -23.777622509999958 ], [ -45.962265449999961, -23.77762028799998 ], [ -45.962279630999944, -23.777613515999974 ], [ -45.96230440599993, -23.77759285999997 ], [ -45.962323868999931, -23.777570339999954 ], [ -45.962350876999949, -23.777533050999978 ], [ -45.962363488999983, -23.777513102999933 ], [ -45.962385844999972, -23.777470423999944 ], [ -45.962390661999962, -23.77745811099993 ], [ -45.962396190999982, -23.777435948999937 ], [ -45.962396922999972, -23.777415442999938 ], [ -45.962395251999965, -23.777401724999947 ], [ -45.962387960999934, -23.777371152999933 ], [ -45.962360135999972, -23.777284169999973 ], [ -45.962344426999948, -23.777243354999939 ], [ -45.962329276999981, -23.777211657999942 ], [ -45.962318542999981, -23.777193389999979 ], [ -45.96229165799997, -23.777154088999964 ], [ -45.962217758999941, -23.77704743399994 ], [ -45.962209990999952, -23.777032127999973 ], [ -45.962210177999964, -23.777030862999936 ], [ -45.962212625999939, -23.777030124999953 ], [ -45.962237247999951, -23.777041892999932 ], [ -45.962312819999966, -23.77708251699994 ], [ -45.962353099999973, -23.777101592999941 ], [ -45.962387241999977, -23.777113482999937 ], [ -45.962409159999936, -23.777117861999955 ], [ -45.962462477999964, -23.77712168499994 ], [ -45.962585847999947, -23.777124320999974 ], [ -45.962664780999944, -23.777128163999976 ], [ -45.962741183999981, -23.777134912999941 ], [ -45.962782243999982, -23.777139985999952 ], [ -45.962848661999942, -23.777150228999972 ], [ -45.962961787999973, -23.77717282499998 ], [ -45.963092650999954, -23.777205245999937 ], [ -45.963186072999974, -23.777230854999971 ], [ -45.963373636999961, -23.777286583999967 ], [ -45.963547760999973, -23.77734302999994 ], [ -45.963631691999979, -23.777372580999952 ], [ -45.963758747999975, -23.77742092099993 ], [ -45.963846061999959, -23.777456682999969 ], [ -45.964020712999968, -23.777531368999973 ], [ -45.964143088999947, -23.777583891999939 ], [ -45.964459173999956, -23.777713508999966 ], [ -45.964570134999974, -23.777761857999963 ], [ -45.964782646999936, -23.777860149999981 ], [ -45.964785207999967, -23.77786139899996 ], [ -45.96489395499998, -23.77791554099997 ], [ -45.964944400999968, -23.777942320999955 ], [ -45.965022352999938, -23.777986088999967 ], [ -45.965091448999942, -23.778026660999956 ], [ -45.965284248999978, -23.778139977999956 ], [ -45.96535728799995, -23.778179168999941 ], [ -45.965481605999969, -23.778242064999972 ], [ -45.965596544999983, -23.778297342999963 ], [ -45.965645178999978, -23.778317991999927 ], [ -45.965672533999964, -23.778327755999953 ], [ -45.965729281999984, -23.778344108999931 ], [ -45.965789770999947, -23.778361974999939 ], [ -45.966092490999984, -23.778462138999942 ], [ -45.966199119999942, -23.778495159999977 ], [ -45.966270916999974, -23.778516025999977 ], [ -45.966430320999962, -23.77855901199996 ], [ -45.966724221999982, -23.778632650999953 ], [ -45.966875029999983, -23.778667652999957 ], [ -45.96701520199997, -23.778697843999964 ], [ -45.967104250999967, -23.778715800999976 ], [ -45.967281091999951, -23.77874886799998 ], [ -45.967418717999976, -23.778771904999928 ], [ -45.967706318999944, -23.778818526999942 ], [ -45.967899574999933, -23.778847119999966 ], [ -45.967992309999943, -23.778859272999966 ], [ -45.968121659999952, -23.778872460999935 ], [ -45.968236034999961, -23.778877885999975 ], [ -45.96830639999996, -23.778877534999936 ], [ -45.96835202099993, -23.778875622999976 ], [ -45.968443337999986, -23.77886845699993 ], [ -45.968537273999971, -23.778857210999945 ], [ -45.968584230999966, -23.778850141999953 ], [ -45.968652839999947, -23.778837970999973 ], [ -45.968746794999959, -23.778815975999976 ], [ -45.96882629199996, -23.778789917999973 ], [ -45.968874333999963, -23.778770287999976 ], [ -45.968971263999947, -23.778725966999957 ], [ -45.969145135999952, -23.778645436999966 ], [ -45.969238299999972, -23.778596261999951 ], [ -45.969331116999967, -23.778540133999968 ], [ -45.969390197999985, -23.778500384999973 ], [ -45.969427488999941, -23.778473597999948 ], [ -45.969495109999968, -23.778420789999927 ], [ -45.969557213999963, -23.778365305999955 ], [ -45.96959101799996, -23.77833140599995 ], [ -45.969643376999954, -23.778272009999966 ], [ -45.969674518999966, -23.778234991999966 ], [ -45.96968895699996, -23.778211662999979 ], [ -45.969720964999965, -23.778160613999944 ], [ -45.969774516999962, -23.778063547999977 ], [ -45.969798213999979, -23.778016614999956 ], [ -45.969814428999939, -23.777979934999962 ], [ -45.969820763999962, -23.777960747999941 ], [ -45.969828459999974, -23.777926559999969 ], [ -45.969836552999936, -23.777853261999951 ], [ -45.969840468999962, -23.777759307999929 ], [ -45.969840469999951, -23.777706562999981 ], [ -45.969836941999972, -23.777627828999982 ], [ -45.969827879999968, -23.77755716799993 ], [ -45.969823515999963, -23.777539068999943 ], [ -45.969796029999941, -23.777444290999938 ], [ -45.969769762999931, -23.777369582999938 ], [ -45.969740567999963, -23.777296970999942 ], [ -45.969704156999967, -23.777217359999952 ], [ -45.969677656999977, -23.777164238999944 ], [ -45.969625113999939, -23.777066394999963 ], [ -45.969601153999974, -23.777024818999962 ], [ -45.969557815999963, -23.776950760999966 ], [ -45.969549456999971, -23.776935278999929 ], [ -45.969527563999975, -23.776894501999948 ], [ -45.969508989999952, -23.776855692999959 ], [ -45.969016557999964, -23.777176512999972 ], [ -45.969033003999982, -23.777193207999971 ], [ -45.969054955999979, -23.777217834999931 ], [ -45.969061504999956, -23.777225181999938 ], [ -45.969113997999955, -23.77728979099993 ], [ -45.969116360999976, -23.777292899999964 ], [ -45.969154452999931, -23.77734302999994 ], [ -45.969225195999968, -23.777436128999966 ], [ -45.969291528999975, -23.777525518999937 ], [ -45.969305460999976, -23.777546392999966 ], [ -45.969344726999964, -23.777632299999937 ], [ -45.969363507999958, -23.777690075999942 ], [ -45.96937027499996, -23.777715953999973 ], [ -45.969376199999942, -23.777750662999949 ], [ -45.969379324999977, -23.77780149199998 ], [ -45.96937494499997, -23.777846044999933 ], [ -45.96937010399995, -23.777868202999969 ], [ -45.969359549999979, -23.777900783999939 ], [ -45.969344867999951, -23.777932576999945 ], [ -45.969335952999984, -23.777947986999948 ], [ -45.969325956999967, -23.777963131999968 ], [ -45.96930262199993, -23.77799263199995 ], [ -45.969276836999938, -23.77801965499998 ], [ -45.969258422999985, -23.778037048999977 ], [ -45.969207094999945, -23.778080477999936 ], [ -45.969156835999968, -23.778118604999975 ], [ -45.969123053999965, -23.77814232999998 ], [ -45.969075386999975, -23.778172704999974 ], [ -45.969028872999957, -23.778198885999927 ], [ -45.968991617999961, -23.778217552999934 ], [ -45.968912270999965, -23.778251400999977 ], [ -45.968844914999977, -23.778275510999947 ], [ -45.968720527999949, -23.778315565999947 ], [ -45.968483189999972, -23.778387092999935 ], [ -45.968370580999931, -23.778416827999934 ], [ -45.968260251999936, -23.778440820999947 ], [ -45.968183222999983, -23.778453815999967 ], [ -45.968137567999975, -23.778459961999943 ], [ -45.968093024999973, -23.778464511999971 ], [ -45.968045114999939, -23.778468974999953 ], [ -45.967958960999965, -23.778472947999944 ], [ -45.967910810999967, -23.778472776999934 ], [ -45.96784480599996, -23.778469530999928 ], [ -45.96781460699998, -23.778466742999967 ], [ -45.967781611999953, -23.778463298999952 ], [ -45.967760964999968, -23.778460450999944 ], [ -45.967742978999979, -23.77845788299993 ], [ -45.96769635499993, -23.778449423999973 ], [ -45.967625135999981, -23.778434109999978 ], [ -45.967547829999944, -23.77841372599994 ], [ -45.967495781999958, -23.77839780599993 ], [ -45.967393415999936, -23.778361663999931 ], [ -45.96728186799993, -23.778315092999947 ], [ -45.96714490599993, -23.778252976999966 ], [ -45.967080862999978, -23.778224678999948 ], [ -45.966973150999934, -23.778181410999935 ], [ -45.966772523999964, -23.778108170999928 ], [ -45.96668241499998, -23.778076164999959 ], [ -45.966636627999947, -23.778060170999936 ], [ -45.96661096899993, -23.778051780999931 ], [ -45.966574280999964, -23.778039991999947 ], [ -45.966468941999949, -23.778010484999982 ], [ -45.966346752999982, -23.77798334199997 ], [ -45.966101641999956, -23.777935787999979 ], [ -45.966008475999956, -23.777915143999962 ], [ -45.965956529999971, -23.777901608999969 ], [ -45.965937513999961, -23.777895752999939 ], [ -45.965843975999974, -23.77786662799997 ], [ -45.965721481999935, -23.777823121999972 ], [ -45.965649779999978, -23.777793561999943 ], [ -45.965532082999971, -23.777742199999977 ], [ -45.96539977599997, -23.777679690999946 ], [ -45.965116052999974, -23.777540314999953 ], [ -45.964678678999974, -23.777330254999981 ], [ -45.964478196999949, -23.777229757999976 ], [ -45.964378755999974, -23.77717576799995 ], [ -45.964282314999934, -23.777119052999979 ], [ -45.964235885999983, -23.777089736999983 ], [ -45.964189923999982, -23.777058948999979 ], [ -45.96410253099998, -23.776995982999949 ], [ -45.964018520999957, -23.776930053999934 ], [ -45.963965986999938, -23.776886235999939 ], [ -45.963866775999975, -23.776798267999936 ], [ -45.963765422999984, -23.776703101999942 ], [ -45.963649594999936, -23.776593606999938 ], [ -45.963597954999955, -23.776548405999961 ], [ -45.963574458999972, -23.776529585999981 ], [ -45.96352896999997, -23.776497335999977 ], [ -45.963487678999968, -23.776472956999953 ], [ -45.963459211999975, -23.776458863999949 ], [ -45.963399163999952, -23.776434040999959 ], [ -45.963295762999962, -23.776399190999939 ], [ -45.963238473999979, -23.776383017999933 ], [ -45.963156826999978, -23.776363207999964 ], [ -45.963073283999961, -23.776347806999979 ], [ -45.962958713999967, -23.776328922999937 ], [ -45.96289424899993, -23.776317312999936 ], [ -45.962793323999961, -23.77629888499996 ], [ -45.962731040999984, -23.776290421999931 ], [ -45.96265709599993, -23.776284199999964 ], [ -45.962614979999955, -23.776282204999973 ], [ -45.962518600999942, -23.776281359999928 ], [ -45.962471466999943, -23.776282650999974 ], [ -45.962374, -23.776287526999965 ], [ -45.96230742399996, -23.776306627999929 ], [ -45.962252379999939, -23.776323480999963 ], [ -45.962166055999944, -23.776353254999947 ], [ -45.962129141999981, -23.776367627999946 ], [ -45.962070252999979, -23.776393644999928 ], [ -45.962022739999952, -23.776418507999949 ], [ -45.961995868999963, -23.776434389999963 ], [ -45.961949871999934, -23.776465293999934 ], [ -45.961890238999956, -23.776510101999975 ], [ -45.961863413999936, -23.776532395999936 ], [ -45.961826078999934, -23.776566677999938 ], [ -45.961775057999944, -23.776621637999938 ], [ -45.961728102999984, -23.776682351999966 ], [ -45.961699751999959, -23.776723984999933 ], [ -45.961653124999941, -23.776802669999938 ], [ -45.961631568999962, -23.776847330999942 ], [ -45.961623667999959, -23.776867339999967 ], [ -45.961615629999983, -23.776895297999943 ], [ -45.961611798999968, -23.77692151399998 ], [ -45.961611597999934, -23.77693415899995 ], [ -45.961616677999984, -23.776971066999977 ], [ -45.961623816999975, -23.776994324999976 ], [ -45.961643359999982, -23.777036109999983 ], [ -45.961663346999956, -23.77707057799995 ], [ -45.961673896999969, -23.777091644999928 ], [ -45.961686240999938, -23.777128778999952 ], [ -45.961692462999963, -23.777160711999954 ], [ -45.961695581999948, -23.777184445999978 ], [ -45.961698891999959, -23.777234189999945 ], [ -45.961697417999972, -23.777287305999948 ], [ -45.961690670999985, -23.777330699999936 ], [ -45.961689459999945, -23.777335453999967 ], [ -45.961679128999947, -23.777376020999952 ], [ -45.961675051999975, -23.777395463999937 ], [ -45.961673288999975, -23.777422660999946 ], [ -45.961679028999981, -23.777469228999962 ], [ -45.961682251999946, -23.777493774999982 ], [ -45.961681551999959, -23.777505339999948 ], [ -45.961675502999981, -23.777523530999929 ], [ -45.961661684999967, -23.777558670999952 ], [ -45.961651420999942, -23.777584773999934 ], [ -45.961483498999939, -23.778011805999938 ], [ -45.961501120999969, -23.778028239999969 ], [ -45.961520162999932, -23.77805221899996 ], [ -45.961534593999943, -23.77807362599998 ], [ -45.961564297999985, -23.778124055999967 ], [ -45.96165351999997, -23.778285739999944 ], [ -45.961703722999971, -23.778365716999929 ], [ -45.96171934399996, -23.77838713999995 ], [ -45.961751524999954, -23.778425955999978 ], [ -45.961782096999968, -23.778457501999981 ], [ -45.961842338999986, -23.778510755999946 ], [ -45.961967920999939, -23.778617023999971 ], [ -45.962005083999941, -23.77864754999996 ], [ -45.962020252999935, -23.778655131999983 ], [ -45.962036463999937, -23.778657559999942 ], [ -45.962045585999931, -23.778656780999938 ], [ -45.962077673999943, -23.77864686199996 ], [ -45.96213249799996, -23.778624537999974 ], [ -45.962162748999958, -23.778614413999946 ], [ -45.962205375999986, -23.778605568999978 ], [ -45.962227833999975, -23.778603441999962 ], [ -45.962264581999932, -23.778603265999948 ], [ -45.962321305999978, -23.778609090999964 ], [ -45.962384902999986, -23.778622512999959 ], [ -45.962427974999969, -23.778634256999965 ], [ -45.962506873999985, -23.77866004699996 ], [ -45.962549295999963, -23.778676761999975 ], [ -45.962566554999967, -23.778684908999935 ], [ -45.962592844999961, -23.778699882999945 ], [ -45.96262788599995, -23.778727210999932 ], [ -45.962657013999944, -23.778757958999961 ], [ -45.962672517999977, -23.778777509999941 ], [ -45.962691671999949, -23.778806472999975 ], [ -45.962706908999962, -23.77883645299994 ], [ -45.962712612999951, -23.778851410999948 ], [ -45.96271694099994, -23.778866104999963 ], [ -45.962718978999931, -23.778878404999944 ], [ -45.962721664999947, -23.778894525999931 ], [ -45.962722744999951, -23.778921252999965 ], [ -45.96272004399998, -23.778967601999966 ], [ -45.962719733999961, -23.778992169999981 ], [ -45.962721381999984, -23.779002726999977 ], [ -45.962727376999965, -23.779017230999955 ], [ -45.962738859999945, -23.779030525999929 ], [ -45.962747150999974, -23.779036976999976 ], [ -45.96278532499997, -23.779056859999969 ], [ -45.96282219699998, -23.779070972999932 ], [ -45.962924867999959, -23.779103867999936 ], [ -45.963159360999953, -23.779173783999966 ], [ -45.963297877999935, -23.779217026999959 ], [ -45.963454794999961, -23.779269283999952 ], [ -45.963775, -23.779382859999942 ], [ -45.964094916999954, -23.779501614999958 ], [ -45.964239525999972, -23.779557548999946 ], [ -45.964371988999972, -23.779610550999962 ], [ -45.964536968999937, -23.779676858999949 ], [ -45.96461000599993, -23.77970505899998 ], [ -45.964704262999931, -23.779738553999948 ], [ -45.964769134999983, -23.77975921999996 ], [ -45.964864965999936, -23.779784314999972 ], [ -45.964924219999943, -23.779794421999952 ], [ -45.96496054499994, -23.779797599999938 ], [ -45.965052998999965, -23.779798195999945 ], [ -45.965348056999972, -23.779790661999982 ], [ -45.965448457999969, -23.779790936999973 ], [ -45.965483163999977, -23.779792422999947 ], [ -45.965545976999977, -23.77979794099997 ], [ -45.965581837999935, -23.779820408999967 ], [ -45.966293648999965, -23.780266342999937 ], [ -45.96717829399995, -23.780556771999954 ], [ -45.967205279999973, -23.780768666999961 ], [ -45.966066516999945, -23.781085673999939 ], [ -45.965934808999975, -23.781041259999938 ], [ -45.964489339999943, -23.780553813999973 ], [ -45.963714898999967, -23.780292646999953 ], [ -45.962685439999973, -23.779876729999955 ], [ -45.962639745999979, -23.779858265999962 ], [ -45.962625533999983, -23.779840942999954 ], [ -45.962152472999946, -23.779750659999934 ], [ -45.961798261999945, -23.779683056999943 ], [ -45.96175309299997, -23.779667676999964 ], [ -45.961477197999955, -23.779573729999981 ], [ -45.961019714999964, -23.779417947999946 ], [ -45.960920309999949, -23.779387252999982 ], [ -45.960681593999936, -23.779313539999976 ], [ -45.96060741499997, -23.779290633999949 ], [ -45.960509419999937, -23.779260373999932 ], [ -45.960295273999975, -23.779194246999964 ], [ -45.959678602999986, -23.779003718999945 ], [ -45.959212519999937, -23.778854679999938 ], [ -45.95900734199995, -23.778757667999969 ], [ -45.95887231599994, -23.778693400999941 ], [ -45.958759197999939, -23.778639559999931 ], [ -45.958586037999964, -23.778513830999941 ], [ -45.95849657499997, -23.778385683999943 ], [ -45.958256346999974, -23.778281503999949 ], [ -45.958075409999935, -23.778240596999979 ], [ -45.957815515999982, -23.778191727999967 ], [ -45.957429759999968, -23.778089442999942 ], [ -45.957117339999968, -23.777977128999964 ], [ -45.95691777199994, -23.777903583999944 ], [ -45.956703355999935, -23.777808536999942 ], [ -45.956658826999956, -23.777787892999982 ], [ -45.956589634999943, -23.777720493999936 ], [ -45.956530832999931, -23.777597574999959 ], [ -45.95650313699997, -23.777654008999946 ], [ -45.955936575999942, -23.777582665999944 ], [ -45.955315543999973, -23.777504461999968 ], [ -45.955109729999947, -23.777478542999972 ], [ -45.954552148999937, -23.777308280999932 ], [ -45.954553294999982, -23.777277649999974 ], [ -45.948672580999983, -23.775527656999941 ], [ -45.945304967999959, -23.774500892999981 ], [ -45.945280553999964, -23.774621016999959 ], [ -45.940713298999981, -23.773281931999975 ], [ -45.938717853999947, -23.772755046999976 ], [ -45.937235444999942, -23.772363605999942 ], [ -45.937220930999956, -23.772416240999974 ], [ -45.936647500999982, -23.774495796999929 ], [ -45.94226985499995, -23.775819947999935 ], [ -45.948514599999953, -23.777597839999942 ], [ -45.95564565199993, -23.779824022999946 ], [ -45.965120929999955, -23.782991082999956 ], [ -45.972954696999977, -23.78535543199996 ], [ -45.987620062999952, -23.791379719999952 ], [ -45.99221340899993, -23.794385066999951 ], [ -45.992584327999964, -23.79582361699994 ], [ -45.99293845099993, -23.795865332999938 ], [ -45.99310165199995, -23.795884556999965 ], [ -45.993179443999963, -23.79589372099997 ], [ -45.99323555899997, -23.796442970999976 ], [ -45.99373191199993, -23.796470942999974 ] ] ] } },
{ "type": "Feature", "properties": { "legislacao": "Resolução SMA n°203/2018", "setor": "I", "gid": 5, "objetivo": "Minimizar os impactos ambientais negativos sobre a unidade de conservação, especialmente os efeitos de borda; incrementar a conectividade para possibilitar o fluxo gênico e o movimento da biota; fomentar a conservação dos corredores ecológicos e incentiv", "descricao": "Situado no entorno imediato do Parque Estadual Restinga de Bertioga, e em menor escala em trechos entre esta UC e o mar, tem aproximadamente 5.640,25 hectares e está inserido no município de Bertioga. Caracteriza-se pela predominância de áreas com signif", "area": "34.54", "nome_concat": "Zona de Amortecimento - Setor I" }, "geometry": { "type": "Polygon", "coordinates": [ [ [ -45.992217701999948, -23.795780426999954 ], [ -45.991705767999974, -23.796763459999966 ], [ -45.992082575999973, -23.79850545499994 ], [ -45.993136414999981, -23.800482052999939 ], [ -45.994024284999966, -23.801121529999932 ], [ -45.994780858999945, -23.801570679999941 ], [ -45.995353283999975, -23.801710363999973 ], [ -45.995796224999935, -23.801898674999961 ], [ -45.996785625999962, -23.802226830999928 ], [ -45.997596892999979, -23.803034053999966 ], [ -45.998663484999952, -23.803266113999939 ], [ -45.998921904999975, -23.803097168999955 ], [ -46.000221680999971, -23.803256019999935 ], [ -46.000738881999951, -23.80296591299998 ], [ -46.001019238999959, -23.802271107999957 ], [ -46.000860307999972, -23.801865905999932 ], [ -45.999790431999941, -23.801203752999982 ], [ -45.999656560999938, -23.800678905999973 ], [ -45.998897783999951, -23.799943041999938 ], [ -45.996977456999957, -23.799075744999982 ], [ -45.996142071999941, -23.798507633999975 ], [ -45.994376522999971, -23.796858241999928 ], [ -45.993737677999945, -23.796464214999958 ], [ -45.993736051999974, -23.796471175999955 ], [ -45.99323555899997, -23.796442970999976 ], [ -45.993179443999963, -23.79589372099997 ], [ -45.992217701999948, -23.795780426999954 ] ] ] } },
{ "type": "Feature", "properties": { "legislacao": "Resolução SMA n°203/2018", "setor": "II", "gid": 16, "objetivo": "Minimizar os impactos ambientais negativos sobre a unidade de conservação, especialmente os causados pelas atividades industriais e pelo adensamento ou verticalização de áreas urbanas; fomentar a conservação dos corredores ecológicos e incentivar o desen", "descricao": "Situado entre o Setor I da Zona de Amortecimento do Parque Estadual Restinga de Bertioga e a faixa de areia à beira mar, tem aproximadamente 4.216,57 hectares e compreende porções do município de Bertioga. Abrange extensão territorial limitada. Caracteri", "area": "6.71", "nome_concat": "Zona de Amortecimento - Setor II" }, "geometry": { "type": "Polygon", "coordinates": [ [ [ -45.875061442999936, -23.759890333999977 ], [ -45.875473455999952, -23.760138848999929 ], [ -45.875848418999965, -23.76013788399996 ], [ -45.877569609999966, -23.759261057999936 ], [ -45.87756924599995, -23.759206868999968 ], [ -45.877350349999972, -23.759007863999955 ], [ -45.876284839999983, -23.758021736999979 ], [ -45.876291668999954, -23.758023046999938 ], [ -45.876832596999975, -23.757639506999965 ], [ -45.87733756199998, -23.756917844999975 ], [ -45.877580820999981, -23.756542403999958 ], [ -45.877901040999973, -23.756207616999973 ], [ -45.878156042999933, -23.755979375999971 ], [ -45.878133757999933, -23.75559091599996 ], [ -45.87733437299994, -23.755142926999952 ], [ -45.877138914999932, -23.755027558999927 ], [ -45.876398937999966, -23.755826793999972 ], [ -45.877334726999948, -23.756426386999976 ], [ -45.87676094699998, -23.757197351999935 ], [ -45.876214359999949, -23.757633982999948 ], [ -45.875686667999958, -23.757962121999981 ], [ -45.875451956999939, -23.758080865999943 ], [ -45.875139047999937, -23.758245211999963 ], [ -45.875100973999963, -23.758491302999971 ], [ -45.874873173999958, -23.759502024999961 ], [ -45.875186993999932, -23.759545528999979 ], [ -45.875065439999958, -23.759879251999962 ], [ -45.875061442999936, -23.759890333999977 ] ] ] } },
{ "type": "Feature", "properties": { "legislacao": "Resolução SMA n°203/2018", "setor": "I", "gid": 13, "objetivo": "Minimizar os impactos ambientais negativos sobre a unidade de conservação, especialmente os efeitos de borda; incrementar a conectividade para possibilitar o fluxo gênico e o movimento da biota; fomentar a conservação dos corredores ecológicos e incentiv", "descricao": "Situado no entorno imediato do Parque Estadual Restinga de Bertioga, e em menor escala em trechos entre esta UC e o mar, tem aproximadamente 5.640,25 hectares e está inserido no município de Bertioga. Caracteriza-se pela predominância de áreas com signif", "area": "102.84", "nome_concat": "Zona de Amortecimento - Setor I" }, "geometry": { "type": "Polygon", "coordinates": [ [ [ -45.857985099999951, -23.704328218999933 ], [ -45.857979726999986, -23.704706687999931 ], [ -45.858043610999971, -23.70502606499997 ], [ -45.858034072999942, -23.705367524999929 ], [ -45.857966777999934, -23.705576536999956 ], [ -45.857878217999939, -23.705683604999933 ], [ -45.857788405999941, -23.705755516999943 ], [ -45.858154773999956, -23.707558091999942 ], [ -45.858405538999932, -23.708947636999937 ], [ -45.857595590999949, -23.712261036999962 ], [ -45.857522365999955, -23.712813574999927 ], [ -45.857635332999962, -23.713360407999971 ], [ -45.857871891999935, -23.713927353999964 ], [ -45.858145837999984, -23.714662929999974 ], [ -45.858144483999979, -23.715270302999954 ], [ -45.858051859999932, -23.716497359999948 ], [ -45.858038963999945, -23.717265285999929 ], [ -45.858017688999951, -23.718024912999965 ], [ -45.857837440999958, -23.718599017999964 ], [ -45.857584978999967, -23.719367529999943 ], [ -45.857486149999943, -23.720111805999977 ], [ -45.857487015999936, -23.721379012999932 ], [ -45.857602321999934, -23.722400832999938 ], [ -45.857771775999936, -23.723167696999951 ], [ -45.857576381999934, -23.724381794999942 ], [ -45.857543032999956, -23.725268418999974 ], [ -45.857661808999978, -23.726975393999965 ], [ -45.857718686999931, -23.727480493999963 ], [ -45.857207380999967, -23.727579316999936 ], [ -45.856675367999969, -23.727860276999934 ], [ -45.856263569999953, -23.728278733999957 ], [ -45.847263380999948, -23.740947067999969 ], [ -45.847021157999961, -23.741432055999951 ], [ -45.846965274999945, -23.741812663999951 ], [ -45.847037159999957, -23.742487816999983 ], [ -45.847293991999948, -23.742966394999939 ], [ -45.847691557999951, -23.743354978999946 ], [ -45.848195140999962, -23.743619634999959 ], [ -45.848598000999971, -23.743732670999975 ], [ -45.848760765999941, -23.743737249999981 ], [ -45.852489294999941, -23.743991186999949 ], [ -45.852677416999938, -23.742280242999982 ], [ -45.848844128999986, -23.742032538999979 ], [ -45.857873648999941, -23.729313297999965 ], [ -45.857913036999946, -23.729335187999936 ], [ -45.857942186999935, -23.729347913999959 ], [ -45.85798038799993, -23.729352626999969 ], [ -45.858027853999943, -23.729354759999978 ], [ -45.858089354999947, -23.729346380999971 ], [ -45.858160909999981, -23.729333078999957 ], [ -45.858254220999981, -23.729312487999948 ], [ -45.858345974999963, -23.729291904999968 ], [ -45.858447096999953, -23.729274854999971 ], [ -45.858517943999971, -23.729272310999932 ], [ -45.858580238999934, -23.729271964999953 ], [ -45.858634794999944, -23.729278830999931 ], [ -45.858679947999974, -23.729292544999964 ], [ -45.858736199999953, -23.729313096999931 ], [ -45.858812075999936, -23.729349163999927 ], [ -45.858870922999984, -23.729376565999928 ], [ -45.858925211999974, -23.72939712799996 ], [ -45.858989881999946, -23.729415259999939 ], [ -45.859065689999966, -23.729427552999937 ], [ -45.859136638999985, -23.729431293999937 ], [ -45.859184203999973, -23.729427223999949 ], [ -45.859255858999973, -23.729417662999936 ], [ -45.859305271999972, -23.729406824999955 ], [ -45.859362719999979, -23.729392683999947 ], [ -45.85944350099993, -23.729373605999967 ], [ -45.859534388999975, -23.729357524999955 ], [ -45.85962785199996, -23.729344717999936 ], [ -45.859710962999941, -23.729332176999947 ], [ -45.859812979999958, -23.729310614999974 ], [ -45.859870503999957, -23.729295239999942 ], [ -45.860005743999977, -23.729260972999953 ], [ -45.860189275999971, -23.72921906299996 ], [ -45.860176873999933, -23.728938867999943 ], [ -45.860179218999974, -23.728901660999952 ], [ -45.860189397999932, -23.728815937999968 ], [ -45.860190600999942, -23.728790008999965 ], [ -45.860189240999944, -23.728777010999977 ], [ -45.860179629999948, -23.728747710999983 ], [ -45.860133405999932, -23.72864048799994 ], [ -45.860120876999986, -23.728614996999966 ], [ -45.860094867999976, -23.72856844699993 ], [ -45.860009738999963, -23.728423054999951 ], [ -45.859880455999985, -23.728216671999974 ], [ -45.859808791999967, -23.727940240999942 ], [ -45.859769160999974, -23.727776260999974 ], [ -45.859746130999952, -23.727675321999982 ], [ -45.859707352999976, -23.727491827999927 ], [ -45.859684082999934, -23.727369213999964 ], [ -45.859650220999981, -23.727157331999933 ], [ -45.859629648999942, -23.726982497999927 ], [ -45.859621240999957, -23.726882109999963 ], [ -45.859611466999979, -23.726708118999966 ], [ -45.85959005199993, -23.726255015999982 ], [ -45.859578934999945, -23.726085638999962 ], [ -45.859559771999955, -23.725886139999943 ], [ -45.859548317999952, -23.725770142999977 ], [ -45.859528831999967, -23.725536323999961 ], [ -45.859521195999946, -23.725463930999979 ], [ -45.859509677999938, -23.725323186999958 ], [ -45.859503099999984, -23.725187744999971 ], [ -45.859501153999986, -23.725100506999979 ], [ -45.859502311999961, -23.724932957999954 ], [ -45.859507219999955, -23.724813618999974 ], [ -45.859512112999937, -23.724737000999937 ], [ -45.859525184999939, -23.724591062999934 ], [ -45.859550648999971, -23.724390050999943 ], [ -45.859569862999933, -23.724268103999975 ], [ -45.85960877399998, -23.724053288999983 ], [ -45.85967442599997, -23.723697516999948 ], [ -45.859696520999933, -23.723566160999951 ], [ -45.859719638999934, -23.723396411999943 ], [ -45.859728908999955, -23.72329908699993 ], [ -45.859732018999978, -23.723249845999931 ], [ -45.859734368999966, -23.723174325999935 ], [ -45.859731631999978, -23.723056112999927 ], [ -45.859724903999961, -23.722972604999939 ], [ -45.85971981199998, -23.722929098999941 ], [ -45.859709950999957, -23.722861504999969 ], [ -45.859682125999939, -23.722717419999981 ], [ -45.859659096999962, -23.722616479999942 ], [ -45.859608096999978, -23.722408848999976 ], [ -45.859553117999951, -23.722177936999969 ], [ -45.859537623999984, -23.722103960999959 ], [ -45.859511463999979, -23.721959414999958 ], [ -45.859490798999957, -23.721815018999962 ], [ -45.859479361999945, -23.721716362999928 ], [ -45.859460621999972, -23.721506384999941 ], [ -45.859445548999986, -23.721272179999971 ], [ -45.859439721999934, -23.721146487999931 ], [ -45.859433323999951, -23.720948723999982 ], [ -45.859430593999946, -23.720741726999961 ], [ -45.859430877999955, -23.720635419999951 ], [ -45.85943422899993, -23.720443201999956 ], [ -45.859437716999935, -23.720346720999942 ], [ -45.859445602999983, -23.72020288899995 ], [ -45.859457136999936, -23.720061835999957 ], [ -45.859464533999983, -23.719993061999958 ], [ -45.859482691999972, -23.719859830999951 ], [ -45.859493652999959, -23.719795913999974 ], [ -45.859512572999961, -23.719704043999968 ], [ -45.859526904999939, -23.719645708999963 ], [ -45.859559531999935, -23.719534885999963 ], [ -45.859596508999971, -23.719429187999935 ], [ -45.859679507999942, -23.719220720999942 ], [ -45.859746006999956, -23.719054434999975 ], [ -45.859779554999932, -23.718964380999978 ], [ -45.859837757999969, -23.718789559999948 ], [ -45.859865591999949, -23.718695743999945 ], [ -45.859904452999956, -23.718548307999981 ], [ -45.859939051999959, -23.718394210999975 ], [ -45.859954327999958, -23.718315186999973 ], [ -45.859980150999945, -23.718154184999946 ], [ -45.859990307999965, -23.718072478999943 ], [ -45.860001859999954, -23.71794921999998 ], [ -45.860006811999938, -23.717866730999958 ], [ -45.860011222999958, -23.717701601999977 ], [ -45.860010046999946, -23.71753722699998 ], [ -45.860000078999974, -23.71721402999998 ], [ -45.859994916999938, -23.716980311999976 ], [ -45.859995647999938, -23.71686731799997 ], [ -45.85999800999997, -23.716793694999978 ], [ -45.860006684999973, -23.716650580999953 ], [ -45.860019416999933, -23.716512862999934 ], [ -45.860050774999934, -23.716253471999948 ], [ -45.860073621999959, -23.716072525999948 ], [ -45.860071562999963, -23.716026557999953 ], [ -45.860075542999937, -23.715942151999968 ], [ -45.860080880999931, -23.715828943999952 ], [ -45.860089164999977, -23.715653255999939 ], [ -45.860105970999939, -23.715306256999952 ], [ -45.860114776999978, -23.714898866999931 ], [ -45.860113397999953, -23.714703604999954 ], [ -45.860107849999963, -23.714590555999962 ], [ -45.860103460999937, -23.714534491999927 ], [ -45.860094473999936, -23.714450543999931 ], [ -45.860075497999958, -23.714324202999933 ], [ -45.860049053999944, -23.714195915999937 ], [ -45.860032831999945, -23.714130523999927 ], [ -45.860014347999936, -23.714064241999949 ], [ -45.859972168999946, -23.713929900999972 ], [ -45.859924698999976, -23.713796310999953 ], [ -45.859891265999977, -23.71370924799993 ], [ -45.859823381999945, -23.713544250999973 ], [ -45.859773790999952, -23.713431355999944 ], [ -45.85967984499996, -23.713226039999938 ], [ -45.859613844999956, -23.713079095999944 ], [ -45.859550661999947, -23.712927800999978 ], [ -45.859483117999957, -23.712753472999964 ], [ -45.85961911499993, -23.712311531999944 ], [ -45.859696115999952, -23.712056673999939 ], [ -45.859821622999959, -23.711629759999937 ], [ -45.859871859999942, -23.711452182999949 ], [ -45.859951621999983, -23.711154859999965 ], [ -45.860009892999983, -23.710916001999976 ], [ -45.860040182999967, -23.71077818699996 ], [ -45.860090114999934, -23.710524382999949 ], [ -45.860200525999971, -23.709919712999977 ], [ -45.860265861999949, -23.709591670999941 ], [ -45.86031606399996, -23.709364056999959 ], [ -45.860343648999958, -23.709247752999943 ], [ -45.860388489999934, -23.709070296999982 ], [ -45.860364241999946, -23.708828013999948 ], [ -45.860357201999932, -23.708764431999953 ], [ -45.860347350999973, -23.708675467999967 ], [ -45.860328487999936, -23.708536209999977 ], [ -45.860307453999951, -23.708410060999938 ], [ -45.86028444699997, -23.708297198999958 ], [ -45.860258945999931, -23.708177937999949 ], [ -45.860230527999931, -23.708032500999934 ], [ -45.860165034999966, -23.707663277999927 ], [ -45.860126645999969, -23.707448349999936 ], [ -45.860083004999979, -23.707225322999932 ], [ -45.860034112999983, -23.706994105999968 ], [ -45.859979868999972, -23.706754699999976 ], [ -45.859925747999966, -23.706518904999939 ], [ -45.859877024999946, -23.706298434999951 ], [ -45.859833795999975, -23.706093288999966 ], [ -45.859796063999966, -23.705903555999953 ], [ -45.85972875899995, -23.705541838999977 ], [ -45.859667369999954, -23.705184604999943 ], [ -45.859640356999932, -23.705014050999978 ], [ -45.859622711999975, -23.704892156999961 ], [ -45.85962054099997, -23.704877157999931 ], [ -45.85961765199994, -23.704857201999971 ], [ -45.859599352999965, -23.704714056999933 ], [ -45.859585360999972, -23.704584616999966 ], [ -45.859573993999959, -23.704451548999941 ], [ -45.859563462999972, -23.704300228999955 ], [ -45.859543753999958, -23.704334924999955 ], [ -45.859376881999935, -23.704465911999932 ], [ -45.859217282999964, -23.704509247999965 ], [ -45.859035655999946, -23.704484063999928 ], [ -45.858652371999938, -23.704370580999978 ], [ -45.858211815999937, -23.704198707999979 ], [ -45.858061806999956, -23.70420857199997 ], [ -45.857985099999951, -23.704328218999933 ] ] ] } },
{ "type": "Feature", "properties": { "legislacao": "Resolução SMA n°203/2018", "setor": "III", "gid": 2, "objetivo": "Minimizar os impactos ambientais negativos sobre a unidade de conservação, especialmente os causados por atividades desordenadas de turismo de praia e incentivar o desenvolvimento de práticas sustentáveis.", "descricao": "Situado parcialmente na faixa de areia entre as praias ao sul do Parque Estadual Restinga de Bertioga e nos estuários dos Rio Itaguaré e Guaratuba, possui aproximadamente 301,19 hectares e compreende porções do município de Bertioga. Caracteriza-se por á", "area": "128.44", "nome_concat": "Zona de Amortecimento - Setor III" }, "geometry": { "type": "Polygon", "coordinates": [ [ [ -45.914157251999939, -23.766822069999932 ], [ -45.909332366999934, -23.765705372999946 ], [ -45.909355489999939, -23.76563443799995 ], [ -45.89936837099998, -23.763286360999928 ], [ -45.897766874999945, -23.762512154999968 ], [ -45.897387396999932, -23.761485986999958 ], [ -45.898121993999951, -23.760289197999953 ], [ -45.898126833999981, -23.76007184599996 ], [ -45.898064475999945, -23.759736223999937 ], [ -45.897976535999931, -23.759514352999929 ], [ -45.897911335999936, -23.759366344999933 ], [ -45.897765572999958, -23.759063193999964 ], [ -45.89757141299998, -23.758753326999965 ], [ -45.897388767999985, -23.758434328999954 ], [ -45.897146318999944, -23.758151414999929 ], [ -45.896862536999947, -23.75789384899997 ], [ -45.896589129999938, -23.757660968999971 ], [ -45.896474557999966, -23.757494906999966 ], [ -45.896240359999979, -23.757055150999975 ], [ -45.896219206999945, -23.757000314999971 ], [ -45.896017248999954, -23.756474027999957 ], [ -45.895748866999952, -23.75586805699993 ], [ -45.895602469999972, -23.755510340999933 ], [ -45.895521612999971, -23.75525186699997 ], [ -45.895374036999954, -23.754979870999932 ], [ -45.89495476299993, -23.754594381999937 ], [ -45.894712082999945, -23.754419395999946 ], [ -45.894637113999977, -23.754332943999941 ], [ -45.89463804199994, -23.754305269999975 ], [ -45.894574097999964, -23.754291631999934 ], [ -45.89463980599993, -23.753680408999969 ], [ -45.894808307999938, -23.753119733999938 ], [ -45.89504175999997, -23.752491334999945 ], [ -45.895303585999955, -23.751400715999978 ], [ -45.894584402999953, -23.751239637999959 ], [ -45.894433216999971, -23.751803841999958 ], [ -45.894183548999933, -23.752285993999976 ], [ -45.894056838999973, -23.752850055999943 ], [ -45.893533526999931, -23.753889607999952 ], [ -45.893531097999983, -23.75390056699996 ], [ -45.89351548999997, -23.754073739999967 ], [ -45.893480319999981, -23.754197909999959 ], [ -45.893439470999965, -23.75434213099993 ], [ -45.893363676999968, -23.754796057999954 ], [ -45.893245656999966, -23.755360416999963 ], [ -45.893218311999931, -23.755710197999974 ], [ -45.893243513999948, -23.75606744199996 ], [ -45.893267124999966, -23.756401933999939 ], [ -45.893272518999936, -23.756478493999964 ], [ -45.89336067499994, -23.756757338999932 ], [ -45.893449131999944, -23.756936560999975 ], [ -45.893611767999971, -23.757100541999932 ], [ -45.893820088999973, -23.75718827399993 ], [ -45.894127025999978, -23.757301138999935 ], [ -45.894498699999986, -23.757478243999969 ], [ -45.894869825999933, -23.757643118999965 ], [ -45.895004839999956, -23.757771040999955 ], [ -45.895217164999963, -23.758019216999969 ], [ -45.895501126999932, -23.758338976999937 ], [ -45.895705340999939, -23.758627443999956 ], [ -45.895711010999946, -23.758796396999969 ], [ -45.895633085999975, -23.759052809999957 ], [ -45.895560951999983, -23.759294594999972 ], [ -45.895472656999971, -23.759562929999959 ], [ -45.895459144999961, -23.759603676999973 ], [ -45.895418632999963, -23.75992137999998 ], [ -45.895417902999952, -23.760230633999981 ], [ -45.895450222999955, -23.760470079999948 ], [ -45.895503284999961, -23.760705303999941 ], [ -45.895533730999944, -23.761081934999936 ], [ -45.895514107999986, -23.761444165999933 ], [ -45.895511841999962, -23.761478559999944 ], [ -45.895501397999965, -23.761608691999982 ], [ -45.895476370999972, -23.761920511999961 ], [ -45.89547367199998, -23.762314766999964 ], [ -45.895570273999965, -23.762457120999954 ], [ -45.895751787999984, -23.762704051999947 ], [ -45.895779767999954, -23.763006907999966 ], [ -45.895689858999958, -23.763218863999953 ], [ -45.895688203999953, -23.763478899999939 ], [ -45.895775890999971, -23.763587405999942 ], [ -45.895876133999934, -23.763881441999956 ], [ -45.895958409999935, -23.764102605999938 ], [ -45.896472100999972, -23.764628438999978 ], [ -45.89650665399995, -23.764758928999981 ], [ -45.896460202999947, -23.764796860999979 ], [ -45.896090110999978, -23.764877585999955 ], [ -45.895992874999934, -23.764936856999952 ], [ -45.895808139999986, -23.764915257999974 ], [ -45.895619754999984, -23.76484770899998 ], [ -45.895550880999963, -23.764792561999968 ], [ -45.895350048999944, -23.764813325999967 ], [ -45.895241315999954, -23.764769970999964 ], [ -45.895107936999977, -23.764681328999927 ], [ -45.89494650599994, -23.76463773699993 ], [ -45.894704431999969, -23.76452551899996 ], [ -45.894495465999967, -23.764461880999932 ], [ -45.894393420999961, -23.764535357999932 ], [ -45.894226836999962, -23.764584913999954 ], [ -45.894070156999931, -23.764604606999967 ], [ -45.893915369999945, -23.764571091999983 ], [ -45.893779397999936, -23.764505042999929 ], [ -45.893557566999959, -23.764439851999953 ], [ -45.893344565999939, -23.764302354999927 ], [ -45.893230114999938, -23.764168713999936 ], [ -45.893102423999949, -23.763964248999969 ], [ -45.89304507099996, -23.763785298999949 ], [ -45.892978993999975, -23.763708277999967 ], [ -45.892783704999943, -23.76363525499994 ], [ -45.892625909999936, -23.763663984999937 ], [ -45.892527247999965, -23.763802019999957 ], [ -45.892369464999945, -23.764034055999957 ], [ -45.892114354999933, -23.764010059999976 ], [ -45.891890239999952, -23.76402866799998 ], [ -45.891591328999937, -23.764030472999934 ], [ -45.89121720199995, -23.764005122999947 ], [ -45.890939820999961, -23.763938441999983 ], [ -45.890834986999948, -23.763893910999968 ], [ -45.890585902999931, -23.763787666999974 ], [ -45.890504371999953, -23.763745322999966 ], [ -45.890478946999963, -23.763585334999959 ], [ -45.890398390999962, -23.763457005999953 ], [ -45.890208902999973, -23.76344301499995 ], [ -45.889970795999943, -23.763480332999961 ], [ -45.88964931199996, -23.76343781199995 ], [ -45.889330427999937, -23.763370219999956 ], [ -45.888839444999974, -23.763205804999927 ], [ -45.888495766999938, -23.763101990999928 ], [ -45.888149139999939, -23.763027186999977 ], [ -45.88798967799994, -23.762970799999948 ], [ -45.887828749999983, -23.762910918999978 ], [ -45.887692830999981, -23.762953064999977 ], [ -45.887621907999971, -23.763029249999931 ], [ -45.887444879999975, -23.763058265999973 ], [ -45.887185536999937, -23.763075199999946 ], [ -45.887104375999968, -23.76303086799993 ], [ -45.886919949999935, -23.762894615999983 ], [ -45.886784804999934, -23.762805190999927 ], [ -45.886587753999947, -23.76273226099994 ], [ -45.886129359999984, -23.762626959999977 ], [ -45.885748975999945, -23.762640724999983 ], [ -45.885532354999953, -23.762644834999946 ], [ -45.885210577999942, -23.762571262999927 ], [ -45.884968429999958, -23.762479089999943 ], [ -45.884814369999958, -23.762432545999957 ], [ -45.884629070999949, -23.762407475999964 ], [ -45.884135193999953, -23.762328864999972 ], [ -45.883609570999965, -23.762279848999981 ], [ -45.883167845999935, -23.762216000999956 ], [ -45.882724979999978, -23.76214256399993 ], [ -45.882352544999947, -23.762108925999939 ], [ -45.882150775999946, -23.762150025999972 ], [ -45.881812147999938, -23.762197361999938 ], [ -45.881604423999931, -23.76227296999997 ], [ -45.88136936199993, -23.762398228999928 ], [ -45.881229461999965, -23.762490699999944 ], [ -45.88107957099993, -23.762517267999954 ], [ -45.880803102999948, -23.762566379999953 ], [ -45.88073101699996, -23.762601562999976 ], [ -45.880608363999954, -23.762661420999962 ], [ -45.880571913999972, -23.762713290999955 ], [ -45.880601518999981, -23.762767132999954 ], [ -45.880738000999941, -23.76283734499998 ], [ -45.880887888999951, -23.762887339999963 ], [ -45.880931790999966, -23.762965756999961 ], [ -45.88084405799998, -23.763023518999944 ], [ -45.880700389999959, -23.763037434999944 ], [ -45.880587632999948, -23.762963925999941 ], [ -45.880497798999954, -23.76297193399995 ], [ -45.880427927999961, -23.76294252799994 ], [ -45.880309486999977, -23.762957472999972 ], [ -45.880234959999939, -23.762950761999946 ], [ -45.88025308999994, -23.763005481999983 ], [ -45.880322373999945, -23.763055132999966 ], [ -45.880482364999978, -23.763172077999968 ], [ -45.880495045999965, -23.763248233999946 ], [ -45.880427269999984, -23.763282309999965 ], [ -45.880398425999942, -23.763265402999934 ], [ -45.880326090999972, -23.763223004999929 ], [ -45.880095304999941, -23.763175245999946 ], [ -45.879799393999974, -23.763109389999954 ], [ -45.879645350999965, -23.763076592999937 ], [ -45.879558557999985, -23.763025966999976 ], [ -45.879481717999965, -23.763010959999974 ], [ -45.879395745999943, -23.763126424999939 ], [ -45.879364674999977, -23.763161012999944 ], [ -45.879213298999957, -23.763123217999976 ], [ -45.879101993999939, -23.763075801999946 ], [ -45.87893151399993, -23.762984195999934 ], [ -45.878774369999974, -23.762949684999967 ], [ -45.878629154999942, -23.762899043999937 ], [ -45.878443876999938, -23.762834601999941 ], [ -45.878456401999983, -23.762785396999959 ], [ -45.878438508999977, -23.762692651999942 ], [ -45.878305464999983, -23.76243274899997 ], [ -45.878241948999971, -23.762341255999957 ], [ -45.877906893999977, -23.762247873999968 ], [ -45.877615028999969, -23.762140302999967 ], [ -45.877502182999933, -23.762127791999944 ], [ -45.877424175999977, -23.76215794999996 ], [ -45.877308832999972, -23.762313049999932 ], [ -45.877199934999965, -23.762375716999941 ], [ -45.877121053999986, -23.762363429999937 ], [ -45.876942607999979, -23.762400750999973 ], [ -45.876678935999962, -23.762380593999978 ], [ -45.876496653999936, -23.762364263999928 ], [ -45.876281086999938, -23.762324211999953 ], [ -45.876038692999941, -23.762200312999937 ], [ -45.875981755999931, -23.760807497999963 ], [ -45.875329069999964, -23.760140800999977 ], [ -45.875473455999952, -23.760138848999929 ], [ -45.875061442999936, -23.759890333999977 ], [ -45.875049124999975, -23.759923102999949 ], [ -45.874865683999985, -23.759923499999957 ], [ -45.874462008999956, -23.759898147999934 ], [ -45.87410375099995, -23.759811481999975 ], [ -45.873790785999972, -23.759689153999943 ], [ -45.873569374999931, -23.759640098999967 ], [ -45.87326279499996, -23.759621419999974 ], [ -45.873097592999954, -23.75954016399993 ], [ -45.872723325999971, -23.759539568999969 ], [ -45.872352774999968, -23.759522152999978 ], [ -45.871856072999947, -23.759452339999939 ], [ -45.871398024999962, -23.759336787999928 ], [ -45.871259324999983, -23.759300719999942 ], [ -45.870967692999955, -23.759345807999978 ], [ -45.870566736999933, -23.759286288999931 ], [ -45.870346881999978, -23.759116915999982 ], [ -45.870263920999946, -23.75909506499994 ], [ -45.870200225999952, -23.759077756999943 ], [ -45.870062239999982, -23.759001311999953 ], [ -45.870025002999967, -23.759066265999934 ], [ -45.870014024999932, -23.759086546999981 ], [ -45.86985204299998, -23.759134966999966 ], [ -45.86929024799997, -23.759044738999933 ], [ -45.869019484999967, -23.759040752999965 ], [ -45.868570923999982, -23.758979058999955 ], [ -45.868109473999937, -23.758897384999955 ], [ -45.867696524999985, -23.758834313999955 ], [ -45.867198160999976, -23.758794390999981 ], [ -45.866806088999965, -23.758712684999978 ], [ -45.866672899999969, -23.758662161999951 ], [ -45.866484604999982, -23.758589964999942 ], [ -45.866344718999983, -23.758611432999942 ], [ -45.866170723999971, -23.758601616999954 ], [ -45.866106068999954, -23.75859793199993 ], [ -45.865861734999953, -23.758613480999941 ], [ -45.865597201999947, -23.758542346999945 ], [ -45.865571703999933, -23.758529388999932 ], [ -45.865450108999937, -23.758466516999931 ], [ -45.865418860999966, -23.758476307999956 ], [ -45.865280200999962, -23.75850222899993 ], [ -45.862865848999945, -23.758277256999975 ], [ -45.860877882999944, -23.758091987999933 ], [ -45.860791146999929, -23.759851959999935 ], [ -45.87461254599998, -23.761879940999961 ], [ -45.875655847999951, -23.762590933999945 ], [ -45.877893774999961, -23.763342927999929 ], [ -45.880701626999951, -23.763900466999928 ], [ -45.881475043999956, -23.763083566999967 ], [ -45.891612578999968, -23.764793741999938 ], [ -45.899148106999974, -23.765658134999967 ], [ -45.913531256999931, -23.769049109999969 ], [ -45.914157251999939, -23.766822069999932 ] ] ] } },
{ "type": "Feature", "properties": { "legislacao": "Resolução SMA n°203/2018", "setor": "I", "gid": 11, "objetivo": "Minimizar os impactos ambientais negativos sobre a unidade de conservação, especialmente os efeitos de borda; incrementar a conectividade para possibilitar o fluxo gênico e o movimento da biota; fomentar a conservação dos corredores ecológicos e incentiv", "descricao": "Situado no entorno imediato do Parque Estadual Restinga de Bertioga, e em menor escala em trechos entre esta UC e o mar, tem aproximadamente 5.640,25 hectares e está inserido no município de Bertioga. Caracteriza-se pela predominância de áreas com signif", "area": "53.74", "nome_concat": "Zona de Amortecimento - Setor I" }, "geometry": { "type": "Polygon", "coordinates": [ [ [ -45.865936847999933, -23.73091313599997 ], [ -45.865908858999944, -23.73093849199995 ], [ -45.865853902999959, -23.73099542999995 ], [ -45.865799882999966, -23.731060490999937 ], [ -45.865774439999939, -23.731096227999956 ], [ -45.86577572799996, -23.731097476999935 ], [ -45.865772726999978, -23.731102546999978 ], [ -45.865740586999948, -23.731156858999952 ], [ -45.865719394999985, -23.731201323999983 ], [ -45.865709838999976, -23.731225040999959 ], [ -45.865696842999967, -23.731262595999965 ], [ -45.865685627999937, -23.731302579999976 ], [ -45.865668528999947, -23.731387394999956 ], [ -45.86565841099997, -23.73147451899996 ], [ -45.865655352999966, -23.73153134699993 ], [ -45.865654905999975, -23.73156765799996 ], [ -45.865657604999967, -23.731634749999955 ], [ -45.865661161999981, -23.73166823899993 ], [ -45.865671655999961, -23.731727157999956 ], [ -45.865697127999965, -23.731825643999969 ], [ -45.865707250999947, -23.731872823999936 ], [ -45.865710650999972, -23.731897461999949 ], [ -45.865714226999955, -23.731948652999961 ], [ -45.865714081999954, -23.732001038999954 ], [ -45.865706512999964, -23.73210278099998 ], [ -45.865698186999964, -23.732164153999975 ], [ -45.865692689999946, -23.732193357999961 ], [ -45.865681886999937, -23.732236229999955 ], [ -45.865658378999967, -23.732301481999968 ], [ -45.865624992999983, -23.732371213999954 ], [ -45.86557524899996, -23.732474726999953 ], [ -45.865558778999969, -23.732517447999953 ], [ -45.865557801999955, -23.732519981999928 ], [ -45.865553159999934, -23.732532022999976 ], [ -45.86553551399993, -23.732593538999936 ], [ -45.865526479999971, -23.732636851999928 ], [ -45.865517753999939, -23.732697053999971 ], [ -45.865514917999974, -23.732728229999964 ], [ -45.865512060999947, -23.732800680999958 ], [ -45.865512405999937, -23.732838071999936 ], [ -45.865514128999962, -23.732876085999976 ], [ -45.865520726999932, -23.732954174999975 ], [ -45.865530409999963, -23.733031840999956 ], [ -45.865530775999957, -23.733034773999975 ], [ -45.865542428999959, -23.733108410999932 ], [ -45.865557394999939, -23.73320297999993 ], [ -45.865621121999936, -23.733582504999958 ], [ -45.865653148999968, -23.733782111999972 ], [ -45.865663580999978, -23.733861262999937 ], [ -45.865670618999957, -23.733946394999975 ], [ -45.865670844999954, -23.733980624999958 ], [ -45.865668728999935, -23.734002764999957 ], [ -45.865666898999962, -23.734021921999954 ], [ -45.865661725999985, -23.734040827999934 ], [ -45.865658049999979, -23.734048796999957 ], [ -45.865650561999985, -23.734058773999948 ], [ -45.865640310999936, -23.734066417999941 ], [ -45.865637704999983, -23.734070691999932 ], [ -45.865643804999934, -23.735010329999966 ], [ -45.863557868999976, -23.734947165999984 ], [ -45.863133784999945, -23.742935737999971 ], [ -45.858673615999976, -23.742659311999944 ], [ -45.858570594999946, -23.744405165999979 ], [ -45.861360700999967, -23.744595018999973 ], [ -45.861266310999952, -23.748211140999956 ], [ -45.860895252999967, -23.755175951999945 ], [ -45.862905930999943, -23.755194345999939 ], [ -45.863066171999947, -23.752007527999979 ], [ -45.866338119999966, -23.752232205999974 ], [ -45.865280412999937, -23.75849025499997 ], [ -45.865280200999962, -23.75850222899993 ], [ -45.865418860999966, -23.758476307999956 ], [ -45.865567976999955, -23.757633547999944 ], [ -45.867006260999972, -23.749504286999979 ], [ -45.869605079999985, -23.734667100999957 ], [ -45.868638179999948, -23.734600650999937 ], [ -45.868637108999962, -23.734605253999973 ], [ -45.86862365099995, -23.734647056999961 ], [ -45.868616117999977, -23.734665163999978 ], [ -45.868607981999958, -23.734681014999978 ], [ -45.868590293999944, -23.734706403999951 ], [ -45.868570889999944, -23.734724485999948 ], [ -45.868557113999941, -23.734733143999961 ], [ -45.868528245999983, -23.734744324999951 ], [ -45.868493844999932, -23.734749756999975 ], [ -45.868469121999965, -23.734749895999983 ], [ -45.868451647999962, -23.734748367999941 ], [ -45.868413440999973, -23.734741988999929 ], [ -45.868347784999969, -23.73472411399996 ], [ -45.868312380999953, -23.734711306999941 ], [ -45.868258159999982, -23.734686863999968 ], [ -45.868203996999966, -23.734656278999978 ], [ -45.868088111999953, -23.734579705999977 ], [ -45.867953682999939, -23.734488064999937 ], [ -45.86788525999998, -23.734437508999974 ], [ -45.867820846999962, -23.734385033999956 ], [ -45.86778216099998, -23.734350838999944 ], [ -45.867720643999974, -23.734291212999949 ], [ -45.867691283999932, -23.734257687999957 ], [ -45.867650968999953, -23.73419974899997 ], [ -45.867577766999943, -23.73409421599996 ], [ -45.867538472999968, -23.734027328999957 ], [ -45.867519013999981, -23.733992394999973 ], [ -45.867513948999942, -23.733983300999967 ], [ -45.867501404999985, -23.733955823999963 ], [ -45.867491000999962, -23.733925444999954 ], [ -45.867487164999943, -23.733909298999947 ], [ -45.86748440599996, -23.733892604999937 ], [ -45.867482018999965, -23.73385802699994 ], [ -45.867483251999943, -23.733821981999938 ], [ -45.867493551999985, -23.733747772999948 ], [ -45.867511004999983, -23.73367198699998 ], [ -45.867523295999945, -23.733631725999942 ], [ -45.867547778999949, -23.733565745999954 ], [ -45.867642304999947, -23.73335052799996 ], [ -45.867659217999972, -23.733296963999976 ], [ -45.867664196999954, -23.733263698999963 ], [ -45.867665022999972, -23.733240300999967 ], [ -45.867661220999935, -23.733184685999959 ], [ -45.867643591999979, -23.733070711999972 ], [ -45.86762970999996, -23.733004043999983 ], [ -45.867622981999943, -23.73297811499998 ], [ -45.867602727999952, -23.732900057999927 ], [ -45.867568597999934, -23.732798097999932 ], [ -45.867546729999958, -23.732742645999963 ], [ -45.867542653999976, -23.73273231099995 ], [ -45.867524122999953, -23.732689512999968 ], [ -45.867485016999979, -23.732606548999968 ], [ -45.867438710999977, -23.732517843999972 ], [ -45.867406549999941, -23.732461394999973 ], [ -45.867339624999943, -23.732355283999937 ], [ -45.867287333999968, -23.732281334999982 ], [ -45.867251504999956, -23.732233937999979 ], [ -45.86717750899993, -23.732141504999959 ], [ -45.867144078999956, -23.732100977999949 ], [ -45.86712485399994, -23.732077671999946 ], [ -45.867064266999932, -23.732004221999944 ], [ -45.867011728999955, -23.731937409999944 ], [ -45.866964795999934, -23.731872371999941 ], [ -45.866935959999978, -23.731829 ], [ -45.866881993999982, -23.731739073999961 ], [ -45.866831720999983, -23.731643797999936 ], [ -45.866811112999983, -23.731598392999956 ], [ -45.86679563499996, -23.731557383999927 ], [ -45.866790315999936, -23.731539349999935 ], [ -45.866786872999967, -23.731523111999934 ], [ -45.866785413999935, -23.731495391999943 ], [ -45.866790554999966, -23.731471699999929 ], [ -45.866797324999936, -23.73145693999993 ], [ -45.866817823999952, -23.731426477999946 ], [ -45.866838352999935, -23.731400440999948 ], [ -45.86688369899997, -23.731344278999927 ], [ -45.866912579999962, -23.731305370999962 ], [ -45.866928579999978, -23.731277010999975 ], [ -45.866932718999976, -23.731264974999931 ], [ -45.866934475999983, -23.731248797999967 ], [ -45.866933347999975, -23.731241398999941 ], [ -45.866927074999978, -23.731227433999948 ], [ -45.866908598999942, -23.731207757999982 ], [ -45.866891448999979, -23.731195750999973 ], [ -45.866878548999978, -23.731188507999946 ], [ -45.866850503999956, -23.731175839999935 ], [ -45.866828675999955, -23.731168465999929 ], [ -45.866787906999946, -23.731160294999938 ], [ -45.866787803999955, -23.731159187999936 ], [ -45.866785834999973, -23.731160279999983 ], [ -45.866764056999955, -23.731160813999963 ], [ -45.866764070999977, -23.731160879999948 ], [ -45.866758194999932, -23.731162447999964 ], [ -45.866749398999957, -23.73116764599996 ], [ -45.866744150999978, -23.731175080999947 ], [ -45.86674232699994, -23.731181142999958 ], [ -45.866742027999976, -23.731195324999931 ], [ -45.866745484999967, -23.731213639999964 ], [ -45.866758617999949, -23.731256196999936 ], [ -45.866766383999959, -23.731288125999981 ], [ -45.866767281999955, -23.731305281999937 ], [ -45.866764556999954, -23.73132345099998 ], [ -45.866761578999956, -23.731332951999946 ], [ -45.866745589999937, -23.731363026999929 ], [ -45.866699236999978, -23.731430212999953 ], [ -45.866641227999935, -23.731529889999933 ], [ -45.866622827999947, -23.731551488999969 ], [ -45.866610138999931, -23.731561313999975 ], [ -45.866601339999931, -23.731565969999963 ], [ -45.866583218999949, -23.731570406999936 ], [ -45.866568596999969, -23.731569675999935 ], [ -45.866560145999983, -23.731567735999931 ], [ -45.866506370999957, -23.731551056999933 ], [ -45.866472798999951, -23.731541953999965 ], [ -45.866472757999929, -23.731541942999968 ], [ -45.866388988999972, -23.73153148199998 ], [ -45.866346695999937, -23.731528017999949 ], [ -45.866261560999931, -23.731516662999979 ], [ -45.866178364999939, -23.731501683999966 ], [ -45.866031089999979, -23.731469632999961 ], [ -45.865847376999966, -23.731431552999936 ], [ -45.865825172999962, -23.731426800999941 ], [ -45.865817892999985, -23.731423679999978 ], [ -45.865810680999971, -23.731416223999929 ], [ -45.86580543499997, -23.73139430599997 ], [ -45.865803931999949, -23.731359811999937 ], [ -45.865804767999975, -23.731337949999954 ], [ -45.865808542999957, -23.731300446999967 ], [ -45.865816410999969, -23.731258855999954 ], [ -45.865822152999954, -23.731236966999973 ], [ -45.865837553999938, -23.731192171999965 ], [ -45.865865412999938, -23.731132134999939 ], [ -45.865882094999961, -23.731103048999955 ], [ -45.86590978199996, -23.73106170799997 ], [ -45.865924665999955, -23.73104247699996 ], [ -45.865940243999944, -23.731024416999958 ], [ -45.865972306999936, -23.730992083999979 ], [ -45.866004798999938, -23.730965166999965 ], [ -45.866025990999958, -23.730950416999974 ], [ -45.866065288999948, -23.730928971999958 ], [ -45.866078596999955, -23.730923838999956 ], [ -45.866103181999961, -23.730917830999942 ], [ -45.866126819999977, -23.730916885999932 ], [ -45.866143017999946, -23.730918420999956 ], [ -45.866178479999974, -23.730925356999933 ], [ -45.866275653999935, -23.730947301999947 ], [ -45.866319641999951, -23.730952745999957 ], [ -45.866331707999962, -23.730952677999937 ], [ -45.866351602999941, -23.730949405999979 ], [ -45.866366368999934, -23.730942187999972 ], [ -45.866373780999936, -23.73093546299998 ], [ -45.866383276999954, -23.730917525999928 ], [ -45.866386854999973, -23.730894835999948 ], [ -45.866386183999964, -23.730882465999969 ], [ -45.866382038999973, -23.730863883999973 ], [ -45.866373583999973, -23.73084640899998 ], [ -45.866367644999968, -23.73083840399994 ], [ -45.866354220999938, -23.730826104999949 ], [ -45.866345945999967, -23.730820912999945 ], [ -45.866331577999972, -23.730814219999957 ], [ -45.866303457999948, -23.73080667399995 ], [ -45.866271544999961, -23.730802426999958 ], [ -45.866253290999964, -23.73080144499994 ], [ -45.866197673999977, -23.730803020999929 ], [ -45.866167087999941, -23.730806533999953 ], [ -45.866119371999957, -23.730815833999941 ], [ -45.866071102999967, -23.730830735999973 ], [ -45.866047425999966, -23.730840531999945 ], [ -45.866024347999939, -23.730851951999966 ], [ -45.865979695999954, -23.730879658999982 ], [ -45.865936847999933, -23.73091313599997 ] ], [ [ -45.867688136999959, -23.734640403999947 ], [ -45.867914417999941, -23.734799811999949 ], [ -45.868180866999978, -23.734954632999973 ], [ -45.868327896999972, -23.735001800999953 ], [ -45.868421751999961, -23.735018090999972 ], [ -45.86854152799998, -23.735016793999932 ], [ -45.868640312999958, -23.734994057999927 ], [ -45.868809081999984, -23.734883603999947 ], [ -45.869264351999959, -23.734915954999963 ], [ -45.867449317999956, -23.745657079999944 ], [ -45.863346713999931, -23.744854502999942 ], [ -45.86341946999994, -23.74296904199997 ], [ -45.863831860999937, -23.73523301299997 ], [ -45.865499670999952, -23.735275658999967 ], [ -45.865718790999949, -23.735268839999947 ], [ -45.866097810999975, -23.735177987999975 ], [ -45.866176830999962, -23.734319911999933 ], [ -45.867400834999955, -23.734345557999973 ], [ -45.867489444999933, -23.734461262999957 ], [ -45.867688136999959, -23.734640403999947 ] ], [ [ -45.867379885999981, -23.746067938999943 ], [ -45.866392681999969, -23.751909369999964 ], [ -45.863085974999933, -23.751611208999975 ], [ -45.86330935899997, -23.745822534999945 ], [ -45.867379885999981, -23.746067938999943 ] ] ] } },
{ "type": "Feature", "properties": { "legislacao": "Resolução SMA n°203/2018", "setor": "IV", "gid": 4, "objetivo": "Minimizar os impactos ambientais negativos sobre a unidade de conservação; fomentar a conservação dos corredores ecológicos entre a serra do mar e o oceano e incentivar o desenvolvimento de práticas sustentáveis.", "descricao": "Situado em áreas urbanas do Município de Bertioga, possui aproximadamente 3.953,27 hectares. Caracteriza-se por ambientes naturais com vegetação preservada em área urbana do município de Bertioga, com ocupação de média a alta densidade. As atividades est", "area": "3643.42", "nome_concat": "Zona de Amortecimento - Setor IV" }, "geometry": { "type": "Polygon", "coordinates": [ [ [ -46.081698899999935, -23.791933843999971 ], [ -46.082216321999965, -23.791717656999936 ], [ -46.08238089699995, -23.791683357999943 ], [ -46.082698934999939, -23.791772488999982 ], [ -46.082814792999955, -23.79188537999994 ], [ -46.082923951999931, -23.792083498999943 ], [ -46.082942357999968, -23.792253452999944 ], [ -46.083463027999983, -23.792449191999935 ], [ -46.083578879999948, -23.792587880999974 ], [ -46.083732465999958, -23.792872834999969 ], [ -46.083779365999931, -23.793014525999979 ], [ -46.083773919999942, -23.793162557999949 ], [ -46.083716711999955, -23.793301004999933 ], [ -46.083613897999953, -23.793414970999947 ], [ -46.083428000999959, -23.793562952999935 ], [ -46.082858388999966, -23.794235982999965 ], [ -46.083593281999981, -23.794292429999928 ], [ -46.083993117999967, -23.79437048799997 ], [ -46.084227664999958, -23.794289097999979 ], [ -46.084399685999983, -23.794260052999959 ], [ -46.084571850999964, -23.794288360999928 ], [ -46.085307564999937, -23.794540066999957 ], [ -46.08542323599994, -23.794596829999932 ], [ -46.085844838999947, -23.794876073999944 ], [ -46.08594592299994, -23.794623552999951 ], [ -46.086177199999952, -23.793521834999979 ], [ -46.086502903999985, -23.792091776999939 ], [ -46.08655368999996, -23.791965989999937 ], [ -46.086642404999964, -23.791859489999979 ], [ -46.087293297999963, -23.791281409999954 ], [ -46.087466571999983, -23.791181884999958 ], [ -46.088221859999976, -23.790931501999978 ], [ -46.088944897999966, -23.790757170999939 ], [ -46.089567485999964, -23.790225110999927 ], [ -46.089970362999964, -23.789675811999928 ], [ -46.08990444799997, -23.789649209999936 ], [ -46.089410113999975, -23.789580196999964 ], [ -46.088898596999968, -23.789610871999969 ], [ -46.087506269999949, -23.789651275999972 ], [ -46.086435928999947, -23.789669462999939 ], [ -46.086250718999963, -23.789771257999973 ], [ -46.086167409999973, -23.789807749999966 ], [ -46.085422905999962, -23.790057917999945 ], [ -46.085305009999956, -23.790082921999954 ], [ -46.085184048999963, -23.790080622999938 ], [ -46.084547123999982, -23.789995490999956 ], [ -46.084415558999979, -23.789960105999967 ], [ -46.084299762999933, -23.789892615999975 ], [ -46.083868490999976, -23.789555131999975 ], [ -46.083758539999963, -23.789432271999942 ], [ -46.08370174199996, -23.789281940999956 ], [ -46.083688621999954, -23.789205891999927 ], [ -46.083656472999962, -23.789019550999967 ], [ -46.083479739999973, -23.789018237999983 ], [ -46.083224177999966, -23.789016338999943 ], [ -46.082348511999953, -23.789009828999951 ], [ -46.08096562399993, -23.789004157999955 ], [ -46.080905579999978, -23.789870407999956 ], [ -46.077090056999964, -23.789696086999982 ], [ -46.07699152999993, -23.792965741999978 ], [ -46.072305591999964, -23.791440056999932 ], [ -46.071636239999975, -23.791222108999932 ], [ -46.071361252999964, -23.791132569999945 ], [ -46.07004365399996, -23.790703531999952 ], [ -46.064595840999971, -23.788929460999952 ], [ -46.064912025999945, -23.794999366999946 ], [ -46.060949630999971, -23.794606303999956 ], [ -46.058267021999939, -23.793644995999955 ], [ -46.057874025999979, -23.793217565999953 ], [ -46.055896058999963, -23.792681508999976 ], [ -46.055563500999938, -23.793305074999978 ], [ -46.049897501999965, -23.791590246999931 ], [ -46.04216501999997, -23.789249578999943 ], [ -46.021871700999952, -23.783195929999977 ], [ -46.012502853999933, -23.780400029999953 ], [ -46.010850155999947, -23.779892202999974 ], [ -46.007097274999978, -23.778789504999963 ], [ -45.999872133999986, -23.776674107999952 ], [ -45.999485558999936, -23.778882566999982 ], [ -45.996854697999936, -23.793198095999969 ], [ -45.995989768999948, -23.797266019999938 ], [ -45.995048978999932, -23.796495465999953 ], [ -45.994450882999956, -23.796391788999983 ], [ -45.994376522999971, -23.796858241999928 ], [ -45.996142071999941, -23.798507633999975 ], [ -45.996977456999957, -23.799075744999982 ], [ -45.998897783999951, -23.799943041999938 ], [ -45.99908860499994, -23.79979211999995 ], [ -46.000887488999979, -23.798409330999959 ], [ -46.001295502999938, -23.798340345999975 ], [ -46.001048649999973, -23.797730440999942 ], [ -46.002282277999939, -23.793791352999961 ], [ -46.007362554999986, -23.794774030999974 ], [ -46.017665847999979, -23.79726330099993 ], [ -46.018716198999982, -23.797652905999939 ], [ -46.023109369999986, -23.799282356999981 ], [ -46.027330617999951, -23.801070399999958 ], [ -46.030538408999973, -23.80276951299993 ], [ -46.033172865999973, -23.804209542999956 ], [ -46.037740368999948, -23.807046390999972 ], [ -46.042408591999958, -23.809789495999951 ], [ -46.04338845999996, -23.810365244999957 ], [ -46.044134094999947, -23.810360198999945 ], [ -46.047142706999978, -23.809163705999936 ], [ -46.047293498999977, -23.809318374999975 ], [ -46.054798405999975, -23.806381087999966 ], [ -46.056044969999959, -23.806372558999954 ], [ -46.064117661999944, -23.806403445999933 ], [ -46.065950967999981, -23.806454516999963 ], [ -46.066956822999941, -23.806808032999982 ], [ -46.070489338999948, -23.809750573999963 ], [ -46.074434837999945, -23.812936352999941 ], [ -46.075844372999939, -23.813786770999968 ], [ -46.082660757999975, -23.815172805999964 ], [ -46.083290335999948, -23.815303115999939 ], [ -46.086859114999982, -23.816001140999958 ], [ -46.088006357999973, -23.816264394999962 ], [ -46.090885985999932, -23.817148262999979 ], [ -46.094429652999963, -23.817946456999948 ], [ -46.093909906999954, -23.823190790999945 ], [ -46.103869416999942, -23.827588255999956 ], [ -46.104328047999957, -23.82653357099997 ], [ -46.104927465999936, -23.826768229999971 ], [ -46.107458260999977, -23.820702301999972 ], [ -46.107590099999982, -23.820730684999944 ], [ -46.108385680999959, -23.820954040999936 ], [ -46.110245797999937, -23.821476239999981 ], [ -46.110372679999955, -23.821519868999928 ], [ -46.114466010999934, -23.822927307999976 ], [ -46.114612780999948, -23.822941664999973 ], [ -46.117658292999977, -23.823239547999947 ], [ -46.118105485999934, -23.823283282999967 ], [ -46.120878318999985, -23.825557104999973 ], [ -46.122032652999962, -23.826886847999958 ], [ -46.12192224599994, -23.827771693999978 ], [ -46.121352223999963, -23.83233993999994 ], [ -46.122032910999962, -23.83295626499995 ], [ -46.124789946999954, -23.833366284999954 ], [ -46.127032455999938, -23.834353505999957 ], [ -46.130017499999951, -23.836402329999942 ], [ -46.130063778999954, -23.836434093999969 ], [ -46.131686281999976, -23.837808113999984 ], [ -46.134312119999947, -23.841038561999937 ], [ -46.13648821299995, -23.846303372999955 ], [ -46.136471610999934, -23.847378779999929 ], [ -46.13741764599996, -23.848614348999945 ], [ -46.139693528999942, -23.853376565999952 ], [ -46.139056177999976, -23.85554553999998 ], [ -46.140811070999973, -23.855640372999972 ], [ -46.144430819999968, -23.855918814999939 ], [ -46.14503037999998, -23.855988534999938 ], [ -46.146825423999985, -23.856197257999952 ], [ -46.148774519999961, -23.856642764999947 ], [ -46.151447566999934, -23.857645157999968 ], [ -46.153452350999942, -23.858146353999928 ], [ -46.15473318599993, -23.856809830999964 ], [ -46.154900250999958, -23.855863126999964 ], [ -46.154858529999956, -23.854799257999957 ], [ -46.156572621999942, -23.854942778999941 ], [ -46.162021292999952, -23.855398869999931 ], [ -46.165632166999956, -23.854845961999956 ], [ -46.167380510999976, -23.854578218999961 ], [ -46.167880123999964, -23.852372463999927 ], [ -46.168420257999969, -23.849987737999982 ], [ -46.168869270999949, -23.848005255999965 ], [ -46.168825183999957, -23.84716508899993 ], [ -46.168804113999954, -23.846763565999936 ], [ -46.168634490999978, -23.845920166999974 ], [ -46.168357281999931, -23.845127270999967 ], [ -46.167988719999983, -23.844556974999932 ], [ -46.167590373999985, -23.843940586999963 ], [ -46.166990863999956, -23.843348879999951 ], [ -46.166334230999951, -23.842409790999966 ], [ -46.164632630999961, -23.840720560999955 ], [ -46.162410143999978, -23.838514132999933 ], [ -46.167216215999986, -23.832316558999935 ], [ -46.166330128999959, -23.830471578999948 ], [ -46.16593278299996, -23.830577233999975 ], [ -46.165650050999943, -23.830579393999983 ], [ -46.165436515999943, -23.830506355999944 ], [ -46.164704684999947, -23.830603500999928 ], [ -46.164319922999937, -23.830504392999956 ], [ -46.163523549999979, -23.830165123999961 ], [ -46.162590561999934, -23.829811185999972 ], [ -46.162245643999938, -23.829939799999977 ], [ -46.162183395999932, -23.829963010999961 ], [ -46.162182450999978, -23.829963362999933 ], [ -46.161699978999934, -23.830091674999949 ], [ -46.161639344999969, -23.830032923999966 ], [ -46.161521953999966, -23.82980338699997 ], [ -46.161513628999955, -23.829783103999944 ], [ -46.161475526999936, -23.829690275999951 ], [ -46.161447143999965, -23.829621126999939 ], [ -46.161419270999943, -23.829553218999934 ], [ -46.160966308999946, -23.829497169999968 ], [ -46.160862442999985, -23.829608862999976 ], [ -46.160661804999961, -23.829726329999971 ], [ -46.160514555999953, -23.829873176999968 ], [ -46.160182517999942, -23.83002248799994 ], [ -46.159790057999942, -23.830239100999961 ], [ -46.159470795999937, -23.830473766999944 ], [ -46.159219637999968, -23.830623461999949 ], [ -46.159175984999933, -23.830877169999951 ], [ -46.15904296399998, -23.831406044999937 ], [ -46.158817756999952, -23.831893383999954 ], [ -46.158405179999932, -23.83195982999996 ], [ -46.158292480999933, -23.832192941999949 ], [ -46.158320495999931, -23.832762835999972 ], [ -46.158817509999949, -23.833011966999948 ], [ -46.158410848999949, -23.833749904999934 ], [ -46.157900421999955, -23.834255262999932 ], [ -46.157783477999942, -23.83472980099998 ], [ -46.157484560999933, -23.835177843999929 ], [ -46.157346483999959, -23.83524757899994 ], [ -46.157211002999929, -23.835316001999956 ], [ -46.156534917999977, -23.835293566999951 ], [ -46.155396056999962, -23.835098819999928 ], [ -46.15285365099993, -23.834664031999978 ], [ -46.152483004999965, -23.834683309999946 ], [ -46.152033163999931, -23.834593148999943 ], [ -46.152046801999973, -23.834705547999931 ], [ -46.150461957999937, -23.834423332999961 ], [ -46.150448549999965, -23.834381612999948 ], [ -46.150429466999981, -23.834310783999967 ], [ -46.15038218799998, -23.834108876999949 ], [ -46.150341236999964, -23.83391766799997 ], [ -46.150324825999974, -23.833828488999927 ], [ -46.150313876999974, -23.833697824999945 ], [ -46.150317385999983, -23.833544839999945 ], [ -46.150333256999943, -23.833462642999962 ], [ -46.150334224999938, -23.833379654999931 ], [ -46.150327791999985, -23.833311169999945 ], [ -46.150320797999939, -23.833261740999944 ], [ -46.150301505999948, -23.83315795599998 ], [ -46.150276215999952, -23.833053492999966 ], [ -46.15023722199993, -23.832927913999981 ], [ -46.150210207999976, -23.832857413999932 ], [ -46.150165155999957, -23.832761135999931 ], [ -46.150104171999942, -23.832648180999968 ], [ -46.150055570999939, -23.832544162999966 ], [ -46.150038841999958, -23.832492276999972 ], [ -46.150026053999966, -23.832437654999978 ], [ -46.150019153999949, -23.832398788999967 ], [ -46.150010195999982, -23.832321256999933 ], [ -46.15009534099994, -23.831895370999973 ], [ -46.150021296999967, -23.831451903999948 ], [ -46.150222233999955, -23.830860884999936 ], [ -46.150445450999939, -23.830399236999938 ], [ -46.150964783999939, -23.82964266099998 ], [ -46.151467160999971, -23.829172952999954 ], [ -46.15195121499994, -23.828834803999939 ], [ -46.152622625999982, -23.828387723999981 ], [ -46.153520746999959, -23.827766879999956 ], [ -46.153352386999984, -23.827361692999943 ], [ -46.153469583999936, -23.826499633999958 ], [ -46.153462478999984, -23.825695916999962 ], [ -46.153144365999935, -23.825009349999959 ], [ -46.152679243999955, -23.824523668999973 ], [ -46.152605114999972, -23.824446261999981 ], [ -46.152105658999972, -23.823924722999948 ], [ -46.152199843999938, -23.823874272999944 ], [ -46.152582518999964, -23.823823621999964 ], [ -46.152803233999975, -23.82381599799993 ], [ -46.152834327999983, -23.823660446999952 ], [ -46.152708793999977, -23.823416459999976 ], [ -46.152395170999966, -23.823197773999937 ], [ -46.152003049999962, -23.822913961999973 ], [ -46.15128385099996, -23.822357796999938 ], [ -46.150921396999934, -23.82249192699993 ], [ -46.150505678999934, -23.82247710799993 ], [ -46.149860649999937, -23.822231019999947 ], [ -46.149224588999971, -23.822265631999983 ], [ -46.148866047999945, -23.822107010999957 ], [ -46.148711054999978, -23.822203746999946 ], [ -46.148374411999953, -23.822319756999946 ], [ -46.14802693799993, -23.822680772999945 ], [ -46.147664320999979, -23.82279697499996 ], [ -46.147410581999964, -23.822871726999949 ], [ -46.147303293999983, -23.822972805999939 ], [ -46.146757713999932, -23.823334619999969 ], [ -46.146485997999946, -23.823450143999935 ], [ -46.145898149999937, -23.823604948999957 ], [ -46.145712504999949, -23.823618135999936 ], [ -46.145394024999973, -23.823584659999938 ], [ -46.145288396999945, -23.823562484999968 ], [ -46.144650230999957, -23.823358140999972 ], [ -46.144536455999969, -23.823305631999972 ], [ -46.144107783999971, -23.823038709999935 ], [ -46.144056438999939, -23.82308663799995 ], [ -46.14374047299998, -23.823339881999971 ], [ -46.14344194399996, -23.82336001799996 ], [ -46.14303879199997, -23.823297294999975 ], [ -46.142733298999985, -23.823263716999975 ], [ -46.142396804999976, -23.823397634999935 ], [ -46.142078795999964, -23.823417911999968 ], [ -46.141837658999975, -23.823318143999927 ], [ -46.141536412999983, -23.823027656999955 ], [ -46.141086660999974, -23.822833850999928 ], [ -46.140593232999947, -23.822843475999946 ], [ -46.139968532999944, -23.822692776999929 ], [ -46.139369598999963, -23.822517989999938 ], [ -46.138757991999967, -23.822379136999928 ], [ -46.13839993199997, -23.822274251999943 ], [ -46.138072148999981, -23.821918242999971 ], [ -46.137880149999944, -23.821495518999939 ], [ -46.137665913999967, -23.820756345999939 ], [ -46.137377094999977, -23.820400046999964 ], [ -46.137081889999934, -23.820055742999955 ], [ -46.136308699999972, -23.820001703999935 ], [ -46.135302955999975, -23.820086772999957 ], [ -46.135145252999962, -23.819872875999977 ], [ -46.135129253999935, -23.819526511999982 ], [ -46.134944591999954, -23.819199310999977 ], [ -46.134585763999951, -23.819004814999971 ], [ -46.134311449999984, -23.818821644999957 ], [ -46.134004670999957, -23.818638712999928 ], [ -46.133646104999968, -23.818474081999966 ], [ -46.13302522999993, -23.818012686999964 ], [ -46.132399316999965, -23.817718592999938 ], [ -46.132063617999961, -23.817195359999971 ], [ -46.131910292999976, -23.81673650099998 ], [ -46.131563995999954, -23.816488140999979 ], [ -46.131127524999954, -23.816324075999944 ], [ -46.130738211999983, -23.816356800999984 ], [ -46.130075785999964, -23.816343734999975 ], [ -46.129727084999956, -23.816567321999969 ], [ -46.129124022999974, -23.816661345999933 ], [ -46.127989874999969, -23.816161869999974 ], [ -46.127619317999972, -23.816110815999934 ], [ -46.12733419999995, -23.816178612999977 ], [ -46.126979723999966, -23.816485869999951 ], [ -46.126674713999932, -23.816506019999963 ], [ -46.126205525999978, -23.816312310999933 ], [ -46.125950706999959, -23.816128981999952 ], [ -46.125864032999971, -23.815866765999942 ], [ -46.12588763399998, -23.815591796999968 ], [ -46.125736752999956, -23.815413682999974 ], [ -46.125451686999952, -23.815487449999978 ], [ -46.125164045999952, -23.81526254299996 ], [ -46.125147867999942, -23.814892282999949 ], [ -46.125021673999981, -23.814564641999937 ], [ -46.124767940999959, -23.814506753999979 ], [ -46.124501530999964, -23.814484801999981 ], [ -46.124287011999968, -23.814456495999934 ], [ -46.124057038999979, -23.81414155899995 ], [ -46.123789138999939, -23.813946373999954 ], [ -46.12338568499996, -23.814011682999933 ], [ -46.123270128999934, -23.814082403999976 ], [ -46.122726387999933, -23.815056127999981 ], [ -46.122385196999971, -23.815399120999928 ], [ -46.122294527999941, -23.815470499999947 ], [ -46.122187814999961, -23.815519637999955 ], [ -46.12094764699998, -23.815900131999967 ], [ -46.119922319999944, -23.815614941999968 ], [ -46.119748985999934, -23.815522848999933 ], [ -46.118531028999939, -23.814499478999949 ], [ -46.118265377999933, -23.813733645999946 ], [ -46.118316635999975, -23.813003510999977 ], [ -46.117861940999944, -23.812982911999939 ], [ -46.117932486999962, -23.812122165999938 ], [ -46.11625919599993, -23.811203144999979 ], [ -46.115885555999967, -23.813737854999943 ], [ -46.115061365999964, -23.813651049999976 ], [ -46.114769455999976, -23.81489004499997 ], [ -46.114611013999934, -23.81558389199995 ], [ -46.114085761999945, -23.815513428999964 ], [ -46.112131064999971, -23.81489363399993 ], [ -46.113381365999942, -23.810610788999952 ], [ -46.113238935999959, -23.81065960799998 ], [ -46.112967672999957, -23.810828833999949 ], [ -46.112644772999943, -23.81103427499994 ], [ -46.112230566999983, -23.811192582999979 ], [ -46.111971777999941, -23.81130197899995 ], [ -46.111713902999952, -23.811518896999928 ], [ -46.111352856999986, -23.811820191999971 ], [ -46.110913387999972, -23.812062312999956 ], [ -46.110422484999958, -23.812364541999955 ], [ -46.109899723999945, -23.81277175699995 ], [ -46.107010062999962, -23.811891752999941 ], [ -46.106909535999932, -23.811577347999958 ], [ -46.106880525999941, -23.811219123999933 ], [ -46.106954689999952, -23.810776524999937 ], [ -46.107043053999973, -23.810477196999955 ], [ -46.107157489999963, -23.810189629999968 ], [ -46.107089422999934, -23.809819737999931 ], [ -46.106917273999954, -23.809426697999982 ], [ -46.106861079999931, -23.808925295999927 ], [ -46.106804885999964, -23.80842389399993 ], [ -46.106710243999942, -23.807982505999973 ], [ -46.106149460999973, -23.807699782999975 ], [ -46.10519882899996, -23.807384007999929 ], [ -46.104578886999946, -23.807782723999935 ], [ -46.103732742999966, -23.807537877999948 ], [ -46.103406200999984, -23.807313206999936 ], [ -46.103027114999975, -23.807017223999935 ], [ -46.102898274999973, -23.80713762299996 ], [ -46.102756247999935, -23.807234220999931 ], [ -46.102524334999941, -23.807450937999931 ], [ -46.10221370499994, -23.807572635999975 ], [ -46.101968704999933, -23.80777749799995 ], [ -46.101841979999961, -23.808148783999968 ], [ -46.101534168999933, -23.808604997999964 ], [ -46.100872131999949, -23.808633619999966 ], [ -46.100700606999965, -23.808312253999929 ], [ -46.100218750999943, -23.808148422999977 ], [ -46.099778668999932, -23.808318829999962 ], [ -46.09964056299998, -23.80888135999993 ], [ -46.099434108999958, -23.80903815299996 ], [ -46.099099238999941, -23.809382380999978 ], [ -46.096559628999955, -23.808228358999941 ], [ -46.096504227999958, -23.808079290999956 ], [ -46.096055415999956, -23.807210292999969 ], [ -46.096536482999966, -23.798001104999969 ], [ -46.095217919999982, -23.797279911999965 ], [ -46.095214791999979, -23.797285667999972 ], [ -46.094403015999944, -23.796834187999934 ], [ -46.093416422999951, -23.796436674999939 ], [ -46.091507147999948, -23.795372346999955 ], [ -46.091567573999953, -23.795545870999945 ], [ -46.091632546999961, -23.795705630999976 ], [ -46.091707351999958, -23.796111327999938 ], [ -46.091708592999964, -23.796255327999972 ], [ -46.091660500999978, -23.796392365999964 ], [ -46.091340693999939, -23.796968122999942 ], [ -46.09123337799997, -23.797097116999964 ], [ -46.091083396999977, -23.797182817999953 ], [ -46.09065177399998, -23.797305566999967 ], [ -46.09047252199997, -23.797274545999983 ], [ -46.089417818999948, -23.796866841999929 ], [ -46.088991815999975, -23.796224909999978 ], [ -46.08883044199996, -23.796205651999969 ], [ -46.088676386999964, -23.796254918999978 ], [ -46.088067404999947, -23.79687432399993 ], [ -46.087533420999932, -23.797716765999951 ], [ -46.087107223999965, -23.79904162899993 ], [ -46.087079119999942, -23.799108785999977 ], [ -46.086644564999972, -23.799942219999934 ], [ -46.086555439999984, -23.800060265999946 ], [ -46.085962830999961, -23.800625984999954 ], [ -46.085290817999976, -23.80125989499993 ], [ -46.085189481999976, -23.801333179999972 ], [ -46.085070902999973, -23.801379660999942 ], [ -46.084943260999978, -23.801396132999969 ], [ -46.084235609999951, -23.801401107999936 ], [ -46.084093676999942, -23.801382850999971 ], [ -46.08396352799997, -23.801327644999958 ], [ -46.083856260999937, -23.80124019699997 ], [ -46.083781024999951, -23.801127965999967 ], [ -46.083569507999982, -23.80067543399997 ], [ -46.083529600999952, -23.800493156999948 ], [ -46.083545449999974, -23.799324019999972 ], [ -46.083837870999957, -23.79755141399994 ], [ -46.083616353999957, -23.796007200999952 ], [ -46.083580119999965, -23.795451617999959 ], [ -46.083048873999985, -23.795326958999965 ], [ -46.082692364999957, -23.795374774999971 ], [ -46.082564612999931, -23.795449592999944 ], [ -46.082418153999981, -23.795485008999947 ], [ -46.082266932999971, -23.795477651999931 ], [ -46.081871497999941, -23.795400957999959 ], [ -46.08134469099997, -23.795656606999955 ], [ -46.081208050999976, -23.79570791499998 ], [ -46.081061011999964, -23.795719521999956 ], [ -46.080916870999943, -23.79569037899995 ], [ -46.080402878999962, -23.79550844399995 ], [ -46.080280463999941, -23.795445335999943 ], [ -46.080182462999971, -23.795352930999968 ], [ -46.080116885999985, -23.795238783999935 ], [ -46.080089096999984, -23.795112226999947 ], [ -46.080101364999962, -23.794983607999939 ], [ -46.080233268999962, -23.794565441999964 ], [ -46.080465407999952, -23.794382921999954 ], [ -46.080615846999933, -23.794350136999981 ], [ -46.080769904999954, -23.794362043999968 ], [ -46.081070423999961, -23.794430293999937 ], [ -46.081322267999951, -23.794362169999943 ], [ -46.081361535999974, -23.794316729999935 ], [ -46.081685781999965, -23.793824950999976 ], [ -46.082305435999956, -23.793117979999977 ], [ -46.081887637999955, -23.792974869999966 ], [ -46.081633341999975, -23.792921688999968 ], [ -46.081493532999957, -23.792870706999963 ], [ -46.081377066999949, -23.792783158999953 ], [ -46.081294883999931, -23.792667266999956 ], [ -46.081254700999978, -23.792533915999968 ], [ -46.081260290999978, -23.792395628999941 ], [ -46.08131112999996, -23.792265393999969 ], [ -46.081402441999955, -23.792155440999977 ], [ -46.08155256799995, -23.792022968999959 ], [ -46.081698899999935, -23.791933843999971 ] ] ] } },
{ "type": "Feature", "properties": { "legislacao": "Resolução SMA n°203/2018", "setor": "I", "gid": 7, "objetivo": "Minimizar os impactos ambientais negativos sobre a unidade de conservação, especialmente os efeitos de borda; incrementar a conectividade para possibilitar o fluxo gênico e o movimento da biota; fomentar a conservação dos corredores ecológicos e incentiv", "descricao": "Situado no entorno imediato do Parque Estadual Restinga de Bertioga, e em menor escala em trechos entre esta UC e o mar, tem aproximadamente 5.640,25 hectares e está inserido no município de Bertioga. Caracteriza-se pela predominância de áreas com signif", "area": "68.70999999999999", "nome_concat": "Zona de Amortecimento - Setor I" }, "geometry": { "type": "Polygon", "coordinates": [ [ [ -45.928833521999934, -23.76089271799998 ], [ -45.929062512999963, -23.761148228999957 ], [ -45.929106945999933, -23.76110380199998 ], [ -45.929198516999975, -23.761105591999979 ], [ -45.92927644599996, -23.761111096999969 ], [ -45.929380760999948, -23.761176184999954 ], [ -45.929465901999947, -23.761283206999963 ], [ -45.929486051999959, -23.761378671999978 ], [ -45.929473876999964, -23.761492253999961 ], [ -45.929468192999934, -23.761605796999959 ], [ -45.929403880999985, -23.761689821999937 ], [ -45.92925506499995, -23.76175643199997 ], [ -45.928936815999975, -23.761728475999973 ], [ -45.92881995099998, -23.761576931999969 ], [ -45.928766153999959, -23.761460665999948 ], [ -45.928609362999964, -23.761318228999983 ], [ -45.928266635999933, -23.761499512999933 ], [ -45.928313001999982, -23.761630664999927 ], [ -45.92848188399995, -23.761647572999948 ], [ -45.928604098999983, -23.761715009999932 ], [ -45.928862023999955, -23.761863194999933 ], [ -45.928863516999968, -23.762073618999977 ], [ -45.929618803999972, -23.762309582999933 ], [ -45.929622397999935, -23.762297867999962 ], [ -45.92984209499997, -23.762200279999945 ], [ -45.929762775999961, -23.762102081999956 ], [ -45.929626553999981, -23.761969265999937 ], [ -45.929547818999936, -23.761850256999935 ], [ -45.92955948499997, -23.761664988999939 ], [ -45.929629734999935, -23.761503264999931 ], [ -45.929745970999932, -23.761418926999966 ], [ -45.929920917999937, -23.761376054999971 ], [ -45.930109142999981, -23.761374921999959 ], [ -45.930310689999942, -23.761421501999962 ], [ -45.930403314999978, -23.761508119999974 ], [ -45.930417854999973, -23.76150707599993 ], [ -45.930768281999974, -23.761418275999972 ], [ -45.930835445999946, -23.761280935999935 ], [ -45.93104916599998, -23.761213931999976 ], [ -45.931315574999985, -23.761254144999953 ], [ -45.931426210999973, -23.761295296999947 ], [ -45.93151831199998, -23.76146799199995 ], [ -45.931519246999983, -23.761599416999957 ], [ -45.931476400999941, -23.761660965999965 ], [ -45.931325954999977, -23.761800715999982 ], [ -45.931054329999938, -23.761939757999983 ], [ -45.930794239999955, -23.761875609999947 ], [ -45.93062399799993, -23.761667540999952 ], [ -45.930665872999953, -23.762079503999928 ], [ -45.930814603999977, -23.762000943999965 ], [ -45.93097699499998, -23.762017887999946 ], [ -45.931210995999947, -23.762064269999939 ], [ -45.931312680999952, -23.762116387999981 ], [ -45.931543141999953, -23.762220581999941 ], [ -45.931554213999959, -23.762367117999929 ], [ -45.931512899999973, -23.76253141899997 ], [ -45.931364508999934, -23.762657770999965 ], [ -45.93114382899995, -23.76265910099994 ], [ -45.931048239999939, -23.762597857999936 ], [ -45.930948099999966, -23.762622957999952 ], [ -45.930959974999951, -23.762746375999939 ], [ -45.93201595499994, -23.763100784999949 ], [ -45.932003764999934, -23.762971228999959 ], [ -45.931913296999937, -23.762841286999958 ], [ -45.931807187999937, -23.762840298999947 ], [ -45.931637879999982, -23.762763656999937 ], [ -45.931590914999958, -23.762548870999979 ], [ -45.931654373999947, -23.762345367999956 ], [ -45.931763990999968, -23.762243146999936 ], [ -45.931850771999962, -23.762227017999976 ], [ -45.932081816999982, -23.762211358999934 ], [ -45.93224446399995, -23.762264144999961 ], [ -45.932268936999947, -23.762054901999932 ], [ -45.932364372999984, -23.761904000999948 ], [ -45.932517743999938, -23.761801765999962 ], [ -45.932912327999929, -23.761901834999946 ], [ -45.933127784999954, -23.762097553999979 ], [ -45.933410501999958, -23.762119487999939 ], [ -45.933758154999964, -23.762175497999976 ], [ -45.933862667999961, -23.76208709499997 ], [ -45.934200517999955, -23.76213284499994 ], [ -45.93444182099995, -23.762292686999956 ], [ -45.934494896999979, -23.762453667999978 ], [ -45.934418716999971, -23.762693093999928 ], [ -45.934302525999954, -23.762783407999962 ], [ -45.934192569999936, -23.762837839999975 ], [ -45.933939435999946, -23.762839370999927 ], [ -45.933796599999937, -23.762834259999977 ], [ -45.933731940999962, -23.762779722999937 ], [ -45.933622702999969, -23.762569462999977 ], [ -45.933536364999952, -23.762295174999963 ], [ -45.933142185999941, -23.76254249599998 ], [ -45.933253889999946, -23.762732992999929 ], [ -45.933377040999972, -23.762708351999947 ], [ -45.933500403999972, -23.762713580999957 ], [ -45.933617405999939, -23.762736769999947 ], [ -45.933714875999954, -23.762819748999959 ], [ -45.933830033999982, -23.762971462999928 ], [ -45.933837930999971, -23.763168561999976 ], [ -45.93365089699995, -23.763336967999976 ], [ -45.93356788799997, -23.763341964999938 ], [ -45.933547983999972, -23.763387467999962 ], [ -45.933334524999964, -23.763543312999957 ], [ -45.934308789999932, -23.763870277999956 ], [ -45.934329615999957, -23.763729497999975 ], [ -45.934491114999958, -23.76356302399995 ], [ -45.93477276599998, -23.763435226999945 ], [ -45.935098296999968, -23.763456898999948 ], [ -45.935187130999964, -23.763417508999964 ], [ -45.935124353999981, -23.763340002999939 ], [ -45.935077680999939, -23.76316703599997 ], [ -45.935083787999986, -23.763113231999967 ], [ -45.935173930999952, -23.763011125999981 ], [ -45.935393842999986, -23.762902259999976 ], [ -45.935536635999938, -23.762901395999961 ], [ -45.935712223999985, -23.76294812499998 ], [ -45.935829780999939, -23.763048972999968 ], [ -45.935869578999984, -23.763168214999951 ], [ -45.935849775999941, -23.763254795999956 ], [ -45.935927923999941, -23.763325781999981 ], [ -45.935955123999975, -23.763323528999933 ], [ -45.935941188999948, -23.763197650999928 ], [ -45.935972787999958, -23.763077976999966 ], [ -45.936101958999984, -23.762987582999983 ], [ -45.936296377999952, -23.762944585999946 ], [ -45.936478285999954, -23.762967378999974 ], [ -45.936654301999965, -23.76307384699993 ], [ -45.936771944999975, -23.763186641999937 ], [ -45.936715025999945, -23.763396080999939 ], [ -45.936670874999948, -23.763575571999979 ], [ -45.936593551999977, -23.763605113999972 ], [ -45.936227484999961, -23.763748522999947 ], [ -45.936059240999953, -23.763821231999941 ], [ -45.93620177899993, -23.76378452299997 ], [ -45.936416140999938, -23.763807120999957 ], [ -45.936579432999963, -23.763949509999975 ], [ -45.936584556999946, -23.76396221899995 ], [ -45.936575048999941, -23.764015369999981 ], [ -45.93656107299995, -23.764104947999954 ], [ -45.936496806999969, -23.764194949999933 ], [ -45.936335480999958, -23.764327357999946 ], [ -45.936134270999958, -23.764328577999947 ], [ -45.93597183299994, -23.764305665999927 ], [ -45.935909617999982, -23.764208244999963 ], [ -45.935731207999936, -23.764241407999975 ], [ -45.935731677999968, -23.764307120999945 ], [ -45.935901631999968, -23.764473365999947 ], [ -45.936838170999977, -23.764730550999957 ], [ -45.936577089999957, -23.764529013999947 ], [ -45.936497491999944, -23.764290530999972 ], [ -45.936682197999971, -23.764112696999973 ], [ -45.93676495099993, -23.764023060999932 ], [ -45.936946432999946, -23.763986115999955 ], [ -45.937089252999954, -23.764025797999977 ], [ -45.937242277999985, -23.763924633999977 ], [ -45.937292510999953, -23.763857650999967 ], [ -45.937217584999985, -23.763781350999977 ], [ -45.93718380599995, -23.763596357999972 ], [ -45.937267199999951, -23.763458446999948 ], [ -45.937422503999983, -23.763391788999968 ], [ -45.937597621999942, -23.763372803999971 ], [ -45.937773767999943, -23.763497190999942 ], [ -45.937820143999943, -23.763628340999958 ], [ -45.937769094999965, -23.763719862999949 ], [ -45.937923921999982, -23.763855470999943 ], [ -45.937990184999933, -23.763806531999933 ], [ -45.938341493999985, -23.763917905999961 ], [ -45.938420195999981, -23.764030936999973 ], [ -45.938425667999979, -23.764169634999973 ], [ -45.938332952999986, -23.764375098999949 ], [ -45.938214946999949, -23.764635882999983 ], [ -45.938420891999954, -23.764697677999948 ], [ -45.938585326999942, -23.764940983999963 ], [ -45.938536404999979, -23.765203120999956 ], [ -45.938976638999975, -23.76533941699995 ], [ -45.94668878899995, -23.767890429999966 ], [ -45.946816926999986, -23.767942024999968 ], [ -45.946952109999984, -23.767785869999955 ], [ -45.947250081999982, -23.767700404999971 ], [ -45.947256053999979, -23.767628678999984 ], [ -45.947021605999964, -23.767522582999959 ], [ -45.946818897999947, -23.76734793299994 ], [ -45.946817514999964, -23.767340154999943 ], [ -45.946786036999981, -23.767037136999932 ], [ -45.947042401999965, -23.766856558999962 ], [ -45.947649043999945, -23.766923840999937 ], [ -45.947805781999932, -23.767126468999948 ], [ -45.947938344999955, -23.767056952999951 ], [ -45.948131642999954, -23.767014478999954 ], [ -45.948204055999952, -23.766998567999963 ], [ -45.948505524999973, -23.767095620999953 ], [ -45.94853564999994, -23.767102158999933 ], [ -45.948616741999956, -23.767291751999949 ], [ -45.948566547999974, -23.767531024999982 ], [ -45.948340711999947, -23.767717608999931 ], [ -45.948113706999948, -23.767742898999927 ], [ -45.948101114999986, -23.767796742999963 ], [ -45.948491299999944, -23.767895906999968 ], [ -45.948794505999956, -23.767637157999957 ], [ -45.948936046999961, -23.767463039999939 ], [ -45.94894734899998, -23.767338759999973 ], [ -45.949138152999979, -23.766663302999973 ], [ -45.949306928999931, -23.766019157999949 ], [ -45.949414709999985, -23.765666372999931 ], [ -45.949297789999946, -23.765655142999947 ], [ -45.949107202999983, -23.765778783999963 ], [ -45.948952264999946, -23.765818392999961 ], [ -45.948817750999979, -23.76579234299993 ], [ -45.948754550999979, -23.765707766999981 ], [ -45.948694574999934, -23.765493067999955 ], [ -45.948796692999963, -23.765253475999941 ], [ -45.949010625999961, -23.765216316999954 ], [ -45.949119234999955, -23.764976685999954 ], [ -45.948456058999966, -23.764825432999942 ], [ -45.948437453999929, -23.764945028999932 ], [ -45.94851118899993, -23.765267177999931 ], [ -45.948389641999938, -23.765512862999969 ], [ -45.948158951999972, -23.765682794999975 ], [ -45.947791664999954, -23.765594196999928 ], [ -45.947734361999949, -23.765331686999957 ], [ -45.947826637999981, -23.765077221999945 ], [ -45.947942944999966, -23.765027699999962 ], [ -45.947971166999935, -23.764981020999983 ], [ -45.948011821999955, -23.764733335999949 ], [ -45.94789570599994, -23.764330339999958 ], [ -45.947961139999961, -23.764068278999957 ], [ -45.948244107999983, -23.763852117999932 ], [ -45.948570644999961, -23.763877418999982 ], [ -45.948757502999968, -23.764100713999937 ], [ -45.948813235999978, -23.764178034999929 ], [ -45.948948577999943, -23.764100232999965 ], [ -45.949023379999971, -23.764066222999929 ], [ -45.949341637999964, -23.764094137999962 ], [ -45.949440600999935, -23.764314571999932 ], [ -45.949424157999943, -23.764370044999964 ], [ -45.949456311999938, -23.764381200999935 ], [ -45.94942911499993, -23.764520748999928 ], [ -45.949206335999975, -23.764680431999977 ], [ -45.949119860999986, -23.764839277999954 ], [ -45.949539093999931, -23.764917350999951 ], [ -45.949469640999951, -23.764738554999951 ], [ -45.94950070799996, -23.764547192999942 ], [ -45.949584369999968, -23.764426073999971 ], [ -45.949671603999946, -23.764393801999972 ], [ -45.949950246999947, -23.764329360999966 ], [ -45.950162276999947, -23.764477409999927 ], [ -45.950286987999959, -23.764667813999949 ], [ -45.950217021999947, -23.764865389999954 ], [ -45.950036410999985, -23.765021826999941 ], [ -45.950361855999972, -23.765145281999935 ], [ -45.950632424999981, -23.764862833999928 ], [ -45.950346296999953, -23.763896788999944 ], [ -45.95028113099994, -23.763861344999953 ], [ -45.950113415999965, -23.76400575599996 ], [ -45.949916811999969, -23.76405227999993 ], [ -45.949711668999953, -23.764100824999957 ], [ -45.949551369999938, -23.763925573999927 ], [ -45.949542039999983, -23.763534326999945 ], [ -45.949830198999962, -23.763439956999946 ], [ -45.950093306999975, -23.763471196999944 ], [ -45.950130097999931, -23.763491396999939 ], [ -45.950252514999931, -23.763482394999983 ], [ -45.950280805999967, -23.763469726999972 ], [ -45.950267707999956, -23.763353628999937 ], [ -45.950464845999932, -23.763238907999948 ], [ -45.950819147999937, -23.763314390999938 ], [ -45.950914031999957, -23.763419846999966 ], [ -45.951003156999946, -23.763581957999975 ], [ -45.950991184999964, -23.76388155799998 ], [ -45.951316512999938, -23.763866531999952 ], [ -45.951537732999952, -23.764008221999973 ], [ -45.951569844999938, -23.763898217999952 ], [ -45.951861291999933, -23.763809797999954 ], [ -45.952205663999962, -23.763858454999934 ], [ -45.952346951999971, -23.764096547999941 ], [ -45.952267774999939, -23.764365870999939 ], [ -45.952067586999931, -23.764507495999965 ], [ -45.951968697999973, -23.764518417999966 ], [ -45.951809995999952, -23.764565837999953 ], [ -45.95154340199997, -23.764501764999977 ], [ -45.951349550999964, -23.764622440999972 ], [ -45.951012166999931, -23.764642440999978 ], [ -45.950726404999955, -23.764620303999948 ], [ -45.950832208999941, -23.76488848799994 ], [ -45.951164057999961, -23.764999951999982 ], [ -45.951322309999966, -23.765339501999961 ], [ -45.951530141999967, -23.765356143999952 ], [ -45.951586211999938, -23.76503319699998 ], [ -45.951667718999943, -23.764860938999959 ], [ -45.951881476999972, -23.764799880999931 ], [ -45.952128512999934, -23.764852124999948 ], [ -45.952269373999968, -23.76503151299994 ], [ -45.952270616999954, -23.765202227999964 ], [ -45.951987025999983, -23.765478784999971 ], [ -45.952676170999951, -23.765629862999958 ], [ -45.95263139399998, -23.765508936999936 ], [ -45.952528086999962, -23.765387229999931 ], [ -45.952490873999977, -23.765198543999929 ], [ -45.952529204999962, -23.76509335399993 ], [ -45.952668357999983, -23.764963553999962 ], [ -45.952790471999947, -23.764915419999966 ], [ -45.95302811199997, -23.764934695999955 ], [ -45.953228012999944, -23.765086044999975 ], [ -45.95323597099997, -23.765283906999969 ], [ -45.953211261999968, -23.765469975999963 ], [ -45.953048887999955, -23.765542945999982 ], [ -45.952905580999982, -23.765549827999962 ], [ -45.95288052199993, -23.765687919999948 ], [ -45.953402582999956, -23.76579264999998 ], [ -45.953421474999971, -23.765702573999931 ], [ -45.953420687999937, -23.765594626999928 ], [ -45.953354873999956, -23.765505073999975 ], [ -45.953294657999948, -23.765289541999948 ], [ -45.953365414999951, -23.765163161999965 ], [ -45.95364520499993, -23.765107458999978 ], [ -45.953866876999939, -23.765124081999943 ], [ -45.953926699999954, -23.765285639999945 ], [ -45.953966975999947, -23.765447318999975 ], [ -45.953942486999949, -23.765663372999938 ], [ -45.953773640999941, -23.765742380999939 ], [ -45.953558571999963, -23.765737711999975 ], [ -45.953546107999955, -23.765815753999959 ], [ -45.95399010899996, -23.765938955999957 ], [ -45.954255425999975, -23.765685429999962 ], [ -45.953896395999948, -23.764704087999974 ], [ -45.953812257999971, -23.764782572999934 ], [ -45.953617829999985, -23.764927708999949 ], [ -45.953383651999957, -23.764983129999962 ], [ -45.953214063999951, -23.764960186999929 ], [ -45.953078905999973, -23.764779055999952 ], [ -45.952979164999931, -23.764609677999943 ], [ -45.953131258999974, -23.764363236999941 ], [ -45.953346910999983, -23.764145639999981 ], [ -45.953638793999971, -23.764207147999969 ], [ -45.953721993999977, -23.764400210999952 ], [ -45.953990941999962, -23.764341796999929 ], [ -45.954132406999975, -23.764125301999968 ], [ -45.954183231999934, -23.764007552999942 ], [ -45.95457887699996, -23.763966276999952 ], [ -45.954774728999951, -23.764120392999928 ], [ -45.954827873999932, -23.764287338999964 ], [ -45.954728663999958, -23.764479123999934 ], [ -45.954654435999942, -23.764536335999935 ], [ -45.954525081999975, -23.764561757999957 ], [ -45.954477205999979, -23.764602360999959 ], [ -45.95399574399994, -23.764555340999948 ], [ -45.954181511999934, -23.765106797999977 ], [ -45.954325743999959, -23.764857981999967 ], [ -45.954532812999958, -23.76477007799997 ], [ -45.954578896999976, -23.764775047999933 ], [ -45.954652650999947, -23.764736479999954 ], [ -45.954857105999963, -23.764735215999963 ], [ -45.954952692999939, -23.764784696999982 ], [ -45.955074217999936, -23.764930704999983 ], [ -45.955098095999972, -23.765077491999932 ], [ -45.954986080999959, -23.765354059999936 ], [ -45.954840151999974, -23.765447920999975 ], [ -45.954625323999949, -23.765476236999973 ], [ -45.95439969399996, -23.765363681999929 ], [ -45.954320671999938, -23.765250220999974 ], [ -45.954227, -23.765361749999954 ], [ -45.954366436999976, -23.765717728999959 ], [ -45.954692648999981, -23.76577268799997 ], [ -45.955229573999929, -23.765235606999966 ], [ -45.955153524999957, -23.765083145999938 ], [ -45.955181597999967, -23.764912048999975 ], [ -45.955270378999955, -23.764756557999931 ], [ -45.955298208999977, -23.764696643999969 ], [ -45.955661074999966, -23.764610761999961 ], [ -45.955922293999947, -23.764827199999957 ], [ -45.95592116499995, -23.765116950999982 ], [ -45.955853651999973, -23.76518565899994 ], [ -45.955744111999934, -23.765315191999946 ], [ -45.95550090699993, -23.765343579999978 ], [ -45.955276890999983, -23.765333017999978 ], [ -45.955261296999936, -23.765419737999935 ], [ -45.955598834999932, -23.765420637999966 ], [ -45.955852974999971, -23.765556468999932 ], [ -45.955819108999947, -23.765807590999941 ], [ -45.955781375999948, -23.765973605999932 ], [ -45.955629520999935, -23.766067143999976 ], [ -45.955447976999949, -23.766095150999945 ], [ -45.955317769999965, -23.766042188999961 ], [ -45.955112592999967, -23.765944884999954 ], [ -45.955096281999943, -23.765835530999937 ], [ -45.95495135699997, -23.765642696999976 ], [ -45.954771034999965, -23.76583796999995 ], [ -45.954889763999972, -23.766097108999929 ], [ -45.95613820899996, -23.766394064999929 ], [ -45.956159485999933, -23.766196787999945 ], [ -45.955924771999946, -23.766054861999976 ], [ -45.955981114999986, -23.765770743999951 ], [ -45.956233466999947, -23.765661647999934 ], [ -45.95631272299994, -23.765631883999959 ], [ -45.956469787999936, -23.765579534999972 ], [ -45.956808591999959, -23.76575367199996 ], [ -45.956723962999945, -23.766125157999966 ], [ -45.956678645999943, -23.766248805999965 ], [ -45.956390997999961, -23.766344706999973 ], [ -45.956318384999975, -23.766622951999977 ], [ -45.956562972999961, -23.766862636999974 ], [ -45.956547261999958, -23.767115989999979 ], [ -45.956443376999971, -23.767294263999929 ], [ -45.956225976999974, -23.767317814999956 ], [ -45.956227831999968, -23.768638818999932 ], [ -45.956237897999983, -23.76952143699998 ], [ -45.956793095999956, -23.769564423999952 ], [ -45.956527599999959, -23.772103516999948 ], [ -45.956499578999967, -23.772841856999946 ], [ -45.957520417999945, -23.773050828999942 ], [ -45.957541292999963, -23.773619702999952 ], [ -45.954746451999938, -23.773413465999965 ], [ -45.954680358999951, -23.773883216999934 ], [ -45.954656747999934, -23.774513972999955 ], [ -45.954657147999967, -23.774692284999958 ], [ -45.954934579999986, -23.774604736999947 ], [ -45.954980648999936, -23.774616736999974 ], [ -45.955286255999965, -23.774686535999933 ], [ -45.955468051999958, -23.774691384999983 ], [ -45.955888622999964, -23.77450358599998 ], [ -45.956330325999943, -23.77454266899997 ], [ -45.956456191999962, -23.774888386999976 ], [ -45.956419341999947, -23.775175371999978 ], [ -45.956050523999977, -23.775338955999928 ], [ -45.95558903899996, -23.775258174999976 ], [ -45.955247855999971, -23.775101482999958 ], [ -45.955017726999984, -23.775178437999955 ], [ -45.954839197999945, -23.775176554999973 ], [ -45.954638240999941, -23.775008372999935 ], [ -45.954619538999964, -23.775507992999962 ], [ -45.954643158999943, -23.775514937999958 ], [ -45.954857542999946, -23.775537508999946 ], [ -45.955046964999951, -23.77569763799994 ], [ -45.955204280999965, -23.775905757999965 ], [ -45.955166991999931, -23.776133003999973 ], [ -45.955167810999967, -23.776141374999952 ], [ -45.954721004999953, -23.776325804999942 ], [ -45.954897052999968, -23.776432249999971 ], [ -45.955294196999944, -23.776591093999969 ], [ -45.95532155799998, -23.77678209499993 ], [ -45.955246023999962, -23.776957885999934 ], [ -45.955161446999966, -23.777080296999941 ], [ -45.954953639999985, -23.777069633999929 ], [ -45.954680308999968, -23.776975738999965 ], [ -45.954628808999985, -23.77686627199995 ], [ -45.954569431999971, -23.776846582999951 ], [ -45.954552148999937, -23.777308280999932 ], [ -45.955109729999947, -23.777478542999972 ], [ -45.95650313699997, -23.777654008999946 ], [ -45.956530832999931, -23.777597574999959 ], [ -45.956504735999943, -23.777571905999935 ], [ -45.956430501999932, -23.777593319999937 ], [ -45.956408754999984, -23.777612239999939 ], [ -45.956434956999942, -23.777056853999966 ], [ -45.956455349999942, -23.776624605999928 ], [ -45.956472967999957, -23.776251166999941 ], [ -45.956483200999969, -23.776034273999983 ], [ -45.956495062999977, -23.775782842999945 ], [ -45.956508510999981, -23.775497792999943 ], [ -45.956525879999958, -23.775129623999931 ], [ -45.956529197999942, -23.775016035999954 ], [ -45.956530235999935, -23.773960006999971 ], [ -45.958231220999949, -23.774107569999956 ], [ -45.958184866999943, -23.767820120999943 ], [ -45.958158568999977, -23.764183251999953 ], [ -45.957611668999959, -23.764109702999974 ], [ -45.950225528999965, -23.76311622399993 ], [ -45.947373324999944, -23.762732441999958 ], [ -45.947397837999972, -23.766107022999961 ], [ -45.947399099999984, -23.76620382599998 ], [ -45.946201490999954, -23.765811126999949 ], [ -45.946150645999978, -23.765794453999945 ], [ -45.94609857599994, -23.765777380999964 ], [ -45.946043722999946, -23.765759393999929 ], [ -45.944929097999932, -23.765393893999942 ], [ -45.944930002999968, -23.765390390999983 ], [ -45.944929090999949, -23.765392899999938 ], [ -45.944914314999949, -23.765388172999963 ], [ -45.942559046999975, -23.764634648999959 ], [ -45.941387071999941, -23.764259680999942 ], [ -45.941131219999932, -23.764177820999976 ], [ -45.94104866999993, -23.764151408999965 ], [ -45.940796230999979, -23.764070639999943 ], [ -45.940296632999946, -23.763910789999954 ], [ -45.938051816999973, -23.763190377999933 ], [ -45.937950328999932, -23.76315780699997 ], [ -45.937842427999954, -23.76312358399997 ], [ -45.936461002999977, -23.762685425999962 ], [ -45.93597639099994, -23.762531714999966 ], [ -45.932723580999948, -23.761499920999938 ], [ -45.932324470999959, -23.761373317999983 ], [ -45.931822469999986, -23.761210481999967 ], [ -45.93145132099994, -23.761090090999971 ], [ -45.930612352999958, -23.760817945999975 ], [ -45.930421385999978, -23.760755998999969 ], [ -45.930359783999961, -23.760736015999953 ], [ -45.930318606999947, -23.760722658999953 ], [ -45.930248782999968, -23.760700008999947 ], [ -45.929605053999978, -23.760491230999946 ], [ -45.928847668999936, -23.760245587999975 ], [ -45.929011566999975, -23.76037189799996 ], [ -45.929116431999944, -23.760514645999933 ], [ -45.92905250299998, -23.76065243599993 ], [ -45.928969016999986, -23.760778394999932 ], [ -45.928833521999934, -23.76089271799998 ] ], [ [ -45.955574903999945, -23.776877241999955 ], [ -45.955565425999964, -23.776879565999934 ], [ -45.955502439999975, -23.776661493999939 ], [ -45.955753982999966, -23.776438895999945 ], [ -45.955771317999961, -23.776146057999938 ], [ -45.955646805999947, -23.775985528999968 ], [ -45.955667662999986, -23.775730277999969 ], [ -45.95592841399997, -23.775506986999972 ], [ -45.956279068999947, -23.77552273799995 ], [ -45.956456428999957, -23.775808395999945 ], [ -45.956399492999935, -23.776011866999966 ], [ -45.956277557999954, -23.776203792999979 ], [ -45.956123777999949, -23.776479553999934 ], [ -45.955865437999933, -23.776660375999938 ], [ -45.955574903999945, -23.776877241999955 ] ] ] } },
{ "type": "Feature", "properties": { "legislacao": "Resolução SMA n°203/2018", "setor": "I", "gid": 9, "objetivo": "Minimizar os impactos ambientais negativos sobre a unidade de conservação, especialmente os efeitos de borda; incrementar a conectividade para possibilitar o fluxo gênico e o movimento da biota; fomentar a conservação dos corredores ecológicos e incentiv", "descricao": "Situado no entorno imediato do Parque Estadual Restinga de Bertioga, e em menor escala em trechos entre esta UC e o mar, tem aproximadamente 5.640,25 hectares e está inserido no município de Bertioga. Caracteriza-se pela predominância de áreas com signif", "area": "59.52", "nome_concat": "Zona de Amortecimento - Setor I" }, "geometry": { "type": "Polygon", "coordinates": [ [ [ -45.900563738999949, -23.751377229999946 ], [ -45.899760660999959, -23.755601971999965 ], [ -45.89970283599996, -23.758609906999936 ], [ -45.898121993999951, -23.760289197999953 ], [ -45.897930449999933, -23.760864725999966 ], [ -45.897880898999972, -23.760926342999937 ], [ -45.898927461999961, -23.761622784999929 ], [ -45.899473986999965, -23.761810776999937 ], [ -45.900682555999936, -23.761994907999963 ], [ -45.901149246999978, -23.759875238999939 ], [ -45.901292398999942, -23.759269576999941 ], [ -45.900733229999958, -23.759129457999961 ], [ -45.900531680999961, -23.759784896999975 ], [ -45.900460428999963, -23.759899507999933 ], [ -45.900205777999986, -23.759825535999937 ], [ -45.900155537999979, -23.760070768999981 ], [ -45.900371410999981, -23.760314451999932 ], [ -45.900094658999933, -23.760656591999975 ], [ -45.899867735999976, -23.760693758999935 ], [ -45.89968074199993, -23.760874072999968 ], [ -45.899447, -23.760863485999948 ], [ -45.89895256799997, -23.760699086999978 ], [ -45.898759409999968, -23.760927229999936 ], [ -45.89932364799995, -23.761315221999951 ], [ -45.899182071999974, -23.761502904999929 ], [ -45.89896796499994, -23.761496269999952 ], [ -45.89883053899996, -23.761434022999936 ], [ -45.898735488999932, -23.761308481999947 ], [ -45.898665639999933, -23.761111866999954 ], [ -45.898424061999947, -23.760845322999955 ], [ -45.898404610999933, -23.760506558999964 ], [ -45.898763242999962, -23.760362616999942 ], [ -45.898762052999984, -23.760189244999935 ], [ -45.898743467999964, -23.759976569999935 ], [ -45.898861819999979, -23.759755216999963 ], [ -45.899109305999957, -23.75963556399995 ], [ -45.899237194999955, -23.759556010999972 ], [ -45.899466634999953, -23.759302486999957 ], [ -45.89963673699998, -23.759135998999966 ], [ -45.899772048999978, -23.758890903999941 ], [ -45.899933641999951, -23.758732345999931 ], [ -45.900104392999935, -23.758660422999981 ], [ -45.900171695999973, -23.758486651999931 ], [ -45.900479382999947, -23.758406049999962 ], [ -45.900779537999938, -23.758475227999952 ], [ -45.90115734699998, -23.758630641999957 ], [ -45.901402043999951, -23.758727029999932 ], [ -45.901878393999937, -23.75656338899995 ], [ -45.901701080999942, -23.756492836999939 ], [ -45.901712275999955, -23.755863945999977 ], [ -45.901707597999973, -23.755470570999933 ], [ -45.901603382999951, -23.755417410999939 ], [ -45.901337938999973, -23.755514546999962 ], [ -45.901058855999963, -23.755516174999968 ], [ -45.900829352999949, -23.755176984999935 ], [ -45.900777429999948, -23.75517728799997 ], [ -45.900662372999932, -23.755434847999936 ], [ -45.900403253999968, -23.755508047999967 ], [ -45.900328649999949, -23.755528357999935 ], [ -45.900108347999947, -23.755500172999973 ], [ -45.899986316999957, -23.755185648999941 ], [ -45.900069603999953, -23.754846285999974 ], [ -45.900248910999949, -23.754774313999974 ], [ -45.900505761999966, -23.754772816999946 ], [ -45.900743416999944, -23.754950467999947 ], [ -45.900989306999975, -23.754841498999951 ], [ -45.900818400999981, -23.754630109999937 ], [ -45.900722003999931, -23.754668312999968 ], [ -45.900494721999962, -23.754651714999966 ], [ -45.900273148999986, -23.754521573999966 ], [ -45.900207301999956, -23.754384551999976 ], [ -45.900213268999948, -23.754308346999949 ], [ -45.900187438999978, -23.754116719999956 ], [ -45.900292475999947, -23.75402859299993 ], [ -45.900454340999943, -23.753970894999952 ], [ -45.900639455999965, -23.753990725999927 ], [ -45.900775894999981, -23.754010839999978 ], [ -45.900964850999969, -23.754117272999963 ], [ -45.90103768299997, -23.754325944999948 ], [ -45.900948340999946, -23.754547509999952 ], [ -45.900925376999965, -23.754568916999972 ], [ -45.90103350499993, -23.754662015999941 ], [ -45.901089114999934, -23.754725913999948 ], [ -45.901280124999971, -23.754659083999968 ], [ -45.901397925999959, -23.754658396999957 ], [ -45.90148146599995, -23.754719842999975 ], [ -45.901746245999959, -23.754887100999952 ], [ -45.901689843999975, -23.754777670999943 ], [ -45.901663141999961, -23.754670291999957 ], [ -45.901681830999962, -23.754556672999968 ], [ -45.901752359999932, -23.754430803999981 ], [ -45.901887913999985, -23.754322477999949 ], [ -45.901999369999942, -23.754306027999974 ], [ -45.902054082999939, -23.754023792999931 ], [ -45.902477536999982, -23.754175654999983 ], [ -45.90296968399997, -23.753869486999974 ], [ -45.904674583999963, -23.754450701999929 ], [ -45.906015779999962, -23.754895745999931 ], [ -45.906409781999969, -23.754618623999932 ], [ -45.906447008999976, -23.754595859999938 ], [ -45.907262322999941, -23.754948172999946 ], [ -45.907378567999956, -23.754863851999971 ], [ -45.907598407999956, -23.754743077999933 ], [ -45.907799729999965, -23.754759817999968 ], [ -45.90799476899997, -23.754806464999945 ], [ -45.90808683399996, -23.75497917499996 ], [ -45.908087786999943, -23.755116574999931 ], [ -45.908069434999959, -23.755277984999964 ], [ -45.907959638999955, -23.755356293999967 ], [ -45.907811190999951, -23.755476649999935 ], [ -45.908071120999978, -23.755555798999978 ], [ -45.909832639999934, -23.756110636999949 ], [ -45.90983893799995, -23.756089410999948 ], [ -45.909879718999946, -23.756054845999927 ], [ -45.909813933999942, -23.756002544999944 ], [ -45.909676392999984, -23.755824129999951 ], [ -45.909681678999959, -23.755650847999959 ], [ -45.909738804999961, -23.755465312999945 ], [ -45.909959182999955, -23.755422195999927 ], [ -45.910218960999941, -23.75544456199998 ], [ -45.910315391999973, -23.755484557999978 ], [ -45.91045846399993, -23.755297675999941 ], [ -45.910697221999953, -23.755300846999944 ], [ -45.910814735999963, -23.755249877999972 ], [ -45.911029205999967, -23.755290432999971 ], [ -45.91117947999993, -23.755432926999958 ], [ -45.911285070999952, -23.755683218999934 ], [ -45.911293099999966, -23.75590421499993 ], [ -45.911190169999941, -23.75603625399998 ], [ -45.911002075999932, -23.756055284999945 ], [ -45.910839776999978, -23.756050267999967 ], [ -45.910763276999944, -23.756036679999966 ], [ -45.910752618999936, -23.756096026999955 ], [ -45.910866402999943, -23.756145697999955 ], [ -45.910932344999935, -23.756294662999949 ], [ -45.910953881999944, -23.756458790999943 ], [ -45.911557512999934, -23.756645404999972 ], [ -45.916465980999931, -23.758162760999937 ], [ -45.917549027999939, -23.758497537999972 ], [ -45.917658696999979, -23.758447372999967 ], [ -45.917834021999965, -23.758458279999957 ], [ -45.91793828699997, -23.758517401999939 ], [ -45.918036480999945, -23.758636300999967 ], [ -45.918121945999985, -23.758791120999945 ], [ -45.918400782999981, -23.758753618999947 ], [ -45.918659980999962, -23.758692336999957 ], [ -45.91901686999995, -23.758678265999947 ], [ -45.918974739999953, -23.758224480999957 ], [ -45.918857954999964, -23.758231149999972 ], [ -45.91873024299997, -23.758530616999963 ], [ -45.918601147999937, -23.758632944999931 ], [ -45.918347727999958, -23.758592631999932 ], [ -45.91808760899994, -23.758522488999972 ], [ -45.917936845999975, -23.75827179099997 ], [ -45.917987214999982, -23.75808995899996 ], [ -45.91805768699993, -23.757958108999958 ], [ -45.918174262999969, -23.75792157199993 ], [ -45.91831093299993, -23.757883214999936 ], [ -45.918344497999954, -23.757796518999953 ], [ -45.918394098999954, -23.757544036999946 ], [ -45.918597535999936, -23.757251235999945 ], [ -45.918871402999969, -23.757233845999963 ], [ -45.91922287899996, -23.757294801999933 ], [ -45.919403838999983, -23.757459222999955 ], [ -45.91950824099996, -23.757695026999954 ], [ -45.919637388999945, -23.757796708999933 ], [ -45.919877506999967, -23.757850444999974 ], [ -45.919972905999941, -23.758023255999944 ], [ -45.919999718999975, -23.758146690999979 ], [ -45.919923345999962, -23.758362214999977 ], [ -45.919630889999951, -23.758527036999965 ], [ -45.91949606999998, -23.758520086999965 ], [ -45.919066108999971, -23.758295626999939 ], [ -45.919141823999951, -23.758910513999979 ], [ -45.919251783999982, -23.758856092999963 ], [ -45.919432172999961, -23.758663845999934 ], [ -45.919548370999962, -23.758573542999954 ], [ -45.91992498299993, -23.758595196999977 ], [ -45.920023094999976, -23.758702147999941 ], [ -45.920156243999941, -23.758253293999928 ], [ -45.920411133999949, -23.758083926999973 ], [ -45.92072684599998, -23.758089691999942 ], [ -45.920993593999981, -23.758277241999963 ], [ -45.921123297999941, -23.758457727999939 ], [ -45.921235766999985, -23.758622554999931 ], [ -45.921262949999971, -23.758835175999934 ], [ -45.921204513999953, -23.759048305999954 ], [ -45.920923468999945, -23.75926276499996 ], [ -45.920650595999973, -23.759422007999945 ], [ -45.920605545999933, -23.759464012999956 ], [ -45.921426351999969, -23.759729123999932 ], [ -45.921926227999961, -23.759830446999956 ], [ -45.922141710999938, -23.75989513199994 ], [ -45.922272573999976, -23.75997231599996 ], [ -45.92246948199994, -23.760175050999976 ], [ -45.922353896999937, -23.759492042999966 ], [ -45.922178902999974, -23.759625028999949 ], [ -45.921990624999978, -23.759722109999927 ], [ -45.92174971299994, -23.759747536999953 ], [ -45.921573535999983, -23.759712603999958 ], [ -45.921439846999931, -23.759637965999957 ], [ -45.921386754999958, -23.759393975999956 ], [ -45.921505234999984, -23.759196248999956 ], [ -45.921686561999934, -23.759118441999931 ], [ -45.921946909999974, -23.759067049999942 ], [ -45.921893639999951, -23.75887619599996 ], [ -45.921911091999959, -23.758589332999975 ], [ -45.922035859999937, -23.758408120999945 ], [ -45.92232985399994, -23.75835595999996 ], [ -45.922501423999961, -23.758402220999983 ], [ -45.922614005999947, -23.758582806999982 ], [ -45.922675948999938, -23.758660918999965 ], [ -45.922685681999951, -23.75890133799993 ], [ -45.922985218999941, -23.758905174999938 ], [ -45.923036037999964, -23.758934923999959 ], [ -45.923139947999971, -23.759099800999934 ], [ -45.923218505999955, -23.759312113999954 ], [ -45.923222237999937, -23.759513468999955 ], [ -45.923054075999971, -23.759598111999935 ], [ -45.922879422999983, -23.759682793999957 ], [ -45.923000547999948, -23.759725037999942 ], [ -45.923080669999933, -23.759687564999979 ], [ -45.923165719999986, -23.759782643999984 ], [ -45.923433514999942, -23.760020008999959 ], [ -45.923578075999956, -23.760270057999946 ], [ -45.923958821999975, -23.759957125999961 ], [ -45.923523622999937, -23.75991193599998 ], [ -45.923306992999983, -23.75956672999996 ], [ -45.92338583999998, -23.759366182999941 ], [ -45.923470054999939, -23.759348212999953 ], [ -45.923506152999948, -23.759275793999961 ], [ -45.923720083999967, -23.759238669999945 ], [ -45.923934183999961, -23.759225441999945 ], [ -45.92411014299995, -23.759325949999948 ], [ -45.924126847999958, -23.759417013999951 ], [ -45.92413720199994, -23.759481114999971 ], [ -45.924125907999951, -23.759720148999975 ], [ -45.924061804999951, -23.759834040999976 ], [ -45.924237047999952, -23.759832991999929 ], [ -45.924430326999982, -23.759628714999963 ], [ -45.924356990999968, -23.759354343999973 ], [ -45.924446590999935, -23.759174582999947 ], [ -45.924632349999968, -23.759072326999956 ], [ -45.924763989999974, -23.759083071999953 ], [ -45.924952718999975, -23.759153630999947 ], [ -45.925070052999956, -23.759224618999951 ], [ -45.925194426999951, -23.759373226999969 ], [ -45.925229276999971, -23.759511097999962 ], [ -45.925118863999955, -23.759702256999958 ], [ -45.924733491999973, -23.759831543999951 ], [ -45.924663378999981, -23.759855064999954 ], [ -45.924624742999981, -23.759828191999929 ], [ -45.924506466999958, -23.759824545999948 ], [ -45.92437992999993, -23.760093251999933 ], [ -45.924485161999939, -23.760040602999936 ], [ -45.924614971999972, -23.760039825999968 ], [ -45.924758352999959, -23.760122605999982 ], [ -45.924895370999934, -23.760223345999975 ], [ -45.924909449999973, -23.76037858899997 ], [ -45.924806927999953, -23.76048941199997 ], [ -45.924817448999931, -23.760613619999958 ], [ -45.92471018599997, -23.76065459199998 ], [ -45.92447707599996, -23.760733650999953 ], [ -45.924092659999985, -23.760526855999956 ], [ -45.923914927999931, -23.760175444999959 ], [ -45.923559510999951, -23.76039861299995 ], [ -45.923825873999931, -23.760432865999974 ], [ -45.924067119999961, -23.760586750999948 ], [ -45.924121067999977, -23.760873186999959 ], [ -45.924211766999974, -23.760848746999955 ], [ -45.924471302999962, -23.760835245999942 ], [ -45.924789886999974, -23.760911002999933 ], [ -45.924999145999948, -23.76113079299995 ], [ -45.925167435999981, -23.761064069999975 ], [ -45.925537986999984, -23.761145488999944 ], [ -45.925746275999984, -23.761227877999943 ], [ -45.925843886999985, -23.761263137999947 ], [ -45.925858381999944, -23.761194098999965 ], [ -45.925618143999941, -23.761059993999936 ], [ -45.925542681999957, -23.760891559999948 ], [ -45.925561285999947, -23.760716100999957 ], [ -45.925627017999943, -23.760689326999966 ], [ -45.925846087999957, -23.760656749999953 ], [ -45.926040802999978, -23.760655582999959 ], [ -45.926242600999956, -23.760738010999944 ], [ -45.926328076999937, -23.760892825999974 ], [ -45.926490170999955, -23.760867957999949 ], [ -45.926362114999961, -23.760199621999959 ], [ -45.926149873999975, -23.760475704999976 ], [ -45.925955919999979, -23.760584401999949 ], [ -45.925774227999966, -23.760591464999948 ], [ -45.925641213999938, -23.760463978999951 ], [ -45.925546251999947, -23.760354216999929 ], [ -45.925390965999952, -23.760189648999983 ], [ -45.925363329999982, -23.759913985999958 ], [ -45.925524390999954, -23.759684476999951 ], [ -45.925943423999968, -23.759611038999935 ], [ -45.926681378999945, -23.759757340999954 ], [ -45.926780421999979, -23.759692298999937 ], [ -45.927040039999952, -23.759690740999929 ], [ -45.927220322999972, -23.759768877999932 ], [ -45.927426183999955, -23.759791308999979 ], [ -45.927171619999967, -23.759710885999937 ], [ -45.926941334999981, -23.759638132999953 ], [ -45.926864197999976, -23.759613762999948 ], [ -45.925530890999937, -23.759192527999971 ], [ -45.924513824999963, -23.758871192999948 ], [ -45.923515236999947, -23.758548274999953 ], [ -45.916871027999946, -23.756378193999979 ], [ -45.911751443999947, -23.754730908999932 ], [ -45.90604379399997, -23.752880729999958 ], [ -45.904953344999967, -23.752527677999979 ], [ -45.904183756999942, -23.752278503999946 ], [ -45.903415309999957, -23.752029694999976 ], [ -45.903012953999962, -23.75193763599998 ], [ -45.900563738999949, -23.751377229999946 ] ] ] } },
{ "type": "Feature", "properties": { "legislacao": "Resolução SMA n°203/2018", "setor": "II", "gid": 21, "objetivo": "Minimizar os impactos ambientais negativos sobre a unidade de conservação, especialmente os causados pelas atividades industriais e pelo adensamento ou verticalização de áreas urbanas; fomentar a conservação dos corredores ecológicos e incentivar o desen", "descricao": "Situado entre o Setor I da Zona de Amortecimento do Parque Estadual Restinga de Bertioga e a faixa de areia à beira mar, tem aproximadamente 4.216,57 hectares e compreende porções do município de Bertioga. Abrange extensão territorial limitada. Caracteri", "area": "156.46", "nome_concat": "Zona de Amortecimento - Setor II" }, "geometry": { "type": "Polygon", "coordinates": [ [ [ -45.867425375999971, -23.729501988999971 ], [ -45.867504958999973, -23.728773023999963 ], [ -45.870536700999935, -23.728976343999932 ], [ -45.87285653899994, -23.713826128999983 ], [ -45.873199239999963, -23.710770459999935 ], [ -45.871747466999977, -23.71074677799993 ], [ -45.871649085999934, -23.710745171999974 ], [ -45.864836577999938, -23.710430666999969 ], [ -45.864046464999944, -23.729344879999928 ], [ -45.864053328999944, -23.729345199999955 ], [ -45.867425375999971, -23.729501988999971 ] ] ] } },
{ "type": "Feature", "properties": { "legislacao": "Resolução SMA n°203/2018", "setor": "II", "gid": 22, "objetivo": "Minimizar os impactos ambientais negativos sobre a unidade de conservação, especialmente os causados pelas atividades industriais e pelo adensamento ou verticalização de áreas urbanas; fomentar a conservação dos corredores ecológicos e incentivar o desen", "descricao": "Situado entre o Setor I da Zona de Amortecimento do Parque Estadual Restinga de Bertioga e a faixa de areia à beira mar, tem aproximadamente 4.216,57 hectares e compreende porções do município de Bertioga. Abrange extensão territorial limitada. Caracteri", "area": "1553.54", "nome_concat": "Zona de Amortecimento - Setor II" }, "geometry": { "type": "Polygon", "coordinates": [ [ [ -45.833684418999951, -23.74984961399997 ], [ -45.84747725099993, -23.750475227999971 ], [ -45.847994218999986, -23.743514040999969 ], [ -45.847691557999951, -23.743354978999946 ], [ -45.847293991999948, -23.742966394999939 ], [ -45.847037159999957, -23.742487816999983 ], [ -45.846965274999945, -23.741812663999951 ], [ -45.847021157999961, -23.741432055999951 ], [ -45.847263380999948, -23.740947067999969 ], [ -45.856263569999953, -23.728278733999957 ], [ -45.856675367999969, -23.727860276999934 ], [ -45.857207380999967, -23.727579316999936 ], [ -45.857718686999931, -23.727480493999963 ], [ -45.857661808999978, -23.726975393999965 ], [ -45.857543032999956, -23.725268418999974 ], [ -45.857576381999934, -23.724381794999942 ], [ -45.857771775999936, -23.723167696999951 ], [ -45.857602321999934, -23.722400832999938 ], [ -45.857487015999936, -23.721379012999932 ], [ -45.857486149999943, -23.720111805999977 ], [ -45.857584978999967, -23.719367529999943 ], [ -45.857837440999958, -23.718599017999964 ], [ -45.858017688999951, -23.718024912999965 ], [ -45.858038963999945, -23.717265285999929 ], [ -45.858051859999932, -23.716497359999948 ], [ -45.858144483999979, -23.715270302999954 ], [ -45.858145837999984, -23.714662929999974 ], [ -45.857871891999935, -23.713927353999964 ], [ -45.857635332999962, -23.713360407999971 ], [ -45.857522365999955, -23.712813574999927 ], [ -45.857595590999949, -23.712261036999962 ], [ -45.858405538999932, -23.708947636999937 ], [ -45.858154773999956, -23.707558091999942 ], [ -45.857788405999941, -23.705755516999943 ], [ -45.85773282699995, -23.70580001999997 ], [ -45.857653371999959, -23.705799556999978 ], [ -45.857485197999949, -23.705731845999935 ], [ -45.857323647999976, -23.705627066999966 ], [ -45.857103596999934, -23.705425969999965 ], [ -45.856781597999941, -23.705234468999947 ], [ -45.856618364999974, -23.705172148999964 ], [ -45.856230511999968, -23.705110167999976 ], [ -45.855913739999949, -23.705118242999959 ], [ -45.855762412999979, -23.705076628999961 ], [ -45.855275908999943, -23.704777650999972 ], [ -45.854870665999954, -23.704605572999981 ], [ -45.854082994999942, -23.704450959999974 ], [ -45.853712424999969, -23.704524412999945 ], [ -45.853652611999962, -23.704536268999959 ], [ -45.853638288999946, -23.704539107999949 ], [ -45.853574711999954, -23.704551709999976 ], [ -45.853488616999982, -23.704757711999946 ], [ -45.853640125999959, -23.705128993999949 ], [ -45.853934878999951, -23.705618772999969 ], [ -45.854364992999933, -23.706333469999947 ], [ -45.854526401999976, -23.706567409999934 ], [ -45.854885275999948, -23.707299725999974 ], [ -45.855164772999956, -23.708043317999966 ], [ -45.855306584999937, -23.708580838999978 ], [ -45.855345965999959, -23.708903964999934 ], [ -45.855281942999966, -23.709164438999949 ], [ -45.855120153999962, -23.709324295999977 ], [ -45.85479838599997, -23.709470584999963 ], [ -45.854430081999965, -23.70955029299995 ], [ -45.854292293999947, -23.709592378999957 ], [ -45.854113874999939, -23.709646874999976 ], [ -45.853588299999956, -23.709978537999973 ], [ -45.853394167999966, -23.710143086999949 ], [ -45.85289294699993, -23.710449323999967 ], [ -45.852640412999961, -23.710532906999958 ], [ -45.852350098999977, -23.710539021999978 ], [ -45.852126081999984, -23.710482450999962 ], [ -45.851830847999963, -23.710335049999969 ], [ -45.851519433999954, -23.710112770999956 ], [ -45.850937624999972, -23.709639986999946 ], [ -45.850682677999941, -23.709351462999962 ], [ -45.850490366999963, -23.709040916999982 ], [ -45.850343156999941, -23.708878247999962 ], [ -45.850168449999956, -23.708862046999968 ], [ -45.850058166999986, -23.708948456999963 ], [ -45.849860844999967, -23.709226821999948 ], [ -45.849672851999969, -23.709431072999962 ], [ -45.849569287999941, -23.709494864999954 ], [ -45.849470359999941, -23.709517084999959 ], [ -45.849319285999968, -23.709515204999946 ], [ -45.849068793999948, -23.709459677999973 ], [ -45.848699882999938, -23.709294610999962 ], [ -45.848273240999958, -23.709151534999933 ], [ -45.847925735999979, -23.709110989999942 ], [ -45.847744552999984, -23.709155335999981 ], [ -45.847601770999972, -23.709222050999983 ], [ -45.847437904999936, -23.709365653999953 ], [ -45.847271083999942, -23.709659202999944 ], [ -45.846963849999952, -23.710538791999966 ], [ -45.846867977999977, -23.710730793999971 ], [ -45.846708213999932, -23.710902372999954 ], [ -45.846620031999976, -23.710918209999932 ], [ -45.846515929999953, -23.71089890899998 ], [ -45.846416381999973, -23.710825390999958 ], [ -45.84632585099996, -23.710628989999975 ], [ -45.846191570999963, -23.71003722699993 ], [ -45.846146672999964, -23.709159564999936 ], [ -45.846089946999939, -23.708729049999931 ], [ -45.845896881999977, -23.708147543999928 ], [ -45.84581782999993, -23.708057655999937 ], [ -45.845767793999983, -23.708056122999949 ], [ -45.845626961999983, -23.708121019999965 ], [ -45.845460041999957, -23.70824747599994 ], [ -45.845239981999953, -23.708499766999978 ], [ -45.845040172999973, -23.708850395999946 ], [ -45.844792842999937, -23.70943792099996 ], [ -45.844527354999968, -23.709947869999951 ], [ -45.844016359999955, -23.710720181999932 ], [ -45.843914637999944, -23.710765896999931 ], [ -45.843779413999982, -23.710788310999931 ], [ -45.843677459999981, -23.710797898999942 ], [ -45.843557651999959, -23.710776874999965 ], [ -45.843374706999953, -23.710700196999937 ], [ -45.843224913999961, -23.710592629999951 ], [ -45.843117973999938, -23.710436959999981 ], [ -45.843040320999933, -23.710259452999935 ], [ -45.842554381999946, -23.708825112999932 ], [ -45.842399085999944, -23.708471000999964 ], [ -45.842091158999949, -23.708024690999935 ], [ -45.841980145999969, -23.707998199999963 ], [ -45.841905982999947, -23.708058213999948 ], [ -45.841536968999947, -23.708792713999969 ], [ -45.841397768999968, -23.708959659999948 ], [ -45.841179250999971, -23.709147809999934 ], [ -45.841039563999971, -23.709238888999948 ], [ -45.840855684999951, -23.709322078999946 ], [ -45.840487243999974, -23.709381884999971 ], [ -45.840106840999965, -23.709411949999947 ], [ -45.839730937999946, -23.709378765999929 ], [ -45.839289724999958, -23.709256517999961 ], [ -45.839048686999945, -23.709144924999976 ], [ -45.83858549699994, -23.70880692999998 ], [ -45.838256717999968, -23.708472721999954 ], [ -45.83812409199993, -23.70828738199998 ], [ -45.838026742999944, -23.708096430999944 ], [ -45.837893385999962, -23.707642843999963 ], [ -45.837780828999939, -23.707527843999969 ], [ -45.837635769999963, -23.707545789999983 ], [ -45.837468310999952, -23.707742689999975 ], [ -45.837227909999967, -23.707883986999946 ], [ -45.837133942999969, -23.70791520399996 ], [ -45.836962237999956, -23.707908003999933 ], [ -45.836708510999983, -23.707805507999979 ], [ -45.836505644999932, -23.70768015699997 ], [ -45.836249219999956, -23.707462065999948 ], [ -45.835956713999963, -23.707123139999965 ], [ -45.835574141999984, -23.706811795999954 ], [ -45.835445565999976, -23.706645398999967 ], [ -45.83517571699997, -23.706012809999947 ], [ -45.834882696999955, -23.705438149999964 ], [ -45.834618585999976, -23.705090035999945 ], [ -45.834220759999937, -23.704692063999971 ], [ -45.834148049999953, -23.704518137999969 ], [ -45.834106623999958, -23.704327785999965 ], [ -45.83406426099998, -23.703835770999945 ], [ -45.833988144999978, -23.703743151999959 ], [ -45.833891821999941, -23.70371205899994 ], [ -45.833845767999946, -23.703719532999969 ], [ -45.833474665999972, -23.703976233999981 ], [ -45.833224189999953, -23.704075127999943 ], [ -45.833075078999968, -23.70407231799993 ], [ -45.832847987999969, -23.703992251999978 ], [ -45.832686378999938, -23.703874801999973 ], [ -45.832537159999958, -23.703700383999944 ], [ -45.832434959999944, -23.70336133099994 ], [ -45.832376834999934, -23.703012104999971 ], [ -45.832285320999972, -23.702811183999927 ], [ -45.832256744999938, -23.70279056399994 ], [ -45.832165486999941, -23.702784731999941 ], [ -45.83210289699997, -23.702813970999955 ], [ -45.83189527899998, -23.703020113999969 ], [ -45.831839583999965, -23.703049816999965 ], [ -45.83182000599993, -23.703060258999983 ], [ -45.831612648999965, -23.702998148999939 ], [ -45.831452062999972, -23.702887014999931 ], [ -45.831234700999971, -23.702638898999965 ], [ -45.831027741999947, -23.702484659999982 ], [ -45.830848663999973, -23.702396204999957 ], [ -45.830589249999946, -23.702322631999948 ], [ -45.830414495999946, -23.702297376999979 ], [ -45.830113329999961, -23.702290862999973 ], [ -45.829655515999946, -23.702330348999965 ], [ -45.829434161999984, -23.702381210999931 ], [ -45.829034050999951, -23.702549543999964 ], [ -45.828894447999971, -23.702654159999952 ], [ -45.82890307599996, -23.70277785199994 ], [ -45.828959422999958, -23.70284709699996 ], [ -45.829182985999978, -23.702990410999973 ], [ -45.829789880999954, -23.703259021999941 ], [ -45.829991940999946, -23.703414191999968 ], [ -45.830173568999953, -23.703595663999977 ], [ -45.830363867999949, -23.703907150999953 ], [ -45.830378262999943, -23.704011844999968 ], [ -45.830716477999943, -23.704756975999942 ], [ -45.830973108999956, -23.705164747999959 ], [ -45.831045723999978, -23.70532422399998 ], [ -45.83106377699994, -23.705541797999956 ], [ -45.831030659999954, -23.705733453999983 ], [ -45.830846472999951, -23.705923211999959 ], [ -45.830332038999984, -23.706162610999968 ], [ -45.830209559999957, -23.706201190999934 ], [ -45.829754461999983, -23.706344542999943 ], [ -45.829457608999974, -23.706401228999937 ], [ -45.829008008999949, -23.706345832999943 ], [ -45.828261464999969, -23.706177318999949 ], [ -45.827929745999938, -23.706149288999939 ], [ -45.827377702999968, -23.706181142999981 ], [ -45.827192092999951, -23.706146007999962 ], [ -45.827008187999979, -23.706070217999979 ], [ -45.826778503999947, -23.705889901999967 ], [ -45.826669806999973, -23.705763131999959 ], [ -45.826464561999956, -23.705413785999951 ], [ -45.826406562999978, -23.705237971999964 ], [ -45.82637910099993, -23.704771163999965 ], [ -45.826303171999939, -23.704395837999982 ], [ -45.826217465999946, -23.704181333999941 ], [ -45.826082048999979, -23.704016770999942 ], [ -45.825782609999976, -23.703817857999979 ], [ -45.82555543899997, -23.703724233999935 ], [ -45.824864798999954, -23.703551791999928 ], [ -45.82398139999998, -23.703454435999959 ], [ -45.823614933999977, -23.703358840999954 ], [ -45.823278284999958, -23.703169152999976 ], [ -45.823068080999974, -23.702965244999973 ], [ -45.822924023999974, -23.702673372999982 ], [ -45.82288323299997, -23.702425209999944 ], [ -45.822948569999937, -23.701582175999931 ], [ -45.823032111999964, -23.701296319999983 ], [ -45.823054586999945, -23.701126398999975 ], [ -45.823021830999949, -23.700751743999945 ], [ -45.822895595999967, -23.700485970999978 ], [ -45.822681031999934, -23.70021163499996 ], [ -45.822580455999969, -23.70012726899995 ], [ -45.822483054999964, -23.700079915999936 ], [ -45.822205149999945, -23.700028103999955 ], [ -45.821786748999955, -23.700095355999963 ], [ -45.821482341999968, -23.700197226999933 ], [ -45.821209629999942, -23.700191448999931 ], [ -45.82107379699994, -23.700115396999934 ], [ -45.821045615999935, -23.700000839999973 ], [ -45.821097566999981, -23.699681733999967 ], [ -45.821038485999964, -23.699645016999966 ], [ -45.820623256999966, -23.699592122999945 ], [ -45.820573619999948, -23.699653803999979 ], [ -45.820546340999954, -23.699997164999957 ], [ -45.820451219999939, -23.700157535999949 ], [ -45.82042921599998, -23.700403323999979 ], [ -45.820452786999965, -23.700722028999962 ], [ -45.82055074799996, -23.701015953999956 ], [ -45.820746472999986, -23.701415033999979 ], [ -45.821347823999986, -23.702212080999971 ], [ -45.821511421999958, -23.702649264999934 ], [ -45.821532287999958, -23.702848761999974 ], [ -45.821503267999958, -23.703070200999946 ], [ -45.821459954999966, -23.703202297999951 ], [ -45.821374030999948, -23.703265074999933 ], [ -45.821217692999937, -23.703204486999937 ], [ -45.820667149999963, -23.70284702899994 ], [ -45.820437407999975, -23.70281211899993 ], [ -45.820329087999937, -23.702901206999968 ], [ -45.820306507999931, -23.703054870999949 ], [ -45.820346154999982, -23.703277751999963 ], [ -45.820533133999959, -23.703689523999969 ], [ -45.820611314999951, -23.703800202999957 ], [ -45.820936812999946, -23.704089307999936 ], [ -45.821818245999964, -23.70465545299993 ], [ -45.822337865999941, -23.70508532599996 ], [ -45.822539646999985, -23.705353407999951 ], [ -45.822590319999961, -23.70561325999995 ], [ -45.822520330999964, -23.705871044999981 ], [ -45.822388859999933, -23.706022577999931 ], [ -45.822148298999934, -23.706140368999968 ], [ -45.821914120999963, -23.706181353999966 ], [ -45.821484322999936, -23.706154732999948 ], [ -45.821273843999961, -23.706220880999979 ], [ -45.821190145999935, -23.706326095999941 ], [ -45.821069023999939, -23.706564280999942 ], [ -45.82095305799993, -23.706685924999931 ], [ -45.820849515999953, -23.706755116999943 ], [ -45.820649559999936, -23.706778757999928 ], [ -45.820349960999977, -23.706710799999939 ], [ -45.820266773999947, -23.706741045999934 ], [ -45.820204759999967, -23.706863306999935 ], [ -45.820158452999976, -23.707144447999951 ], [ -45.820100283999977, -23.707254043999967 ], [ -45.820016374999966, -23.707325840999943 ], [ -45.819708201999958, -23.707455727999957 ], [ -45.819661791999977, -23.707563454999956 ], [ -45.819686803999957, -23.707641900999931 ], [ -45.819780505999972, -23.707724498999937 ], [ -45.819946888999937, -23.707822066999938 ], [ -45.820260646999941, -23.707957690999933 ], [ -45.820758935999947, -23.708269362999943 ], [ -45.821033411999963, -23.708554220999929 ], [ -45.821360771999935, -23.708825250999951 ], [ -45.821584189999953, -23.708945093999944 ], [ -45.822013893999952, -23.709111709999945 ], [ -45.822513796999942, -23.709366465999949 ], [ -45.823039833999985, -23.709721335999973 ], [ -45.823205716999951, -23.709894771999927 ], [ -45.823268238999958, -23.710010048999948 ], [ -45.823292754999954, -23.710165268999958 ], [ -45.823252299999979, -23.710283802999982 ], [ -45.823176322999984, -23.710369107999952 ], [ -45.822971332999941, -23.710529161999943 ], [ -45.822728936999965, -23.710668640999927 ], [ -45.822259272999986, -23.710857195999949 ], [ -45.821765703999972, -23.710988072999953 ], [ -45.820844746999967, -23.711323531999938 ], [ -45.820593474999953, -23.711455828999931 ], [ -45.820438369999977, -23.711593937999965 ], [ -45.820357074999947, -23.71177049299996 ], [ -45.820329543999947, -23.711916957999961 ], [ -45.820348363999983, -23.712102916999982 ], [ -45.820414266999933, -23.712288626999964 ], [ -45.820490599999971, -23.712416476999977 ], [ -45.820780011999943, -23.712735577999979 ], [ -45.82257995599997, -23.71365992799997 ], [ -45.822812505999934, -23.713826686999937 ], [ -45.822972332999939, -23.713972154999965 ], [ -45.823092979999956, -23.714126863999979 ], [ -45.823299800999962, -23.714726390999942 ], [ -45.823411399999941, -23.715314683999964 ], [ -45.823381925999968, -23.715776375999951 ], [ -45.823392438999974, -23.716044569999951 ], [ -45.823437368999976, -23.716169875999981 ], [ -45.823726280999949, -23.716563035999968 ], [ -45.824018352999985, -23.716834246999952 ], [ -45.824300191999953, -23.717194024999969 ], [ -45.82437863499996, -23.717344440999966 ], [ -45.824480939999944, -23.717701562999935 ], [ -45.82448248999998, -23.717948127999932 ], [ -45.82442293899993, -23.718306111999937 ], [ -45.824425815999973, -23.718644620999953 ], [ -45.82442670699993, -23.71874956299996 ], [ -45.824456828999985, -23.718859592999934 ], [ -45.824548024999956, -23.719009940999968 ], [ -45.825080935999949, -23.719514697999955 ], [ -45.825229132999937, -23.719713068999965 ], [ -45.825240217999976, -23.719727905999946 ], [ -45.825277178999954, -23.71983338299998 ], [ -45.825247040999955, -23.720188500999939 ], [ -45.825120653999932, -23.72052606799997 ], [ -45.824705308999967, -23.721245422999971 ], [ -45.824121674999958, -23.722036122999953 ], [ -45.824025175999964, -23.72213508599998 ], [ -45.823705450999967, -23.722304783999959 ], [ -45.823465455999951, -23.722361156999966 ], [ -45.823026916999936, -23.722357167999974 ], [ -45.822493205999933, -23.722194721999983 ], [ -45.822143903999972, -23.722028583999929 ], [ -45.821446941999966, -23.721644813999944 ], [ -45.820968277999953, -23.721499230999939 ], [ -45.820646412999963, -23.721327523999946 ], [ -45.819468972999971, -23.720819845999983 ], [ -45.819076041999949, -23.720735219999938 ], [ -45.818882880999979, -23.720750692999957 ], [ -45.818780448999973, -23.720842458999982 ], [ -45.818746678999958, -23.720932957999935 ], [ -45.818728541999974, -23.721013437999943 ], [ -45.818735626999967, -23.721315118999939 ], [ -45.818737895999959, -23.721411699999976 ], [ -45.818801123999947, -23.721639874999937 ], [ -45.819084927999938, -23.722157711999955 ], [ -45.819846176999931, -23.723252872999979 ], [ -45.81986076499993, -23.723288809999929 ], [ -45.819893005999973, -23.723368233999963 ], [ -45.819893965999938, -23.723389533999978 ], [ -45.819900979999943, -23.723545218999959 ], [ -45.819770151999933, -23.72395957699996 ], [ -45.81967862099998, -23.724069349999979 ], [ -45.819646773999978, -23.724153515999944 ], [ -45.818998399999941, -23.724952668999947 ], [ -45.818931590999966, -23.725093921999928 ], [ -45.818811897999979, -23.725249905999931 ], [ -45.818533032999937, -23.725838460999967 ], [ -45.818430923999983, -23.725982610999949 ], [ -45.818145837999964, -23.726203595999948 ], [ -45.817715436999947, -23.726405478999936 ], [ -45.817214878999948, -23.72684166099998 ], [ -45.816880642999934, -23.727047549999952 ], [ -45.815974641999958, -23.727441610999961 ], [ -45.815341726999975, -23.727577719999942 ], [ -45.814830468999958, -23.727714990999971 ], [ -45.814452113999948, -23.727926525999976 ], [ -45.814051633999952, -23.728094341999963 ], [ -45.81491030799998, -23.731992077999962 ], [ -45.822600989999955, -23.739308178999977 ], [ -45.833684418999951, -23.74984961399997 ] ] ] } }
]
}
